client_id,fold,cloud,gym,insurance,mobile,music,software,streaming,none
C000001,2,0.0,0.12659401496924239,0.18486895263424663,0.10796431119085445,0.0,0.0,0.19201332533060636,0.3885593958750501
C000005,3,0.0,0.06202316727508649,0.0,0.6898464728165788,0.0,0.0,0.0,0.24813035990833465
C000007,3,0.5632350841316833,0.0,0.0,0.0,0.0,0.2352511211031999,0.0,0.20151379476511672
C000009,2,0.07933136265658525,0.0,0.0,0.0,0.0,0.34449221415126885,0.2874606841684056,0.2887157390237404
C000012,4,0.0,0.0,0.0,0.0,0.0,0.9653543576555783,0.0,0.03464564234442169
C000014,4,0.2112567809671778,0.0,0.0,0.0,0.0,0.5337055267577978,0.0,0.2550376922750244
C000015,0,0.0,0.0,0.8910862298309394,0.0,0.0,0.0,0.0,0.10891377016906056
C000016,1,0.0,0.19824094209334112,0.5287072944888886,0.0,0.0,0.0,0.0,0.2730517634177702
C000017,3,0.0,0.17753441576603293,0.13246703319025002,0.1803860968748081,0.0,0.0,0.1607465101874449,0.34886594398146403
C000021,1,0.0,0.0,0.0,0.47487787718010815,0.0,0.059094511818679335,0.14650896586261142,0.319518645138601
C000022,2,0.0,0.0,0.0,0.0,0.0,0.6593120147497991,0.17042624791183836,0.17026173733836256
C000024,1,0.0,0.3780656565638097,0.0,0.0,0.07259628739197865,0.1757364566057818,0.0,0.3736015994384298
C000025,0,0.3033298254892796,0.0,0.0,0.1567419814544977,0.08604082960679951,0.16969937600805782,0.0818973140802547,0.20229067336111065
C000026,1,0.0,0.16340604830051148,0.15310260541050355,0.1526417967861947,0.0,0.12578327963676705,0.0811184689217479,0.3239478009442753
C000027,2,0.0,0.1136753694095427,0.0,0.22373996774655214,0.4243563640101619,0.09065858424892197,0.0,0.14756971458482143
C000028,3,0.21181066815432992,0.14926003958507902,0.0,0.0,0.08326679397622652,0.1411711347115942,0.0,0.4144913635727704
C000029,3,0.05287236896318248,0.0,0.0,0.017632699776904338,0.1306980267978867,0.12800682017765527,0.10036838225665287,0.5704217020277184
C000030,3,0.23587501625668703,0.0,0.0,0.0,0.3584252865377046,0.0,0.0,0.4056996972056084
C000033,0,0.1516302686960767,0.0,0.0,0.0,0.0,0.0,0.48123428439774757,0.3671354469061757
C000035,2,0.0,0.07989901647667073,0.0,0.1825216734932559,0.180935983618566,0.0,0.08644623051192472,0.4701970958995827
C000038,3,0.0,0.0,0.0,0.0,0.27896308954401733,0.5558727986800965,0.0,0.16516411177588622
C000039,0,0.0,0.0,0.0,0.0,0.0,0.0,0.0,1.0
C000040,2,0.4729326526877355,0.15949040976118845,0.21817750994931964,0.0,0.0,0.0,0.0,0.14939942760175648
C000041,3,0.0,0.0,0.5760686936716934,0.0,0.16708480616473212,0.0,0.0,0.25684650016357446
C000043,1,0.0,0.0,0.18815356906912847,0.0,0.0,0.0,0.48193275550986603,0.32991367542100547
C000044,1,0.0,0.0,0.0,0.0,0.0,0.0,0.18496545330432101,0.815034546695679
C000047,2,0.0,0.2482727491066012,0.0,0.0,0.3101389180901123,0.0,0.0,0.4415883328032865
C000053,3,0.3356084426405747,0.48259890496570435,0.0,0.0,0.0,0.0,0.0,0.18179265239372094
C000055,1,0.0,0.0,0.0,0.0,0.0,0.46460412839601684,0.0,0.5353958716039832
C000060,0,0.0,0.0,0.9206343961246828,0.0,0.0,0.0,0.0,0.07936560387531721
C000062,4,0.27937053345011353,0.0,0.0,0.28235163573694055,0.0,0.0,0.0,0.43827783081294586
C000063,1,0.0,0.0,0.8233629325934789,0.0,0.0,0.0,0.0,0.17663706740652108
C000064,1,0.0,0.0,0.20804782163244123,0.03519691677789527,0.0,0.40837952805446576,0.0,0.34837573353519785
C000066,1,0.17529493536134882,0.0,0.0,0.0,0.0,0.0,0.14810652353600512,0.6765985411026462
C000069,3,0.16080215323446667,0.0,0.3751663160702222,0.1997510611210538,0.0,0.0,0.06887743772823583,0.19540303184602142
C000072,1,0.0,0.0,0.0,0.2633682939132326,0.0,0.4966872800710581,0.07112421172918078,0.16882021428652855
C000073,4,0.0,0.0,0.14336717118869488,0.0,0.2529630667183342,0.0,0.0,0.603669762092971
C000077,4,0.7335077353281849,0.0,0.0,0.1046901956490537,0.0,0.0,0.0,0.16180206902276129
C000078,4,0.0,0.0,0.36306437268517966,0.0,0.3291426563884303,0.0,0.06309950092180518,0.24469347000458463
C000079,2,0.0,0.14315070152254802,0.0,0.08626001970111775,0.0,0.3010296611705453,0.13266017297426758,0.33689944463152127
C000080,2,0.0,0.0,0.0,0.0,0.0,0.0,0.0,1.0
C000084,3,0.0,0.0,0.1454342970984046,0.36016826389152107,0.0,0.0,0.0,0.49439743901007444
C000085,2,0.0,0.0,0.8194892933295901,0.0,0.0,0.0,0.0,0.18051070667040992
C000088,1,0.07346656679128742,0.13386369540630338,0.5336473570162612,0.0,0.0,0.0,0.0,0.25902238078614787
C000093,0,0.22845654564124915,0.0,0.13408486624503588,0.0,0.0,0.0,0.0,0.637458588113715
C000094,1,0.2732422837449593,0.0,0.1662708317501498,0.0,0.2704917931316063,0.0,0.0,0.28999509137328455
C000095,1,0.14997236492240001,0.0,0.0,0.3740280489668046,0.06587146155855833,0.21132302569776923,0.0,0.19880509885446787
C000100,2,0.10355806399327667,0.19226257822120768,0.08160646753828796,0.0,0.0,0.0,0.0,0.6225728902472277
C000101,1,0.0,0.6535619431748775,0.0,0.0,0.0,0.0,0.0,0.3464380568251225
C000102,4,0.0,0.4458383961670139,0.0,0.0,0.0,0.31169561066207313,0.0,0.24246599317091308
C000103,3,0.0,0.0,0.3129031564055781,0.1792865983952382,0.07985767762904152,0.13087089683089087,0.0,0.2970816707392513
C000104,3,0.0,0.0,0.39601613552677395,0.0,0.2400661832678294,0.0,0.0,0.3639176812053965
C000105,4,0.0,0.22905551230476964,0.062096378802982674,0.0,0.0,0.0,0.4225699888311183,0.28627812006112935
C000106,4,0.0,0.0,0.0,0.0,0.0,0.0,0.9507183243381424,0.049281675661857594
C000109,1,0.44875653511653224,0.0,0.0,0.0,0.0,0.4171906301961765,0.0,0.1340528346872913
C000110,1,0.0,0.0855706265690852,0.23084023658980057,0.3036188538379067,0.06962553637847269,0.0,0.05799634300831617,0.25234840361641875
C000111,1,0.0,0.0,0.5554653631371119,0.0,0.0,0.0,0.2537864086561363,0.1907482282067518
C000113,0,0.0,0.0,0.0,0.4132661936116839,0.11987124364872252,0.0,0.0,0.4668625627395937
C000115,1,0.18362992248549398,0.0,0.0,0.0,0.06050883893182112,0.08525183431976115,0.11103136821400125,0.5595780360489225
C000116,0,0.2889814683606295,0.0,0.521579534873483,0.0,0.0,0.0,0.05746644182376834,0.1319725549421191
C000117,1,0.0,0.7445236287739343,0.0,0.0,0.0,0.0,0.0,0.2554763712260657
C000119,1,0.1957189467715916,0.0,0.0,0.0,0.0,0.0,0.6693481330429728,0.13493292018543546
C000120,3,0.0,0.4943723461496611,0.0,0.0,0.1835740981083926,0.0,0.18923549293424063,0.13281806280770567
C000122,0,0.4362418427945128,0.0,0.0,0.21218961241966544,0.0,0.0,0.0,0.3515685447858218
C000127,3,0.0,0.13537136136546077,0.0,0.0,0.0,0.3134028691143203,0.12492101577652058,0.42630475374369836
C000128,1,0.0,0.0,0.36507998507024353,0.0,0.34396321540352104,0.0,0.0,0.29095679952623543
C000129,3,0.1864334104688589,0.0,0.0,0.0,0.0,0.5612471219756707,0.08095854457661705,0.17136092297885325
C000130,3,0.0,0.10192854591676241,0.23324916235863297,0.0,0.0,0.0,0.0,0.6648222917246046
C000132,4,0.0,0.0,0.0,0.28035195979929955,0.14159687234739704,0.4234696868687316,0.0,0.15458148098457178
C000134,3,0.14705191125781145,0.0,0.4670842155945215,0.0,0.0,0.0,0.21594338214673972,0.16992049100092727
C000135,3,0.13613842638846835,0.0,0.0,0.1408689824246034,0.04240543400241071,0.0,0.0,0.6805871571845176
C000136,4,0.0,0.0,0.16241686326242852,0.12165603555569855,0.0,0.0,0.03291332301646948,0.6830137781654035
C000137,3,0.2748374889483434,0.0,0.0,0.0,0.22158615561380815,0.0,0.17005954821488806,0.33351680722296023
C000140,0,0.0,0.09096276274049829,0.0,0.0,0.0,0.4281975044599146,0.1351212642915205,0.3457184685080666
C000142,4,0.1309207320007841,0.11782085434643845,0.0,0.4912799566911976,0.0,0.0,0.10268742819970195,0.15729102876187803
C000144,0,0.0,0.0,0.0,0.0,0.0,0.9599162768550294,0.0,0.04008372314497055
C000148,4,0.06570689805978117,0.21770522059094938,0.0,0.05628742719561108,0.0,0.0,0.19840875641826133,0.461891697735397
C000149,3,0.0,0.0,0.0,0.0,0.0,0.0,0.44125424229579624,0.5587457577042038
C000150,3,0.0,0.0,0.0,0.0,0.0,0.5549372735893923,0.25504430408534756,0.19001842232526028
C000152,4,0.4139989877395861,0.0,0.0,0.0,0.08229896462340758,0.0,0.15344584435311234,0.35025620328389395
C000153,3,0.0,0.0,0.0,0.963574958622501,0.0,0.0,0.0,0.03642504137749902
C000155,2,0.0,0.0,0.3005149195693057,0.0,0.0,0.0,0.0,0.6994850804306942
C000157,0,0.0,0.0,0.0,0.0,0.0,0.0,0.0,1.0
C000159,4,0.0,0.0,0.2702886697600465,0.09885128732673164,0.0,0.0,0.13508370383605248,0.49577633907716934
C000160,4,0.0,0.0,0.0,0.0,0.0,0.0,0.0,1.0
C000162,4,0.10792557407351765,0.0,0.027838299295989702,0.11819714866588305,0.0,0.14497269017584907,0.06692077422489101,0.5341455135638695
C000164,4,0.1707848552867676,0.0,0.09842281714921941,0.0,0.28390685996662307,0.0,0.0,0.44688546759739006
C000168,2,0.0,0.1288943468302856,0.0,0.0,0.0,0.537465080420256,0.0,0.33364057274945846
C000169,4,0.0,0.0921879522062601,0.0,0.13750456082781692,0.0,0.0,0.45775427504556493,0.3125532119203582
C000171,3,0.0,0.0,0.0,0.3423410971239486,0.0,0.0,0.5292606995654768,0.1283982033105746
C000172,3,0.0,0.0,0.0,0.0,0.0,0.0,0.0,1.0
C000173,3,0.23486832418307027,0.0,0.13631156592326696,0.3576823240942895,0.0,0.0,0.0,0.2711377857993732
C000174,0,0.0,0.0,0.0,0.0,0.0,0.13545310144445735,0.0,0.8645468985555427
C000175,3,0.11164003032679887,0.0,0.2293782335586132,0.0,0.34043279116285124,0.0,0.0,0.3185489449517367
C000177,0,0.10413711020353343,0.0,0.2264890619471925,0.12453628817389968,0.12928014189896328,0.0,0.06854060620201474,0.3470167915743965
C000179,0,0.0855929325516736,0.0847681082531143,0.0,0.14059879903070419,0.22267070773815334,0.0,0.0,0.4663694524263546
C000181,2,0.0,0.1083774205782575,0.0,0.0,0.40981890316074754,0.2202632641226818,0.0,0.26154041213831325
C000183,3,0.0,0.24719283427859964,0.0,0.3602510991712393,0.0,0.0,0.19261260707741107,0.19994345947275008
C000185,1,0.14204449383038348,0.43070819344521044,0.0,0.0,0.0,0.0,0.0,0.42724731272440614
C000187,0,0.0,0.0,0.19976309824255206,0.0,0.5852997560435458,0.0,0.0,0.21493714571390227
C000189,0,0.16885630919871786,0.0,0.0,0.0,0.10470226068695417,0.2676380885023767,0.11075294064451985,0.34805040096743134
C000190,3,0.5356690740888976,0.0,0.0,0.0,0.0,0.0,0.0,0.46433092591110237
C000191,2,0.0,0.0,0.0,0.30468299123813664,0.09384978334907587,0.0,0.4675975487845924,0.133869676628195
C000192,3,0.0,0.10790190011186139,0.0639586513460183,0.0,0.3146059257103261,0.07660305248095432,0.0,0.43693047035083976
C000196,4,0.2912209284458077,0.0,0.0,0.0,0.3225979628948151,0.0,0.0,0.3861811086593771
C000197,3,0.0,0.0,0.0,0.0,0.47682251039775086,0.20168711113608673,0.0,0.3214903784661624
C000198,3,0.0,0.0,0.0,0.0,0.0,0.0,0.9402179046779703,0.059782095322029716
C000201,4,0.0,0.7212516318601547,0.0,0.0,0.0,0.0,0.0,0.27874836813984527
C000202,3,0.21723812472656795,0.16523702117378922,0.11863184785225589,0.0,0.0,0.07504461919498172,0.1557945765477854,0.2680538105046198
C000203,4,0.0,0.10383918525664333,0.11199997701838614,0.0,0.0,0.4396070737964327,0.0,0.3445537639285378
C000205,2,0.23688592968833685,0.0,0.0,0.24287299215394403,0.0,0.10295232157783937,0.0,0.41728875657987974
C000206,4,0.0,0.0,0.0,0.10659959904706642,0.5108980715443316,0.2748306766241355,0.0,0.10767165278446646
C000207,2,0.4907684747182216,0.0608839382806226,0.0,0.05135887341944378,0.0,0.0,0.18680021595734664,0.2101884976243653
C000210,4,0.17633417981688568,0.08046439756808337,0.0457540948387798,0.3311334660584696,0.0,0.0,0.0,0.3663138617177816
C000212,4,0.457078543254011,0.1230850095762431,0.05996266002982415,0.07945147380624253,0.0,0.0,0.0,0.28042231333367906
C000214,0,0.0,0.0,0.0,0.35041238760803184,0.31862957499645966,0.0,0.0,0.33095803739550855
C000218,1,0.0,0.025238121920555533,0.17028601051330688,0.07095702771540774,0.0306454091298535,0.0,0.1326280328667695,0.5702453978541067
C000219,4,0.20453372046293386,0.2877923625146839,0.0,0.08831787959631801,0.2812983182520499,0.0,0.0,0.1380577191740143
C000222,4,0.0,0.0,0.0,0.07862253896514337,0.0,0.277868188172123,0.35630467397218796,0.2872045988905456
C000223,3,0.3220502330799681,0.0,0.0,0.19857778259833297,0.0,0.0,0.1672066564540105,0.3121653278676883
C000226,1,0.0,0.0,0.9448157544582318,0.0,0.0,0.0,0.0,0.05518424554176815
C000228,4,0.0,0.09409463216339249,0.4844787962677807,0.08947650855631348,0.23408053000806434,0.0,0.0,0.09786953300444906
C000230,2,0.0,0.3616674026483326,0.2465226205717864,0.0,0.0,0.0,0.0,0.39180997677988105
C000233,1,0.0,0.0,0.18445008679275468,0.0,0.33348941052855935,0.0,0.0,0.48206050267868594
C000234,4,0.13934129930829942,0.0,0.0,0.02477711975046561,0.6236691363660011,0.0,0.0,0.21221244457523383
C000235,1,0.0,0.0,0.0,0.9569367032214656,0.0,0.0,0.0,0.04306329677853438
C000236,3,0.0,0.0,0.0,0.1951611401076769,0.07015342610729218,0.0,0.2278020229166838,0.5068834108683471
C000237,0,0.13654122660068152,0.0,0.0,0.0,0.24155601691165302,0.23329221854395188,0.22225281106176747,0.16635772688194617
C000238,1,0.0,0.15743678186197232,0.0,0.10388818694842766,0.2979547997380964,0.0,0.10790345814515784,0.3328167733063458
C000239,3,0.0,0.0,0.0,0.0,0.0,0.2631160739111303,0.19002978877645707,0.5468541373124127
C000240,0,0.0,0.49540686756153535,0.0,0.0,0.0,0.0,0.12919142929433386,0.3754017031441308
C000242,3,0.0,0.08484702296835671,0.0,0.34239403422548714,0.0,0.14852154301015644,0.07325771070176015,0.35097968909423954
C000245,0,0.24988398604377332,0.0,0.0,0.0,0.0,0.0,0.32737534228955956,0.4227406716666672
C000246,4,0.6538226943371819,0.0,0.0,0.0,0.0,0.0,0.0,0.3461773056628181
C000248,4,0.313061631720673,0.0,0.11595451654570287,0.10631505889633389,0.0,0.0,0.0,0.4646687928372903
C000249,4,0.18314789395611022,0.0,0.0,0.0,0.0,0.0,0.0,0.8168521060438898
C000250,1,0.40028906503081546,0.0,0.0,0.0,0.0,0.48549295886722366,0.0,0.11421797610196086
C000252,1,0.16467425699227,0.0,0.07823625395066026,0.0,0.0,0.48706125400981876,0.11401148665454153,0.1560167483927092
C000254,0,0.0,0.0,0.3434845113910369,0.0,0.0,0.0,0.24206829310380648,0.41444719550515663
C000257,1,0.3504172711909134,0.0,0.0,0.0,0.14153134982122706,0.0,0.0,0.5080513789878593
C000259,4,0.08002751533618258,0.0,0.22845707468763324,0.0,0.4123213822800029,0.0,0.0,0.27919402769618124
C000261,1,0.0,0.0,0.0,0.0,0.1041144445640797,0.21436626845642437,0.0,0.6815192869794959
C000262,2,0.0,0.0,0.0,0.25972478279912786,0.0,0.0,0.3024793057250968,0.43779591147577535
C000263,4,0.5217699402746173,0.12426814477784846,0.0,0.0,0.13384130163672503,0.0,0.0,0.22012061331080926
C000264,0,0.0,0.06447963271690729,0.0,0.1346705242956279,0.6469666071247696,0.0,0.0,0.1538832358626951
C000265,3,0.2475314686459923,0.0,0.0,0.0,0.0,0.466466284619721,0.0,0.28600224673428665
C000270,3,0.0,0.0,0.0,0.0,0.46671617398699217,0.0,0.0,0.5332838260130078
C000271,0,0.0,0.3954775404865782,0.22752198495935952,0.0,0.0,0.13854056399542583,0.0,0.23845991055863647
C000272,0,0.0,0.41474075870826244,0.0,0.17226611779627218,0.0,0.0,0.0,0.41299312349546546
C000274,4,0.0,0.0,0.0,0.26476179222793905,0.0,0.3009023259738765,0.0,0.4343358817981845
C000275,1,0.0,0.0,0.13232949718501744,0.2730791582174352,0.0,0.0,0.0,0.5945913445975474
C000276,0,0.11879406236057273,0.0,0.0,0.5100945798791773,0.0,0.19077520994962824,0.0,0.1803361478106218
C000281,0,0.0,0.2764513931977364,0.29476062405290204,0.0,0.0,0.21349857677453496,0.0,0.21528940597482663
C000283,3,0.0,0.0,0.0,0.0,0.0,0.0,0.9205127873278427,0.0794872126721573
C000284,0,0.0,0.0,0.0,0.5178858156022556,0.0,0.3013082949624994,0.0,0.18080588943524495
C000285,1,0.0,0.0,0.0,0.205200497799948,0.0,0.0,0.1914365818672941,0.6033629203327578
C000286,0,0.0,0.0,0.2136930204108051,0.0965582184351719,0.48755770017507993,0.0,0.0,0.20219106097894304
C000290,1,0.0,0.0,0.0,0.7246845103688583,0.0,0.0,0.0,0.2753154896311417
C000292,2,0.6923302295027514,0.0,0.0,0.0,0.0,0.0,0.13679235110564508,0.1708774193916034
C000295,1,0.0,0.2032475522475555,0.0,0.0,0.0,0.0,0.0,0.7967524477524445
C000296,2,0.0,0.14245173924324808,0.0,0.0,0.26789205011592876,0.0,0.0,0.5896562106408231
C000297,1,0.0,0.0,0.4987396550545784,0.0,0.17015303428864179,0.0,0.0,0.3311073106567798
C000302,4,0.0,0.0,0.0,0.0,0.0,0.1789130033124575,0.0,0.8210869966875425
C000306,3,0.5737783415595556,0.0,0.0,0.2372031774375747,0.0,0.0,0.0,0.18901848100286947
C000310,1,0.07784154590625461,0.17681806954970058,0.0,0.0,0.0,0.0,0.0,0.7453403845440448
C000311,3,0.46077550568699605,0.0,0.0,0.0,0.0,0.0,0.0,0.539224494313004
C000313,0,0.08741774802428516,0.0,0.0,0.2144342982462477,0.1210347159162092,0.0,0.43624885452758,0.14086438328567785
C000319,3,0.19022647837118392,0.1024631133809381,0.0,0.4297226519320554,0.0,0.0,0.0,0.27758775631582266
C000322,1,0.1372777871253378,0.23568558094400457,0.0,0.0,0.49650448898584904,0.0,0.0,0.1305321429448087
C000323,4,0.1888344819800098,0.0,0.5353576863684298,0.0,0.0,0.0,0.0,0.2758078316515605
C000324,4,0.0,0.20478548637930877,0.15412311941596846,0.1385877671168592,0.0,0.0,0.0,0.5025036270878636
C000326,3,0.0,0.0,0.0,0.0,0.8947076092902729,0.0,0.0,0.10529239070972707
C000330,0,0.13587623285803838,0.2677399799200263,0.2887788948009699,0.0,0.0,0.0,0.06236987368013561,0.24523501874082979
C000332,4,0.0,0.0,0.0,0.8909697600680144,0.0,0.0,0.0,0.10903023993198557
C000336,3,0.0,0.0,0.27044707313347277,0.061693299663166806,0.0,0.0,0.48279319174542373,0.18506643545793658
C000338,1,0.3387866853660379,0.21191377503259354,0.24243254480284127,0.0,0.0,0.0,0.0,0.20686699479852733
C000339,4,0.0,0.0,0.0,0.0,0.0,0.8155481828460868,0.0,0.18445181715391323
C000342,0,0.0,0.0,0.0,0.10352911758426489,0.16955170818353735,0.4775602206734174,0.0,0.24935895355878027
C000343,0,0.3393624399098442,0.15737594663310336,0.0,0.14747689715807402,0.0,0.0,0.19942577199731257,0.15635894430166575
C000348,4,0.2477126576674802,0.0,0.12783740466400717,0.0,0.07904398211270175,0.0,0.0,0.545405955555811
C000350,3,0.0883392837143809,0.0,0.0,0.0,0.3996008889271456,0.10398220460125962,0.0,0.4080776227572139
C000351,3,0.15640906293495319,0.0,0.0,0.0,0.0,0.3624141554801687,0.0,0.48117678158487814
C000352,2,0.0,0.0,0.0,0.0,0.14463721101043545,0.0,0.6190136104367714,0.23634917855279305
C000353,4,0.0,0.0,0.0,0.5998155726630542,0.17459563310642445,0.0,0.0,0.22558879423052128
C000356,4,0.0,0.0,0.20004524246860067,0.6328275929617359,0.0,0.0,0.0,0.16712716456966342
C000358,2,0.08720865392351212,0.0,0.0,0.0,0.12118367964972909,0.08895739315084876,0.0,0.7026502732759101
C000361,0,0.0980016976670088,0.0,0.04073280568029693,0.0,0.09338023139239261,0.4402433975003152,0.15978577237391434,0.16785609538607207
C000363,3,0.16009862238205264,0.0,0.0,0.28509997652577806,0.0,0.26336916403079236,0.0,0.2914322370613769
C000364,0,0.0,0.0,0.5441875076000511,0.0966562242080496,0.0,0.0,0.0,0.3591562681918994
C000369,0,0.0,0.10390546938606258,0.3829577852223469,0.0,0.0,0.0,0.1503462678874727,0.3627904775041179
C000372,0,0.0,0.0,0.0,0.0,0.0,0.0,0.6581403065874949,0.3418596934125051
C000375,0,0.0,0.0,0.0,0.0,0.0,0.9618600989127752,0.0,0.03813990108722476
C000376,0,0.0,0.10431028817433946,0.23520465623588646,0.05005736342791108,0.0,0.16813024153054748,0.0,0.44229745063131554
C000381,1,0.10954055225732688,0.0,0.0,0.2610111354398345,0.0,0.152161365737807,0.0,0.47728694656503157
C000382,4,0.0,0.12307123439649757,0.0,0.21210755719354202,0.1661541921746828,0.08838541606743029,0.0,0.41028160016784726
C000387,0,0.193040157969548,0.0,0.31053227145710993,0.0,0.0,0.0,0.10469712603391544,0.3917304445394266
C000388,2,0.0,0.36400116860903603,0.395742734827093,0.0,0.0,0.0,0.0,0.2402560965638709
C000389,4,0.0,0.0,0.0,0.0,0.0,0.0,0.4493761059899558,0.5506238940100442
C000390,0,0.0,0.0,0.0,0.0,0.29900236003580904,0.0,0.17844115075090994,0.522556489213281
C000392,3,0.20993906238029006,0.0,0.0,0.0,0.0,0.0,0.6768179017117054,0.11324303590800448
C000394,2,0.0,0.0,0.0,0.0,0.7894927735448238,0.0,0.0,0.21050722645517617
C000400,1,0.0,0.0,0.0,0.49140914711115874,0.0,0.0,0.0,0.5085908528888412
C000401,1,0.4833612553739753,0.0,0.0,0.0,0.0,0.0,0.0,0.5166387446260248
C000403,2,0.0,0.0,0.31241943222327756,0.0,0.0,0.19214926175842434,0.0,0.49543130601829805
C000406,3,0.0,0.0,0.0,0.06750523023436113,0.0,0.0,0.15975671866581784,0.772738051099821
C000407,3,0.0,0.27562013111985145,0.0,0.0,0.0,0.10640438361700011,0.4346970331906322,0.18327845207251625
C000408,3,0.0,0.0,0.44321992774313795,0.0,0.0,0.0,0.0,0.5567800722568621
C000410,4,0.0,0.13567700589324683,0.18925686906314743,0.3011385374826296,0.049972457409991705,0.07511973806703301,0.0,0.24883539208395147
C000414,3,0.0,0.0,0.0,0.293617771196478,0.0,0.0,0.06077632729596686,0.6456059015075551
C000417,2,0.0,0.0,0.0,0.24445503492810514,0.0,0.0,0.5631274006921758,0.19241756437971896
C000418,1,0.0,0.0,0.0,0.0,0.0,0.5641634235367303,0.0,0.4358365764632697
C000420,3,0.0,0.40606150713420447,0.0,0.06701928931747418,0.0,0.10222218089331031,0.16734720665108774,0.2573498160039234
C000422,3,0.0,0.0,0.0820764368111955,0.0,0.1470014026986898,0.0,0.0,0.7709221604901147
C000424,2,0.0,0.2993378443368172,0.0,0.0,0.0,0.5869149781825114,0.0,0.11374717748067137
C000425,4,0.0,0.0,0.0,0.0,0.0,0.0,0.9089012045466347,0.0910987954533653
C000426,2,0.16266697452380477,0.22609411504589078,0.0,0.0,0.0,0.0,0.0,0.6112389104303045
C000427,1,0.0,0.0,0.0,0.0,0.0,0.28160415456847915,0.30880084628680127,0.4095949991447196
C000428,1,0.0,0.0,0.0,0.0,0.0,0.18917238313399026,0.0,0.8108276168660098
C000431,3,0.0,0.8509062440613767,0.0,0.0,0.0,0.0,0.0,0.14909375593862328
C000433,0,0.0,0.0,0.4322100567048652,0.0,0.06959420968430012,0.12814101333628994,0.0,0.3700547202745446
C000434,2,0.0,0.0,0.0,0.0,0.0,0.09116483419430269,0.0,0.9088351658056973
C000436,2,0.25276273110160924,0.06478314894574691,0.1608424795049722,0.0381816481971419,0.0,0.05809017112746171,0.11767931604217427,0.3076605050808937
C000437,2,0.0,0.0,0.0,0.0,0.0,0.0,0.0,1.0
C000438,4,0.26382587294945914,0.10655755337750837,0.0,0.0,0.0,0.0,0.45477141341896193,0.17484516025407063
C000443,2,0.31581434041196427,0.0,0.565818174623766,0.0,0.0,0.0,0.0,0.11836748496426953
C000445,3,0.0,0.0,0.0,0.0,0.0,0.4962608445943961,0.0,0.5037391554056039
C000446,3,0.0,0.0,0.24621234359085298,0.0,0.16269616805544876,0.13473512165010984,0.07225856052250847,0.3840978061810799
C000447,0,0.0,0.17820649535415758,0.3875303675721014,0.0,0.0,0.0,0.17372931144329848,0.2605338256304425
C000448,3,0.38464837846925537,0.0,0.0,0.0,0.521379600143107,0.0,0.0,0.09397202138763759
C000452,1,0.0,0.3611769841883812,0.0,0.0,0.20835474442866822,0.13729615309848367,0.15502569973548652,0.1381464185489804
C000453,3,0.0,0.0,0.0841688895163774,0.13669542164483928,0.14962043356147522,0.0,0.3586137608132198,0.27090149446408834
C000454,4,0.0,0.0,0.23613558689999575,0.0,0.0,0.6299646327607249,0.0,0.13389978033927932
C000455,1,0.16797881375467044,0.11379714570812217,0.0,0.2373962235880607,0.0,0.0,0.0,0.48082781694914667
C000456,2,0.0,0.0,0.0,0.0,0.0,0.13256946442940923,0.5023599982034592,0.3650705373671315
C000457,0,0.138629660367258,0.2615890693171676,0.4781848175029133,0.0,0.0,0.0,0.0,0.12159645281266118
C000458,1,0.0,0.17554131719205018,0.3065486584811604,0.0,0.11711578089034755,0.0,0.0,0.4007942434364418
C000461,2,0.0,0.0,0.8449381221578803,0.0,0.0,0.0,0.0,0.15506187784211967
C000462,2,0.0,0.0,0.055146660223408445,0.0,0.0,0.3380737887153699,0.27644211059730167,0.33033744046392005
C000464,1,0.0,0.0,0.0,0.0,0.18188137898518364,0.0,0.0,0.8181186210148164
C000465,2,0.17195088608974027,0.0,0.5306306898681364,0.13163636717190005,0.0,0.0,0.0,0.1657820568702232
C000468,4,0.0,0.0,0.5122359984801804,0.0,0.06108808817504217,0.1433064537857393,0.0,0.28336945955903814
C000469,2,0.0,0.0,0.6691797319767987,0.18455937239692222,0.0,0.0,0.0,0.14626089562627909
C000470,2,0.0,0.0,0.4916502755573377,0.0,0.0,0.0,0.0,0.5083497244426622
C000471,0,0.2880427673656804,0.0,0.0,0.0,0.0,0.38986037185467454,0.0,0.32209686077964506
C000472,4,0.0,0.0,0.0,0.0,0.0,0.0,0.0,1.0
C000473,4,0.0,0.06275074155135241,0.0,0.17941186656666758,0.38802584148548724,0.0,0.0,0.3698115503964928
C000475,0,0.0,0.0,0.2024606601230186,0.5890263708855609,0.0,0.0,0.0,0.20851296899142063
C000477,0,0.0,0.12153809878043945,0.0,0.0,0.0,0.06683304296588463,0.511169085430798,0.3004597728228779
C000481,4,0.058366612564087886,0.4217193973663623,0.0,0.0,0.06840939110550331,0.16668590716214501,0.0,0.28481869180190134
C000482,0,0.0,0.19071977048486255,0.0,0.0,0.14070796158827245,0.0,0.4964972537998413,0.1720750141270238
C000484,1,0.0,0.0,0.0,0.37025445337123236,0.0,0.0,0.0,0.6297455466287676
C000492,1,0.06010662674450951,0.06748699179790318,0.36835603284771123,0.0,0.053767552853053534,0.10665009376119201,0.11840088090833809,0.2252318210872925
C000493,2,0.0,0.26420977984493105,0.0,0.17532628902415426,0.095195708663487,0.0,0.18010747017896725,0.28516075228846044
C000497,0,0.0,0.0,0.026839199169053106,0.45027489839052637,0.0,0.08421868162771241,0.135509162838836,0.30315805797387213
C000498,3,0.2140712033963251,0.0,0.0,0.562883793543001,0.0,0.0,0.0,0.223045003060674
C000502,1,0.0,0.0,0.2903888606704372,0.0,0.05612706009435746,0.051455716356010324,0.2964777450304339,0.3055506178487612
C000503,4,0.1810192449997348,0.0,0.19712769540142328,0.0,0.08074373000082831,0.0833740921055284,0.0667149951919196,0.39102024230056565
C000504,2,0.0,0.06136152482100299,0.0,0.0,0.2210086859976857,0.23106924775224583,0.0,0.4865605414290655
C000506,4,0.0,0.0,0.06244002413505153,0.0,0.2923164963364677,0.32263990757004346,0.0,0.3226035719584373
C000508,0,0.0,0.16053838548596233,0.0,0.0,0.09844057827120975,0.10071749208701826,0.0,0.6403035441558096
C000509,4,0.0,0.12151887954332628,0.0,0.0,0.0,0.07930089324255733,0.18103289984669663,0.6181473273674197
C000511,4,0.0,0.05045122430918947,0.0,0.23941366140872972,0.06334683764503804,0.2320285973088279,0.06361700020855292,0.3511426791196619
C000512,3,0.0,0.875760080895684,0.0,0.0,0.0,0.0,0.0,0.12423991910431598
C000513,0,0.0,0.0,0.9049131906563886,0.0,0.0,0.0,0.0,0.09508680934361136
C000516,3,0.0,0.0,0.1688491783381126,0.0,0.10232413384221027,0.0,0.5082414180653209,0.22058526975435624
C000518,3,0.17889878015872684,0.0,0.0,0.03770411339499111,0.1206618088025471,0.09319350624357026,0.0,0.5695417914001647
C000521,3,0.0,0.5248685988169149,0.0,0.0,0.23718947394766346,0.0,0.0,0.23794192723542162
C000523,3,0.4789805713722121,0.218151753831855,0.0,0.10101101703891933,0.0,0.0,0.0,0.20185665775701345
C000526,0,0.0,0.0,0.0,0.0,0.0,0.08973315002463556,0.275600929994924,0.6346659199804403
C000529,0,0.4444438292644506,0.0,0.0,0.0,0.0,0.0,0.0,0.5555561707355494
C000531,4,0.0,0.16615404897781466,0.2862629034936681,0.0,0.0,0.23392552561990795,0.06305588899592357,0.25060163291268567
C000532,4,0.37343774189562645,0.0,0.0,0.288879537966051,0.0,0.0,0.0,0.33768272013832273
C000534,2,0.18074307352763305,0.0,0.3333987657025594,0.0,0.228673997090802,0.0,0.06314589359854644,0.19403827008045912
C000536,0,0.0,0.11070630687363837,0.38398747757836293,0.0,0.0,0.0939509348914678,0.14715688057648543,0.26419840008004547
C000539,3,0.0,0.38927949307615295,0.17309220469007805,0.1595245928693776,0.0,0.0,0.16210686583501982,0.1159968435293716
C000540,4,0.0,0.0,0.24118235669684365,0.0,0.0,0.3466300526023232,0.20276344459155315,0.20942414610927979
C000543,4,0.0,0.20243159030526653,0.0,0.6141252617095357,0.0,0.0,0.0,0.18344314798519776
C000544,4,0.0,0.0,0.0,0.0,0.0,0.0,0.0,1.0
C000548,0,0.0,0.0,0.0,0.10475529454075552,0.21753345448414368,0.18013713714540172,0.0,0.49757411382969907
C000549,2,0.2514126632658437,0.0,0.0,0.08770680203052122,0.35447236762166,0.19437394136830088,0.0,0.11203422571367425
C000550,2,0.0,0.0,0.0,0.0,0.0,0.0,0.20627772777018585,0.7937222722298142
C000551,1,0.0,0.16360372947462098,0.30425973872175827,0.10950328326613168,0.0,0.0,0.0,0.4226332485374892
C000552,0,0.0,0.0,0.0,0.5643803570264934,0.0,0.0,0.0,0.43561964297350664
C000555,3,0.20494843472556482,0.0,0.0,0.3406367420905114,0.0,0.0,0.10752867608467422,0.34688614709924953
C000556,0,0.0,0.0,0.1741403681386556,0.0,0.0,0.24286298985003146,0.0,0.582996642011313
C000557,2,0.1503531250049918,0.0,0.0,0.15718434500978398,0.0,0.25661061990417894,0.0,0.4358519100810453
C000558,1,0.0,0.0,0.26518044249588046,0.0,0.0,0.0,0.0,0.7348195575041195
C000559,4,0.0,0.0,0.0,0.0624340723793532,0.0,0.3842000754862704,0.11603674790029106,0.4373291042340855
C000561,1,0.0,0.0,0.0,0.0,0.0,0.0,0.0,1.0
C000563,0,0.0,0.0,0.0,0.45143769485190394,0.0,0.39867171065734197,0.0,0.1498905944907541
C000564,1,0.0,0.0,0.0,0.07990305987098531,0.6132842670459611,0.0,0.06720175009020304,0.2396109229928506
C000567,3,0.7025406088523167,0.0,0.0,0.0,0.0,0.0,0.0,0.29745939114768327
C000579,2,0.13357812479070688,0.21964204056929934,0.0,0.06731342844073869,0.0,0.0,0.13433616950777844,0.4451302366914767
C000580,3,0.5984881873046897,0.0,0.0,0.15606026332679174,0.12407074564876383,0.0,0.0,0.1213808037197547
C000586,2,0.0,0.0,0.0,0.0,0.1296833897068007,0.0,0.4678393094299527,0.40247730086324657
C000587,0,0.0,0.24585573298690497,0.20287317761478646,0.0,0.07990036412302612,0.33723965480257667,0.0,0.1341310704727058
C000588,1,0.27758294016387147,0.0,0.0,0.0,0.0,0.0,0.0,0.7224170598361286
C000592,3,0.0,0.0,0.0,0.18436712622112367,0.4011840481714869,0.11081639880528547,0.0,0.3036324268021039
C000596,3,0.34903131998171116,0.0,0.0,0.0,0.0,0.0,0.0,0.6509686800182888
C000597,4,0.23901816602022377,0.0,0.45002019304270346,0.0,0.0,0.0,0.09118162659665473,0.21978001434041805
C000599,4,0.0,0.0,0.18093743581193802,0.3835790618160089,0.0,0.0,0.0,0.4354835023720532
C000600,2,0.2236732391379993,0.0,0.0,0.0,0.2962917868281942,0.0,0.14739882110869296,0.33263615292511356
C000602,2,0.36453411693377924,0.0,0.0,0.0,0.0,0.15256801469331863,0.0,0.4828978683729022
C000605,3,0.07911972089329837,0.0,0.0,0.5182160785415876,0.06851651354613238,0.04975135585563195,0.0,0.28439633116334984
C000606,1,0.0,0.0,0.0,0.0,0.0,0.0,0.8392640298627791,0.16073597013722085
C000607,2,0.6955019514250741,0.0,0.0,0.0,0.0,0.0,0.0,0.3044980485749259
C000609,3,0.4342800070576387,0.0,0.09202441749603865,0.0,0.0,0.0,0.05937413419814183,0.4143214412481807
C000612,2,0.0,0.7012598753930931,0.1431244953668187,0.0,0.0,0.0,0.0,0.15561562924008826
C000615,1,0.0,0.22230651191211576,0.0,0.0,0.0,0.1179859260473638,0.3837883213578948,0.2759192406826256
C000617,1,0.19818787174565092,0.0,0.06078088621311605,0.0,0.0,0.0,0.0,0.741031242041233
C000618,2,0.0,0.0,0.0,0.0,0.0,0.6818557468581453,0.24346662661033852,0.07467762653151613
C000620,0,0.08922290338468417,0.0,0.4004615461232394,0.0,0.0,0.1008246141252053,0.12205102574033169,0.28743991062653945
C000621,0,0.0,0.0,0.0,0.0,0.0,0.0,0.8483675295807984,0.15163247041920158
C000622,3,0.09695226003944027,0.0,0.019173874785827848,0.18092340768681806,0.12639804274607744,0.0,0.06278940384093845,0.513763010900898
C000624,1,0.0,0.0,0.0,0.0,0.0,0.0,0.0,1.0
C000626,3,0.17964321453488974,0.0,0.0,0.0,0.0,0.06321172181189548,0.45355161406418004,0.30359344958903484
C000627,2,0.0,0.0,0.0,0.10708515082142149,0.20533535105706158,0.0,0.0,0.6875794981215169
C000629,2,0.5745512835170101,0.0935699184376443,0.0,0.08333481263502451,0.0,0.0,0.0,0.24854398541032105
C000630,0,0.0,0.0,0.0,0.0,0.0,0.1450038007661106,0.145940216977318,0.7090559822565715
C000633,0,0.0,0.2113333437387441,0.0,0.0,0.10890488763364461,0.0,0.19946847970476855,0.4802932889228428
C000636,1,0.41568700800887265,0.0,0.3816585066556514,0.0,0.0,0.0,0.0,0.20265448533547595
C000638,1,0.12302751369453505,0.22274084872195674,0.0,0.0,0.0,0.4961520740760529,0.0,0.15807956350745536
C000639,1,0.0,0.0,0.25156193149851835,0.2306544236402587,0.23940451565963475,0.0,0.0,0.2783791292015882
C000640,0,0.0,0.0,0.7874440978897391,0.0,0.0,0.0,0.0,0.21255590211026087
C000641,3,0.0,0.05452077508078404,0.06917655846087573,0.14790522059118366,0.14168622151191826,0.0,0.3272550767985181,0.25945614755672025
C000644,2,0.05501835693052956,0.0,0.0,0.0,0.0,0.0856261498861802,0.471421813190576,0.38793367999271433
C000645,1,0.058423419555912154,0.1773547607749232,0.1597934481245653,0.0,0.0,0.0,0.10503136081074953,0.49939701073384973
C000647,1,0.022744399961481747,0.0,0.23261973221235002,0.0964031306525307,0.0,0.0,0.12341459906760506,0.5248181381060325
C000648,0,0.0,0.18193257849823696,0.0,0.0,0.3170865019215744,0.0,0.2027448850681358,0.29823603451205283
C000649,2,0.0,0.17930530910012088,0.0,0.0957786689110106,0.045922720754792146,0.0,0.1581562249885732,0.5208370762455031
C000651,3,0.0,0.0,0.0,0.0,0.0,0.521556039648486,0.3415683315825708,0.1368756287689432
C000652,3,0.05798843002258682,0.0,0.07869043748676452,0.06823112958648281,0.0,0.22624390589192944,0.16771349767436694,0.4011325993378694
C000657,2,0.0,0.0,0.0,0.0,0.0,0.0,0.9280776180927837,0.07192238190721634
C000660,4,0.06597313097192072,0.15447459760234933,0.21610363494291973,0.23611560886833818,0.0,0.0,0.0,0.327333027614472
C000665,1,0.0,0.0,0.0,0.7581275277233565,0.0,0.0,0.0,0.24187247227664355
C000666,1,0.0,0.9511577379739035,0.0,0.0,0.0,0.0,0.0,0.04884226202609654
C000667,0,0.35284214205370223,0.0,0.09323773774663416,0.23968032717705778,0.0,0.0,0.07197214380404332,0.24226764921856234
C000668,4,0.0,0.0,0.0,0.0,0.3000663691011907,0.0,0.3569121988478482,0.34302143205096103
C000669,3,0.0,0.0,0.0,0.16055765696867125,0.212019522859798,0.0,0.0,0.6274228201715307
C000670,3,0.0,0.0,0.3648868399389301,0.0,0.0,0.0,0.3481588544394786,0.28695430562159124
C000672,4,0.3557329581566798,0.0,0.0,0.0,0.0,0.0,0.43753470452121124,0.20673233732210894
C000675,2,0.0,0.0,0.0,0.0,0.0,0.0,0.9430354415421311,0.05696455845786885
C000677,4,0.0,0.0,0.0,0.0,0.0,0.0,0.0,1.0
C000678,1,0.0,0.0,0.0,0.5522404278410896,0.2791871173474103,0.0,0.0,0.16857245481150024
C000679,2,0.09104940616710093,0.0,0.0,0.16790257079757354,0.0,0.05086022174839166,0.349351380171376,0.34083642111555773
C000680,4,0.09794843051017706,0.1523920290161869,0.0,0.21081923578784922,0.0,0.11878343682904119,0.0,0.42005686785674573
C000681,1,0.30982301281623187,0.0,0.0,0.1873848807132009,0.0,0.0,0.13139267488107842,0.3713994315894889
C000682,0,0.30642352780752075,0.1253352725845116,0.27089704618673033,0.0,0.02612323998264495,0.0,0.047038068544607355,0.22418284489398485
C000683,3,0.05233584798595726,0.16043662892793611,0.0,0.0,0.0,0.0,0.5037117793696991,0.28351574371640753
C000684,3,0.3724926573571506,0.057662130077489944,0.0,0.2751311369575747,0.0,0.0,0.0,0.29471407560778473
C000694,4,0.14670511406181808,0.10629784162985444,0.0,0.0,0.0,0.0,0.0,0.7469970443083275
C000696,2,0.0,0.0,0.21388523189388742,0.0,0.6228581263438937,0.0,0.0,0.16325664176221888
C000699,1,0.0,0.06435528180410435,0.0,0.0,0.0,0.0,0.6347449758918052,0.3008997423040904
C000700,3,0.0,0.0,0.2815407895692167,0.0,0.48318958315969707,0.0,0.0,0.23526962727108633
C000701,3,0.07810928453322205,0.22765436133677527,0.0,0.10639308362103059,0.30170102404316845,0.0,0.0,0.2861422464658036
C000702,3,0.0,0.0,0.4023165618516554,0.0,0.0,0.1615216109650102,0.0,0.4361618271833343
C000705,4,0.0,0.2163629249633168,0.0,0.0,0.0,0.0,0.32235765246530973,0.46127942257137355
C000707,0,0.0,0.0,0.0,0.0,0.0,0.9477421605504481,0.0,0.05225783944955187
C000709,1,0.0,0.0,0.29023283482806134,0.0,0.0,0.42389289757184134,0.16586368952381655,0.12001057807628063
C000712,0,0.10523126588066324,0.23261120196502685,0.0,0.0,0.3607723755695615,0.0,0.0,0.30138515658474846
C000713,2,0.0,0.06699668647635929,0.0,0.16567906467490612,0.08407412939980424,0.1293969918439827,0.1847709827472207,0.369082144857727
C000717,3,0.1023465013077036,0.0,0.6039925520018664,0.0,0.0,0.0,0.0,0.29366094669043014
C000721,1,0.0,0.0,0.0,0.0,0.15464101927075996,0.0,0.0,0.8453589807292401
C000725,3,0.1719787253804342,0.0,0.0,0.0,0.24459755207304723,0.3647514499042968,0.0,0.2186722726422217
C000728,1,0.0,0.2783551816711046,0.3697678906352109,0.1464425283275228,0.0,0.0,0.0,0.20543439936616165
C000732,1,0.10703088491750404,0.0,0.5252645207177762,0.0,0.0,0.0,0.0,0.3677045943647197
C000734,0,0.0,0.0,0.0,0.0,0.0,0.0,0.8365185078737057,0.16348149212629426
C000735,4,0.0,0.0,0.6150331035320746,0.0,0.0,0.0,0.21210977230656744,0.17285712416135793
C000737,2,0.09594607712617285,0.0,0.204625541696532,0.0,0.0,0.4662596671818904,0.0,0.23316871399540495
C000738,2,0.0,0.0,0.0,0.0,0.0,0.1480055576095955,0.0,0.8519944423904044
C000743,1,0.16325682601137467,0.4251934283456451,0.0,0.0,0.0,0.0,0.0,0.4115497456429801
C000746,0,0.0,0.0,0.0,0.19394431007505533,0.0,0.0,0.49020103027693146,0.3158546596480131
C000747,1,0.0,0.0,0.40117297130350366,0.0,0.0,0.0,0.12069286192559826,0.4781341667708981
C000749,0,0.20295433594788248,0.2078053564245812,0.30758589509638035,0.0,0.0,0.0,0.0,0.281654412531156
C000750,2,0.0,0.0,0.5043153293004997,0.0,0.0,0.0,0.0,0.4956846706995003
C000756,1,0.0,0.0,0.0,0.0,0.7441026527303072,0.0,0.0,0.2558973472696928
C000758,0,0.0,0.0,0.0,0.0,0.21958878182032984,0.07716843140589208,0.0,0.703242786773778
C000761,1,0.3883391307245722,0.0,0.0,0.17933748179232148,0.0,0.0,0.0,0.43232338748310645
C000763,0,0.29345248437997995,0.0,0.0,0.0,0.0,0.0,0.4360984512652023,0.27044906435481786
C000764,0,0.0,0.0,0.3235740937310638,0.0,0.0775915819722099,0.14640064805296452,0.0971867541510726,0.3552469220926891
C000766,3,0.0,0.0,0.0,0.0,0.0,0.0,0.48958914770305356,0.5104108522969464
C000769,3,0.0,0.0,0.2129594047744179,0.20033646124274068,0.0,0.0,0.0,0.5867041339828414
C000771,3,0.0,0.0,0.0,0.0,0.0,0.0,0.9615260690703882,0.03847393092961182
C000772,0,0.0,0.0,0.34803900436447555,0.15617699570270793,0.0,0.0,0.19418711367851685,0.3015968862542997
C000775,3,0.0,0.0,0.0,0.0,0.0,0.0,0.0,1.0
C000776,1,0.0,0.19677390680975307,0.0,0.4226694076260515,0.0,0.0,0.24607497349190893,0.1344817120722864
C000778,0,0.48087639133874877,0.10518924112161025,0.0,0.0,0.0,0.11267202000599992,0.0,0.30126234753364106
C000781,1,0.0,0.09355190108176041,0.23158793997715466,0.4602347846449016,0.0,0.14018880399741704,0.0,0.07443657029876637
C000783,1,0.0,0.0,0.0,0.0,0.0,0.0,0.0,1.0
C000787,1,0.0,0.13084915702955896,0.0,0.0,0.4195627318497894,0.0,0.0,0.4495881111206516
C000792,3,0.0,0.12289654125698286,0.0,0.06431038797869068,0.0,0.14534046140191548,0.0,0.667452609362411
C000793,4,0.0,0.28405697698763727,0.0,0.12415992105749611,0.0,0.0,0.2239727086770076,0.3678103932778589
C000794,4,0.0,0.08636049553138159,0.0,0.1080762079551056,0.2866868784648361,0.0,0.11119192664582958,0.4076844914028471
C000799,0,0.0,0.0,0.0,0.0,0.0,0.0,0.231605528349356,0.768394471650644
C000800,4,0.15253424386361827,0.0,0.0,0.0,0.32111998008410314,0.27583941853563954,0.0,0.2505063575166391
C000805,3,0.17133242287801245,0.4529728937471286,0.0,0.0,0.16700790584690697,0.0,0.06958045388801962,0.13910632363993225
C000807,2,0.2627948420886516,0.0,0.0,0.0,0.16316242251710186,0.0,0.0,0.5740427353942466
C000808,2,0.0,0.0,0.08764876622005535,0.0,0.06072832981676367,0.16183824850197018,0.17874714613953344,0.5110375093216772
C000815,3,0.0,0.0,0.0,0.0,0.0,0.593107171767503,0.0,0.40689282823249695
C000819,3,0.4401497552129379,0.0,0.2896381053527588,0.0,0.0,0.0,0.0,0.2702121394343032
C000821,1,0.0,0.0,0.30535421315145755,0.26860677149070256,0.0,0.0,0.1959028215989382,0.2301361937589017
C000822,2,0.43607244999720085,0.0,0.0,0.32185924083832895,0.0,0.0,0.0,0.24206830916447025
C000823,2,0.3425845573182962,0.15848548794555326,0.0,0.0,0.0,0.08958384984610736,0.1988133348548067,0.21053277003523654
C000826,0,0.2092886220370208,0.11314022312327827,0.19527006494268792,0.0,0.0,0.18903535905555585,0.0,0.29326573084145724
C000827,3,0.0,0.0,0.49007463883797525,0.0,0.0,0.0,0.0,0.5099253611620247
C000829,3,0.0,0.0,0.0,0.0,0.0,0.0,0.0,1.0
C000831,4,0.0,0.03758752600137914,0.21516927196254534,0.03328377042979268,0.0,0.26197754377148247,0.14645680624905785,0.30552508158574243
C000832,4,0.11404514557896694,0.0,0.10053848927898863,0.0,0.0,0.0,0.16036114181732178,0.6250552233247227
C000835,0,0.26827208219738524,0.0,0.0,0.13332321623576648,0.08346421505296361,0.07353918855081475,0.16065561461439634,0.28074568334867345
C000836,0,0.07969656495657325,0.17334328547660882,0.0,0.0,0.0,0.0,0.40589521322858235,0.34106493633823565
C000837,4,0.0,0.0,0.26613575134367345,0.0,0.15966085331182356,0.3667622201237484,0.08593560497241315,0.12150557024834155
C000840,4,0.0,0.0,0.0,0.0,0.9680646116951196,0.0,0.0,0.03193538830488041
C000841,2,0.40345976130557276,0.13358651042030834,0.0,0.13758730019493878,0.0,0.07765766510779469,0.0,0.2477087629713854
C000842,4,0.0,0.0,0.0,0.217208978089607,0.21604943830290677,0.4249222603623691,0.0,0.1418193232451172
C000843,2,0.0,0.0,0.0,0.0,0.29432356097847956,0.0,0.0,0.7056764390215204
C000844,4,0.22316517005615458,0.08346947152886935,0.0,0.3086382504355727,0.08940884429745759,0.0,0.0,0.2953182636819458
C000850,1,0.0,0.0,0.0,0.7520480489267355,0.0,0.0,0.0,0.2479519510732645
C000851,4,0.0,0.07528858204037851,0.0,0.0,0.1836692386857736,0.30475216519072945,0.0,0.4362900140831184
C000854,0,0.0,0.25327940425323087,0.18477775838999663,0.0,0.0,0.15222928015759216,0.08465198960642538,0.325061567592755
C000856,1,0.19934070059131587,0.13778169554699374,0.0,0.0,0.0,0.1318289426231003,0.0,0.5310486612385902
C000857,2,0.3177691364717091,0.11166894302068761,0.0,0.0,0.0,0.0,0.27653094265554956,0.2940309778520538
C000858,3,0.14487775661775168,0.0,0.0,0.6152627415508479,0.0,0.0,0.0,0.23985950183140026
C000859,3,0.0,0.0,0.34204676285861574,0.34135973437847944,0.0,0.0,0.0,0.3165935027629049
C000862,2,0.0,0.0,0.0,0.2397552420141136,0.0,0.4880050300612484,0.0,0.2722397279246379
C000865,2,0.0,0.0,0.18065251057820989,0.0,0.4384599495871723,0.0,0.0,0.3808875398346178
C000868,2,0.0,0.0,0.0,0.1912079064453853,0.0,0.1443404444847325,0.0,0.6644516490698822
C000873,4,0.1765438081765733,0.0,0.0,0.0,0.0,0.0,0.5826385284356335,0.2408176633877933
C000874,2,0.2062865974300748,0.10479977066807364,0.0820106813092319,0.07437189120736344,0.17187930817633343,0.0,0.11098715260953188,0.24966459859939086
C000877,1,0.12910153864012683,0.05860940497343093,0.0,0.0,0.1776754153327287,0.35199143690349627,0.1340649651128455,0.14855723903737184
C000878,1,0.11681002778138945,0.0,0.0,0.13740597474002936,0.0,0.45525097057307895,0.19479722876041528,0.09573579814508697
C000880,1,0.0,0.0,0.0,0.0,0.0,0.24746367829870733,0.5837810353740953,0.16875528632719736
C000883,3,0.0,0.13465777133147253,0.0,0.0,0.0,0.11498061414735757,0.13450765916989324,0.6158539553512765
C000885,0,0.17890028256756169,0.0,0.0,0.185101576104263,0.15505623812174735,0.13622686086395924,0.0,0.34471504234246875
C000886,0,0.0,0.19635025075115572,0.0,0.0,0.0,0.09398276779610769,0.49003933456201715,0.21962764689071948
C000887,3,0.4769082208149827,0.0,0.30090578792607425,0.0,0.0,0.0,0.0,0.2221859912589431
C000889,0,0.0,0.0,0.1304389578563965,0.0,0.4511707597662619,0.0,0.0,0.41839028237734144
C000891,2,0.06542903269136888,0.05333690656327135,0.11653247249686016,0.07471693346796303,0.0,0.10950608480028731,0.0,0.5804785699802493
C000892,4,0.0,0.0,0.5991552640590867,0.18048816680017435,0.0,0.0,0.0,0.22035656914073892
C000894,3,0.0,0.2735516651934125,0.0,0.09305930362283328,0.0,0.0,0.4181713365003085,0.21521769468344562
C000895,3,0.2803602376735513,0.0,0.3448662810893831,0.0,0.0,0.0,0.1250719116136096,0.24970156962345605
C000901,3,0.0,0.0,0.0,0.0,0.0,0.3213538447534932,0.27135193704883104,0.40729421819767575
C000903,2,0.0,0.0,0.6504797020366845,0.0,0.0,0.22339201028129807,0.0,0.12612828768201736
C000904,0,0.197724593465498,0.0,0.0,0.0,0.0,0.3464659177964973,0.09048406015749556,0.36532542858050904
C000905,2,0.0,0.0,0.7501180646099601,0.0,0.0,0.0,0.0,0.2498819353900399
C000907,2,0.13356764600582266,0.0,0.17905664757593598,0.1627836956826006,0.0,0.24891887511738847,0.0,0.27567313561825235
C000911,0,0.13187633452737893,0.2695222446484043,0.0,0.0,0.13080341694924866,0.0,0.0,0.467798003874968
C000912,1,0.0,0.09920759923338315,0.19379288640604186,0.0,0.0,0.14842325574567475,0.0,0.5585762586149002
C000914,1,0.0,0.0,0.8228190743711746,0.0,0.0,0.0,0.0,0.17718092562882537
C000916,4,0.35397507638497383,0.0,0.0,0.3952433905721779,0.0,0.0,0.0,0.2507815330428484
C000917,3,0.37799429820763564,0.0,0.0,0.10124746445649324,0.0,0.30660775323595046,0.0,0.21415048409992077
C000920,0,0.0,0.0,0.0,0.0,0.07148904531719179,0.3160023085214093,0.14416614261099836,0.46834250355040064
C000921,0,0.0,0.0,0.0,0.0,0.06237932511722723,0.0,0.6724352252420244,0.26518544964074847
C000922,2,0.13834149569167115,0.11105127725524813,0.0,0.0,0.0,0.0,0.15432176779846188,0.5962854592546188
C000923,1,0.0,0.0,0.0,0.4090522013655509,0.0,0.0,0.2677721315936876,0.32317566704076145
C000926,1,0.12832677395799122,0.576073787770075,0.09637676877692956,0.0,0.0,0.0,0.0,0.19922266949500428
C000927,2,0.2217286911779646,0.0,0.358144767764069,0.1182146934022022,0.0,0.0,0.0,0.30191184765576423
C000930,3,0.05545946925579116,0.0,0.0,0.0,0.0,0.16008274970615372,0.0,0.784457781038055
C000931,2,0.0,0.2178482677038352,0.0,0.0,0.0,0.0,0.0,0.7821517322961649
C000932,2,0.0,0.18152328161839248,0.0,0.0,0.09937823971804567,0.0,0.1690889369693154,0.5500095416942463
C000933,0,0.0,0.57557901858538,0.0,0.0,0.0,0.253172872904423,0.0,0.17124810851019695
C000936,4,0.1083973520486982,0.09512183277405498,0.12751298606590347,0.0,0.11540091241501962,0.0702396660819323,0.0,0.4833272506143913
C000938,1,0.09574132683771519,0.08630867062279124,0.0,0.23966407122515307,0.06700725079352612,0.0,0.15963845063416823,0.3516402298866461
C000942,1,0.0,0.2036326137584535,0.0,0.053097050714808004,0.0,0.4117799506909131,0.10159065750724157,0.22989972732858374
C000948,2,0.12406324262670462,0.0,0.13273506687704978,0.3172512508295522,0.0,0.0,0.0,0.42595043966669344
C000949,0,0.1754598337961901,0.0,0.0,0.123312367358864,0.0,0.0,0.42966539971217166,0.27156239913277425
C000950,3,0.0,0.0,0.0,0.0,0.0,0.1312181182343137,0.060278754910360104,0.8085031268553262
C000951,0,0.3081537048653295,0.0,0.0,0.0,0.36992660844270364,0.0,0.0,0.32191968669196686
C000954,4,0.0,0.37347319202641616,0.0,0.09356537649812943,0.06834838203851828,0.14632104254922482,0.0,0.3182920068877113
C000956,0,0.0,0.0,0.0,0.0,0.0,0.26528305907764016,0.613954087017305,0.12076285390505474
C000957,2,0.05708453075474514,0.28377326962522126,0.0,0.03912764338500974,0.3300803198567127,0.0,0.0,0.2899342363783113
C000958,1,0.0,0.0,0.0,0.0,0.0,0.9208532016120766,0.0,0.07914679838792338
C000959,4,0.0,0.0,0.0,0.0,0.0,0.0,0.41398039016039206,0.586019609839608
C000964,4,0.0,0.12744590641681502,0.0,0.0,0.0,0.08062341460376647,0.46446756186886234,0.32746311711055615
C000965,0,0.0,0.0,0.39089072349419307,0.0,0.3114526127671566,0.0,0.0,0.2976566637386502
C000966,1,0.0,0.15458137848624592,0.0,0.09108947393789182,0.0,0.0,0.17013415507950802,0.5841949924963543
C000967,4,0.0,0.9460410280655894,0.0,0.0,0.0,0.0,0.0,0.05395897193441057
C000968,4,0.0,0.0,0.4315897107198595,0.0,0.0,0.0,0.3946814185970712,0.17372887068306936
C000971,3,0.0,0.08661438562465462,0.0,0.0,0.35542797445730145,0.0,0.17091996378048502,0.38703767613755885
C000972,1,0.0,0.0,0.1782152324790947,0.0,0.1834323750802894,0.0,0.09188780877322393,0.5464645836673919
C000974,0,0.23525558164602603,0.17868145412913533,0.1456787836043537,0.0,0.0,0.0,0.0,0.44038418062048496
C000975,4,0.18258836578656448,0.0,0.0,0.0,0.685113213274103,0.0,0.0,0.13229842093933245
C000977,0,0.0,0.0,0.0,0.0,0.0,0.0,0.9659651754640596,0.03403482453594042
C000980,3,0.0,0.0,0.7355135624948255,0.0,0.0,0.12939764994998287,0.0,0.13508878755519166
C000981,0,0.0,0.0,0.09747813665230962,0.0,0.0979469250483146,0.05342801954204918,0.0,0.7511469187573265
C000983,1,0.1151007892491779,0.0,0.1797008693177913,0.0,0.5164713922189863,0.0,0.0,0.18872694921404434
C000985,0,0.0,0.10368860913933721,0.0,0.3886355708144331,0.0,0.0,0.0,0.5076758200462297
C000988,2,0.0,0.0,0.0,0.0,0.6783769325510804,0.0,0.17982247996477413,0.14180058748414537
C000990,0,0.18184072108415422,0.0,0.257356026666273,0.17813098231411004,0.0,0.14233258160930978,0.0,0.24033968832615288
C000993,4,0.0,0.3968266966521897,0.0,0.0,0.1879021703776552,0.11401237751519332,0.10761718631385853,0.1936415691411033
C000994,4,0.0,0.0,0.0,0.2634800735518606,0.0,0.0,0.2042368381020711,0.5322830883460683
C000996,1,0.10613277142107294,0.07491058317181759,0.0,0.0,0.0,0.6385645399593248,0.0,0.18039210544778453
C000997,3,0.0,0.6156958180356289,0.0,0.0,0.0,0.0,0.0,0.3843041819643711
C000998,4,0.0,0.8689624932945924,0.0,0.0,0.0,0.0,0.0,0.1310375067054076
C000999,0,0.0,0.2771541677082677,0.0,0.0,0.19261635949489722,0.10594165582312802,0.17943824958330207,0.24484956739040512
C001000,3,0.0,0.0,0.30233859666033724,0.0,0.0,0.0,0.43656817777664825,0.2610932255630145
C001002,3,0.017753649415563354,0.0,0.0,0.056555819420229456,0.697601305123773,0.0,0.0,0.2280892260404342
C001004,0,0.0,0.0,0.0,0.659187515313021,0.0,0.219583898549123,0.0,0.12122858613785578
C001006,4,0.9310555366615754,0.0,0.0,0.0,0.0,0.0,0.0,0.06894446333842463
C001008,4,0.0,0.5030795297190169,0.0,0.0,0.0,0.0,0.07482158536990018,0.42209888491108283
C001013,0,0.0,0.0,0.0,0.0,0.0,0.25635776373107516,0.0,0.7436422362689248
C001018,2,0.0,0.0,0.0,0.0,0.0,0.19914917701832166,0.0,0.8008508229816783
C001020,3,0.0,0.0,0.0,0.0,0.0,0.5430326274354873,0.28654370890288927,0.17042366366162334
C001021,3,0.1997885235926639,0.48215847374211435,0.0,0.0,0.0,0.0,0.0,0.3180530026652218
C001022,4,0.0,0.2900181588171892,0.0,0.0,0.0,0.07403580396256831,0.13525027233818093,0.5006957648820617
C001024,2,0.0,0.0,0.13376424543605275,0.3423145754871691,0.0,0.0,0.05882025303593049,0.46510092604084763
C001027,0,0.0,0.2288633003525346,0.0,0.3785927224793844,0.10111166254327443,0.0,0.0,0.29143231462480634
C001028,1,0.0,0.0965638202093582,0.0,0.0,0.0,0.3674648073454159,0.33450640822682765,0.2014649642183982
C001029,0,0.0,0.24272290000102378,0.0,0.0,0.0,0.31850600320113764,0.12449515371409102,0.31427594308374746
C001030,4,0.0,0.0,0.0,0.0,0.20661444487445185,0.0,0.16698270109081612,0.626402854034732
C001033,2,0.13419318271795394,0.0,0.0,0.0,0.0,0.0,0.47564755606023107,0.3901592612218149
C001035,1,0.0,0.0,0.3143716333331417,0.0,0.0,0.3195052957106802,0.0,0.3661230709561781
C001037,2,0.0,0.1502669175448672,0.0,0.26585108926407014,0.13259849711543026,0.0,0.0,0.4512834960756324
C001038,2,0.0,0.0,0.0,0.11585243755015721,0.23736791570961197,0.0,0.09488276877226536,0.5518968779679655
C001040,4,0.0,0.1641258201374119,0.06615721613912638,0.04121946025116789,0.0,0.5490558814426689,0.0,0.17944162202962483
C001043,4,0.47823856530585457,0.0,0.0,0.1204719269682418,0.12901196904500123,0.060897377468789655,0.0,0.21138016121211267
C001046,2,0.0,0.49092571727445866,0.0,0.0,0.189004388305983,0.0,0.19370789707257569,0.12636199734698267
C001050,3,0.0,0.08014762170126855,0.04007461433679275,0.0,0.07194103861923806,0.16339911587062592,0.0,0.6444376094720746
C001051,1,0.0,0.0,0.0,0.19908943506206228,0.1179154723262521,0.08721603454977861,0.07667099745020212,0.5191080606117048
C001055,2,0.0,0.0,0.0,0.0,0.0,0.0,0.0,1.0
C001056,1,0.0,0.0,0.22222191438335692,0.1640011483164749,0.29091520948442867,0.05218601169817754,0.0,0.270675716117562
C001060,1,0.0,0.0,0.5129446312273532,0.0,0.0,0.0,0.0,0.48705536877264677
C001061,4,0.4546173749530247,0.0,0.0,0.0,0.0778307809520508,0.0,0.13271798265467838,0.33483386144024624
C001062,0,0.0,0.0,0.0,0.0,0.5269792745909586,0.12917552626032355,0.1915793266999861,0.1522658724487317
C001063,4,0.6085283239410946,0.0,0.0,0.0,0.15825273085272074,0.0,0.0,0.2332189452061848
C001064,4,0.0,0.0,0.2748178439309336,0.0,0.0,0.5755856049194813,0.0,0.14959655114958495
C001066,0,0.0,0.0,0.0,0.0,0.8383008860236864,0.0,0.0,0.16169911397631365
C001067,2,0.0,0.13431904874415895,0.0,0.07146375965646237,0.0,0.0,0.0,0.7942171915993785
C001068,2,0.15679296381515495,0.0,0.5902787113033849,0.0,0.0,0.0,0.0,0.25292832488146005
C001072,0,0.5217185776724121,0.2629245476640861,0.0,0.0,0.0,0.0,0.0,0.21535687466350173
C001074,0,0.0,0.0,0.0,0.0,0.0,0.18891889312001317,0.6220824608924652,0.1889986459875217
C001075,0,0.0,0.34955353448447,0.1861931646149792,0.0,0.0,0.0,0.0,0.46425330090055084
C001077,1,0.03420320839455121,0.1347178823482819,0.0,0.0,0.0,0.0,0.35303947836389643,0.47803943089327045
C001080,2,0.4514040443685227,0.0,0.0,0.0,0.3199523193434573,0.0,0.0,0.22864363628802006
C001084,4,0.0,0.0,0.061202431960193156,0.0,0.0,0.5549183911923738,0.20970934241467018,0.17416983443276285
C001086,0,0.23954845917360035,0.10956270436242911,0.12407412655494193,0.0,0.0,0.08338995023552347,0.08547256081638423,0.357952198857121
C001088,1,0.12201690231693248,0.13716194984211466,0.0,0.0,0.0,0.0,0.433561562398071,0.30725958544288173
C001090,4,0.12607621665882401,0.0,0.0,0.0,0.0,0.0,0.22548101917894053,0.6484427641622355
C001092,2,0.0,0.0,0.244539791535268,0.5145335687791203,0.0,0.0,0.0,0.24092663968561165
C001093,3,0.0,0.0,0.9283273117603237,0.0,0.0,0.0,0.0,0.07167268823967632
C001095,2,0.0,0.8174038542704113,0.0,0.0,0.0,0.0,0.0,0.1825961457295887
C001096,1,0.0,0.0,0.0,0.10514223915680435,0.0,0.4125270253276784,0.0,0.48233073551551725
C001098,3,0.22245972780416548,0.0,0.6438175713283747,0.0,0.0,0.0,0.0,0.13372270086745972
C001100,1,0.0,0.0,0.0,0.0,0.0,0.0,0.7437927128020343,0.2562072871979657
C001102,1,0.2711942288372501,0.0,0.0,0.0,0.0,0.0,0.14832809269205444,0.5804776784706954
C001106,4,0.07412514888456885,0.0,0.33334085188101337,0.2560739367595361,0.10116280945893337,0.0,0.0,0.23529725301594834
C001108,4,0.0,0.4169941636109773,0.0,0.0,0.2848822370401791,0.0,0.0,0.2981235993488436
C001109,0,0.0,0.348232674569516,0.0,0.0,0.2875948653684577,0.0,0.0,0.36417246006202625
C001110,0,0.15579687686148339,0.19063754609460537,0.0,0.0,0.0,0.0,0.0,0.6535655770439112
C001112,1,0.0,0.11999526151562223,0.0,0.12333943775529976,0.04103782344501328,0.17288744221758442,0.0,0.5427400350664803
C001113,4,0.0,0.0,0.0,0.0,0.8579755726515168,0.0,0.0,0.1420244273484832
C001115,0,0.0,0.0,0.3084974119144508,0.0,0.0,0.0,0.4801874044746517,0.2113151836108975
C001119,4,0.0,0.0,0.0,0.2906805403750817,0.4717577656514859,0.0,0.0,0.23756169397343244
C001120,4,0.0,0.14800859905073047,0.0,0.0,0.0,0.5709521674067063,0.0,0.28103923354256316
C001121,4,0.0,0.14201900757694527,0.13262178133241986,0.0726910382487017,0.0,0.22193539980780594,0.0,0.4307327730341271
C001122,4,0.0,0.0,0.0,0.0,0.0,0.0,0.40786076450560815,0.5921392354943918
C001123,4,0.12484731334233651,0.22774723392368248,0.0,0.3372260088350237,0.0,0.0,0.054240208862456424,0.255939235036501
C001129,0,0.0,0.0,0.06082960757709629,0.0,0.07203395793218975,0.16050056357974185,0.34378857105465566,0.3628472998563165
C001130,3,0.0,0.0,0.12192530463491402,0.0,0.0,0.0,0.6577899457475427,0.22028474961754324
C001132,4,0.0,0.0,0.0,0.0,0.41740391108294955,0.17537958409399698,0.0,0.4072165048230535
C001134,3,0.3147826829307982,0.0,0.3758926163173625,0.0,0.0,0.0,0.1984736311045594,0.11085106964727988
C001135,2,0.0,0.0,0.0,0.17435695994819111,0.17559045771039472,0.0,0.0,0.6500525823414142
C001136,2,0.0,0.0,0.33530840859530076,0.0,0.14137678489305694,0.30497046277936457,0.0,0.21834434373227773
C001138,3,0.0,0.0,0.0,0.23756728087592022,0.4717595762544856,0.0,0.0,0.2906731428695941
C001139,1,0.0,0.0,0.0,0.0,0.0,0.0,0.0,1.0
C001140,1,0.35055635977778715,0.11021810387386989,0.0,0.0,0.0,0.0,0.07395757395441928,0.46526796239392365
C001141,3,0.0,0.0,0.0,0.0,0.0,0.5253179858069627,0.0,0.47468201419303735
C001143,3,0.10594902766887924,0.18573516310235752,0.0,0.11424865840436729,0.0,0.3233622671795031,0.0,0.27070488364489276
C001147,2,0.0,0.0,0.9486217296368008,0.0,0.0,0.0,0.0,0.0513782703631992
C001148,0,0.16456273224525664,0.0,0.0,0.0,0.22000793699423776,0.0,0.0,0.6154293307605055
C001149,4,0.0,0.19177994167514997,0.0,0.34580667011488037,0.0,0.0,0.0,0.46241338820996963
C001151,1,0.08512913513795216,0.0,0.0,0.0,0.09258861537425389,0.0,0.0,0.8222822494877939
C001152,0,0.0,0.0,0.0,0.0,0.0,0.1734238128081402,0.508898455769,0.31767773142285993
C001153,0,0.0,0.0,0.19557466672438487,0.0,0.29837800308487256,0.13168141984342785,0.0,0.37436591034731476
C001154,1,0.0,0.0,0.5005501809664549,0.0,0.34177284655207313,0.0,0.0,0.1576769724814722
C001156,4,0.0,0.0,0.0,0.0,0.0,0.0,0.09707527073917828,0.9029247292608217
C001157,2,0.1902087405617096,0.0,0.0,0.0,0.0,0.0,0.15052549769277468,0.6592657617455157
C001160,0,0.04331689911794258,0.0,0.0,0.0,0.34906488924649576,0.0,0.413149227280529,0.1944689843550328
C001164,3,0.0,0.0,0.439196369024584,0.0738309609947377,0.2574297312685171,0.0,0.07376244893925879,0.15578048977290243
C001165,1,0.8205914555614761,0.0,0.0,0.0,0.0,0.0,0.0,0.17940854443852394
C001168,0,0.0,0.09539466693464195,0.0,0.0,0.0,0.22502512377692002,0.4586627578376916,0.22091745145074632
C001170,3,0.17693939537145015,0.0,0.0,0.0,0.0,0.23070978946987117,0.0,0.5923508151586787
C001171,2,0.15104423021279498,0.0,0.35007593517597413,0.0,0.10148689809505002,0.0,0.0,0.3973929365161807
C001172,2,0.40743999705212375,0.10380267630161139,0.0,0.0,0.10139259749567206,0.0,0.0,0.38736472915059295
C001173,0,0.6581219838677236,0.18852387064729223,0.0,0.0,0.0,0.0,0.0,0.15335414548498408
C001174,0,0.18422020740013031,0.5182102403497731,0.0,0.17918981043159365,0.0,0.0,0.0,0.1183797418185029
C001175,3,0.12005995989551192,0.5997469799784991,0.0,0.0,0.0,0.1404640178549011,0.0,0.1397290422710878
C001176,0,0.4500212925352317,0.0,0.08255210222942172,0.0,0.16552416876881323,0.0,0.1055596702428094,0.19634276622372382
C001181,3,0.08208680745899813,0.0,0.2289862950007131,0.45138764479356547,0.0,0.0,0.0,0.2375392527467232
C001182,0,0.0,0.0,0.0,0.2612286113805142,0.0,0.6701325230401555,0.0,0.06863886557933044
C001183,2,0.0,0.0,0.3250113643847257,0.0,0.23819193465358707,0.19973597965949844,0.0,0.2370607213021889
C001184,0,0.0,0.9666242821340485,0.0,0.0,0.0,0.0,0.0,0.033375717865951504
C001185,0,0.0,0.0,0.0,0.0,0.5005694144891674,0.32797887068431303,0.0,0.1714517148265196
C001188,0,0.0,0.0,0.0,0.0,0.0,0.6799945911138215,0.0,0.32000540888617846
C001191,0,0.0,0.0,0.0,0.0,0.3443336114642361,0.49177698911764683,0.0,0.16388939941811712
C001192,4,0.12726584746791422,0.0,0.0,0.0,0.24173948738677045,0.12963005827089016,0.0,0.5013646068744251
C001194,4,0.0,0.0,0.0,0.1137518055301317,0.1610857887349998,0.08938284897411852,0.0,0.6357795567607499
C001202,3,0.0,0.0,0.0,0.9488550673140594,0.0,0.0,0.0,0.05114493268594056
C001203,0,0.15733497089295037,0.0,0.0,0.0870980236315422,0.12026955337566726,0.22719772042582265,0.10220015634316466,0.3058995753308528
C001204,2,0.0,0.0,0.4653140123757879,0.0,0.15194012636730753,0.10275641891492246,0.07600338469166207,0.20398605765031988
C001207,4,0.0,0.0,0.0,0.0,0.0,0.0,0.0,1.0
C001209,4,0.0,0.0,0.1620589101835689,0.0,0.2946801123944734,0.13237869779871755,0.07087464754762834,0.3400076320756119
C001210,0,0.10691929232916585,0.0,0.0,0.16830212872872224,0.0,0.0,0.2458105817729107,0.47896799716920113
C001211,0,0.5537217980920353,0.0,0.0,0.12549363463404187,0.11372833343715096,0.0,0.0,0.2070562338367719
C001214,2,0.0,0.29007735389737316,0.0800477201265628,0.0,0.3930014866182707,0.0,0.0,0.23687343935779323
C001216,0,0.0,0.04580816386231154,0.0,0.0,0.0,0.2737689787539344,0.2563845066076508,0.42403835077610336
C001220,2,0.4844810786485672,0.22926745013638805,0.0,0.0,0.0,0.0,0.0,0.28625147121504474
C001221,4,0.0,0.0,0.0,0.47426005809433835,0.0,0.0,0.0,0.5257399419056616
C001222,2,0.0599611060847639,0.0,0.21578052297095854,0.0,0.0,0.29182425037513515,0.1188179204528895,0.313616200116253
C001223,3,0.0,0.4563445848629241,0.0,0.04762490131974064,0.0,0.0,0.17425786392110865,0.3217726498962267
C001224,0,0.18719132418419196,0.15915126288130432,0.19642000348200592,0.16308788261079515,0.0,0.0,0.0,0.2941495268417028
C001225,2,0.0,0.0758042430314651,0.25064507305306966,0.0,0.0,0.18591816863186258,0.0,0.48763251528360263
C001229,4,0.0,0.054593724482672155,0.3269863884863084,0.0,0.36354561100836974,0.0,0.0,0.2548742760226498
C001230,3,0.20515423245620729,0.1565441921714218,0.24277009952111267,0.0,0.0,0.0,0.0,0.3955314758512583
C001232,4,0.0893491613615623,0.30432103755848267,0.0,0.0,0.10237631181698065,0.057969593301789794,0.0,0.44598389596118454
C001234,1,0.0,0.0,0.0,0.0,0.0,0.0,0.0,1.0
C001237,0,0.0,0.904907874757551,0.0,0.0,0.0,0.0,0.0,0.09509212524244903
C001238,0,0.08734771571263208,0.0,0.0,0.22114606728601635,0.15087555281190324,0.0,0.0,0.5406306641894484
C001239,1,0.1917817496029584,0.0,0.0,0.0,0.0,0.0,0.46795212285430937,0.3402661275427321
C001241,1,0.0,0.0,0.0,0.0,0.0,0.4962923858884123,0.0,0.5037076141115877
C001243,1,0.0,0.0,0.0,0.0,0.0,0.7923908397105459,0.0,0.2076091602894541
C001244,1,0.0,0.20331495083935497,0.10548739394404637,0.0,0.0,0.05244073589693144,0.22751673859751298,0.4112401807221542
C001248,4,0.0,0.0,0.0,0.16446115963458088,0.0,0.06783578587567582,0.0,0.7677030544897433
C001249,0,0.049482328035147384,0.0,0.2309585955365175,0.0,0.2895980564241791,0.24302297592845015,0.0,0.1869380440757058
C001252,1,0.6424244766805438,0.0,0.0,0.1798095088300428,0.0,0.0,0.0,0.17776601448941332
C001254,1,0.0,0.0,0.0,0.9573695173215655,0.0,0.0,0.0,0.0426304826784345
C001255,0,0.1499251210972521,0.06533728901084328,0.0,0.0,0.2979769427296379,0.0,0.0,0.48676064716226675
C001256,1,0.5708410540072336,0.0,0.1996766739787138,0.0,0.0,0.0,0.05897421264884493,0.17050805936520746
C001258,0,0.0,0.3333166577783387,0.0,0.22136941877462457,0.0,0.0,0.0,0.44531392344703674
C001260,2,0.0,0.0,0.0,0.0,0.0,0.31655683762043846,0.1769121642405267,0.506530998139035
C001265,4,0.0,0.40871225116919147,0.0,0.05499335204546651,0.11283307248528013,0.04096197573668105,0.11057702628810889,0.27192232227527185
C001266,1,0.4641907879318173,0.0,0.1250603975503979,0.26853938784072806,0.0,0.0,0.0,0.1422094266770568
C001267,2,0.0,0.17964510399068495,0.0,0.0,0.12542358371367818,0.0,0.5400800425466739,0.15485126974896307
C001268,3,0.10638009519947868,0.0,0.23455831377872569,0.238926336946774,0.0,0.20327169936990636,0.0,0.21686355470511542
C001269,3,0.0,0.0,0.0,0.8946528690609293,0.0,0.0,0.0,0.10534713093907067
C001271,2,0.0,0.0,0.0,0.0,0.9288326197765412,0.0,0.0,0.07116738022345881
C001272,1,0.060904851196102075,0.0,0.0,0.0,0.0,0.0,0.10933165600161605,0.8297634928022819
C001275,3,0.0,0.0,0.0,0.0,0.0,0.2384290050420359,0.17856474163296382,0.5830062533250003
C001276,2,0.0,0.0,0.0,0.19644104128081977,0.0,0.3893055406616753,0.0,0.414253418057505
C001279,4,0.25463125821972643,0.0828640390808469,0.0,0.1267655684984549,0.0,0.0,0.1171100678527886,0.4186290663481832
C001280,0,0.0,0.1542723298159717,0.0,0.0,0.0,0.0,0.4667981352690638,0.37892953491496456
C001283,4,0.0,0.15200282772367524,0.11032443372289286,0.0,0.0,0.0,0.0,0.737672738553432
C001284,4,0.0,0.0,0.0,0.0,0.0,0.0,0.0,1.0
C001288,3,0.06106596335290028,0.13719195890296967,0.07561798898660102,0.0,0.0,0.10713088761666595,0.0,0.6189932011408631
C001289,4,0.0,0.0,0.0,0.0,0.0,0.0,0.0,1.0
C001290,3,0.0,0.0,0.411361773967434,0.0,0.0,0.1863041482276926,0.0,0.40233407780487346
C001291,3,0.2879939207807691,0.1313736772949497,0.0,0.315356099661628,0.0,0.0,0.0,0.2652763022626534
C001292,0,0.0,0.0,0.0,0.0,0.0,0.0,0.7223077086751651,0.27769229132483486
C001293,3,0.22745742074611067,0.05545532541786677,0.0,0.0,0.0,0.0,0.3411824492590115,0.3759048045770112
C001294,2,0.1645232994677909,0.7183958707901883,0.0,0.0,0.0,0.0,0.0,0.11708082974202076
C001299,0,0.0,0.0,0.4975193740448463,0.1773653250605938,0.0,0.0,0.0,0.3251153008945598
C001301,2,0.0972289370611115,0.10122184982568436,0.0,0.08867560599339759,0.0,0.0,0.3304449023885454,0.3824287047312611
C001306,2,0.0,0.0,0.8294219571652722,0.0,0.0,0.0,0.0,0.17057804283472777
C001307,1,0.0,0.0,0.10124840823405641,0.38381677827228566,0.12266036067374281,0.1350204152220084,0.11268801626285069,0.14456602133505597
C001308,4,0.0,0.0,0.0,0.0,0.0,0.11401334966651382,0.0,0.8859866503334862
C001310,4,0.10529072548714294,0.0,0.06525911807201361,0.1480136641274609,0.2062266203666682,0.0,0.0,0.4752098719467143
C001312,0,0.5223966394449091,0.0,0.0,0.10752000046573681,0.06787323490018889,0.0,0.0,0.3022101251891651
C001316,4,0.15672506436196887,0.06828737022689851,0.057118367329574725,0.0,0.0,0.0,0.50114448207581,0.21672471600574789
C001317,1,0.10937931249044605,0.0,0.0,0.3170505134542571,0.22191419089729114,0.0,0.0,0.3516559831580057
C001318,0,0.0,0.0,0.0,0.0,0.0,0.0,0.0,1.0
C001320,2,0.356330571886096,0.0,0.0,0.15146111058218326,0.0,0.0,0.0,0.4922083175317207
C001321,2,0.5314247031016713,0.0,0.0,0.1910245883404555,0.0,0.0,0.0,0.27755070855787317
C001322,4,0.0,0.015285811278942338,0.0,0.29883109561330273,0.281757385175762,0.0,0.122353005580761,0.2817727023512319
C001323,2,0.09391781259345568,0.0,0.0,0.1136408014800424,0.33058302213505775,0.164086981906179,0.05343694075154458,0.2443344411337206
C001324,4,0.0,0.0,0.17028843234437546,0.0,0.20213480001170223,0.0,0.0,0.6275767676439223
C001326,0,0.0,0.0,0.0,0.0,0.0,0.8661174164612268,0.0,0.13388258353877325
C001328,0,0.0,0.0,0.0,0.26735545540739186,0.17933062059052227,0.0,0.0,0.5533139240020859
C001331,4,0.09661570333271435,0.1395535868012585,0.15847278243714058,0.0,0.0,0.0,0.21572356005244583,0.38963436737644064
C001335,1,0.4469725096199226,0.0,0.0,0.0,0.0,0.0,0.18699472747784593,0.36603276290223147
C001336,4,0.0,0.0,0.10109977876616084,0.0,0.0,0.0,0.0554143340506419,0.8434858871831972
C001337,1,0.11193580022616847,0.21067003235144371,0.0,0.0,0.2213667988004204,0.3201947928506247,0.0,0.13583257577134272
C001340,1,0.0,0.0,0.0,0.0,0.0,0.0,0.9463918148530396,0.05360818514696042
C001345,1,0.26187034661748393,0.0,0.09575170474867035,0.0,0.0,0.0,0.0,0.6423779486338457
C001347,0,0.10010865432913911,0.0,0.0,0.0,0.0,0.0,0.0,0.8998913456708609
C001348,3,0.0,0.40318247583518624,0.0,0.0,0.0,0.0,0.0,0.5968175241648137
C001351,4,0.0,0.0,0.34753981180547167,0.10605653602536448,0.0,0.27369097393876757,0.0,0.2727126782303963
C001354,3,0.4565526050509859,0.2556026961657496,0.0,0.0,0.09836277635978936,0.0,0.0,0.1894819224234751
C001355,3,0.0,0.0,0.30946336164959143,0.0,0.0,0.0,0.16532249646191038,0.5252141418884981
C001356,2,0.18030003572668607,0.0,0.0,0.6931238759900724,0.0,0.0,0.0,0.1265760882832414
C001359,4,0.0,0.19628583481871542,0.0,0.0,0.0,0.0,0.5769546384824826,0.22675952669880187
C001361,0,0.0,0.0,0.0,0.0,0.0,0.0,0.0,1.0
C001364,3,0.0,0.0,0.0,0.2512257110329641,0.4341581910187852,0.0,0.0,0.31461609794825063
C001366,0,0.0,0.0,0.0,0.0,0.0,0.4308837877812402,0.0,0.5691162122187599
C001367,4,0.5164295600506925,0.0,0.0,0.0,0.1441431164542316,0.0,0.0,0.33942732349507604
C001374,2,0.35290516861379545,0.0,0.0,0.0,0.0,0.0,0.0,0.6470948313862046
C001377,3,0.0,0.0,0.0,0.0,0.0,0.0,0.0,1.0
C001378,4,0.22366843331691996,0.15171503521333507,0.49309308372227345,0.0,0.0,0.0,0.0,0.1315234477474716
C001380,2,0.10676141152680008,0.0,0.11890350898360125,0.0,0.0,0.0,0.10074654954371491,0.6735885299458839
C001382,4,0.0,0.0,0.4917991389109067,0.0,0.0,0.15726807104618218,0.0,0.35093279004291117
C001385,2,0.22242056875024777,0.0,0.0,0.0,0.0,0.22163703277139285,0.0,0.5559423984783592
C001386,4,0.0,0.0720722278680438,0.42859690548027496,0.16231336966961615,0.17756213916330452,0.0,0.0,0.15945535781876044
C001389,4,0.07507427309638275,0.24604784312003822,0.0,0.05555562468903136,0.0,0.0,0.2938479699223859,0.3294742891721618
C001391,4,0.0,0.18258219804625675,0.0,0.0,0.47818944145850467,0.0,0.0,0.33922836049523847
C001397,3,0.3194209334179337,0.0,0.30609824963173904,0.0,0.0,0.0,0.1709625309233648,0.20351828602696231
C001399,3,0.0,0.0,0.0,0.4823668851055258,0.0,0.1271688915232701,0.11230974247033486,0.2781544809008693
C001400,1,0.0,0.0,0.0,0.16237281284831032,0.4639980616725402,0.0,0.23978555279602634,0.133843572683123
C001402,1,0.0,0.0,0.0,0.0,0.1932587261140322,0.0,0.568271296683868,0.23846997720209973
C001406,1,0.45388953748163585,0.0,0.0,0.0,0.0,0.1702594760551914,0.0,0.3758509864631728
C001408,3,0.2883831071594422,0.179433457850658,0.0,0.0,0.0,0.0,0.0,0.5321834349898997
C001409,0,0.0,0.0,0.0,0.0,0.0,0.2837861146189345,0.0,0.7162138853810656
C001410,4,0.0,0.0,0.1869071321547305,0.0,0.0,0.08752937944575583,0.30044093774524316,0.42512255065427057
C001413,3,0.09837548922127844,0.04131703925182837,0.29243571608823027,0.0,0.0,0.0,0.21975210792527308,0.3481196475133898
C001414,3,0.0,0.13988853737512555,0.13029514831523026,0.0,0.2924476323963737,0.0,0.11922507940459928,0.31814360250867113
C001415,4,0.3713749448050535,0.11614736435101836,0.0,0.08747389408439475,0.0,0.0,0.0,0.42500379675953337
C001416,1,0.9531100231473033,0.0,0.0,0.0,0.0,0.0,0.0,0.04688997685269669
C001417,1,0.0,0.680669106107215,0.0,0.0,0.0,0.0,0.15955942963852746,0.1597714642542577
C001419,0,0.12896542562054863,0.0,0.49642229842020624,0.0,0.0,0.0,0.0,0.374612275959245
C001420,2,0.0,0.0,0.0,0.0,0.37220363616419927,0.2682964583740556,0.0,0.3594999054617451
C001421,1,0.17203815632051794,0.10427713160317974,0.0,0.0,0.5239846509567826,0.0,0.0,0.19970006111951982
C001422,0,0.0,0.0,0.1516051147784171,0.0,0.4605216790992717,0.0,0.0,0.38787320612231113
C001424,3,0.0,0.0,0.08650566562603507,0.23745731350213292,0.0,0.196262748660404,0.10622009801953605,0.373554174191892
C001427,3,0.37057889885619705,0.0,0.0,0.0,0.0,0.110008232338483,0.0,0.51941286880532
C001428,0,0.12447952855585627,0.10585465056713003,0.5629009733832673,0.0,0.0,0.0,0.046692719501199756,0.16007212799254672
C001433,4,0.0,0.6049746717221834,0.07966992189540785,0.0,0.0,0.0,0.12132184558651593,0.19403356079589287
C001436,3,0.0,0.0,0.38141574540285894,0.0,0.0,0.0,0.3139330758651337,0.3046511787320075
C001437,2,0.3066919956938097,0.0,0.0,0.0,0.18622336621521482,0.0,0.0,0.5070846380909755
C001439,2,0.25964770954035343,0.0,0.0,0.6226733045580817,0.0,0.0,0.0,0.11767898590156477
C001440,2,0.0,0.0,0.0,0.0,0.0,0.0,0.0,1.0
C001441,3,0.0,0.18664294136063042,0.3835460741223606,0.0,0.0,0.2144102280618692,0.0,0.21540075645513979
C001442,0,0.0,0.0,0.9079859911206973,0.0,0.0,0.0,0.0,0.09201400887930267
C001444,0,0.0,0.0,0.0,0.0,0.0,0.3924890969008572,0.0,0.6075109030991428
C001445,1,0.0,0.0,0.0,0.39851578900322665,0.0,0.0,0.0,0.6014842109967733
C001446,0,0.0,0.0,0.0,0.11335228608057586,0.3228064823574888,0.0,0.0,0.5638412315619353
C001448,0,0.0,0.0,0.0,0.5509420154007115,0.0,0.10790355919895572,0.0,0.34115442540033275
C001449,3,0.0,0.18248958087122405,0.14065135856306246,0.0,0.09686228604630351,0.0,0.12890410121617962,0.4510926733032304
C001450,0,0.9581714533095544,0.0,0.0,0.0,0.0,0.0,0.0,0.041828546690445556
C001451,4,0.0,0.5120186049187704,0.0,0.0,0.0,0.11659882173047235,0.18188008492358,0.18950248842717723
C001452,2,0.0,0.0,0.0,0.06475341376133972,0.0,0.4952004691220513,0.18120038240084152,0.25884573471576755
C001453,1,0.0,0.0,0.0,0.49805583936342274,0.0,0.0,0.0,0.5019441606365773
C001457,3,0.4088058411768752,0.0,0.23938338111806856,0.0,0.09498465387720685,0.0,0.0,0.2568261238278494
C001458,4,0.4171368144747029,0.0,0.0,0.0,0.0,0.0,0.061122492147470134,0.5217406933778269
C001459,2,0.09339384325636658,0.0,0.0,0.18315915752344025,0.3346878693795808,0.0,0.0,0.38875912984061234
C001460,0,0.08297481465556579,0.07652711966721853,0.0,0.0,0.14005452832317117,0.11903240045568421,0.0,0.5814111368983603
C001461,2,0.0,0.0,0.2732714109564494,0.0,0.3719307484998746,0.0,0.0,0.3547978405436759
C001462,1,0.0,0.0,0.0,0.0,0.29826428939427296,0.07782633514178827,0.2889693778963881,0.33493999756755055
C001463,4,0.0,0.4908431735546124,0.0,0.0,0.0,0.0,0.0,0.5091568264453876
C001467,1,0.3905450898562816,0.0,0.0,0.0,0.0,0.0,0.0,0.6094549101437183
C001469,1,0.0,0.27022808717321023,0.11220126339267142,0.022831029927856357,0.0,0.11832146249278068,0.0,0.47641815701348134
C001470,0,0.17043408213246866,0.0,0.12059012712753076,0.0,0.0,0.0,0.19490113640131215,0.5140746543386885
C001472,0,0.0,0.0,0.0,0.3556135692441067,0.13359643456193412,0.16844034668851862,0.0,0.34234964950544056
C001474,0,0.4092890896493399,0.0,0.0,0.0,0.0,0.21020549515993212,0.0,0.380505415190728
C001475,1,0.0,0.0,0.0,0.318913361413904,0.0,0.0,0.0,0.6810866385860961
C001484,2,0.0,0.0856896794461087,0.4352576478894547,0.0,0.0,0.0,0.133939019259481,0.3451136534049555
C001485,3,0.2864766495071533,0.0,0.07566691665332981,0.0,0.0,0.0,0.10171552119977148,0.5361409126397455
C001486,0,0.0,0.0,0.0,0.5037780047257006,0.0,0.0,0.0,0.49622199527429944
C001487,0,0.0,0.2657737395370384,0.07132880054578235,0.0,0.0,0.0,0.40144251731750535,0.26145494259967395
C001492,0,0.0,0.12537504220713033,0.0,0.23652433043347765,0.0,0.38137434693821254,0.0,0.2567262804211794
C001493,1,0.07394343072081132,0.10276872487582603,0.3014384014896737,0.08253062325641071,0.05063334211744782,0.03196278417143103,0.0,0.3567226933683994
C001497,0,0.28473250101386655,0.0,0.19109755560525085,0.0,0.0,0.22766131465140363,0.0,0.296508628729479
C001498,3,0.33431201977860514,0.0,0.0,0.0,0.09192237892424739,0.3012890692396206,0.0,0.2724765320575268
C001499,3,0.0,0.6513617531249932,0.0,0.0,0.0,0.0,0.20008537272097082,0.14855287415403592
C001500,1,0.0,0.0,0.3979289702522679,0.0,0.0,0.2798997590790262,0.0,0.32217127066870593
C001501,0,0.9590327407438313,0.0,0.0,0.0,0.0,0.0,0.0,0.04096725925616873
C001503,4,0.0,0.0,0.0,0.2581469615513183,0.17464704687324134,0.0,0.12602714849597965,0.4411788430794607
C001504,3,0.6973312330016539,0.0,0.0,0.1311501537396886,0.0,0.0,0.0,0.1715186132586576
C001506,3,0.0,0.0,0.0,0.23162639875999866,0.0,0.0,0.6059514603454513,0.16242214089455015
C001509,1,0.0,0.08683198483839191,0.051883135328173936,0.22407138653307096,0.0,0.0,0.06991055569351601,0.5673029376068471
C001513,2,0.0,0.8874371387674664,0.0,0.0,0.0,0.0,0.0,0.11256286123253356
C001514,2,0.0,0.0,0.20416642062170126,0.6551709788283027,0.0,0.0,0.0,0.14066260054999602
C001516,4,0.0,0.0,0.0,0.0,0.0,0.0,0.14404113775945018,0.8559588622405498
C001517,2,0.0,0.19086722140121667,0.08935458049005816,0.0,0.0,0.5540284308984305,0.05399449164112145,0.1117552755691733
C001520,2,0.0,0.2277569665003888,0.0,0.0,0.0,0.6343161771851807,0.0,0.13792685631443044
C001524,1,0.0,0.29474151598755904,0.0,0.2608689644111391,0.11792473590510678,0.0,0.0,0.3264647836961951
C001525,4,0.0,0.0,0.0,0.2266233542477348,0.1480169026848114,0.0,0.0,0.6253597430674537
C001526,3,0.0,0.9108112584275235,0.0,0.0,0.0,0.0,0.0,0.08918874157247647
C001527,2,0.20424233011521775,0.09641830588984382,0.0,0.0969353660781273,0.09981361250735915,0.1498300561268874,0.0,0.3527603292825647
C001530,4,0.0,0.0,0.0,0.36796564834498613,0.0,0.0,0.0,0.6320343516550139
C001533,3,0.0,0.07172041482760962,0.0,0.18952785643571088,0.0,0.4167536550834512,0.08989142530432903,0.23210664834889913
C001536,0,0.0,0.0,0.0,0.0,0.0,0.6097723415906767,0.0,0.3902276584093233
C001540,0,0.0,0.21289653947533202,0.0,0.36897124402760006,0.0,0.0,0.0,0.4181322164970679
C001548,3,0.10662021965133266,0.0,0.38466118179793235,0.0,0.26526052581474807,0.0,0.10178786841153177,0.14167020432445507
C001549,4,0.0,0.23177421573758727,0.0,0.5810233760626277,0.0,0.0,0.0,0.18720240819978495
C001554,0,0.2794227014223657,0.07652299989231534,0.07758448866752321,0.0,0.0,0.11887263365453635,0.0,0.44759717636325946
C001555,2,0.0,0.0,0.31499137882653416,0.0,0.0,0.24399117151189045,0.0,0.4410174496615754
C001560,2,0.0,0.0,0.6065602119552113,0.0,0.0,0.0,0.23164748890624634,0.1617922991385423
C001561,4,0.0,0.0,0.0,0.0,0.0,0.0,0.0,1.0
C001564,4,0.0,0.0,0.8535610536957852,0.0,0.0,0.0,0.0,0.14643894630421483
C001567,1,0.0,0.33746817544027685,0.20624822535615422,0.0,0.11699484772272377,0.0,0.0,0.3392887514808452
C001569,0,0.0,0.22410031213119486,0.0,0.0,0.664759845176266,0.0,0.0,0.11113984269253926
C001570,4,0.047868310418550684,0.3560043995933802,0.0,0.0,0.0,0.19853514255402005,0.09315083302796937,0.30444131440607963
C001571,0,0.0,0.06752803501145078,0.0,0.1326968609017236,0.0,0.4957945365267855,0.04745676021164968,0.2565238073483905
C001572,3,0.23871468562187062,0.0,0.0,0.10588943811236701,0.0,0.0,0.0,0.6553958762657623
C001574,4,0.0,0.0,0.0,0.0,0.0,0.4167872625494153,0.0,0.5832127374505847
C001575,3,0.2200887942111704,0.0,0.0,0.6592262239067969,0.0,0.0,0.0,0.12068498188203261
C001576,1,0.0,0.0,0.0,0.17562098957671504,0.3002833541624351,0.0,0.0,0.5240956562608499
C001577,3,0.0,0.05766663665500468,0.0,0.0,0.06784830247975393,0.09415130457669937,0.07671295636733272,0.7036207999212094
C001578,2,0.0,0.3203584242868096,0.0,0.0,0.0,0.5265519720223654,0.0,0.15308960369082497
C001581,4,0.17022813335661352,0.0,0.0,0.0,0.0,0.0,0.0,0.8297718666433864
C001582,3,0.10131056355211063,0.3889581983673981,0.15383258600991145,0.0,0.1535544672802826,0.0,0.0,0.20234418479029737
C001583,2,0.0,0.0,0.0,0.0,0.33830206536565044,0.2302855301245816,0.0,0.43141240450976787
C001584,1,0.0,0.0,0.0,0.0,0.0,0.0,0.14542960740366295,0.854570392596337
C001585,4,0.0,0.161245157717025,0.0,0.0,0.05392840182228232,0.3489381533588019,0.1253942947905233,0.31049399231136743
C001587,1,0.0,0.0,0.0,0.12033537959224412,0.0,0.0,0.4154510575955952,0.46421356281216075
C001589,0,0.0,0.0,0.04458870942469656,0.22017261644740074,0.0,0.0,0.183170819481096,0.5520678546468066
C001590,0,0.0,0.0,0.1341683581421524,0.5385432068480683,0.0,0.0,0.0,0.32728843500977933
C001591,4,0.0,0.0,0.35259279687837713,0.06899563862291411,0.06691687179770604,0.09723601701173283,0.0,0.41425867568927
C001592,1,0.0,0.0,0.0,0.0,0.10851881424621804,0.0,0.17569349098980477,0.7157876947639772
C001593,0,0.0,0.0,0.46453909575525326,0.0,0.0,0.0,0.09905877613987263,0.4364021281048742
C001594,3,0.1494184860111694,0.0,0.1983017020596139,0.0,0.0,0.0,0.0,0.6522798119292168
C001599,3,0.0,0.0,0.0,0.23526867234367985,0.5837045486254361,0.0,0.0,0.18102677903088402
C001600,1,0.12986390150261967,0.0,0.0,0.2163272053644466,0.0,0.0,0.214064461292456,0.4397444318404778
C001601,3,0.15767470688490026,0.14785226401483514,0.0,0.0,0.0,0.0,0.23451795061181735,0.4599550784884472
C001602,1,0.0,0.0,0.0,0.0,0.0,0.0,0.0,1.0
C001604,2,0.0,0.33247056436904265,0.0,0.0,0.0,0.17623682713512476,0.0,0.4912926084958326
C001607,3,0.0,0.9138214256526035,0.0,0.0,0.0,0.0,0.0,0.08617857434739651
C001608,0,0.0,0.9561149742826072,0.0,0.0,0.0,0.0,0.0,0.043885025717392834
C001613,3,0.027768872951407113,0.0,0.08162136081946963,0.0,0.0,0.19602069215095655,0.19064290872899387,0.5039461653491728
C001614,2,0.0,0.0,0.696971470378957,0.0,0.0,0.0,0.16209481675646645,0.14093371286457657
C001615,3,0.0,0.0,0.44985116873779596,0.0,0.25548085668532655,0.18933422000869762,0.0,0.10533375456817982
C001616,3,0.0,0.41622536228520146,0.0,0.21897840526977003,0.0,0.20716878343115266,0.0,0.15762744901387588
C001617,0,0.0,0.0,0.0,0.3224868637992385,0.0,0.09311281805454878,0.24034741515808306,0.34405290298812974
C001618,1,0.0,0.27311169294298776,0.0,0.323885097066323,0.0,0.0,0.0,0.40300320999068917
C001621,0,0.0,0.0813375789505114,0.0,0.0,0.15823123416973517,0.0,0.2461094315435551,0.5143217553361983
C001624,1,0.4970499167334909,0.0,0.0,0.0,0.0,0.0,0.3368253347660461,0.166124748500463
C001625,3,0.0,0.0,0.49652472598079306,0.0,0.0,0.0,0.0,0.503475274019207
C001626,0,0.0,0.0,0.0,0.0,0.0,0.0,0.0,1.0
C001627,0,0.0,0.0,0.0,0.4030522404957848,0.20937715076716923,0.13468168335055178,0.0,0.25288892538649416
C001631,2,0.0,0.0,0.2239511792256671,0.0,0.0,0.0,0.0,0.7760488207743329
C001634,2,0.08137412884931826,0.0,0.0,0.662974612611949,0.1181314146949435,0.0,0.0,0.13751984384378932
C001635,0,0.24283703699681278,0.10170266583224341,0.0,0.0,0.0,0.19691820809292224,0.10560936312945138,0.3529327259485702
C001639,0,0.34248649001226356,0.0,0.0,0.0,0.49174084025423587,0.0,0.0,0.16577266973350055
C001640,0,0.0,0.0,0.0,0.29062379297366386,0.0,0.0,0.0,0.7093762070263361
C001641,3,0.0,0.0,0.0,0.0,0.0996699816446543,0.0,0.0,0.9003300183553457
C001642,3,0.0,0.0,0.0,0.0,0.0,0.0,0.0,1.0
C001644,2,0.0,0.0,0.0,0.12290577859700405,0.3096396291998202,0.0,0.0,0.5674545922031757
C001645,3,0.0,0.2977407259166572,0.0,0.0,0.0,0.4139538600441375,0.0,0.28830541403920534
C001648,2,0.0,0.0,0.21274671322330546,0.0,0.0,0.26350843797175594,0.22009894203956443,0.3036459067653742
C001650,4,0.0,0.24830588950146618,0.6196887137481687,0.0,0.0,0.0,0.0,0.1320053967503651
C001655,0,0.0,0.0,0.0,0.06664374411253658,0.31736225465045453,0.0,0.4292473337408784,0.18674666749613056
C001656,1,0.0,0.24375958960032482,0.36284482588599865,0.0,0.0,0.15410745614737142,0.0,0.23928812836630517
C001660,0,0.0,0.0,0.0,0.4674415839506654,0.0,0.0,0.0,0.5325584160493346
C001662,0,0.21651504946215375,0.0,0.0,0.0,0.45544185550714406,0.09213789123508757,0.0,0.23590520379561475
C001664,0,0.0,0.0,0.0,0.0,0.5624734218905442,0.30148662326404113,0.0,0.13603995484541462
C001665,2,0.0,0.0,0.0,0.0,0.0,0.7903968797508151,0.0,0.20960312024918493
C001666,0,0.0,0.0,0.0,0.45352377002644617,0.0,0.0,0.0,0.5464762299735538
C001668,0,0.0,0.0,0.0,0.17997081584029384,0.27625729083198786,0.23536988337631867,0.0,0.30840200995139966
C001670,2,0.0,0.3597232253036105,0.0,0.0,0.0,0.12695492131758096,0.0,0.5133218533788085
C001672,1,0.0,0.0,0.0,0.9332765006863881,0.0,0.0,0.0,0.06672349931361188
C001673,1,0.0,0.0,0.2606729963127185,0.0,0.0,0.0,0.5843828177724184,0.15494418591486306
C001674,0,0.0,0.0,0.09130771733033435,0.4467648635032148,0.28673826920041984,0.0,0.0,0.17518914996603105
C001676,4,0.0,0.0,0.0,0.12254492152861418,0.0,0.18969986823620352,0.17061191444422372,0.5171432957909585
C001678,2,0.0,0.8375200506354344,0.0,0.0,0.0,0.0,0.0,0.16247994936456556
C001680,3,0.13643039598102466,0.20353992780094943,0.0,0.0,0.0,0.0,0.22326988465944272,0.43675979155858324
C001681,0,0.0,0.2597245554635467,0.0,0.0,0.0,0.0,0.2103565727968034,0.5299188717396498
C001682,0,0.0,0.0,0.0,0.27260693507783146,0.0,0.0,0.0,0.7273930649221685
C001686,0,0.0,0.0,0.06611204971208429,0.0,0.48369243030583725,0.0,0.32883449734028247,0.12136102264179591
C001692,0,0.0,0.0,0.0,0.0,0.16608451143270156,0.27120348166213987,0.0,0.5627120069051585
C001695,4,0.0,0.0,0.5174043261551864,0.0,0.0,0.0,0.0,0.4825956738448136
C001697,3,0.0,0.0,0.18464827246016013,0.14479203182097805,0.0,0.14773253017966315,0.0,0.5228271655391987
C001699,0,0.0,0.06276551718800528,0.0508238127928415,0.31060619162610126,0.0,0.12088164273341341,0.11446155006145785,0.3404612855981807
C001700,2,0.0,0.0,0.28646295006089456,0.0,0.0,0.0,0.0,0.7135370499391054
C001703,0,0.0,0.0,0.6752928123895555,0.0,0.0,0.0,0.0,0.3247071876104445
C001704,2,0.0,0.2256838229218969,0.0,0.4858351427976191,0.10232173063674156,0.0,0.0,0.18615930364374245
C001705,3,0.18689732143461163,0.0,0.0,0.08854909635358371,0.0,0.13442557317575976,0.3576962635714471,0.23243174546459783
C001706,1,0.45582833880666507,0.0,0.18482453702020166,0.0,0.0,0.0,0.0,0.35934712417313336
C001707,4,0.0,0.3738442619516385,0.0,0.0,0.43147342179458104,0.0,0.0,0.1946823162537805
C001708,3,0.0,0.0,0.23224924860024726,0.3905768341421882,0.0,0.18577406886624476,0.0,0.19139984839131977
C001710,2,0.0,0.13755385026160535,0.40904547003189073,0.0,0.09338693039410921,0.0,0.0,0.36001374931239466
C001712,0,0.0,0.0,0.5402940486124236,0.3592522525181352,0.0,0.0,0.0,0.10045369886944137
C001713,4,0.17495022928533174,0.0,0.15943455599268982,0.0,0.21928652659145173,0.0,0.18229374019275663,0.26403494793777005
C001715,2,0.1430782591820934,0.2404809447166503,0.0,0.0,0.07251815263100318,0.30040108198888166,0.0,0.24352156148137144
C001717,1,0.9303259898525642,0.0,0.0,0.0,0.0,0.0,0.0,0.0696740101474358
C001718,4,0.0,0.06737852249981341,0.04699005612672575,0.3607259875359484,0.1698486295188543,0.0,0.0,0.35505680431865816
C001719,3,0.0,0.5330144479930129,0.2773453367142331,0.0,0.0,0.0,0.0,0.189640215292754
C001720,1,0.0,0.0,0.0,0.0,0.4613329620782909,0.0,0.0,0.5386670379217091
C001721,1,0.0,0.0,0.0,0.0,0.0,0.0,0.8332649376445802,0.1667350623554198
C001723,3,0.0,0.0,0.0,0.0,0.0,0.0,0.9454397566421098,0.054560243357890226
C001724,3,0.0,0.7382646708182162,0.0,0.0,0.0,0.0,0.0,0.26173532918178377
C001732,3,0.0,0.26204513477848007,0.20459590600772296,0.0,0.14921111847451313,0.0,0.0,0.38414784073928393
C001734,1,0.2185355159691456,0.0,0.0,0.0,0.0,0.0,0.0,0.7814644840308544
C001735,4,0.14832308404544778,0.29898689452738825,0.0,0.0,0.09032973722260307,0.0,0.17738273078800984,0.28497755341655095
C001736,0,0.0,0.0,0.0,0.0,0.2893837234744829,0.2216900104098355,0.0,0.48892626611568163
C001737,1,0.14206299610641174,0.23945587264599635,0.09246500959646325,0.1198035997341318,0.0,0.0,0.1054915330503356,0.30072098886666115
C001740,1,0.4358419930508925,0.0,0.0,0.0,0.1441557223100527,0.0,0.0,0.4200022846390548
C001742,4,0.0,0.0,0.0,0.0,0.0,0.8711961881595518,0.0,0.1288038118404482
C001744,4,0.0,0.13094273709826323,0.24952105006415115,0.0,0.0,0.1468913314553571,0.1357689369099346,0.33687594447229396
C001749,1,0.4368162311782713,0.0,0.13571695302765588,0.07187894196031008,0.0,0.0,0.06587126308408973,0.289716610749673
C001751,3,0.0,0.0,0.19444456131302226,0.0,0.0,0.0,0.632072216431128,0.1734832222558498
C001753,1,0.0,0.0,0.10897251966544927,0.0,0.0,0.25317645785969134,0.0,0.6378510224748595
C001755,3,0.0,0.0,0.0,0.0,0.20412786324361024,0.0,0.3661198632436965,0.42975227351269324
C001757,3,0.28115340492130286,0.0,0.0,0.0,0.33477099159146473,0.0,0.1948900567729231,0.1891855467143093
C001758,1,0.49614680114003873,0.0,0.10171267002584736,0.0,0.0,0.13963542520063257,0.0,0.2625051036334814
C001760,1,0.0,0.0,0.0,0.0,0.0,0.0,0.0,1.0
C001762,2,0.2603410925926772,0.0,0.4175568118622875,0.0,0.0,0.08601513363184551,0.0,0.2360869619131899
C001765,4,0.2228461460355739,0.0,0.0,0.0,0.1727202796550273,0.10938940788733503,0.0,0.4950441664220637
C001766,4,0.0,0.2165746210802489,0.0,0.0,0.0,0.3319798293827837,0.0,0.45144554953696736
C001768,0,0.0,0.0,0.0,0.0,0.191879583950822,0.0,0.22296630710686316,0.5851541089423148
C001772,2,0.13823300468359578,0.0,0.0,0.19033943532983205,0.5205520196586815,0.0,0.0,0.1508755403278908
C001773,1,0.4856043592825593,0.0,0.0,0.0,0.0,0.0,0.0,0.5143956407174407
C001778,1,0.12002226991225186,0.13681256066058414,0.058281245029088366,0.0,0.0,0.11749932557601739,0.0,0.5673845988220582
C001779,2,0.0,0.42360805531536383,0.0,0.06308297542121612,0.0,0.20537970003861858,0.0,0.3079292692248015
C001785,1,0.0,0.0,0.0,0.0,0.5268546837035719,0.0,0.22823998739726264,0.24490532889916553
C001787,2,0.12125146228590925,0.04009080602865419,0.0,0.07526299156793852,0.0,0.3288295396783008,0.0,0.4345652004391972
C001788,0,0.5386011684562472,0.2427291541391711,0.0,0.0,0.0,0.0,0.0,0.21866967740458182
C001789,2,0.9567838818452878,0.0,0.0,0.0,0.0,0.0,0.0,0.04321611815471216
C001791,2,0.0,0.0,0.0,0.8302302871275363,0.0,0.0,0.0,0.16976971287246367
C001792,2,0.0,0.0,0.0,0.0,0.0,0.752465134817928,0.0,0.24753486518207202
C001793,2,0.18987964230796875,0.0,0.0,0.0,0.2795195748980079,0.1336452499784678,0.0,0.39695553281555557
C001794,2,0.1436934539306932,0.0,0.19726294522031515,0.036875236461362294,0.0,0.10474199803469282,0.27753636874593046,0.239889997607006
C001795,1,0.0,0.0,0.10484539265760649,0.16929263419279958,0.0,0.0,0.35608525755490655,0.3697767155946874
C001797,3,0.0,0.0,0.0,0.18938155170751786,0.0,0.0,0.0,0.8106184482924821
C001799,2,0.0,0.0,0.0,0.21364182381613644,0.08860859508149435,0.1126512797750837,0.31165381030210393,0.2734444910251816
C001801,1,0.0,0.0,0.0,0.07660808477132648,0.35953250359734423,0.20717848013455734,0.0,0.356680931496772
C001802,3,0.0,0.0,0.10819991077527769,0.0,0.10261886072258564,0.0,0.0,0.7891812285021367
C001806,4,0.11046192436140345,0.0,0.14574169540189524,0.0,0.30485910648628434,0.0,0.0,0.43893727375041697
C001809,0,0.28946220089326624,0.10611234954000526,0.09214115754133599,0.08472019066509907,0.0,0.09957452074377524,0.0,0.32798958061651823
C001810,4,0.0,0.28837307070807355,0.0,0.0,0.2476327710262633,0.0,0.0,0.4639941582656631
C001813,2,0.0,0.0,0.9521215786546787,0.0,0.0,0.0,0.0,0.047878421345321276
C001815,4,0.0,0.9575723657283354,0.0,0.0,0.0,0.0,0.0,0.04242763427166463
C001817,0,0.1551811198977195,0.0,0.0,0.0,0.10365499626665044,0.10722898148461431,0.31455033617398737,0.3193845661770283
C001818,0,0.0,0.16249754582514164,0.17309977795112644,0.0,0.07531255910313189,0.0,0.3009188247239838,0.28817129239661626
C001820,4,0.0,0.0,0.38211257601969384,0.0,0.0,0.0,0.0,0.6178874239803062
C001824,1,0.14622277234476855,0.0,0.462546800509949,0.0,0.0,0.0,0.0,0.3912304271452825
C001826,1,0.0,0.0,0.0,0.0,0.0,0.0,0.7498797640312761,0.2501202359687239
C001827,1,0.0,0.44987332674001845,0.0,0.0,0.28402683928211736,0.0,0.0,0.26609983397786413
C001832,3,0.13093414187366828,0.0,0.06545349016165365,0.0,0.07812779539045941,0.0,0.273374944186332,0.4521096283878867
C001834,3,0.11903344102996462,0.0,0.0,0.5108695136489451,0.0,0.0,0.0,0.3700970453210902
C001838,4,0.0,0.5493018522095974,0.0,0.0,0.18495752725724993,0.0,0.0,0.2657406205331526
C001840,2,0.3352001270150993,0.0,0.0,0.0,0.0,0.0,0.2354507880665701,0.42934908491833057
C001841,3,0.0,0.0,0.0,0.0,0.8381258364266027,0.0,0.0,0.16187416357339734
C001843,1,0.0,0.0,0.0,0.08568976292401233,0.0,0.07612648599809706,0.5360715706131444,0.3021121804647463
C001844,1,0.11131892112471609,0.06420221072124806,0.0,0.3259359281778131,0.0,0.0,0.14487963643093238,0.35366330354529046
C001846,1,0.0,0.0,0.2527727342490325,0.0,0.0,0.2915370780922842,0.0,0.45569018765868324
C001848,0,0.11700276912032169,0.09185015854982663,0.0,0.0,0.23997953120123205,0.0,0.0,0.5511675411286197
C001849,1,0.0,0.0,0.0,0.0,0.0,0.0,0.0,1.0
C001850,4,0.4099095910020762,0.0,0.0,0.0,0.0,0.31599886246735603,0.0,0.2740915465305678
C001851,4,0.17022970050903966,0.0,0.0,0.0,0.0,0.0,0.556585313723689,0.27318498576727135
C001854,2,0.0,0.39176465476180156,0.0,0.0,0.3031067696728783,0.0,0.11895640274766874,0.18617217281765142
C001855,0,0.0,0.0,0.17122770442295715,0.0,0.18122268394416507,0.13234437467930785,0.12609103865497617,0.3891141982985936
C001856,3,0.3693012323611746,0.0,0.0,0.21536035403741485,0.0,0.0,0.0,0.4153384136014105
C001857,2,0.0,0.047612363032011995,0.0,0.05014262475699646,0.22928231674205313,0.0,0.4709129139395576,0.20204978152938088
C001859,1,0.08024766172763778,0.0,0.19402736959641248,0.0,0.23880885578288788,0.0,0.0,0.4869161128930618
C001860,3,0.0,0.0,0.0,0.0,0.8554915527510397,0.0,0.0,0.14450844724896028
C001863,1,0.0,0.0,0.0,0.309376005275468,0.0,0.21824820747721405,0.0,0.47237578724731794
C001864,2,0.0,0.26017087256444243,0.23528545153317554,0.0,0.16715306977335903,0.0,0.0,0.33739060612902294
C001866,2,0.12065907338786841,0.21044589757161353,0.0,0.0,0.0,0.0,0.0,0.668895029040518
C001867,2,0.1813863633658353,0.0,0.0,0.10001580091220137,0.0,0.10697958461700811,0.0774844756976613,0.5341337754072939
C001871,4,0.0,0.0,0.0,0.0,0.14372063698697707,0.0,0.0,0.856279363013023
C001873,2,0.4876371368971801,0.0,0.0,0.0,0.0,0.0,0.0,0.5123628631028199
C001875,4,0.0,0.0,0.26783789456860907,0.0,0.34576497148331414,0.1620248171192759,0.0,0.22437231682880096
C001879,1,0.1886811423806649,0.0,0.18659586993926686,0.0,0.0,0.21299204616373127,0.07390243555484838,0.3378285059614886
C001880,3,0.0,0.0,0.12406766047532673,0.11436413652723025,0.08269267654938202,0.0,0.0,0.678875526448061
C001881,1,0.0,0.0,0.403294392599422,0.0,0.0,0.0,0.46896792720744734,0.12773768019313061
C001884,3,0.0,0.0,0.3390905330699389,0.294754579287479,0.07426274996158189,0.0,0.0,0.2918921376810001
C001886,1,0.0,0.6234016560584784,0.0,0.0,0.2076354385995994,0.0,0.0,0.16896290534192213
C001891,3,0.0,0.3594010404762098,0.12967601765332554,0.13689691532870507,0.0,0.0,0.0,0.3740260265417594
C001893,2,0.0,0.0,0.0,0.4427608367900267,0.0,0.0,0.0,0.5572391632099734
C001894,2,0.3120498420806012,0.0,0.0,0.1753411049709969,0.0,0.0,0.0,0.512609052948402
C001896,2,0.0920803851428732,0.20860476689473417,0.1304273385453809,0.0,0.0,0.1754124623182799,0.040443100333580395,0.35303194676515137
C001897,4,0.0,0.09265465103371884,0.10684696911227796,0.0,0.0,0.0,0.2735944706880953,0.5269039091659079
C001898,1,0.08934793094313273,0.2708358401648812,0.0,0.0,0.09650301823935264,0.0,0.3467821974335203,0.19653101321911312
C001900,4,0.0,0.47238795103896447,0.10600189556759942,0.0,0.38278059296639105,0.0,0.0,0.03882956042704505
C001903,0,0.0521716075632383,0.28909125357066806,0.0,0.36240475685366674,0.0,0.0,0.0,0.29633238201242684
C001904,1,0.21838254353347428,0.0,0.15379376469705897,0.0,0.04175878937353514,0.08016409143933102,0.12401957755121318,0.38188123340538743
C001909,2,0.0,0.0,0.5713799124932855,0.0,0.0,0.0,0.0,0.42862008750671454
C001911,4,0.47727007058573756,0.1226964295522342,0.0,0.0,0.0,0.0,0.05028215090338934,0.3497513489586389
C001914,2,0.0,0.0,0.2621491760446167,0.27396948951299255,0.0,0.0,0.128957031200216,0.33492430324217465
C001921,4,0.0,0.0,0.0,0.4065521911593717,0.1144793109641073,0.0,0.0,0.47896849787652096
C001922,3,0.0,0.0,0.08480666405015332,0.4961862644220665,0.06733834677665719,0.0,0.0,0.35166872475112315
C001923,0,0.0,0.0,0.0,0.0,0.5002204506101579,0.0,0.2849014456138676,0.2148781037759746
C001928,4,0.0,0.0,0.0,0.47343759099017685,0.0,0.0,0.0,0.5265624090098231
C001929,4,0.0,0.0,0.0,0.0,0.48047274693709663,0.0,0.0,0.5195272530629034
C001930,2,0.10043172365409352,0.095173027525477,0.2627855463292767,0.0,0.0,0.0,0.0,0.5416097024911528
C001931,4,0.0,0.0,0.18396585704256327,0.0,0.0,0.0,0.3093886028865634,0.5066455400708733
C001932,0,0.30757661188517216,0.0,0.0,0.24600675396109836,0.0,0.20561757119443186,0.0,0.24079906295929768
C001933,0,0.0,0.032134946844274336,0.13877778606139032,0.22197903101126415,0.0,0.3365570661114145,0.1556595776156016,0.11489159235605496
C001934,1,0.09944188980433474,0.31996748671691405,0.06649551364799376,0.0,0.1350508160147456,0.0,0.0,0.37904429381601185
C001935,4,0.0,0.0,0.0,0.0,0.22187178125576387,0.0,0.487710069981045,0.2904181487631911
C001937,3,0.13918791659997753,0.0,0.5736635870690577,0.0,0.15616784878018153,0.0,0.0,0.13098064755078326
C001939,4,0.2918698320911454,0.0,0.0,0.0,0.0,0.0,0.0,0.7081301679088545
C001940,1,0.0,0.0,0.0,0.4927840833924984,0.0,0.0,0.3083635442441619,0.19885237236333972
C001942,0,0.0,0.1977747885323428,0.16279726624732746,0.0,0.5156502638082432,0.0,0.0,0.1237776814120866
C001943,0,0.0,0.2667533864845121,0.38621226124682495,0.0,0.0,0.0,0.10492385141745784,0.24211050085120528
C001947,3,0.1253847392960853,0.0,0.16255914111014746,0.0,0.13255184787081145,0.0,0.0,0.5795042717229557
C001948,4,0.0,0.1976989528140845,0.2977294975293779,0.0,0.0,0.0,0.2347356202998712,0.2698359293566664
C001949,2,0.20333303348014956,0.1350345725022552,0.36490246300376705,0.0694899704621627,0.0,0.0,0.0,0.22723996055166568
C001950,3,0.0,0.4671043204683525,0.0743164962917603,0.0,0.0,0.26473297961058695,0.0,0.19384620362930027
C001951,2,0.0,0.0,0.0,0.0,0.7826425750364784,0.0,0.0,0.21735742496352162
C001952,3,0.0,0.0,0.0,0.21318264968731465,0.0,0.0,0.0,0.7868173503126854
C001953,3,0.3503502846460522,0.0,0.0,0.0,0.0,0.0,0.0,0.6496497153539478
C001955,4,0.1402029069788876,0.0,0.0,0.0,0.19993725836167128,0.36135360359513,0.0,0.29850623106431107
C001956,3,0.0,0.0,0.15727633467458832,0.09868581207720821,0.18140911056740955,0.0,0.0,0.5626287426807939
C001958,1,0.2090850071483851,0.16055600445714877,0.10522789257369287,0.0,0.1568692763007927,0.13389674730495307,0.0,0.2343650722150275
C001960,3,0.0,0.0,0.16908833587957053,0.39250552202340844,0.0,0.0,0.0,0.438406142097021
C001962,3,0.1906650828734423,0.09103477292744759,0.1991585617760825,0.0,0.0,0.165794288755031,0.0,0.35334729366799666
C001964,2,0.0,0.0,0.0,0.0,0.0,0.0,0.8051643427984246,0.19483565720157536
C001965,1,0.5325227903272803,0.0,0.0,0.2028528196664969,0.0,0.0,0.0,0.26462439000622284
C001966,4,0.0,0.22855272038298885,0.0,0.0,0.41313525272374646,0.0,0.0,0.3583120268932647
C001968,2,0.0,0.0,0.0,0.0,0.3235608932941688,0.0,0.215184353038043,0.46125475366778823
C001970,1,0.05497373768422066,0.0,0.0,0.25846011994390594,0.06069167614716559,0.23076657615639656,0.11684757993589885,0.2782603101324124
C001973,0,0.0,0.0,0.0,0.9609287820728641,0.0,0.0,0.0,0.03907121792713586
C001974,0,0.0,0.0,0.0,0.05821971970227204,0.0,0.4436692897093871,0.0,0.49811099058834096
C001975,1,0.18026335004015231,0.34490725435219505,0.0,0.26912260050922654,0.0,0.0,0.06862448741294008,0.137082307685486
C001978,3,0.0,0.0,0.42577638673717033,0.0,0.0,0.31506076013418477,0.0,0.2591628531286449
C001983,4,0.0,0.0,0.0,0.0,0.3600399523250474,0.42100820466525407,0.0,0.21895184300969858
C001984,1,0.0,0.8712178367449335,0.0,0.0,0.0,0.0,0.0,0.12878216325506653
C001987,2,0.3012048648753633,0.0,0.0,0.2585188430810678,0.0,0.0,0.18144074945749508,0.2588355425860737
C001993,3,0.11276045006890618,0.0,0.0,0.0,0.23546812730178204,0.0,0.0,0.6517714226293118
C001994,0,0.0,0.0,0.0,0.7335113356647716,0.0,0.0,0.0,0.26648866433522844
C001995,0,0.0,0.04739847261876935,0.06548002456393777,0.12282685367546242,0.20367903414340843,0.0,0.10943716800748826,0.45117844699093373
C001996,4,0.05579530230099274,0.0,0.2669444936190396,0.0,0.1579717197194737,0.0,0.3967537864698669,0.12253469789062701
C001997,0,0.15411657724217814,0.0,0.0,0.0,0.4860427067331484,0.0,0.0,0.35984071602467355
C002000,4,0.5313764040493122,0.0,0.0,0.0,0.0,0.0,0.0,0.4686235959506878
C002002,1,0.0,0.11103352013297507,0.0,0.16631112638030088,0.07865897560644955,0.09761874750764829,0.0,0.5463776303726262
C002003,1,0.0,0.17763809275105558,0.0,0.0,0.0,0.0,0.2996299603363759,0.5227319469125685
C002004,2,0.0,0.0,0.10916570363016415,0.24366922253043724,0.289181338516952,0.0,0.0,0.3579837353224467
C002005,3,0.0,0.0,0.11319107943861932,0.0,0.12131459705346719,0.3269117098378208,0.05423799593713338,0.3843446177329593
C002008,1,0.0,0.043445868304406346,0.14675711459683707,0.0,0.45984754497783775,0.0,0.02804108317988257,0.3219083889410361
C002010,4,0.0,0.0,0.31928203602164623,0.0,0.33916781051438927,0.18963776200289137,0.0,0.1519123914610731
C002012,2,0.0,0.0,0.16099716062702293,0.0,0.0,0.0,0.0,0.839002839372977
C002013,3,0.19784287761833688,0.0,0.11274975057622563,0.0,0.06766600944382609,0.08755079548811165,0.0,0.5341905668734998
C002014,1,0.0,0.10147890698191268,0.36152797273317644,0.157006314508323,0.0,0.205207181915923,0.0,0.17477962386066495
C002015,3,0.21809740401609853,0.0,0.2883399231869612,0.0,0.14628343697929308,0.0,0.18802176176753707,0.15925747405010998
C002020,4,0.0,0.049225563255364965,0.0,0.05119724739330393,0.11498077832416254,0.0,0.0,0.7845964110271685
C002021,0,0.4309986348981764,0.0,0.0,0.16787841211532903,0.0,0.0,0.244358645821623,0.1567643071648716
C002022,1,0.12268495118498136,0.0,0.0,0.0,0.1853943606024694,0.0,0.09770758954972948,0.5942130986628197
C002024,3,0.0,0.05489879646509209,0.0,0.20668063866730216,0.42307212453970056,0.060028807274061104,0.0,0.255319633053844
C002025,3,0.0,0.37893853570083885,0.0,0.05426958724473475,0.06990460436651669,0.28186353303194583,0.0,0.21502373965596372
C002026,1,0.0,0.0,0.16111421317052954,0.1958402587517697,0.0,0.12604240100319378,0.2172569200988233,0.29974620697568366
C002028,1,0.0,0.0,0.5703726954074203,0.0,0.0,0.0,0.0,0.4296273045925797
C002031,0,0.14503440403562612,0.0,0.0,0.412610736672947,0.0,0.0,0.0,0.44235485929142704
C002033,1,0.0,0.35122155081829143,0.36535698032973507,0.0,0.0,0.0,0.0,0.2834214688519736
C002037,0,0.0,0.22346446889135443,0.0,0.20386711553471423,0.3542129762877193,0.0,0.0,0.21845543928621206
C002039,2,0.0,0.0,0.0,0.0,0.8365430723635136,0.0,0.0,0.16345692763648645
C002040,4,0.08170826180175983,0.23969369541110117,0.0,0.0,0.5423210996954952,0.0,0.0,0.13627694309164387
C002041,2,0.2439978805221509,0.0,0.0,0.4549610653175226,0.0,0.0,0.19100396453711485,0.11003708962321176
C002042,4,0.0,0.0,0.1698716855604547,0.0,0.0,0.6590879767838559,0.0,0.17104033765568946
C002044,3,0.0,0.0,0.0,0.967222545324055,0.0,0.0,0.0,0.03277745467594495
C002045,3,0.0,0.0,0.0,0.568151974676691,0.0,0.0,0.0,0.431848025323309
C002046,4,0.0,0.1938360007324138,0.0,0.0,0.0,0.0,0.0,0.8061639992675862
C002049,2,0.0,0.3173583951654004,0.0,0.0,0.08107983718963174,0.0,0.37521394619940845,0.22634782144555934
C002050,2,0.21593285046808047,0.0,0.0,0.0,0.0,0.0,0.0,0.7840671495319196
C002051,4,0.0,0.02666161186628914,0.22223689401165195,0.0,0.0,0.0,0.1390248983426172,0.6120765957794417
C002053,4,0.0,0.0,0.0,0.0,0.0,0.0,0.0,1.0
C002056,0,0.0,0.0,0.0,0.0,0.7699615316357615,0.0,0.0,0.23003846836423847
C002057,2,0.0,0.0,0.11268142309032397,0.17697010881482825,0.3502754509035954,0.0,0.0,0.36007301719125234
C002061,4,0.0,0.0,0.16793578768119843,0.0,0.24724804775313894,0.18161466315719754,0.0,0.40320150140846506
C002064,4,0.43253698820402947,0.0,0.0,0.0,0.0,0.0,0.24333719523163824,0.32412581656433237
C002067,0,0.34583198717221264,0.0,0.11142422956465871,0.04443242935023693,0.0,0.0,0.0,0.49831135391289166
C002068,1,0.0,0.10575209365636115,0.0,0.0,0.0,0.0797266843022617,0.46712654919107277,0.34739467285030445
C002069,2,0.3384103904187491,0.0,0.13738925186188394,0.0,0.10992535808659011,0.1784670112718955,0.0,0.2358079883608813
C002072,2,0.5391394961345519,0.29217060421829844,0.0,0.0,0.0,0.0,0.0,0.16868989964714973
C002074,1,0.0,0.0,0.20542187773385592,0.2545277647313697,0.15286144657164455,0.0,0.0,0.38718891096312985
C002075,2,0.0,0.0,0.0,0.0,0.0,0.12779611906188554,0.3207359064225253,0.5514679745155892
C002076,0,0.012929984738484902,0.15762753254257078,0.0895273601586162,0.0,0.0,0.0,0.5032081235731489,0.2367069989871791
C002078,0,0.2729282015614977,0.0,0.17650173637061903,0.14540102099185032,0.0,0.0,0.10123565347020086,0.30393338760583205
C002079,2,0.0,0.21468834937293266,0.1502814303986084,0.0,0.0,0.0,0.559162912189016,0.07586730803944283
C002081,0,0.0,0.0,0.25125672745982497,0.0,0.27007117956018767,0.0,0.09264164972267908,0.3860304432573084
C002082,0,0.0,0.0,0.1991621894865269,0.0,0.21483365046656616,0.0,0.0,0.5860041600469068
C002084,4,0.08306723669286906,0.0,0.07468496524602282,0.16506843177809458,0.2715037896811652,0.10641815382780906,0.0,0.2992574227740392
C002085,2,0.0,0.20158257579381414,0.0,0.0,0.0,0.0,0.0,0.7984174242061859
C002086,1,0.2257764231206068,0.49993801495296025,0.0644946799286679,0.0,0.0,0.0,0.0,0.20979088199776494
C002088,1,0.09456304529211519,0.0,0.15336447836569267,0.2398974315507161,0.0,0.0,0.05548793850019342,0.4566871062912826
C002089,1,0.0,0.0,0.0,0.0,0.567785687648274,0.0,0.0,0.432214312351726
C002091,0,0.0,0.3113662979586338,0.18061994358235847,0.08827755463929689,0.17029487746116873,0.0,0.0,0.24944132635854227
C002094,2,0.0,0.0,0.0,0.12228692107560528,0.29572406439757515,0.0,0.3317136245005208,0.2502753900262988
C002095,2,0.0,0.0,0.0,0.0,0.0,0.22798857845867532,0.0,0.7720114215413247
C002097,0,0.0,0.0,0.0,0.0,0.8724210809453581,0.0,0.0,0.12757891905464191
C002098,1,0.0,0.0,0.0,0.0,0.19343517792810053,0.454860577932994,0.0,0.3517042441389055
C002100,0,0.0,0.0,0.0,0.6385223693349151,0.0,0.09777410437802607,0.0,0.2637035262870588
C002101,1,0.0,0.0,0.12619634027496934,0.1683851588408261,0.41924425667375587,0.0,0.0,0.2861742442104486
C002103,3,0.0,0.0,0.10789038923944641,0.0,0.13895817280262251,0.0,0.4039844730012615,0.34916696495666966
C002104,0,0.0,0.0,0.0,0.0,0.24927289267645122,0.0,0.0,0.7507271073235487
C002108,3,0.0,0.1641265492046303,0.6922649013949114,0.0,0.0,0.0,0.0,0.14360854940045836
C002111,0,0.0,0.0,0.0,0.2122052215550684,0.30897871279238553,0.0,0.0,0.4788160656525461
C002113,0,0.07966739432724738,0.10080363305505022,0.4255841725433087,0.0,0.05332139754166636,0.0,0.17869804655541957,0.16192535597730778
C002115,1,0.0,0.0,0.0,0.0,0.0,0.0,0.0,1.0
C002116,4,0.17145198645760015,0.0,0.33016127149024793,0.026166133041701012,0.0,0.050934283885185325,0.1220286593000364,0.29925766582522917
C002117,2,0.44982962104891255,0.20121140954457065,0.0,0.0,0.0,0.16464233120301555,0.0,0.1843166382035012
C002118,3,0.0,0.0,0.0,0.0,0.8018512206618356,0.0,0.0,0.19814877933816444
C002119,0,0.0763416689042472,0.0,0.33972774395684757,0.27631932117313845,0.0,0.0,0.0,0.30761126596576666
C002121,1,0.42378140460272024,0.0,0.0,0.2084227746444326,0.0,0.18726968388489645,0.0,0.18052613686795088
C002122,0,0.42216743133128454,0.0,0.13505687242997222,0.06757556379172497,0.0,0.0,0.0,0.3752001324470182
C002124,2,0.0,0.0,0.0,0.0,0.19717666685469626,0.12473305059292641,0.0,0.6780902825523772
C002126,3,0.2990440623079207,0.0,0.0,0.2225295566201929,0.1651450923280438,0.0,0.0,0.3132812887438426
C002127,2,0.13695029002496042,0.0,0.0,0.42815136871103254,0.0,0.0,0.0,0.43489834126400706
C002128,0,0.0,0.0,0.0,0.0,0.0,0.0,0.0,1.0
C002129,3,0.0,0.0,0.0,0.1747772737176269,0.5395562083368608,0.0,0.0,0.2856665179455122
C002134,2,0.18156514192388704,0.0,0.0,0.0,0.0,0.643384171247229,0.0,0.17505068682888397
C002136,4,0.0,0.0,0.0,0.0,0.0,0.31416142609000014,0.46147219084554897,0.22436638306445103
C002138,2,0.151418651907367,0.0,0.0,0.0,0.4694768568971509,0.17831948824353547,0.0,0.20078500295194648
C002139,3,0.0,0.0,0.0,0.0,0.0,0.9502059010143143,0.0,0.04979409898568565
C002142,1,0.0,0.17993941152625412,0.0,0.6346434946294536,0.0,0.0,0.0,0.18541709384429225
C002144,0,0.0,0.0,0.0,0.6327024307251514,0.0,0.0,0.0,0.3672975692748486
C002146,1,0.0,0.0,0.15157788472291242,0.0,0.0,0.218446999830222,0.0,0.6299751154468657
C002147,2,0.0,0.0,0.38041793624363485,0.0,0.2486947965807738,0.0,0.0,0.37088726717559145
C002148,2,0.0,0.0,0.0,0.0,0.3753648788393762,0.37742395943888746,0.0,0.24721116172173635
C002149,4,0.0,0.30384324945902436,0.0,0.46081363299029987,0.0,0.0,0.0,0.23534311755067572
C002150,0,0.10862279891444812,0.0,0.0,0.0,0.0,0.0,0.0,0.8913772010855519
C002151,3,0.0,0.0,0.0,0.0,0.4541192673761375,0.1668761669499447,0.0,0.3790045656739177
C002153,0,0.0,0.0,0.0,0.0,0.0,0.45960551749495265,0.0,0.5403944825050473
C002154,0,0.0,0.5270586370822677,0.0,0.0,0.1889630564876852,0.06132226149896272,0.0,0.2226560449310843
C002157,3,0.0,0.0,0.20787857431490628,0.0,0.0,0.0,0.37047955565351226,0.4216418700315815
C002158,4,0.0,0.0,0.0,0.0,0.0,0.0,0.0,1.0
C002160,2,0.0,0.13485952673234264,0.5745274743787042,0.0,0.0,0.0,0.0,0.290612998888953
C002162,4,0.20236983663734368,0.16274853337173098,0.09654770759248853,0.0,0.0,0.0,0.0,0.5383339223984369
C002163,0,0.0,0.3506704174873745,0.0,0.0,0.0,0.0,0.0,0.6493295825126255
C002165,4,0.12193233844279946,0.12323695668471119,0.0,0.0,0.0,0.36664733779169845,0.0,0.3881833670807909
C002166,3,0.0,0.2813676864296757,0.0,0.0,0.0,0.0,0.33660003210245093,0.3820322814678733
C002167,0,0.0,0.0,0.2544742391592711,0.0,0.0,0.0,0.0,0.7455257608407289
C002168,2,0.0,0.1243471383736425,0.0,0.11076449358671642,0.08510396561373883,0.08424935380732536,0.1711277798636711,0.42440726875490575
C002172,3,0.20480479480416808,0.0,0.0,0.1507514510818184,0.24633873002885098,0.0,0.0,0.3981050240851625
C002173,4,0.22290273439090177,0.0,0.0,0.0,0.43438925643183723,0.0,0.0,0.342708009177261
C002174,4,0.0,0.0,0.0,0.0,0.9149002438607848,0.0,0.0,0.08509975613921517
C002175,0,0.0,0.09097141808723543,0.0,0.0,0.10254405752726925,0.021528391024618895,0.3625680786075654,0.422388054753311
C002176,0,0.0,0.0,0.0,0.05225080427169966,0.2867466906502689,0.0,0.2924517749637965,0.36855073011423495
C002177,3,0.0,0.0,0.0,0.0,0.39093643631502056,0.0,0.0,0.6090635636849795
C002183,2,0.0,0.0,0.0,0.44830764386438227,0.21401611079987162,0.0,0.0,0.33767624533574625
C002184,3,0.4084501835593257,0.1521690374794285,0.0,0.2346884965129984,0.0,0.0,0.0,0.20469228244824733
C002187,0,0.0,0.0,0.0,0.32352889128172346,0.5660068533077793,0.0,0.0,0.11046425541049719
C002188,1,0.0,0.0,0.2009879717954157,0.2296154047243366,0.0,0.0,0.0,0.5693966234802478
C002189,0,0.0,0.1850643783710464,0.6112098045830953,0.0,0.0,0.0,0.0,0.20372581704585843
C002191,2,0.0,0.38056284357974035,0.2968682800400618,0.0,0.0,0.0,0.0985812069221396,0.22398766945805829
C002194,2,0.0,0.0,0.06518286518931815,0.0,0.23532670883083562,0.1612522633546568,0.26815073837021264,0.27008742425497684
C002195,3,0.0,0.30408575441006896,0.0,0.0,0.0,0.0,0.0,0.695914245589931
C002196,4,0.0,0.4678204533956212,0.0,0.0,0.0,0.0,0.23587533777755015,0.29630420882682856
C002197,4,0.0,0.0,0.0,0.10907254553434259,0.0,0.0,0.08928149207690658,0.8016459623887507
C002198,2,0.0,0.15087615126522788,0.0,0.0,0.0,0.0,0.17133915478982842,0.6777846939449438
C002199,3,0.1891382043649032,0.0,0.0,0.179057783450062,0.0,0.10310301600551901,0.11289036785098602,0.41581062832852966
C002200,1,0.0,0.23094460154757657,0.17397512770286785,0.0,0.0,0.09744888882264045,0.11560370686141007,0.38202767506550506
C002206,1,0.20174494187494846,0.0,0.15115836891560025,0.0,0.0,0.0,0.12802166493150588,0.5190750242779455
C002212,1,0.0,0.0,0.0,0.16424891544368558,0.3151005696150655,0.0,0.0,0.520650514941249
C002215,2,0.12491127315062758,0.0,0.0,0.0,0.03835834945143285,0.0,0.5107396750441363,0.3259907023538031
C002216,1,0.0,0.22150566451947928,0.0,0.2565746073384397,0.0,0.0,0.085715654326781,0.4362040738153001
C002218,3,0.0,0.414231855765826,0.0,0.0,0.19134411662544917,0.21164426556355637,0.0,0.18277976204516838
C002222,2,0.18505888208590407,0.0,0.1747296060404289,0.0,0.0,0.0,0.0,0.640211511873667
C002227,3,0.0,0.0,0.0,0.10913015069755064,0.17079124895269465,0.11413368994260104,0.48564834705749266,0.12029656334966105
C002232,0,0.12070160024155101,0.3170802821076385,0.0,0.09696635296035225,0.12730992456750453,0.0,0.0,0.33794184012295364
C002234,2,0.0,0.0,0.3787608106259478,0.0,0.17391289925733033,0.0,0.0,0.4473262901167218
C002235,2,0.0,0.9388441109539559,0.0,0.0,0.0,0.0,0.0,0.061155889046044076
C002236,1,0.0,0.11765215256678803,0.42130709858961524,0.0,0.25921523881486824,0.0,0.0,0.2018255100287285
C002238,4,0.2616667563220484,0.0,0.0,0.07869853091164072,0.0,0.0,0.32926411019130924,0.33037060257500167
C002241,0,0.16701169482217243,0.17689273354484128,0.0,0.0,0.09654849140490848,0.0,0.31847370428859495,0.24107337593948286
C002242,2,0.0,0.0,0.0,0.1372374814992355,0.20361352576508598,0.4485834002036336,0.0,0.21056559253204488
C002243,2,0.06238074502652176,0.0,0.0,0.05747091842560695,0.08784589598795998,0.14642999419424368,0.2489152692127082,0.39695717715295936
C002245,2,0.0,0.0,0.0,0.0,0.0,0.0,0.4614227092270149,0.5385772907729851
C002247,3,0.0,0.061110489864924,0.14348472112627755,0.0,0.0,0.0,0.17119472409408681,0.6242100649147115
C002250,2,0.0,0.09846543344412503,0.27417221200677905,0.037771827155968905,0.05106452602756109,0.0,0.23287945761398862,0.3056465437515772
C002251,1,0.1742314345889431,0.0,0.0,0.0,0.0,0.5953065171008027,0.0,0.23046204831025416
C002256,4,0.15698739478782756,0.0,0.0,0.0,0.0,0.1785390464519276,0.0,0.6644735587602449
C002261,0,0.0,0.413629257040332,0.0,0.0,0.2050435112857604,0.14036589350863182,0.0,0.2409613381652759
C002265,2,0.0,0.24396474091368564,0.0,0.0,0.0,0.0,0.0,0.7560352590863144
C002266,4,0.0,0.0,0.0,0.02883028692110232,0.6365834806954699,0.0,0.0,0.33458623238342783
C002274,0,0.0,0.0,0.0,0.5327510035742318,0.0,0.0,0.0,0.4672489964257682
C002275,0,0.18679333981658602,0.3846509740682771,0.0,0.0,0.0,0.0,0.0,0.4285556861151369
C002276,2,0.06738105135521084,0.0,0.0,0.27096203699803845,0.0,0.0,0.0,0.6616569116467508
C002277,4,0.0,0.0,0.0,0.0,0.22178831866299234,0.5661052537103125,0.0,0.21210642762669518
C002278,3,0.37872370026278657,0.0,0.0,0.0,0.0,0.0,0.18918148277050992,0.4320948169667035
C002280,2,0.0,0.0,0.0,0.0,0.0,0.0,0.0,1.0
C002281,3,0.0,0.2923754868909741,0.4444326803085455,0.0,0.0,0.0,0.0,0.26319183280048053
C002282,2,0.49806091794000146,0.09345163533564158,0.0,0.1915587519578953,0.0,0.0,0.0,0.21692869476646162
C002285,2,0.0,0.13047449671286215,0.24159138152292686,0.0,0.0,0.0,0.11546840855598436,0.5124657132082266
C002286,1,0.0,0.0,0.1160987373698863,0.0,0.03545192429028619,0.3249225492364269,0.0,0.5235267891034007
C002288,4,0.081164874466954,0.2066805674332646,0.0,0.41044911751681423,0.0,0.0,0.0,0.3017054405829672
C002291,1,0.3849147199336405,0.23557919022356347,0.0,0.0,0.0,0.0,0.0,0.37950608984279605
C002292,1,0.0,0.26256231556477644,0.029888004175547867,0.4051704501469617,0.0,0.0,0.0,0.30237923011271406
C002293,3,0.13194798215477266,0.0,0.10758868075003752,0.0,0.0,0.14576140600753318,0.0,0.6147019310876566
C002294,0,0.0,0.3725575836402093,0.0,0.0,0.06578486048547014,0.15224406784737263,0.10318254569974608,0.30623094232720194
C002296,4,0.159257317030367,0.08680223320054366,0.0,0.0,0.0,0.1499353425488942,0.0,0.6040051072201951
C002297,1,0.0,0.19420589380385653,0.0,0.0,0.0,0.0,0.6344104360452973,0.17138367015084618
C002299,0,0.0,0.13593257243718262,0.0,0.0,0.0,0.0,0.23963142047162495,0.6244360070911924
C002300,0,0.42108910531268934,0.0,0.0,0.09473179903817285,0.0,0.14879218285912255,0.0,0.3353869127900152
C002301,2,0.0,0.13626534988086655,0.0,0.3140827695831673,0.0,0.0,0.09275173292516438,0.4569001476108018
C002303,3,0.0,0.0,0.0,0.0,0.0,0.9034324272329619,0.0,0.09656757276703809
C002304,0,0.9522094178925,0.0,0.0,0.0,0.0,0.0,0.0,0.04779058210749998
C002307,0,0.0,0.0,0.0,0.0,0.0,0.0,0.35304339682512403,0.6469566031748759
C002310,1,0.0,0.0,0.0,0.0,0.0,0.0,0.2799866462242457,0.7200133537757543
C002311,0,0.0,0.0,0.9273453528559598,0.0,0.0,0.0,0.0,0.07265464714404024
C002312,1,0.0,0.11390243821576823,0.0,0.2302883445248413,0.0,0.23613661455204446,0.0,0.4196726027073461
C002313,2,0.0,0.0,0.0,0.15180810121148647,0.0,0.19671279355358648,0.0,0.6514791052349271
C002316,3,0.0,0.4381526719070063,0.0,0.0,0.02425304463132331,0.0,0.21037023269630997,0.32722405076536043
C002318,3,0.39624782884955373,0.0,0.0,0.13469160549148276,0.0,0.0,0.0,0.4690605656589634
C002320,1,0.0,0.09847966976592068,0.07882034981071263,0.1163064192381612,0.27713426478736924,0.0,0.0403542205305238,0.38890507586731243
C002321,4,0.0,0.18554509427830787,0.0,0.14843332747085503,0.0,0.0,0.0,0.6660215782508371
C002323,0,0.4729124415415322,0.0,0.0,0.19201859310323557,0.0,0.0,0.0,0.33506896535523223
C002331,4,0.0,0.0,0.0,0.0,0.0,0.7758998378516874,0.0,0.22410016214831263
C002333,3,0.09171440964609386,0.0,0.0,0.0,0.22832826771128523,0.0,0.25702217863996457,0.42293514400265636
C002335,4,0.0,0.0,0.0,0.0,0.0,0.0,0.5856656294718496,0.41433437052815036
C002338,2,0.0,0.0,0.514034935905067,0.0,0.0,0.0,0.17137893187035874,0.3145861322245744
C002346,2,0.13544768452802186,0.0,0.21235135182695727,0.29630394835892715,0.0,0.0,0.0,0.3558970152860937
C002349,1,0.0,0.0,0.0,0.0,0.0,0.0,0.0,1.0
C002351,0,0.0,0.0,0.0,0.0,0.20573524759648984,0.0,0.490264587032362,0.30400016537114816
C002353,3,0.0,0.0,0.6160502461230838,0.0,0.27502529495660466,0.0,0.0,0.10892445892031158
C002354,2,0.0,0.0,0.0,0.0,0.22540924265208873,0.6613849816491219,0.0,0.11320577569878942
C002355,2,0.0,0.0,0.0,0.11049998601256296,0.298663632408255,0.0,0.2521290469044331,0.3387073346747489
C002358,4,0.0,0.0,0.07719883347418292,0.46355008277574666,0.1670118248773423,0.0,0.0,0.29223925887272806
C002360,2,0.14326329415131753,0.0,0.0,0.0,0.3656169149101397,0.0,0.13641269079824112,0.35470710014030166
C002361,1,0.5329057160833893,0.0,0.0,0.0,0.0,0.0,0.0,0.4670942839166107
C002362,0,0.2092000689985674,0.18644556434950688,0.0,0.10577885531846695,0.0,0.0,0.0,0.4985755113334588
C002363,3,0.0,0.0,0.2046649520505781,0.21694411852493176,0.15714592240388872,0.07207169453369286,0.0,0.34917331248690864
C002365,1,0.0,0.0,0.0,0.0,0.41309351896115265,0.13141918312043888,0.12867696563532083,0.32681033228308765
C002366,2,0.15150166870313875,0.0,0.30037844749720694,0.0,0.12714775586584445,0.0,0.0,0.4209721279338098
C002367,1,0.0,0.0,0.0,0.31043734473754664,0.0,0.0,0.5238424674618718,0.16572018780058162
C002368,2,0.4278003985540737,0.0,0.0,0.0,0.3323000858620183,0.0,0.0,0.23989951558390807
C002370,4,0.0,0.0,0.0,0.0,0.3779762973694154,0.0,0.0,0.6220237026305846
C002371,4,0.3699880577087919,0.0,0.0,0.0,0.2914392359667038,0.0,0.0,0.33857270632450426
C002372,4,0.11688658111491504,0.0,0.0,0.0,0.14898588073303376,0.5869000868089252,0.0,0.1472274513431259
C002373,0,0.08058643156014408,0.0,0.18067587907540536,0.0,0.18117200195298605,0.05948251675568024,0.16394268151484545,0.3341404891409388
C002375,3,0.0,0.0,0.0,0.8949010956094497,0.0,0.0,0.0,0.10509890439055025
C002376,1,0.0,0.2786858437519367,0.09809803173100663,0.0,0.0,0.05420197684239405,0.2955350169984023,0.27347913067626023
C002378,4,0.0,0.291327095335266,0.0,0.0,0.0,0.0,0.2000836857786947,0.5085892188860393
C002379,2,0.0,0.0,0.0,0.0,0.0,0.3167489827555883,0.14842263136217848,0.5348283858822331
C002380,1,0.0,0.0,0.0,0.5555448791887999,0.08093782202949548,0.0,0.0,0.36351729878170475
C002382,2,0.0,0.0,0.0,0.275294354731619,0.0,0.3384110966512454,0.0,0.3862945486171356
C002386,4,0.0,0.0,0.3100027754111701,0.0,0.0,0.0,0.0,0.68999722458883
C002388,0,0.0,0.25487329187865304,0.0,0.0,0.0,0.524043696093092,0.0,0.22108301202825512
C002389,1,0.18904714452699514,0.0,0.3198246978339582,0.26209303330401723,0.0,0.0,0.0,0.2290351243350294
C002394,2,0.0,0.0,0.0,0.26299172919780317,0.12676864881114994,0.0,0.2319347624113413,0.3783048595797055
C002395,0,0.060841599086660536,0.03738147861444853,0.0,0.0,0.2006427516937998,0.1748027405686038,0.11536665525632443,0.41096477478016297
C002397,0,0.0,0.0,0.8756227562176783,0.0,0.0,0.0,0.0,0.12437724378232173
C002398,4,0.37814147961433375,0.0,0.0,0.0,0.0,0.4876802684644891,0.0,0.13417825192117722
C002399,2,0.0,0.0,0.0,0.9414219036329314,0.0,0.0,0.0,0.058578096367068566
C002401,1,0.18635287097972522,0.0,0.0,0.0,0.0,0.0,0.5441292507265459,0.2695178782937289
C002402,3,0.0,0.0,0.3512557483853996,0.0,0.0,0.0,0.0,0.6487442516146005
C002404,2,0.0,0.5485213171619345,0.0,0.0,0.0,0.0,0.0,0.45147868283806547
C002405,2,0.14260752397122797,0.0,0.2779037931362949,0.176977195595746,0.0,0.0,0.24788242331899107,0.15462906397774
C002406,2,0.0,0.09043497529525753,0.0,0.1546707872056418,0.0,0.3842666712076281,0.0,0.37062756629147264
C002413,4,0.0,0.0,0.34604525301627137,0.0,0.1834466112673995,0.0,0.0,0.47050813571632916
C002414,1,0.0,0.0,0.0,0.0,0.0,0.0,0.0,1.0
C002419,2,0.0,0.0,0.0,0.36422737083243045,0.0,0.0,0.3383955464621319,0.2973770827054376
C002421,4,0.2207626192077169,0.0,0.0,0.0,0.0,0.0769852096952059,0.4277596693568851,0.2744925017401922
C002424,1,0.0,0.0,0.0,0.0,0.7418397960292871,0.0,0.0,0.25816020397071293
C002426,1,0.0,0.0,0.0,0.0,0.0,0.0,0.27897221741790096,0.721027782582099
C002428,0,0.0,0.0,0.0,0.0,0.0,0.0,0.8863354565267432,0.11366454347325683
C002429,4,0.0,0.0,0.32641473462492926,0.2624645052592542,0.06691168309625954,0.0,0.0,0.344209077019557
C002430,4,0.0,0.4877732410368247,0.0,0.0595194937047658,0.09599307872312897,0.0,0.0,0.3567141865352806
C002431,1,0.8842739070390979,0.0,0.0,0.0,0.0,0.0,0.0,0.11572609296090208
C002438,3,0.0,0.0,0.17233267926540016,0.16221982448244776,0.33237215063637754,0.0,0.13463292443621408,0.1984424211795605
C002439,3,0.14739521341704218,0.0,0.09214240506580855,0.0,0.0,0.19047271912238714,0.15657116182282316,0.41341850057193896
C002441,3,0.0,0.10847315706355817,0.4358348368153194,0.0,0.0,0.21796467006706147,0.0,0.2377273360540611
C002442,1,0.0,0.1137797661065222,0.0,0.09520927305470246,0.0,0.19690178160828742,0.0,0.5941091792304879
C002448,2,0.0,0.26882223400186783,0.0,0.27387885020857927,0.0,0.0,0.0,0.4572989157895528
C002449,3,0.0,0.0,0.0,0.0,0.0,0.6370986296349448,0.14641486762776956,0.21648650273728562
C002450,3,0.06032172847618323,0.12932798384924699,0.13944868160215088,0.0,0.0,0.0,0.0,0.670901606072419
C002451,0,0.0,0.0,0.14178655014092362,0.2527870201446726,0.0,0.49073649640542527,0.0,0.11468993330897864
C002452,1,0.0,0.13097168250058486,0.36719030649836265,0.17247213703289593,0.0,0.17082821695950906,0.0,0.1585376570086475
C002456,4,0.0,0.0,0.0,0.1808778836344426,0.0,0.505241622882531,0.0,0.3138804934830263
C002457,3,0.5599294526518385,0.1734255930297626,0.0,0.0,0.0,0.0,0.0,0.2666449543183989
C002458,0,0.0,0.0,0.8885730360315873,0.0,0.0,0.0,0.0,0.11142696396841267
C002460,2,0.10934599878809753,0.0,0.3706856799641759,0.0,0.0,0.0,0.0,0.5199683212477265
C002461,2,0.0,0.0,0.0896895004419679,0.0,0.0,0.4483667238110177,0.19960846877987548,0.2623353069671388
C002462,2,0.0,0.0,0.0,0.2309696708391173,0.0,0.4407324416647105,0.0,0.32829788749617234
C002463,4,0.2381760475692615,0.15438849723845363,0.06287251139422136,0.06414744979597753,0.02509684369444407,0.13522862129209884,0.0,0.32009002901554306
C002474,1,0.0,0.0,0.0,0.4456753289037575,0.0,0.0,0.4439819331128706,0.1103427379833719
C002476,0,0.0,0.5029999294190511,0.0,0.0,0.0,0.0,0.0,0.49700007058094886
C002479,4,0.0,0.0,0.0,0.2177810487400461,0.0,0.0,0.0,0.7822189512599539
C002485,3,0.0,0.33103982077612554,0.0,0.0,0.0,0.0,0.14389042701857838,0.5250697522052962
C002488,2,0.0,0.0,0.0,0.0,0.2657731429122777,0.0,0.0,0.7342268570877223
C002490,3,0.0,0.14857021941387483,0.2949170916459794,0.0,0.0,0.06677172825345676,0.16241962787718023,0.32732133280950876
C002491,2,0.37159103462964327,0.0,0.0,0.13156517605090304,0.0,0.0,0.1306242984030944,0.3662194909163592
C002492,2,0.0,0.0,0.0,0.49919025199941564,0.0,0.0,0.29040548966791346,0.21040425833267093
C002493,3,0.0,0.0,0.82378375414513,0.0,0.0,0.0,0.0,0.17621624585486995
C002495,0,0.2079626367860626,0.0,0.0,0.35729980540720546,0.0515735585410596,0.0,0.1643748395501129,0.2187891597155594
C002498,3,0.0,0.0,0.0,0.7696832574019103,0.0,0.0,0.0,0.23031674259808965
C002499,2,0.08506964632969395,0.0,0.12307562840898242,0.1167600282374616,0.08863924634041623,0.12868151255227672,0.0,0.45777393813116896
C002500,3,0.0,0.18168486615825358,0.0,0.0,0.0,0.1756219987054145,0.0,0.642693135136332
C002501,1,0.039239045326769674,0.0,0.0,0.0,0.21161875659065893,0.1144811577673129,0.13960434739678365,0.49505669291847487
C002503,0,0.0,0.0,0.0,0.14087265707083999,0.0977297101612516,0.02691190613859746,0.0,0.7344857266293108
C002512,1,0.16152712459068355,0.20398474827792093,0.0,0.0,0.04841118071572828,0.0,0.05584032206011301,0.5302366243555541
C002514,2,0.0,0.12715040021767293,0.36363644972850656,0.16107138105402594,0.0,0.0,0.0,0.34814176899979465
C002516,3,0.0,0.0,0.0,0.0,0.0,0.6636009967903678,0.0,0.33639900320963223
C002519,4,0.0,0.0,0.0,0.0,0.0,0.0,0.5224026544086537,0.47759734559134626
C002522,0,0.0,0.0,0.0,0.0,0.2519835177094995,0.5227206667676623,0.0,0.22529581552283812
C002523,2,0.0,0.12502240983433258,0.2875140746333154,0.0,0.18021433228694775,0.10353029573872616,0.0,0.3037188875066781
C002526,4,0.0,0.10940095132811122,0.0,0.46131245199292964,0.08340926590608096,0.10147848126382039,0.0699881044164321,0.17441074509262583
C002527,1,0.30433075057561876,0.0,0.0,0.0,0.0,0.0,0.16555744581483614,0.5301118036095451
C002528,0,0.05814866674872721,0.022712106297033886,0.0,0.13464765601608583,0.06159375317462897,0.08609635925163836,0.1476233460050758,0.48917811250681
C002530,2,0.41241670200334546,0.0,0.20874732720845654,0.0,0.0,0.05780368712947342,0.0,0.3210322836587246
C002531,2,0.0,0.0,0.0,0.31509600411769134,0.2686266148583872,0.0,0.0,0.4162773810239214
C002533,2,0.0,0.0,0.0,0.0,0.0,0.0,0.0,1.0
C002534,4,0.3209493348763206,0.22094437009786438,0.05704485908173972,0.0,0.0,0.0,0.17582520691054468,0.22523622903353063
C002539,1,0.0,0.0,0.0,0.0,0.0,0.0,0.2027062426296135,0.7972937573703864
C002541,0,0.0,0.12346112799117558,0.1964266354626764,0.0,0.0,0.5213861861165652,0.0,0.15872605042958288
C002542,0,0.0,0.0,0.0,0.0,0.0,0.0,0.7804889523616829,0.21951104763831708
C002544,2,0.0,0.0,0.0,0.10426455416725107,0.0,0.44678579314863887,0.2717397714298397,0.1772098812542702
C002548,1,0.0,0.059970649934676795,0.2067892718468322,0.0,0.0,0.4068656181056579,0.0,0.32637446011283305
C002550,2,0.0,0.0,0.06286325229889742,0.0,0.0,0.7175307794263635,0.0,0.21960596827473933
C002553,3,0.0,0.0,0.5837810977524126,0.0,0.10486856562045566,0.0,0.0,0.31135033662713174
C002555,0,0.0,0.13909477619909114,0.5254435095766494,0.0,0.0,0.0,0.0,0.33546171422425947
C002559,0,0.0,0.0,0.8941730866165165,0.0,0.0,0.0,0.0,0.10582691338348349
C002563,4,0.0,0.30282318063557606,0.22431205748676042,0.0,0.246862425317631,0.0,0.0,0.2260023365600326
C002564,4,0.3344177441400207,0.0,0.12205555041063286,0.11471164258777826,0.0,0.0,0.08301357422385333,0.3458014886377148
C002566,3,0.0,0.0,0.22137418093336483,0.3762643158891693,0.0,0.0,0.12264187163509839,0.27971963154236745
C002567,2,0.10326910446498014,0.0,0.0,0.0,0.06818029946952271,0.0,0.0,0.8285505960654972
C002569,4,0.0,0.18048324024088438,0.08243977634169897,0.15166784869159536,0.0,0.10145301161521234,0.20943299664929166,0.27452312646131743
C002571,3,0.5341077822073078,0.0,0.0,0.0,0.2054315288805473,0.0,0.0,0.2604606889121447
C002573,2,0.0,0.11314599581348632,0.20572576963347106,0.18896260521236882,0.0,0.0,0.0,0.49216562934067376
C002581,1,0.057219139841671735,0.0,0.20705463815224678,0.0,0.0,0.032019834113891206,0.45412105548712167,0.2495853324050686
C002585,1,0.0,0.1294346233777637,0.13708671806205233,0.0,0.0,0.0,0.14002927800624598,0.5934493805539379
C002587,1,0.0,0.0,0.0,0.1632223444557715,0.2906193199465832,0.22704833876769373,0.0,0.3191099968299516
C002590,1,0.0,0.0,0.21151015932592893,0.24360064928747574,0.0,0.0,0.055772108052537246,0.4891170833340581
C002594,4,0.0,0.0,0.0,0.20572671416080138,0.6167012349041805,0.0,0.0,0.17757205093501813
C002595,2,0.0,0.0,0.0,0.3541700367633859,0.0,0.0,0.0,0.6458299632366141
C002599,1,0.0,0.0,0.0,0.22863276017821482,0.0,0.3283877333823071,0.0,0.44297950643947814
C002606,0,0.16076094573534494,0.0,0.10456326372405177,0.0,0.2228178224423077,0.0,0.0,0.5118579680982955
C002608,1,0.22861840249952298,0.31793992572433877,0.0,0.0,0.0,0.0,0.0,0.45344167177613814
C002610,4,0.0,0.4406402222786381,0.26513596413576435,0.1603563100952918,0.0,0.0,0.0,0.13386750349030585
C002611,1,0.0,0.3554673057171323,0.0,0.16682971140820443,0.2043268567164774,0.0,0.0,0.2733761261581859
C002612,0,0.0,0.0,0.0,0.3864632283653138,0.13876187070575274,0.0,0.0,0.4747749009289335
C002615,1,0.0,0.0,0.0,0.0,0.4881194198639358,0.0,0.38008521215210295,0.13179536798396135
C002617,0,0.11184430052519125,0.17806905475411916,0.0,0.0,0.0,0.0,0.25572650754485704,0.45436013717583246
C002620,0,0.0,0.0,0.0,0.16562978289581445,0.21130243794885825,0.4415614491643881,0.0,0.18150632999093924
C002621,2,0.0,0.10465914772921885,0.09260582963442279,0.12974195854484363,0.10240292408985965,0.0,0.26702518454378155,0.3035649554578735
C002622,1,0.45272300107062086,0.16652061365148285,0.0,0.0,0.0,0.0,0.09456070922016453,0.2861956760577318
C002623,4,0.0,0.0,0.37331207112503256,0.20189613056304748,0.0,0.0,0.1721279468116512,0.2526638515002687
C002625,0,0.0,0.6456227677135765,0.21853181354771148,0.0,0.0,0.0,0.0,0.13584541873871206
C002626,3,0.0,0.0,0.3936639014944053,0.0,0.0,0.11994637426971891,0.0,0.4863897242358759
C002627,4,0.0,0.28027381507819654,0.0,0.0,0.0,0.0,0.6021700375542365,0.11755614736756699
C002628,2,0.0,0.0,0.0,0.0,0.7501949397622812,0.0,0.0,0.24980506023771876
C002629,0,0.2922275280073726,0.0,0.0,0.0,0.0,0.0,0.18418635584072632,0.523586116151901
C002634,4,0.12490303615571534,0.0,0.0,0.0,0.11426626650299399,0.1361219176725944,0.0,0.6247087796686962
C002635,3,0.0,0.4458950111870932,0.0,0.0,0.0,0.0,0.0,0.5541049888129068
C002636,3,0.0,0.0,0.04327263670977132,0.28130274156929913,0.0,0.1658475344914754,0.11720994203472633,0.39236714519472776
C002637,3,0.0,0.5240331644120036,0.0,0.12204026016110894,0.18668918118893235,0.0,0.0,0.167237394237955
C002638,4,0.19017641787691456,0.0,0.12770099572165491,0.0,0.0,0.0,0.10056420991221414,0.5815583764892163
C002642,1,0.13342904636766026,0.05533277218542566,0.0,0.42927537604542415,0.0,0.05293818548089894,0.0,0.3290246199205909
C002643,3,0.0,0.0,0.0,0.0,0.24902162012429407,0.0,0.0,0.7509783798757059
C002644,0,0.0,0.5277480961473765,0.0,0.0,0.0,0.0,0.0,0.4722519038526235
C002647,2,0.0,0.0,0.0,0.2590502255347145,0.23086321023238884,0.0,0.0,0.5100865642328967
C002649,2,0.0,0.0,0.0,0.0,0.0,0.9446749891808944,0.0,0.05532501081910557
C002650,2,0.0,0.0,0.0,0.0,0.0,0.0,0.32533952300615504,0.6746604769938449
C002653,2,0.0,0.0,0.0,0.0,0.2829311609898275,0.24626660329107458,0.0,0.47080223571909785
C002655,3,0.0,0.0,0.0,0.0,0.4918535479856653,0.2788452822239943,0.0,0.22930116979034032
C002656,2,0.0,0.0,0.0,0.26022861765597455,0.12376690869615707,0.24583519957479405,0.0,0.3701692740730744
C002657,2,0.0,0.0,0.0,0.20234075508940333,0.5317890847546419,0.0,0.0,0.26587016015595477
C002660,2,0.11190793310492257,0.4236258968920316,0.0,0.04260165800320766,0.0,0.0,0.0,0.42186451199983827
C002663,1,0.0,0.0,0.0,0.0,0.0,0.0,0.8278534832731904,0.17214651672680958
C002665,2,0.1557093376001983,0.20277349156396776,0.21984898254611843,0.0,0.2527165513057749,0.0,0.0,0.16895163698394058
C002666,0,0.21060094279240657,0.0,0.20224835745724629,0.12993078236716737,0.0,0.0,0.0,0.4572199173831799
C002667,1,0.0,0.7504494550812517,0.0,0.0,0.0,0.0,0.0,0.24955054491874828
C002668,1,0.05825616104587225,0.0,0.0,0.08827144941965197,0.0880443603504597,0.21399293148854517,0.0,0.5514350976954709
C002671,0,0.0,0.209217286340337,0.0,0.0,0.13411145612443834,0.16126635267955108,0.0,0.4954049048556737
C002677,1,0.41144099938987766,0.22396062412326906,0.0,0.0,0.2272647458719161,0.0,0.0,0.13733363061493714
C002678,4,0.0,0.0,0.0,0.549920111850532,0.2491321581322624,0.0,0.0,0.2009477300172055
C002680,2,0.3311929226471712,0.3641708663322821,0.04874592258362415,0.0,0.0,0.0,0.0,0.2558902884369224
C002683,4,0.0,0.0,0.0,0.05465602675053787,0.0,0.1516886761328754,0.06711395625702526,0.7265413408595613
C002686,3,0.0,0.35535031973049713,0.0,0.08592793665315988,0.0,0.3102700026798116,0.0,0.24845174093653127
C002687,4,0.31389098664596177,0.0,0.0,0.0,0.0,0.5042774359592063,0.0,0.1818315773948319
C002688,1,0.0,0.0,0.0,0.31102216229208146,0.0,0.0,0.5625502671752569,0.12642757053266168
C002689,2,0.09124436007103863,0.20894190416082586,0.0,0.0,0.3618165538789468,0.0,0.0,0.3379971818891887
C002692,0,0.10107004276051865,0.0,0.18961385654398058,0.0,0.0,0.1393425337753449,0.0,0.5699735669201559
C002694,0,0.0,0.18202109062160335,0.0,0.0,0.0,0.45881968991417765,0.18609565453783092,0.17306356492638802
C002696,0,0.0,0.649515290777098,0.0,0.20955499186757914,0.0,0.0,0.0,0.14092971735532292
C002697,2,0.0,0.0,0.18272869956536067,0.6333104377131149,0.0,0.0,0.0,0.18396086272152454
C002698,4,0.0,0.0,0.15818466751365823,0.0,0.0,0.0,0.0,0.8418153324863418
C002699,3,0.18717239397329816,0.0,0.0,0.10414151945587394,0.21530372664200725,0.0,0.0,0.4933823599288207
C002700,0,0.15075329574015767,0.0,0.0,0.1700327125362862,0.0,0.16121743191803953,0.1082580026023053,0.40973855720321123
C002703,2,0.0,0.0,0.19221236424349253,0.0,0.0,0.0,0.0,0.8077876357565075
C002705,1,0.9720585585116046,0.0,0.0,0.0,0.0,0.0,0.0,0.02794144148839539
C002707,3,0.5919786305536824,0.0,0.0,0.029467678117387566,0.0,0.0,0.0,0.37855369132892996
C002714,4,0.17166452641950136,0.3519327110756933,0.0,0.0,0.1467365946238868,0.0,0.05402005641936976,0.27564611146154877
C002715,2,0.04125468370164701,0.142284095998096,0.03873104632227299,0.10234825922405134,0.0,0.08046609801161092,0.09182154134686812,0.5030942753954536
C002719,1,0.17504319522461448,0.0,0.0,0.03234613669216823,0.2503205277683853,0.09395317494469325,0.09610196101668268,0.35223500435345606
C002720,2,0.0,0.5311435150047793,0.08177162796946358,0.0,0.0,0.16167578706886485,0.0,0.22540906995689233
C002721,3,0.0,0.0,0.0,0.0,0.5366138761113239,0.0,0.0,0.46338612388867606
C002725,1,0.0,0.11568333883809377,0.0,0.28891975513203316,0.11820472224612853,0.0,0.0,0.4771921837837447
C002729,4,0.14714706538340944,0.0,0.13232993889282157,0.0,0.0,0.0,0.1517623219237006,0.5687606738000683
C002731,4,0.0,0.10323216520810151,0.0,0.1505898256987354,0.10599912779510978,0.0,0.1474150093199469,0.49276387197810645
C002733,3,0.0,0.0,0.0,0.3259819025143921,0.17014545521495802,0.15734503019661622,0.0,0.3465276120740337
C002734,0,0.10621659501734607,0.0,0.0,0.0,0.45784817147626317,0.26047508796030017,0.0,0.17546014554609043
C002736,1,0.0,0.0,0.4518379097239066,0.0,0.0,0.17837458852755736,0.0,0.36978750174853603
C002737,1,0.0,0.0,0.2998003383628049,0.23463816049191122,0.2312868202870384,0.0,0.0,0.23427468085824554
C002738,2,0.09898593773320108,0.44021443706181423,0.0,0.0,0.043490193324160785,0.0,0.0,0.4173094318808239
C002739,2,0.0,0.0,0.0,0.0,0.3835464414204832,0.0,0.0,0.6164535585795168
C002740,1,0.06428899651707994,0.4127288713491032,0.0,0.0,0.0,0.1351817869899938,0.0,0.3878003451438231
C002742,1,0.12345985465115947,0.0,0.0,0.1843506732356746,0.0,0.10391720318505522,0.12025275464894311,0.46801951427916766
C002746,3,0.0,0.0,0.0,0.18329431919516348,0.0,0.0,0.43004125445031266,0.3866644263545239
C002747,0,0.9304821588157884,0.0,0.0,0.0,0.0,0.0,0.0,0.06951784118421156
C002749,2,0.0,0.0,0.0,0.3851466856840719,0.0,0.0,0.16148365243374904,0.4533696618821792
C002751,2,0.0,0.0,0.0,0.1795661568701211,0.0,0.0,0.0,0.8204338431298789
C002753,4,0.0,0.0,0.0,0.17426982780015626,0.0,0.5025430835604731,0.0,0.3231870886393708
C002755,0,0.0,0.1295932769263149,0.0,0.2329535100401567,0.0917075953882128,0.0,0.064314778840399,0.48143083880491655
C002757,4,0.0,0.07207645197671766,0.0,0.08771933593987066,0.2613813045263216,0.0,0.0,0.57882290755709
C002758,2,0.0,0.0,0.0,0.0,0.0,0.0,0.0,1.0
C002760,4,0.0,0.0,0.0,0.0,0.20400652137507608,0.44060741424491745,0.01618583295498849,0.33920023142501793
C002762,4,0.3428167322694369,0.0,0.10994112977526392,0.0,0.0,0.0,0.23317879964282417,0.31406333831247507
C002764,1,0.0,0.0,0.0766550032083482,0.0,0.13597923970844947,0.39612438420152923,0.0,0.3912413728816731
C002767,3,0.0,0.0,0.4129039909007709,0.0,0.0,0.0,0.3651125681250656,0.2219834409741635
C002768,3,0.0,0.0,0.0,0.0,0.0,0.0,0.16648950589150474,0.8335104941084952
C002769,4,0.0924757201806392,0.0,0.510981113521469,0.08644435504335153,0.0,0.0,0.0,0.3100988112545402
C002771,4,0.4747625351582367,0.0,0.3372383441450783,0.0,0.0,0.05748274493233609,0.0,0.1305163757643489
C002772,0,0.0,0.4781979267546026,0.0,0.0,0.2674735320311575,0.0,0.0,0.25432854121423987
C002773,2,0.0,0.0,0.23248130623321717,0.4540531250476621,0.1620327472605523,0.0,0.0,0.15143282145856848
C002775,2,0.0,0.21541503968292122,0.1667554392496647,0.11021349866544183,0.0,0.0,0.0,0.5076160224019721
C002779,2,0.3197334698159578,0.0,0.0,0.13563850548890255,0.0,0.04223653447461861,0.14642328934237214,0.3559682008781488
C002780,3,0.0,0.9320893151260746,0.0,0.0,0.0,0.0,0.0,0.06791068487392538
C002786,1,0.0,0.7854477421334227,0.0,0.0,0.0,0.0,0.0,0.21455225786657728
C002788,1,0.2600677503794989,0.0,0.0,0.0,0.2198094617793701,0.12239417593605895,0.0,0.3977286119050721
C002793,4,0.0,0.0,0.0,0.0,0.0,0.15965636712324552,0.3520062529288003,0.4883373799479543
C002794,2,0.0,0.0,0.2028035189138956,0.0,0.0,0.4556199649488584,0.0,0.3415765161372459
C002795,4,0.19679357500097472,0.0,0.0,0.0,0.0,0.16533071636993044,0.0,0.6378757086290948
C002796,3,0.0,0.0,0.0,0.0,0.9634596157565851,0.0,0.0,0.03654038424341488
C002798,0,0.0,0.0,0.18461241004106926,0.27027071650107265,0.037008715131295895,0.0,0.0,0.5081081583265621
C002800,1,0.10506604993992794,0.0,0.7388411019735608,0.0,0.0,0.0,0.0,0.15609284808651114
C002801,4,0.09562222415193994,0.0503477754540325,0.0766504838964079,0.04480692927732111,0.03328938503076981,0.14758735468470788,0.0,0.5516958475048208
C002802,4,0.0,0.10902654474084547,0.14971327752664745,0.3238143100584349,0.0,0.0,0.3238489715212079,0.09359689615286419
C002804,0,0.102405881671451,0.0,0.11168570382698158,0.0,0.0,0.12144493213091792,0.0,0.6644634823706497
C002805,3,0.0,0.0,0.0,0.0,0.0,0.0,0.0,1.0
C002808,2,0.0,0.5683378330908748,0.0,0.0,0.0,0.0,0.0,0.4316621669091252
C002809,4,0.0,0.0,0.0,0.42266167509732916,0.0,0.0,0.0,0.5773383249026709
C002810,0,0.0,0.0,0.0,0.188993714470149,0.0,0.0,0.43909195992130073,0.37191432560855014
C002812,0,0.2353940311362137,0.0,0.0976001402600495,0.0,0.0,0.3749171120108346,0.0,0.29208871659290225
C002813,4,0.26845250889955086,0.0,0.0,0.44902490487542635,0.0,0.0,0.0,0.28252258622502285
C002814,4,0.0,0.07724469568972687,0.0,0.0,0.4427903722080252,0.0,0.0,0.4799649321022479
C002816,2,0.0,0.0,0.048525034232226816,0.0,0.07809478114831542,0.05061469869600975,0.0,0.822765485923448
C002817,1,0.0,0.31504711665945456,0.0,0.0,0.19597481453364043,0.0,0.0,0.48897806880690486
C002820,3,0.16894579773778237,0.0,0.0,0.0,0.0,0.5677108715234248,0.0,0.26334333073879285
C002821,2,0.05536723495818195,0.2369466567769752,0.0,0.06602956286387097,0.0,0.2512504672659456,0.0,0.3904060781350262
C002822,4,0.5790159398763463,0.24940969042942848,0.0,0.0,0.0,0.0,0.0,0.1715743696942253
C002826,2,0.0,0.0,0.0,0.37698028469051187,0.0,0.10723089906210162,0.19209728817894597,0.32369152806844065
C002829,2,0.18237990635856094,0.0,0.0,0.10808132064974577,0.0,0.41300282460275783,0.0,0.2965359483889355
C002834,2,0.0,0.0,0.0,0.0,0.20270390596821705,0.0,0.36309358522412194,0.434202508807661
C002836,0,0.0,0.0,0.5871930442226841,0.0,0.0,0.0,0.20250981351938624,0.21029714225792975
C002838,0,0.13512049731512304,0.0,0.0,0.0,0.0981664229089545,0.36431221259777735,0.0853477628288618,0.31705310434928335
C002839,1,0.0,0.0,0.11099265720754091,0.0,0.0,0.15205306210586136,0.1479204119453133,0.5890338687412844
C002840,2,0.0,0.4007164514837638,0.0,0.0,0.0,0.1280474606358552,0.0,0.471236087880381
C002842,1,0.0,0.0,0.0,0.0,0.0,0.15306460010289547,0.0,0.8469353998971045
C002843,3,0.09946566606769545,0.051936470176678635,0.0,0.14716473255477114,0.0,0.3148571053120249,0.07009799450276347,0.3164780313860664
C002844,4,0.3069258915710602,0.0,0.0,0.0,0.4061860303817645,0.0,0.0,0.2868880780471754
C002846,2,0.0,0.0,0.0,0.0,0.0,0.0,0.0,1.0
C002847,4,0.0,0.0,0.0,0.0,0.0,0.40441066645133866,0.0,0.5955893335486613
C002849,1,0.0,0.0,0.22938620643633553,0.0,0.1797563224801373,0.1478762097864965,0.0,0.4429812612970307
C002851,3,0.0,0.0,0.0,0.0,0.12139806084557138,0.0,0.10122881852613098,0.7773731206282977
C002852,3,0.0,0.0,0.3068982876228779,0.4252446709133343,0.11537265007930994,0.05112636742018837,0.0,0.10135802396428958
C002853,2,0.0,0.0,0.3736218465611325,0.2835503248703484,0.059702649249253316,0.0,0.0,0.2831251793192658
C002855,4,0.08912598607659757,0.29685941688460293,0.0,0.23529998558566845,0.0,0.0,0.0,0.37871461145313107
C002856,1,0.0,0.0,0.11061045728542794,0.0,0.05656667904211416,0.18895139263502014,0.3036341170917525,0.3402373539456853
C002859,2,0.26830811341026456,0.5018006219235198,0.0,0.0,0.0,0.10390997712204343,0.05818205593988982,0.06779923160428239
C002861,4,0.0,0.0,0.0,0.1502761412663565,0.0,0.0,0.0,0.8497238587336435
C002862,4,0.0,0.23513707497239617,0.08063889390983615,0.0,0.1838161444673628,0.10776676973874208,0.0,0.3926411169116628
C002863,2,0.0,0.0,0.0,0.0,0.0,0.0,0.0,1.0
C002866,4,0.0,0.32885781004499043,0.15715813220713265,0.0,0.07605909786905775,0.0,0.0,0.43792495987881924
C002869,2,0.0,0.13620170849787935,0.0,0.22484123011440946,0.142533254176287,0.0,0.12924830092705403,0.3671755062843701
C002870,0,0.5887307956467998,0.0,0.0,0.0,0.0,0.0,0.2814530218529596,0.12981618250024052
C002871,3,0.0,0.0,0.501892929581202,0.18628810800476445,0.0,0.11609433558557575,0.0,0.1957246268284577
C002876,2,0.0,0.0,0.411110932450203,0.0,0.0,0.0,0.0,0.588889067549797
C002877,4,0.0,0.17442233949667152,0.0,0.3691435987972287,0.23546947615957578,0.0,0.0,0.22096458554652385
C002879,2,0.14374619191169527,0.0,0.053522133619817766,0.0,0.0,0.08449944426461943,0.3492668891087927,0.36896534109507473
C002880,3,0.3880388788486771,0.0,0.0,0.0,0.0,0.0,0.0,0.611961121151323
C002883,0,0.0,0.07666394702344782,0.31909033992197894,0.1062740154460317,0.06181407436384826,0.0,0.0,0.43615762324469337
C002884,1,0.0,0.06460247079871995,0.24196985469640708,0.0,0.0891040336240702,0.3200887462782058,0.0,0.2842348946025969
C002885,2,0.0,0.0,0.9550761141175447,0.0,0.0,0.0,0.0,0.04492388588245533
C002889,1,0.0,0.0,0.0,0.2318831280226926,0.3289827736138095,0.10263618940931254,0.0,0.33649790895418535
C002890,1,0.1606602387339704,0.0,0.0,0.08137961742858014,0.0,0.4672952168459646,0.15013750577903334,0.14052742121245165
C002891,4,0.24189842839625497,0.08110337882288556,0.252968837361212,0.0,0.0,0.0,0.0,0.4240293554196475
C002892,1,0.0,0.9145109407284224,0.0,0.0,0.0,0.0,0.0,0.08548905927157757
C002894,2,0.0,0.0,0.0,0.0,0.0,0.0,0.0,1.0
C002895,4,0.9124940359966677,0.0,0.0,0.0,0.0,0.0,0.0,0.08750596400333233
C002896,0,0.0,0.21643510762511428,0.0,0.0,0.13626533272427796,0.0,0.0,0.6472995596506077
C002898,1,0.0,0.1746171995670797,0.0,0.3253484073441242,0.09407226528389118,0.14521784689426387,0.0,0.2607442809106411
C002899,4,0.0,0.0,0.5156006022872682,0.0,0.0,0.0,0.0,0.48439939771273177
C002900,0,0.0,0.0,0.0,0.0,0.16856878214689147,0.5642368482069929,0.0,0.2671943696461157
C002902,4,0.0,0.0,0.4266952247390224,0.0,0.3042071276722979,0.0,0.0,0.26909764758867966
C002903,1,0.05116747338991711,0.0,0.2301903957898625,0.0,0.0,0.07050529342062736,0.0,0.6481368373995932
C002907,2,0.0,0.0,0.0,0.0,0.09831263972930972,0.0,0.14694764903309337,0.7547397112375969
C002908,4,0.0,0.40102356528510125,0.05846002053301322,0.0,0.29297158610189117,0.08600256040751261,0.0,0.16154226767248184
C002909,1,0.0,0.0,0.2024348054155032,0.0,0.0,0.0,0.0,0.7975651945844968
C002910,4,0.0,0.0,0.0,0.0,0.0,0.0,0.8038097018022885,0.1961902981977115
C002912,1,0.0,0.08526041836951219,0.3073107648726361,0.0,0.0,0.22074179421879117,0.0,0.38668702253906045
C002913,2,0.1985991475842266,0.307499410335177,0.0,0.16870242969234497,0.0,0.0,0.0,0.3251990123882514
C002916,0,0.0,0.0,0.1131921471804418,0.0,0.11477073622856901,0.06512223239248292,0.3799365488105114,0.32697833538799487
C002918,2,0.0,0.0,0.0,0.1145867323827729,0.0,0.0,0.591041171960176,0.2943720956570511
C002919,1,0.26076179747438166,0.18645994994310688,0.0,0.0,0.0,0.0,0.22445520219466966,0.32832305038784193
C002920,4,0.21561640981464555,0.09408874364796779,0.0,0.0,0.3696300290502905,0.0,0.0,0.3206648174870962
C002924,1,0.0,0.0,0.2928887906674881,0.0,0.16864822173068209,0.3421247737369121,0.0,0.19633821386491782
C002926,3,0.0,0.1578138023794307,0.0,0.0,0.18946342564146187,0.10306593730790872,0.0,0.5496568346711986
C002927,3,0.0,0.5464801655512448,0.0,0.0,0.325031515059348,0.0,0.0,0.12848831938940725
C002928,0,0.0,0.0,0.0,0.0,0.0,0.8348034276796652,0.0,0.1651965723203348
C002931,4,0.2661724675807409,0.1953693509391086,0.14045413625880174,0.0,0.14370700322994062,0.0,0.0,0.25429704199140823
C002932,3,0.0,0.0,0.0,0.6714901685674565,0.10831162085774579,0.0,0.0,0.2201982105747977
C002934,0,0.09365679535036543,0.09378018068996027,0.0,0.0,0.0,0.10782069379920756,0.10810862604653135,0.5966337041139355
C002935,4,0.0,0.0,0.5878578609971227,0.0,0.22753675233754247,0.10706196711371549,0.0,0.07754341955161942
C002940,4,0.0,0.0,0.0,0.25532927888076273,0.29828966910775306,0.0,0.1188431272903636,0.3275379247211206
C002941,4,0.0,0.15686582955851536,0.0,0.0,0.0,0.4922759808823577,0.041043777197284435,0.30981441236184243
C002942,2,0.0437534867226978,0.0,0.0,0.18519733910841074,0.0,0.4281261032291396,0.14938014611462194,0.19354292482512997
C002943,3,0.0,0.0,0.0,0.0,0.0,0.0,0.1930587838190108,0.8069412161809892
C002948,2,0.016409255714333288,0.0,0.0,0.3636724194951182,0.0,0.0,0.27463143904577497,0.3452868857447735
C002953,3,0.0,0.4190426915637962,0.0,0.09849433250539504,0.1812052986168062,0.0,0.0,0.3012576773140026
C002955,0,0.0,0.0,0.0,0.0,0.2928400836135442,0.0,0.0,0.7071599163864558
C002957,2,0.0,0.0,0.3281946844032112,0.0,0.0,0.0,0.512447859575965,0.1593574560208237
C002958,1,0.19233256790970424,0.0,0.0,0.0,0.07190988322724814,0.47277767600716475,0.0,0.2629798728558827
C002964,1,0.0,0.5197771652985054,0.0,0.0,0.0,0.0,0.0,0.4802228347014946
C002966,4,0.0,0.0,0.0881239404064117,0.0,0.0,0.14238533960774916,0.3610016288030088,0.4084890911828305
C002967,0,0.07301699209796413,0.0,0.0,0.0,0.1668147534693343,0.0,0.3791554456379875,0.38101280879471416
C002970,0,0.0,0.0,0.19293171493232245,0.42320344258393516,0.0,0.0,0.2033749576160368,0.1804898848677055
C002971,2,0.0,0.0,0.0,0.10270226475323307,0.0,0.2713870021514914,0.0,0.6259107330952755
C002973,2,0.1523848132078539,0.3220953563620906,0.0,0.22206839208876483,0.07485235146294623,0.0,0.0,0.22859908687834452
C002975,2,0.0,0.2618986669186161,0.0,0.0,0.0,0.0,0.6018966598950503,0.13620467318633367
C002977,2,0.0,0.0,0.0,0.09653136088995322,0.2997849740030407,0.15637927900717266,0.0,0.4473043860998336
C002987,1,0.4696913192897661,0.0,0.07378103156770874,0.15041018890467753,0.0,0.0,0.0,0.3061174602378476
C002988,1,0.0,0.0,0.0,0.0,0.0,0.29997449056776104,0.16835924443585282,0.531666264996386
C002989,3,0.0,0.0,0.0,0.6122392688590703,0.0,0.0,0.13900001439880444,0.2487607167421251
C002990,0,0.089280482100924,0.0,0.0,0.17432092057039103,0.13990712063997518,0.0,0.0,0.5964914766887097
C002994,3,0.0,0.0,0.15444405442841258,0.0,0.0,0.35533653956064104,0.0,0.4902194060109464
C002996,3,0.0,0.0,0.0,0.0,0.0,0.0,0.8260123662783722,0.17398763372162784
C002998,3,0.26424352003059987,0.0,0.0,0.0,0.4221140524820769,0.0,0.0,0.3136424274873233
C002999,4,0.0,0.0,0.0,0.0,0.22410932430342978,0.0,0.0,0.7758906756965702
C003001,0,0.0,0.1116037148041745,0.3601215933128626,0.13679133248427552,0.0,0.0,0.09435023168720574,0.29713312771148176
C003004,3,0.0,0.0,0.49043202250333884,0.0,0.15902132275604866,0.0,0.0,0.3505466547406126
C003006,4,0.0,0.1475756680550285,0.0,0.2886119740177532,0.0,0.0,0.0,0.5638123579272184
C003007,4,0.0,0.41853338012937247,0.3308580354883876,0.0,0.0,0.0,0.0,0.2506085843822399
C003008,1,0.13586906639387372,0.0,0.0,0.0,0.36726486468100794,0.0,0.067999931096077,0.4288661378290413
C003009,3,0.4906303202713044,0.0,0.0,0.26118538761317645,0.10278110358433913,0.0,0.0,0.1454031885311801
C003010,0,0.0,0.0,0.0,0.0,0.0,0.0,0.0,1.0
C003011,4,0.0,0.0,0.635787725646749,0.06229341970984606,0.0941773108162936,0.0,0.0,0.20774154382711132
C003015,4,0.0,0.0,0.0,0.0,0.0,0.0,0.7480753958033179,0.25192460419668206
C003017,2,0.19219910009816393,0.0,0.0,0.31563663148428517,0.0,0.0,0.0,0.49216426841755084
C003020,0,0.06238652464464702,0.0,0.0,0.44859400099110847,0.0,0.13958541596239893,0.0,0.34943405840184555
C003023,3,0.024750740680692822,0.12734855886450827,0.10404966508700926,0.36290962713651315,0.0,0.0,0.08430643695451899,0.29663497127675753
C003024,4,0.0,0.0,0.0,0.2298229571053756,0.16115402140197155,0.21044772496216296,0.0,0.39857529653048995
C003025,4,0.0,0.0,0.5259030804255732,0.0,0.0,0.2835363224053171,0.0,0.1905605971691097
C003026,2,0.0,0.08496490911028419,0.2369338734835598,0.12251122979687618,0.0,0.08454406350896437,0.0,0.4710459241003155
C003031,1,0.45522571349718594,0.0,0.0,0.0,0.11779427227081592,0.0,0.0,0.426980014231998
C003034,2,0.11565497255379499,0.0,0.11546587415774302,0.0,0.489659881644248,0.0,0.09226823496457863,0.1869510366796354
C003035,1,0.0,0.0,0.1621549309893993,0.0,0.0,0.35694566248788223,0.0,0.48089940652271845
C003037,4,0.04801848342156109,0.0,0.0,0.35995823421269985,0.0,0.3012226552141274,0.0,0.29080062715161165
C003038,0,0.23189183323038096,0.0,0.1165604988843759,0.0,0.0,0.0,0.2216110049790523,0.42993666290619087
C003041,1,0.0,0.0,0.0,0.0,0.0,0.43284645481811795,0.0,0.5671535451818821
C003044,4,0.11165477009555017,0.0,0.0,0.0,0.0,0.0,0.0,0.8883452299044499
C003046,1,0.0,0.0,0.0,0.0,0.0,0.0,0.0,1.0
C003049,2,0.0,0.22433510699596684,0.0,0.3099099190109498,0.0,0.0,0.18044935301511705,0.2853056209779662
C003051,1,0.0,0.0,0.0,0.20376056091885345,0.6192301219199959,0.0,0.0,0.17700931716115062
C003054,2,0.0,0.0,0.0,0.0,0.0,0.0,0.0,1.0
C003058,4,0.0,0.25284779880592057,0.0,0.0,0.0,0.0,0.6118892537219219,0.1352629474721576
C003060,0,0.08196790333888512,0.07601223684365159,0.0,0.10052208824873057,0.0,0.2748966194704408,0.0,0.466601152098292
C003062,4,0.0,0.0,0.1740932589416227,0.46808472876837615,0.0,0.0,0.2305199196648161,0.12730209262518496
C003065,4,0.0,0.0,0.0,0.0,0.5673469004616175,0.272132993760152,0.0,0.16052010577823048
C003066,0,0.0,0.0,0.0,0.12324300790771042,0.521350831430788,0.06202849254640507,0.0,0.29337766811509647
C003067,1,0.0,0.0,0.0,0.16349270968853796,0.0,0.26058570360791217,0.09099201171045976,0.48492957499309014
C003071,2,0.12441503810605511,0.29641112045351975,0.0,0.0,0.16978943814817243,0.0,0.07997857415468408,0.3294058291375686
C003072,4,0.0,0.0,0.43829079275459476,0.0,0.0,0.0,0.15453291409556222,0.407176293149843
C003073,4,0.0,0.0,0.0,0.0,0.0,0.0,0.0,1.0
C003075,1,0.0,0.0,0.06889174727347948,0.0,0.14737941567898177,0.3733920771110017,0.0,0.41033675993653695
C003076,2,0.0,0.09498130489714293,0.0,0.4565036701431908,0.1335109476987162,0.0,0.0,0.31500407726095014
C003079,4,0.0,0.18029555904524522,0.3578937512231727,0.0,0.10219593512357984,0.1028076334832318,0.0,0.25680712112477044
C003083,4,0.08690932187604304,0.0,0.10962452271114026,0.37054826662191365,0.0,0.10710014371493787,0.0,0.32581774507596517
C003084,2,0.16993586182666595,0.0,0.0,0.09107051695365659,0.0,0.565519371716357,0.04214680616027534,0.13132744334304516
C003085,0,0.08242753717057014,0.0,0.0,0.327160415978516,0.11739666046361308,0.1141916066842491,0.08881703730346074,0.27000674239959105
C003086,3,0.0,0.0,0.19945108189912794,0.0,0.46100166643056545,0.0,0.0,0.33954725167030664
C003095,3,0.06586315113330671,0.0,0.0,0.0,0.0,0.0,0.21295585876036235,0.7211809901063309
C003096,0,0.0,0.0,0.0,0.4271785064484847,0.0,0.0,0.462432991647491,0.1103885019040243
C003098,1,0.0,0.0,0.0,0.0,0.0,0.0,0.0,1.0
C003099,3,0.0,0.0,0.0,0.22967460739693288,0.18282945559414474,0.02768493587903406,0.12352483157896384,0.4362861695509245
C003100,0,0.1912836249240312,0.0,0.27660460542049664,0.0,0.0,0.0,0.23841993221541966,0.2936918374400524
C003106,3,0.0,0.11849717935827939,0.6177060802605576,0.0,0.0,0.0,0.17148963070736242,0.09230710967380062
C003108,3,0.0,0.0590443721572074,0.0,0.21984753579589453,0.1395422165350658,0.21412333241675785,0.0,0.36744254309507446
C003110,2,0.0,0.0,0.5652816511750114,0.0,0.0,0.0,0.0,0.4347183488249886
C003112,0,0.0,0.405509948956231,0.0,0.0,0.21851849601671922,0.1732363723301966,0.0,0.2027351826968532
C003113,0,0.0,0.0,0.0,0.0,0.0,0.0,0.3779340468859605,0.6220659531140396
C003114,1,0.0,0.0,0.0,0.0,0.0,0.0,0.18996045259930905,0.810039547400691
C003116,3,0.0,0.0,0.0,0.0,0.7202379929154885,0.0,0.0,0.2797620070845115
C003118,2,0.0,0.0,0.0,0.0,0.0,0.9362401255062555,0.0,0.06375987449374454
C003119,2,0.0,0.0,0.0,0.0,0.0,0.6885985847292821,0.0,0.31140141527071785
C003122,2,0.0,0.0,0.0,0.9338409189555068,0.0,0.0,0.0,0.0661590810444932
C003124,4,0.0,0.0,0.0,0.16277391522448598,0.0,0.5250413421530258,0.0,0.31218474262248835
C003126,0,0.0,0.0,0.0,0.9160308812019001,0.0,0.0,0.0,0.08396911879809987
C003127,4,0.0,0.0,0.0,0.45065689558777516,0.0,0.1700307463973569,0.0,0.379312358014868
C003129,0,0.0,0.0,0.5472054325510223,0.0,0.20522870039029892,0.0,0.0,0.24756586705867875
C003132,2,0.0,0.0,0.0,0.0,0.0,0.0,0.8455134370946634,0.15448656290533658
C003138,0,0.33907253142402755,0.0,0.0,0.0,0.0,0.47936841249581497,0.0,0.18155905608015757
C003139,3,0.0,0.16739172061815047,0.0,0.0,0.15041023075237495,0.17532675255969785,0.33964069006782693,0.16723060600194983
C003140,3,0.3520834293052795,0.19580826622546021,0.0,0.0,0.1579231282662589,0.07612097044339053,0.0,0.21806420575961094
C003143,2,0.0,0.0,0.0,0.5728365713251227,0.0,0.0,0.0,0.42716342867487733
C003144,3,0.0,0.09859045950585096,0.204936838442983,0.12023843548465357,0.1127916962084658,0.06470700784433049,0.0,0.3987355625137163
C003145,2,0.2003351874158991,0.0,0.0,0.3174818827735935,0.0,0.0,0.0,0.48218292981050737
C003146,3,0.0,0.0,0.0,0.18998469069658064,0.1815655087736757,0.0,0.06224252443880091,0.5662072760909428
C003147,0,0.0,0.0,0.07755147087121664,0.3270053050303158,0.0,0.0,0.0,0.5954432240984675
C003148,3,0.11077507605546433,0.0,0.0,0.24861247835362227,0.0,0.24444055815959154,0.0,0.39617188743132187
C003149,0,0.20444773103495062,0.0,0.0,0.0,0.0,0.6040167444225674,0.0,0.19153552454248196
C003150,1,0.35173575650800104,0.0,0.0,0.0,0.0,0.0,0.30201717566997477,0.34624706782202413
C003152,2,0.0,0.22645371990171445,0.0,0.0,0.0,0.0,0.3881021868912097,0.3854440932070758
C003153,1,0.11340897701923945,0.1487588168062294,0.12848726745292052,0.0,0.0891840271415845,0.0,0.1832565771597505,0.33690433442027556
C003154,2,0.0,0.10631838466506925,0.0,0.0,0.050372671635688225,0.0,0.11926316243368545,0.724045781265557
C003155,3,0.0,0.0,0.0,0.0,0.0,0.0,0.0,1.0
C003157,0,0.0,0.8674890861585223,0.0,0.0,0.0,0.0,0.0,0.13251091384147773
C003160,1,0.0,0.25071262539384837,0.11609682625096417,0.0,0.04713041784389961,0.0,0.3685296201270236,0.2175305103842641
C003162,4,0.0,0.0,0.5214780704072478,0.19138385752512727,0.0,0.0,0.15022570537030802,0.13691236669731693
C003163,0,0.24401698332377988,0.0,0.3905672885642982,0.1600743206504039,0.0,0.0,0.0,0.20534140746151816
C003164,0,0.09029318352981544,0.0,0.0,0.0,0.35566849180931087,0.0,0.1788149096392361,0.3752234150216375
C003167,0,0.0,0.0,0.0,0.514409841021853,0.0,0.0,0.25065917576530766,0.23493098321283942
C003176,0,0.0,0.0,0.0,0.34385647679450004,0.0,0.11637447644668343,0.2224268379633411,0.3173422087954754
C003178,1,0.0,0.0,0.2847298614646476,0.0,0.3905983182816982,0.03940371779805664,0.133464243496385,0.15180385895921258
C003180,3,0.15798619764498842,0.0,0.7420767825142816,0.0,0.0,0.0,0.0,0.09993701984072996
C003184,4,0.06290906605723046,0.0,0.0,0.1352599375886689,0.22264838224198608,0.0,0.20241954368563952,0.376763070426475
C003185,3,0.08960913952594993,0.0,0.2030897031342918,0.0,0.0,0.0,0.34054830076960474,0.3667528565701535
C003186,1,0.0,0.0,0.0,0.0,0.0,0.0,0.0,1.0
C003188,0,0.0,0.0,0.0,0.0,0.6208815997171396,0.2676472795536438,0.0,0.11147112072921644
C003189,4,0.1242810745990998,0.0,0.0,0.0,0.32815055064087,0.0,0.0,0.5475683747600303
C003191,3,0.0,0.5615631917885895,0.0,0.0,0.0,0.0,0.15908933722259477,0.2793474709888158
C003194,4,0.0,0.5510358006031613,0.1425492840447374,0.0,0.053730004076969984,0.0,0.0,0.25268491127513143
C003196,2,0.12216429627395345,0.09817753679011364,0.0,0.06777642146022565,0.0,0.0,0.4201322575242092,0.291749487951498
C003197,2,0.0,0.0,0.4125453495345892,0.0,0.0,0.0,0.3207478696102635,0.2667067808551473
C003198,2,0.0,0.10913655558116864,0.4196230606253174,0.11260190993596866,0.1123616014530343,0.0,0.0,0.246276872404511
C003201,2,0.0,0.0,0.0,0.0,0.0,0.0,0.0,1.0
C003202,1,0.0,0.0,0.0,0.0,0.9460675653884706,0.0,0.0,0.05393243461152941
C003203,2,0.0,0.0,0.0,0.0,0.9488012221819083,0.0,0.0,0.05119877781809168
C003205,2,0.11372589768170575,0.23271850860499432,0.1357184135717576,0.0,0.17752423142379414,0.0,0.0,0.34031294871774825
C003206,4,0.23764499879989945,0.0,0.0,0.0,0.1201382718629397,0.11669716314287192,0.0,0.5255195661942889
C003210,3,0.0,0.21707246652077958,0.37809972281978266,0.0,0.0,0.0,0.12481650520861565,0.2800113054508222
C003211,0,0.0,0.0,0.0,0.0,0.8733746475900506,0.0,0.0,0.12662535240994943
C003214,4,0.0,0.04600688952995101,0.0,0.0,0.24288762480200957,0.25609803136781095,0.0,0.45500745430022843
C003216,4,0.0,0.2978596502310499,0.0,0.0,0.0,0.0,0.5117410174109984,0.19039933235795173
C003217,0,0.23812316949497925,0.3554972972422282,0.0,0.0,0.0,0.0,0.0,0.4063795332627926
C003218,0,0.0,0.0,0.6719225271903045,0.0,0.2543799007025136,0.0,0.0,0.07369757210718186
C003220,3,0.0,0.0,0.0,0.20836376549854257,0.0,0.3679643809344956,0.0,0.42367185356696185
C003223,2,0.11648825125720821,0.0,0.0,0.0,0.0,0.0,0.3747938949512814,0.5087178537915104
C003228,1,0.0,0.17587092864075884,0.5393599730310301,0.0,0.0,0.0,0.0,0.28476909832821107
C003229,0,0.0,0.0,0.0,0.0,0.0,0.0,0.7697800562012208,0.2302199437987792
C003231,1,0.0,0.013212095998581454,0.25428507295652647,0.39898380658256005,0.0,0.09264556893034738,0.0,0.24087345553198472
C003232,2,0.22066271448114286,0.0,0.2750934158586027,0.0,0.0,0.0,0.0,0.5042438696602545
C003233,2,0.09264540815415506,0.0,0.3563016342137008,0.0,0.13703733639796614,0.12724815033292977,0.0,0.2867674709012483
C003234,3,0.0,0.0,0.0,0.30297323416973293,0.5493390031902298,0.0,0.0,0.1476877626400373
C003238,4,0.0,0.08048206566903883,0.09986845875724702,0.3213313279093134,0.0,0.041905821107791244,0.09698542030346957,0.3594269062531399
C003240,4,0.0,0.0,0.0,0.0,0.7167179622446428,0.0,0.0,0.2832820377553572
C003242,3,0.0,0.062198899747073405,0.0,0.09393782503010392,0.11494408867749811,0.0,0.24475178482319335,0.4841674017221313
C003243,3,0.0,0.10618204102480466,0.0,0.1889805674582194,0.0,0.272536819831978,0.0,0.4323005716849979
C003244,0,0.0,0.0,0.29934898250843783,0.0,0.5968727160477463,0.0,0.0,0.10377830144381596
C003246,4,0.0,0.0,0.0,0.0,0.38569349995828206,0.31531644719570395,0.0,0.29899005284601404
C003247,0,0.0,0.0,0.36622194215138576,0.0,0.0,0.0,0.2520757639320013,0.381702293916613
C003248,2,0.0,0.11195405992380182,0.33041952099680677,0.0,0.0,0.2983564721042534,0.0,0.259269946975138
C003249,4,0.4629822396181144,0.0,0.0,0.0,0.0,0.0,0.3061953223036507,0.23082243807823483
C003250,3,0.0,0.0,0.3820192717373784,0.08869655439583143,0.0,0.0,0.2680204230826915,0.2612637507840987
C003252,2,0.23246255139483243,0.0,0.558137362027051,0.0,0.0,0.0,0.0,0.2094000865781165
C003254,2,0.0,0.0,0.0,0.9551469372200094,0.0,0.0,0.0,0.04485306277999057
C003256,3,0.08330045649707755,0.144111345603051,0.119998895464879,0.0,0.2632076309793146,0.0,0.0,0.3893816714556779
C003257,1,0.0,0.17435635433452717,0.0,0.0,0.0,0.0,0.0,0.8256436456654728
C003259,4,0.0,0.0,0.0,0.0,0.0,0.23852271325088725,0.40297902393681545,0.35849826281229735
C003260,0,0.0,0.0,0.0,0.0,0.0,0.0,0.24459008659784984,0.7554099134021501
C003261,4,0.09449162315408158,0.0,0.04661457600611859,0.237513987154127,0.0,0.0,0.23503238992347963,0.38634742376219317
C003266,3,0.1274652710119637,0.0,0.28471757362297767,0.0,0.0,0.0,0.4165830113076599,0.17123414405739876
C003268,3,0.0,0.11983135202041038,0.0,0.0,0.091686915013339,0.34520363662392123,0.0,0.44327809634232945
C003270,3,0.0,0.0,0.0,0.18350724977232807,0.0,0.31959031343215716,0.0,0.49690243679551493
C003278,1,0.13376562593251728,0.0,0.0,0.0,0.0,0.0,0.0,0.8662343740674827
C003280,4,0.0,0.0,0.0,0.0,0.0,0.20331472536093922,0.0,0.7966852746390608
C003281,0,0.0,0.13689583490888896,0.0,0.0,0.0,0.1683855390038357,0.0,0.6947186260872753
C003282,3,0.0,0.0,0.0,0.0,0.0,0.0,0.0,1.0
C003283,2,0.0,0.2344337609012962,0.0,0.0,0.1515033159681405,0.1808463022797032,0.17459126906602093,0.2586253517848391
C003285,3,0.13814363598526025,0.18735996352135517,0.0,0.0,0.11692259635104127,0.10532967185518458,0.0,0.4522441322871587
C003290,4,0.0,0.25030332477700495,0.2492597509280128,0.0,0.0,0.11325971190698156,0.0,0.38717721238800074
C003294,3,0.0,0.0,0.0,0.4425995008908531,0.31064727699068934,0.0,0.0,0.24675322211845757
C003295,2,0.25992457824141985,0.0,0.3346726988840799,0.0,0.0,0.0,0.0,0.40540272287450024
C003299,3,0.0,0.0,0.14530242515853206,0.0,0.49687230091798795,0.03583117479395371,0.0,0.3219940991295263
C003301,0,0.0,0.0,0.0,0.1343396101980752,0.0,0.5229156592342951,0.0,0.34274473056762966
C003302,1,0.0,0.10978092116774116,0.2825771800121527,0.0,0.09989911660823085,0.0,0.18156876685030862,0.3261740153615667
C003303,2,0.0,0.0,0.5147422295384405,0.0,0.0,0.0,0.0,0.4852577704615595
C003305,2,0.0,0.0,0.06599295608004062,0.551740711817402,0.08619091045464111,0.0,0.0,0.29607542164791617
C003306,2,0.1103243241402286,0.12636926185083405,0.0,0.0,0.0,0.40110866814803964,0.0,0.36219774586089765
C003308,4,0.0,0.0,0.24493710211498199,0.0,0.0,0.0,0.32143792460487475,0.4336249732801434
C003310,2,0.40482246127919264,0.16026203149571244,0.0,0.0,0.0,0.0,0.0,0.43491550722509487
C003311,3,0.0,0.0,0.0,0.0,0.7678270893453116,0.0,0.0,0.23217291065468837
C003312,4,0.0,0.0,0.056834179461276536,0.0,0.39912982284156745,0.0,0.14534796894814667,0.3986880287490092
C003313,0,0.0,0.0,0.0,0.0,0.21561094465710717,0.0,0.0,0.7843890553428928
C003315,0,0.0,0.15649454226399462,0.0,0.0,0.0,0.12998264227574582,0.0,0.7135228154602595
C003319,3,0.22527021544572295,0.14958560100490215,0.0,0.0,0.09069473358819435,0.0,0.37261505709980697,0.16183439286137355
C003322,2,0.5307759539919026,0.0,0.0,0.0,0.0,0.0,0.19294990596552972,0.27627414004256773
C003325,3,0.0,0.0,0.0,0.06123593591432575,0.0,0.0,0.18855435607526227,0.7502097080104119
C003326,0,0.0,0.22551207148654154,0.0,0.0,0.14792269877049044,0.0,0.41668558978321735,0.20987963995975079
C003327,4,0.09476072899980971,0.0,0.0,0.3105216621930547,0.0,0.16486689379137331,0.0,0.42985071501576233
C003330,4,0.2487084153030069,0.0,0.5743043433243814,0.0,0.0,0.0,0.0,0.1769872413726117
C003332,2,0.0,0.0,0.0,0.6503413412138094,0.24267692218538495,0.0,0.0,0.10698173660080573
C003333,3,0.0,0.4730214473894769,0.0,0.0,0.0,0.0,0.39612760594893437,0.13085094666158875
C003334,2,0.0,0.0,0.0,0.4681608814815634,0.0,0.0,0.2343612794928179,0.2974778390256187
C003338,2,0.0,0.0,0.3144738547881699,0.0,0.48024642011794394,0.0,0.0,0.20527972509388617
C003339,3,0.0582648533695054,0.19586567716635858,0.28939587104515463,0.0,0.0,0.023975481522966968,0.0,0.43249811689601425
C003340,1,0.0,0.0,0.0,0.0,0.8762346341292527,0.0,0.0,0.12376536587074727
C003342,3,0.15091787077980845,0.5305763623100267,0.0,0.19869246288709383,0.0,0.0,0.0,0.11981330402307112
C003343,4,0.1647141467892365,0.1546030291050589,0.0,0.0,0.0,0.0,0.0,0.6806828241057047
C003345,2,0.0,0.0,0.0,0.0,0.0,0.04562531252234493,0.0,0.9543746874776551
C003346,4,0.0,0.8907932106906763,0.0,0.0,0.0,0.0,0.0,0.1092067893093237
C003347,0,0.0,0.0,0.0,0.1950123042322717,0.3174926880013481,0.0,0.0,0.48749500776638016
C003348,1,0.13157893765628487,0.11950156545648415,0.0,0.0,0.0,0.20044010036826487,0.43356185120457036,0.11491754531439591
C003349,2,0.0,0.5885163115370665,0.0,0.0,0.13497986018460106,0.0,0.0,0.2765038282783325
C003352,1,0.0,0.0,0.0,0.0,0.0,0.0,0.0,1.0
C003354,2,0.2934296307669813,0.0,0.5353878169526431,0.0,0.0,0.0,0.0,0.1711825522803756
C003355,4,0.24704377569453193,0.398645166136773,0.0,0.0,0.1971366703598348,0.0,0.0,0.15717438780886026
C003356,3,0.0,0.0,0.0,0.227167440154922,0.0,0.37756587145576165,0.0,0.39526668838931645
C003357,1,0.11322948960514219,0.1192177141543151,0.0,0.0,0.0,0.09735657170741085,0.0,0.6701962245331319
C003359,0,0.0,0.0,0.0,0.0,0.0,0.08839006293688631,0.0,0.9116099370631137
C003361,0,0.0,0.49386037097130303,0.0,0.09448396802339198,0.0,0.0,0.0,0.41165566100530493
C003362,2,0.0,0.14368712948263365,0.07805145293752581,0.11151486468533844,0.06688917329147558,0.21831812111328835,0.0,0.38153925848973813
C003364,0,0.0,0.3445074513860495,0.0,0.04996619772285246,0.0,0.0,0.2683071189824999,0.33721923190859815
C003365,0,0.1478183443314533,0.318082968733371,0.0,0.0,0.07654824794301997,0.06117312772091328,0.0,0.3963773112712425
C003371,2,0.0,0.0645196506001632,0.0,0.08808177617551557,0.0,0.10119964031400086,0.15378220735985842,0.592416725550462
C003372,1,0.0,0.0,0.4889526789263837,0.0,0.0,0.0,0.14618738793854896,0.36485993313506737
C003373,4,0.11973911058136584,0.0,0.16342604101157693,0.0,0.0,0.16305655513065453,0.0,0.5537782932764026
C003374,3,0.0,0.0,0.0,0.26742626400890096,0.0,0.0,0.0,0.7325737359910991
C003375,4,0.0,0.05546496865362996,0.15245001498324431,0.20278821074120618,0.0,0.4411024490717192,0.0,0.14819435655020033
C003376,4,0.12690112113311403,0.11824879991218373,0.0,0.10795800691761197,0.0,0.12401188363460959,0.10111987142872458,0.42176031697375616
C003378,4,0.1679232324596269,0.050881811257536914,0.5534413798881266,0.0,0.0,0.09707468228430922,0.0,0.1306788941104003
C003381,3,0.0,0.0,0.16471689141526982,0.49920217124760313,0.07920031358828222,0.0,0.0,0.2568806237488449
C003382,4,0.0,0.18258758982850312,0.0,0.0,0.0,0.0,0.0,0.8174124101714969
C003383,4,0.0932573994316218,0.17502922077272248,0.0,0.0,0.5556095485526849,0.0,0.0,0.17610383124297083
C003385,1,0.0,0.953177529577052,0.0,0.0,0.0,0.0,0.0,0.04682247042294796
C003386,4,0.0,0.0,0.0,0.8651956137418826,0.0,0.0,0.0,0.13480438625811741
C003387,0,0.0,0.0,0.0,0.0,0.0,0.21510486061716477,0.10707428029263266,0.6778208590902025
C003388,4,0.15357681211763008,0.040906609844603675,0.0,0.0,0.3990582298368681,0.0,0.0,0.40645834820089805
C003392,4,0.0,0.0,0.0,0.0,0.475843210357651,0.16894430118464024,0.18740033511057233,0.1678121533471364
C003393,3,0.0,0.0,0.0,0.0,0.0,0.7418771242886204,0.14240922889563026,0.1157136468157493
C003396,4,0.0,0.0,0.0,0.0,0.0,0.30832479143088026,0.39042005307882893,0.30125515549029086
C003398,1,0.0,0.2642897135580678,0.0,0.0,0.0,0.4433274001085873,0.0,0.2923828863333449
C003399,3,0.17024972109576658,0.0,0.04573360324907029,0.0,0.24289498613316754,0.34756255834722466,0.0,0.1935591311747709
C003400,2,0.49220676114780315,0.0,0.0,0.0,0.1944645011720672,0.0,0.0,0.31332873768012964
C003401,3,0.0,0.2865192200273314,0.0,0.0,0.0,0.0,0.0,0.7134807799726686
C003403,0,0.0,0.0,0.0,0.9124688008334056,0.0,0.0,0.0,0.08753119916659435
C003404,4,0.0,0.0,0.4285925176838844,0.0,0.07468803586474283,0.0,0.05342868404671459,0.4432907624046583
C003405,3,0.0,0.0,0.21831870799568742,0.0,0.44437688385228186,0.0,0.0,0.33730440815203083
C003406,0,0.11560936903691739,0.0,0.0,0.32073357658266266,0.07282631054524595,0.0,0.13775227381720198,0.35307847001797205
C003408,3,0.0,0.0,0.27590132650856225,0.27150575043470765,0.0,0.0,0.0,0.45259292305673005
C003409,3,0.12005357461088403,0.0,0.0,0.17632693356188744,0.0,0.0,0.37140196598631653,0.3322175258409121
C003412,1,0.0,0.0,0.13403680941002502,0.0,0.0,0.0,0.4443405451452944,0.42162264544468053
C003414,4,0.0,0.06884126450522958,0.0,0.0,0.0,0.1283142173692928,0.4040769554297044,0.3987675626957731
C003419,1,0.0,0.4808886190394491,0.0,0.0,0.0,0.0,0.22274018782822144,0.29637119313232946
C003420,0,0.0,0.2669109598753363,0.20556660866977086,0.0,0.03118067287878198,0.0,0.019618627514052918,0.47672313106205805
C003421,2,0.0,0.0,0.0,0.0,0.0,0.0,0.0,1.0
C003422,2,0.0,0.0,0.0,0.0,0.6296253717993112,0.0,0.16316653205318613,0.20720809614750266
C003423,3,0.0,0.0,0.0,0.0,0.0,0.0,0.24295771625921503,0.757042283740785
C003428,2,0.2184411184671011,0.0,0.0,0.0,0.0,0.47316704623329814,0.0,0.3083918352996008
C003430,3,0.0,0.20598059775446625,0.16139191995009233,0.0,0.08523522645655536,0.3736806545938741,0.0,0.17371160124501192
C003431,4,0.046319142510544496,0.07213278644788042,0.07179138406882575,0.3246259867172692,0.0,0.0,0.15536587446298705,0.32976482579249294
C003435,1,0.2191909955684645,0.0,0.11709181409237511,0.15769725123456427,0.0,0.0,0.0,0.5060199391045961
C003437,3,0.0,0.0,0.0,0.31039264848844894,0.3909423187445127,0.0,0.0,0.29866503276703843
C003446,2,0.17231845219215255,0.20922512878778768,0.0,0.0,0.06438455114330223,0.0,0.0,0.5540718678767577
C003447,0,0.0,0.0,0.0,0.0,0.8266392946493383,0.0,0.0,0.17336070535066173
C003448,3,0.0,0.23062402468756638,0.1312777771999425,0.23265711566001707,0.0,0.0,0.0,0.40544108245247407
C003449,1,0.0,0.2994575484652248,0.2600594085373497,0.0,0.0,0.0,0.0,0.4404830429974256
C003453,0,0.0,0.0,0.0,0.3547019604753498,0.0,0.3232211357934463,0.0,0.32207690373120385
C003455,2,0.0,0.0,0.0,0.8868403357617387,0.0,0.0,0.0,0.11315966423826129
C003456,4,0.0,0.1447243399433145,0.0,0.0,0.0,0.0,0.43761562557202166,0.4176600344846639
C003457,3,0.0,0.5315738269968546,0.16610557725131858,0.043602733443803776,0.0,0.0,0.0,0.2587178623080231
C003460,1,0.0,0.0,0.0,0.0,0.7523781694813712,0.0,0.0,0.24762183051862885
C003462,0,0.1119195122576834,0.0,0.32633811868179363,0.021837280024473386,0.0,0.0,0.0,0.5399050890360496
C003466,0,0.0,0.0,0.0,0.3094927676910814,0.0,0.0,0.0,0.6905072323089185
C003468,1,0.17336315281223444,0.13353718609456056,0.0,0.0,0.06881155085001282,0.0,0.08612563941534168,0.5381624708278505
C003469,2,0.0,0.0,0.0,0.22462837564797172,0.3288560213230709,0.23925555048004238,0.0,0.20726005254891497
C003470,2,0.22349138440715183,0.2685110493272297,0.0,0.0,0.0,0.0,0.0,0.5079975662656184
C003472,1,0.0,0.10184693536570481,0.0,0.0,0.20105617421080016,0.0,0.26193709970769,0.435159790715805
C003473,2,0.0,0.0,0.1347894032054924,0.0,0.3433097514428792,0.0,0.21757977899544817,0.3043210663561803
C003474,3,0.11094631571140713,0.18576865676573245,0.0,0.0,0.0,0.0,0.28409124253854956,0.41919378498431087
C003475,4,0.0,0.08099502340569502,0.0,0.4252301082522605,0.0,0.0,0.0,0.4937748683420446
C003478,4,0.046775323977147114,0.0,0.06329075079015141,0.0,0.29375863309937955,0.0,0.25864246733507046,0.3375328247982514
C003479,4,0.0,0.3006495701440313,0.3518488864014576,0.0,0.0,0.058189909809418856,0.0,0.2893116336450922
C003481,2,0.3752782146985384,0.0,0.14196215410798302,0.0,0.0,0.19296098016212562,0.0,0.28979865103135294
C003482,4,0.14623143474111652,0.0,0.1358716986961827,0.0,0.3181662490803764,0.2147866154655559,0.0,0.18494400201676855
C003484,2,0.15673945766434194,0.0,0.48241760021699104,0.0,0.0,0.23527879552514092,0.0,0.12556414659352605
C003487,0,0.0,0.1797571098504287,0.0,0.1008894119645964,0.2651925090223545,0.0,0.0,0.45416096916262044
C003488,4,0.0,0.0,0.5520388244392793,0.21342112013893108,0.0,0.10751794075953952,0.0,0.12702211466225014
C003489,4,0.0,0.0,0.0,0.0,0.8439700120278305,0.0,0.0,0.1560299879721695
C003490,3,0.0,0.0,0.26220574279149356,0.0,0.2013723172198141,0.0,0.0,0.5364219399886924
C003491,4,0.0,0.0,0.29785739183739685,0.09961799111161058,0.0,0.19417120406723692,0.0,0.40835341298375566
C003492,1,0.0,0.0,0.0,0.0,0.273299733446319,0.47279890403267927,0.0,0.2539013625210017
C003493,4,0.0,0.44576527770702806,0.0,0.0,0.0,0.0,0.0,0.554234722292972
C003494,4,0.0,0.0,0.5301696962639184,0.0,0.0,0.0,0.30142415295712083,0.16840615077896082
C003496,4,0.09550924189751725,0.0,0.0,0.0,0.0,0.0,0.3231141460208723,0.5813766120816105
C003497,1,0.0,0.0,0.0,0.0,0.0,0.668850784993512,0.0,0.331149215006488
C003498,2,0.0,0.0,0.0,0.0,0.0,0.0,0.40046811292247453,0.5995318870775255
C003504,3,0.0,0.842462771499743,0.0,0.0,0.0,0.0,0.0,0.15753722850025698
C003506,1,0.0,0.0,0.0,0.0817123669120992,0.21992925470213212,0.07011084965629485,0.18234440312485478,0.44590312560461903
C003507,1,0.0,0.0,0.0,0.13482848984101492,0.1139913240421471,0.33791119806170894,0.0,0.413268988055129
C003508,4,0.16421999297678616,0.0,0.0,0.0,0.11018310458880241,0.35521374633311675,0.0,0.3703831561012947
C003510,3,0.44743303036239773,0.0,0.0,0.0,0.06922490995463602,0.0,0.11831055347652862,0.3650315062064375
C003514,0,0.0,0.0,0.12251690601294898,0.0,0.23038695444658797,0.0,0.2045474406934632,0.4425486988469998
C003515,1,0.11415152915858395,0.24078925223747866,0.0,0.0,0.08761317177810538,0.0,0.2710879034217622,0.2863581434040699
C003516,2,0.21576434235679448,0.0,0.0,0.10395164266929678,0.09288191057117855,0.0,0.33768769900612333,0.2497144053966069
C003517,1,0.0,0.0,0.0,0.31957953568236325,0.4192734194264771,0.12494040849727828,0.0,0.1362066363938814
C003518,3,0.0,0.16669315154019318,0.0,0.26624558946210236,0.13158624287950466,0.0,0.10384698441325084,0.33162803170494887
C003520,3,0.0,0.0,0.48649063226522926,0.0,0.1591345765737518,0.0,0.18353700786978955,0.1708377832912294
C003521,1,0.11279380020778591,0.0,0.0,0.16111859528514016,0.02446403510244536,0.07402800537891933,0.1991721934540465,0.42842337057166274
C003522,1,0.1847395857508194,0.0,0.21110315203295862,0.0,0.0,0.0,0.0,0.6041572622162221
C003526,3,0.08701495198627635,0.0,0.0,0.12479702102845903,0.594101793948226,0.0,0.0,0.19408623303703873
C003528,1,0.0,0.7239972788851831,0.0,0.0,0.14917037031810898,0.0,0.0,0.12683235079670804
C003529,0,0.1374314277443274,0.0,0.0,0.5756399067705045,0.0,0.0,0.0,0.2869286654851681
C003531,3,0.38212959025139853,0.09020099019255495,0.0,0.10373266596647368,0.0,0.0,0.0,0.42393675358957295
C003532,2,0.10730381522106375,0.4316925708601164,0.15750410158844827,0.0,0.0,0.0,0.0,0.3034995123303717
C003534,1,0.19454212685128267,0.0,0.18066854682251338,0.24938673579716505,0.15262810996832243,0.0,0.0,0.22277448056071633
C003537,4,0.14556385032388525,0.5680947955440601,0.0,0.0,0.0,0.0,0.0,0.28634135413205464
C003540,1,0.21520006977973413,0.0,0.0,0.0,0.18761268143362483,0.4845095195309491,0.0,0.11267772925569187
C003542,2,0.0,0.0,0.0,0.4719279739278924,0.11071958286195512,0.1140596017294672,0.0,0.3032928414806853
C003543,3,0.0,0.0,0.0,0.6097297795463479,0.0,0.2406064506743584,0.0,0.14966376977929374
C003544,2,0.211904203706885,0.186571297152444,0.0,0.5008927618125278,0.0,0.0,0.0,0.10063173732814318
C003546,0,0.39835463046664765,0.0,0.23659091272448626,0.0,0.0,0.0,0.06448556786111147,0.30056888894775463
C003549,0,0.0,0.0,0.0,0.0,0.0,0.0,0.0,1.0
C003550,4,0.0,0.0,0.0,0.0899604064712001,0.19676842472630476,0.03613964390262967,0.0,0.6771315248998655
C003553,4,0.0,0.0,0.2124459744505069,0.0,0.39429827863511374,0.0,0.0,0.39325574691437937
C003558,1,0.0,0.7408909552967999,0.0,0.0,0.0,0.0,0.0,0.25910904470320006
C003559,3,0.0,0.0,0.9177586907923109,0.0,0.0,0.0,0.0,0.08224130920768913
C003562,3,0.0,0.3971177084622229,0.0,0.0,0.0,0.2268123792955287,0.0,0.3760699122422484
C003563,2,0.0,0.3314884628925185,0.0,0.14584971207483527,0.0,0.105277575524899,0.06044485584720779,0.3569393936605394
C003567,1,0.0,0.5263204993676419,0.0,0.204544699147501,0.0,0.0,0.0,0.2691348014848571
C003569,1,0.16656291314572252,0.0,0.0,0.0,0.0,0.0,0.5036768382930801,0.3297602485611975
C003570,0,0.0,0.0,0.0,0.1790316214967197,0.0,0.0,0.7351232601832542,0.08584511832002609
C003573,0,0.0,0.0,0.2513631712954073,0.0,0.0,0.44599931704480955,0.0,0.30263751165978314
C003576,0,0.0,0.0,0.9456127101039278,0.0,0.0,0.0,0.0,0.05438728989607222
C003577,3,0.0,0.0,0.0,0.0,0.0,0.0,0.9086600000548352,0.09133999994516484
C003579,3,0.3254750752205152,0.07972193539336958,0.03312628550733823,0.0,0.0,0.2588725557997472,0.0,0.3028041480790297
C003580,2,0.0,0.0,0.6875253616979433,0.0,0.0,0.0,0.0,0.3124746383020567
C003585,1,0.0,0.0,0.3245552575586574,0.0,0.0,0.24895043000387074,0.0,0.4264943124374719
C003586,3,0.0,0.0,0.14905760946607607,0.0,0.5964492929530574,0.0,0.0,0.2544930975808667
C003590,4,0.07639251279431927,0.0,0.0,0.27514149994566944,0.0,0.0,0.17572539760275863,0.4727405896572526
C003591,1,0.0896266473904221,0.0,0.046463115158686154,0.11589361047704391,0.0,0.0,0.1490164112748308,0.599000215699017
C003593,1,0.0,0.0,0.0,0.0,0.0,0.0,0.0,1.0
C003594,1,0.0,0.0,0.0,0.0,0.13360601540809436,0.0,0.7237157561897128,0.14267822840219288
C003595,4,0.0,0.0,0.0,0.5374152090883931,0.0,0.0,0.0,0.46258479091160687
C003596,0,0.0,0.17489264965198575,0.0,0.0,0.0,0.6914697485232576,0.0,0.13363760182475662
C003597,0,0.0,0.0,0.0,0.5216231930317929,0.1848260067553731,0.0,0.0,0.2935508002128341
C003598,2,0.0,0.0,0.0,0.0,0.9087431305691235,0.0,0.0,0.09125686943087652
C003599,0,0.0,0.5522014359558727,0.0,0.0,0.0,0.2256829771775071,0.0,0.2221155868666202
C003600,0,0.0,0.0,0.0,0.6344548494242243,0.0,0.1516249821504019,0.0,0.21392016842537379
C003607,4,0.0,0.0,0.0,0.0,0.25451645985638494,0.14584059457818752,0.0,0.5996429455654275
C003609,0,0.0,0.2365231418919657,0.0,0.0,0.11029886792979603,0.0,0.0,0.6531779901782383
C003612,4,0.0,0.0,0.0,0.2962082320903909,0.0,0.0,0.5596989434138997,0.14409282449570937
C003613,2,0.0,0.0,0.0,0.2672407620545219,0.0,0.0,0.0,0.7327592379454781
C003614,1,0.0,0.0,0.21806145265709048,0.0,0.11621892920480278,0.0,0.0,0.6657196181381067
C003617,0,0.13558370306857243,0.07911860199748429,0.0,0.0,0.41149222712034456,0.0,0.0,0.3738054678135987
C003619,3,0.0,0.0,0.0,0.33963773307347217,0.15954382857275903,0.0,0.0,0.5008184383537688
C003621,0,0.0,0.0,0.0,0.7827159029934775,0.0,0.0,0.0,0.21728409700652251
C003623,1,0.0,0.0,0.0684859341130818,0.0,0.0,0.320026204438675,0.2143151864897281,0.3971726749585151
C003624,0,0.0,0.22396964086877977,0.0,0.0,0.0,0.0,0.17729465965736144,0.5987356994738589
C003626,2,0.0,0.0,0.17943352295755877,0.24648489214244643,0.0,0.3067301429280395,0.0,0.2673514419719552
C003629,2,0.0,0.0,0.20155831768807983,0.10977066568618032,0.0,0.0,0.0,0.6886710166257398
C003631,1,0.0,0.3880670494972599,0.0,0.06078511089583564,0.0,0.0,0.0553424065558838,0.49580543305102054
C003634,2,0.0,0.0,0.0682494884093403,0.17056878443402634,0.05502150000274253,0.3288312154487972,0.0,0.3773290117050936
C003635,1,0.19868086047771685,0.23178085767753484,0.1349846751009056,0.0,0.0,0.0,0.0,0.4345536067438427
C003636,3,0.0,0.0,0.0,0.339376665926233,0.0,0.15338442362765975,0.0,0.5072389104461074
C003638,1,0.4040408421277876,0.0,0.0,0.0,0.0,0.3563209454019459,0.0,0.23963821247026634
C003639,1,0.08952406015714577,0.09302674229435544,0.20663303055255997,0.1486660305845902,0.0,0.0,0.0,0.46215013641134867
C003640,3,0.0,0.08097261875099412,0.0,0.0,0.3074962854626763,0.09889492157263446,0.2162888839025972,0.2963472903110979
C003642,4,0.0,0.0,0.0,0.0,0.0,0.0,0.0,1.0
C003647,2,0.0,0.25813093472289095,0.6324266173620826,0.0,0.0,0.0,0.0,0.10944244791502655
C003648,3,0.09954276623757474,0.0,0.0,0.0,0.0,0.0,0.6539191525075098,0.24653808125491533
C003649,4,0.0,0.0,0.17870269137337452,0.0,0.7247020079900056,0.0,0.0,0.09659530063661996
C003652,3,0.0,0.0,0.0,0.0,0.0,0.8411595905704495,0.0,0.15884040942955047
C003653,0,0.0,0.31293528814304744,0.0,0.32568852715669844,0.0,0.0,0.0,0.3613761847002541
C003654,1,0.0,0.0,0.17041510767461288,0.07749583686265266,0.08973611134740851,0.12548423695010302,0.0,0.536868707165223
C003658,0,0.0,0.0,0.0,0.0,0.0,0.0,0.07893793054420921,0.9210620694557908
C003659,4,0.07663731417827002,0.0,0.315303468378839,0.0,0.0,0.19145937751338668,0.04624698721369395,0.3703528527158103
C003660,0,0.24695782469249117,0.0,0.0,0.22859351144326678,0.0,0.0,0.19108677865322407,0.3333618852110179
C003661,2,0.0,0.0,0.0,0.27179434201781694,0.0,0.0,0.4194016824014603,0.3088039755807228
C003662,4,0.24074862771078906,0.0,0.0,0.0,0.0,0.0,0.0,0.7592513722892109
C003663,2,0.1004782743482579,0.10982810609484975,0.0,0.0,0.0,0.0,0.12725872883362901,0.6624348907232634
C003664,3,0.0,0.0,0.0,0.0,0.15202472248189713,0.4041660973240939,0.1731508867378009,0.270658293456208
C003666,2,0.14683603196311967,0.21033693763266575,0.0,0.0,0.0,0.0,0.27231514780033633,0.3705118826038783
C003667,1,0.21119985083614115,0.4699955135992799,0.0,0.0,0.0,0.0,0.0,0.318804635564579
C003669,2,0.5388848504705922,0.0,0.0,0.0,0.0,0.12766800501080175,0.055329071553341394,0.2781180729652648
C003672,1,0.0,0.0,0.21624853813268177,0.0,0.09555263479260694,0.0,0.0,0.6881988270747114
C003676,1,0.0,0.3100787024149799,0.0,0.41580468346523036,0.0,0.1788988361858923,0.0,0.09521777793389749
C003677,1,0.056540385733811115,0.07399601469532724,0.12212854214190964,0.14616069993574263,0.10637731880058753,0.0,0.2790056393510124,0.21579139934160962
C003684,4,0.0,0.0,0.4698176817671776,0.11266700331629861,0.0,0.0,0.15010926117948958,0.2674060537370342
C003687,1,0.0,0.0,0.0,0.37449990509790476,0.06883410270038798,0.13688413978049313,0.0,0.41978185242121413
C003689,3,0.0,0.0,0.0,0.0,0.8422854678801334,0.0,0.0,0.15771453211986664
C003690,1,0.0,0.3419743787322791,0.0,0.0,0.0,0.2338582390070454,0.060115249805606084,0.36405213245506945
C003693,0,0.0,0.0,0.0,0.0,0.0,0.0,0.0,1.0
C003696,3,0.0,0.635408053408783,0.0,0.17906060257622292,0.0,0.0,0.0,0.18553134401499413
C003697,0,0.0,0.0,0.0,0.0,0.11859134216039025,0.0,0.45236232782388286,0.429046330015727
C003698,3,0.0,0.0,0.0,0.0,0.0,0.42996100165855106,0.26260028836918475,0.3074387099722642
C003699,4,0.11522603864888996,0.07343959439508825,0.5191992921076788,0.0,0.0,0.0,0.0,0.292135074848343
C003700,4,0.15491721877441078,0.0,0.0,0.0,0.0,0.5922007775700187,0.0,0.2528820036555705
C003708,3,0.0,0.0,0.0,0.0,0.0,0.0,0.0,1.0
C003710,3,0.34167394579151594,0.0,0.0,0.20245050295097444,0.0,0.0,0.0,0.45587555125750956
C003715,2,0.207620682180514,0.22598544521846747,0.1926122733281729,0.0,0.0,0.0,0.0,0.37378159927284554
C003716,1,0.09611794603822439,0.0,0.13875085441362695,0.0,0.0,0.0,0.1751303868471756,0.5900008127009732
C003717,0,0.14221038964418148,0.0,0.05999114133719562,0.24412793079726958,0.0,0.0,0.11942735122233267,0.43424318699902065
C003718,0,0.0,0.0,0.0,0.0,0.766390780869763,0.0,0.0,0.23360921913023702
C003719,3,0.17245320089737382,0.0,0.4947403200025928,0.0,0.0,0.0,0.1302553486751969,0.20255113042483658
C003722,2,0.0,0.0,0.0,0.0,0.20696130125589154,0.19344362225300163,0.0,0.5995950764911069
C003723,3,0.17201395731529245,0.0,0.0,0.0,0.19523310036754943,0.11465467017841545,0.0,0.5180982721387427
C003727,3,0.1138638852986961,0.0,0.08973114580854334,0.3279197803017282,0.0,0.20696984729354814,0.0,0.26151534129748416
C003728,1,0.2303382674836779,0.0,0.0,0.0,0.11408323103666573,0.2568974358879733,0.0,0.39868106559168304
C003733,0,0.11308168494296446,0.0,0.11897286703382347,0.0,0.24391450412533552,0.19003562486113273,0.0,0.3339953190367438
C003734,4,0.1276160767136164,0.0,0.10560021572889149,0.0,0.46514544760235843,0.0,0.12229271871712516,0.17934554123800872
C003736,0,0.3332854197625645,0.0,0.0,0.284223599472089,0.05204550645564796,0.0,0.0,0.33044547430969856
C003738,1,0.0,0.0,0.0,0.06465276087680004,0.0958077075354015,0.0,0.43459184232017783,0.40494768926762065
C003739,0,0.0,0.0,0.17293516229898803,0.0,0.0,0.1489550703149049,0.0,0.6781097673861072
C003740,3,0.2384961888256914,0.15667681955812102,0.0,0.0,0.0,0.0,0.4351116259613989,0.16971536565478867
C003741,3,0.0,0.07038767845820598,0.6732437238633464,0.0,0.0,0.0,0.0,0.2563685976784477
C003743,1,0.0,0.5888998102742204,0.0,0.2550697355411101,0.0,0.0,0.0,0.15603045418466938
C003745,0,0.06043920131577438,0.16065429951127436,0.0,0.0,0.0,0.10336819497317966,0.0,0.6755383041997716
C003746,3,0.13048572768123048,0.0,0.5753479973101843,0.0,0.0,0.04320417852316343,0.05063971357126559,0.20032238291415608
C003748,1,0.0,0.0,0.26705906956610137,0.4292803271334905,0.0,0.0,0.11612514282171497,0.18753546047869318
C003750,3,0.0,0.0,0.0,0.40874835898795864,0.0,0.0,0.1321942320488785,0.4590574089631629
C003751,4,0.2908341242614855,0.04768391065036663,0.28582810864218006,0.0,0.0,0.11134905826716238,0.0,0.26430479817880537
C003753,0,0.0,0.327450643073996,0.4397507568462475,0.0,0.0,0.0,0.0,0.23279860007975645
C003754,4,0.0,0.0,0.0,0.0,0.406158927137714,0.3520424330009004,0.0,0.24179863986138558
C003756,0,0.36163094086294306,0.0,0.0,0.0,0.22072611155965988,0.0,0.08290918048746358,0.33473376708993335
C003764,2,0.3039178812162512,0.21628381428748034,0.0,0.0,0.0,0.0,0.0,0.4797983044962684
C003765,1,0.0,0.08326587185919208,0.11642463295493105,0.29934106764259116,0.06665117676471069,0.0,0.21949495708299685,0.21482229369557804
C003766,0,0.3533685701261035,0.0,0.0,0.33048641151714697,0.0,0.0,0.0,0.31614501835674946
C003770,1,0.14679653614670551,0.0,0.7134153551367831,0.0,0.0,0.0,0.0,0.13978810871651123
C003773,1,0.0,0.0,0.08872989902282648,0.0,0.0,0.3695339332386473,0.08557784977226314,0.45615831796626294
C003774,1,0.0,0.0,0.0,0.5315311277289146,0.0,0.0,0.2701852549789292,0.19828361729215627
C003775,4,0.13711736903670976,0.0,0.0,0.0,0.0,0.1233528984751066,0.2444231503831513,0.4951065821050323
C003776,1,0.0,0.0,0.6279939818528361,0.0,0.0,0.2535956442373674,0.0,0.11841037390979652
C003778,4,0.4313871233358088,0.0,0.1197549030842401,0.0,0.1164204310286867,0.0,0.0,0.33243754255126445
C003779,4,0.11470561768406595,0.05358965149338991,0.0,0.0,0.1533690300910934,0.0,0.1866400319800728,0.491695668751378
C003781,4,0.9022072569821693,0.0,0.0,0.0,0.0,0.0,0.0,0.0977927430178307
C003784,1,0.0,0.4030085827454756,0.0,0.12593715168090347,0.0,0.08272716930944646,0.0,0.3883270962641745
C003785,3,0.0,0.0,0.5926596066061763,0.0,0.0,0.2945287140118192,0.0,0.11281167938200448
C003786,3,0.0,0.0,0.3572576081626893,0.1500195731599811,0.20212305438372138,0.0848972320751831,0.0,0.20570253221842513
C003788,1,0.0,0.0,0.049949974326492556,0.0,0.26344808671240105,0.18620461653658413,0.12231183370277691,0.3780854887217453
C003789,1,0.0,0.0,0.0,0.0,0.30109560499195676,0.0,0.41561531096906984,0.28328908403897335
C003790,3,0.0,0.0,0.0,0.32963054885910487,0.0,0.20979740420016596,0.14534571437337038,0.3152263325673587
C003791,4,0.0,0.31298276052911306,0.0,0.0,0.3205016380060671,0.0,0.0,0.3665156014648198
C003792,1,0.0,0.0,0.12216548849240619,0.0,0.15818282168317369,0.0,0.4297584091029964,0.2898932807214238
C003793,3,0.0,0.0,0.23111012348793927,0.0,0.12650102672894903,0.0,0.19103908106254142,0.45134976872057025
C003799,1,0.17272206273038215,0.2860903169234972,0.0,0.11887747648650178,0.0,0.0,0.06471737692064528,0.35759276693897374
C003801,0,0.0,0.0,0.0,0.2908414514674026,0.0742988843346766,0.0,0.22976112282180877,0.405098541376112
C003802,1,0.0,0.0,0.17720106539988925,0.0,0.0,0.0,0.5915680568665973,0.2312308777335134
C003805,1,0.12481809409089503,0.0,0.0,0.0,0.0,0.439728892514675,0.0,0.4354530133944299
C003806,3,0.0,0.11286149880251453,0.0,0.0415203727577835,0.0,0.22677082323270592,0.10300109272107506,0.515846212485921
C003807,1,0.0,0.0,0.0,0.2881632145298636,0.1455071879001747,0.0,0.1856856885640085,0.3806439090059532
C003808,4,0.0,0.0,0.0,0.0,0.0,0.0,0.0,1.0
C003809,0,0.0,0.0,0.0,0.0,0.0,0.21649219233006436,0.5001617323638639,0.2833460753060718
C003811,3,0.0,0.6109894423014708,0.0,0.0,0.0,0.07013895136370081,0.07244611853939101,0.24642548779543746
C003812,0,0.0,0.0,0.0,0.0,0.2444394729817427,0.0,0.5472829498139743,0.208277577204283
C003813,2,0.0,0.0,0.0,0.2547899824963582,0.0,0.4531557764274675,0.0,0.2920542410761742
C003814,3,0.0,0.0,0.06365604825926599,0.0,0.5642531393626921,0.0,0.0,0.3720908123780419
C003816,4,0.0,0.0,0.15594907874346536,0.0,0.0,0.4872902423216064,0.0,0.3567606789349282
C003817,3,0.4913420841561965,0.0,0.0,0.0,0.0,0.2203422389058071,0.0,0.28831567693799637
C003818,4,0.09220888691010226,0.07155463051719121,0.0,0.0,0.0,0.0804808183207114,0.41841348563185743,0.33734217862013777
C003821,1,0.0,0.0,0.2536845195510669,0.09022599112325835,0.09377652237619218,0.07212388488005637,0.0,0.4901890820694261
C003822,1,0.0,0.0,0.0,0.5121195706754994,0.0,0.23759868886187718,0.0,0.25028174046262336
C003823,1,0.0,0.0,0.40676657440336944,0.0,0.0,0.0,0.0,0.5932334255966305
C003824,3,0.21136237152629686,0.0,0.0,0.0,0.5783255914140014,0.0,0.0,0.21031203705970183
C003826,1,0.0,0.0,0.0,0.20642639440524588,0.0,0.0,0.0,0.7935736055947541
C003831,0,0.0,0.0,0.0,0.261779535900543,0.0,0.0,0.15866117697232748,0.5795592871271297
C003838,1,0.0,0.13785718003705952,0.0,0.14226993643655925,0.5432617242610921,0.0,0.0,0.17661115926528917
C003843,2,0.48673933981182216,0.0,0.0,0.0,0.21131496817800882,0.0,0.0,0.3019456920101691
C003846,0,0.07197777524800932,0.0,0.0,0.13544590528862235,0.20136224419223522,0.0,0.16584727358260823,0.4253668016885249
C003848,2,0.0,0.23217326609068387,0.0,0.08029418525608768,0.09242318438411468,0.0,0.0,0.5951093642691138
C003850,0,0.0,0.2244375568320418,0.44130799885037864,0.0,0.0,0.0,0.0,0.33425444431757956
C003852,1,0.0,0.0,0.0,0.0,0.0,0.801544920478245,0.0,0.198455079521755
C003854,1,0.0,0.0,0.0,0.0,0.0,0.0,0.9425525727032271,0.05744742729677288
C003856,4,0.0,0.8126240244055116,0.0,0.0,0.0,0.0,0.0,0.18737597559448838
C003858,1,0.0,0.0,0.0,0.12161713252426015,0.0670941068422882,0.5353345243133244,0.0,0.2759542363201274
C003860,4,0.0,0.0,0.18560890599114968,0.0,0.0,0.0,0.33309821528454797,0.48129287872430215
C003862,2,0.0,0.14286643381379394,0.19648969498707092,0.0,0.0,0.0,0.37206365007575604,0.28858022112337905
C003869,4,0.0,0.0,0.0,0.0,0.0,0.5401535981112547,0.0918815999706779,0.3679648019180674
C003870,1,0.02784489177888392,0.4333401986594631,0.0,0.09558635488396491,0.1084774154279108,0.0,0.0,0.33475113924977734
C003872,4,0.0,0.0,0.0,0.0,0.40609121477850674,0.0,0.0,0.5939087852214933
C003873,0,0.0,0.0,0.0,0.909161719081695,0.0,0.0,0.0,0.09083828091830504
C003877,2,0.0,0.0,0.0,0.0,0.0,0.2560861539478481,0.20765584540054138,0.5362580006516106
C003880,2,0.09407529754952099,0.0,0.0,0.09790828649447884,0.05372579992699325,0.1430082445801974,0.0,0.6112823714488095
C003881,1,0.0,0.45997917398234667,0.0,0.0,0.0,0.0,0.41366350541904856,0.12635732059860488
C003886,1,0.0,0.0,0.0,0.4687451748181396,0.2434103738582588,0.0,0.10179611555550357,0.18604833576809812
C003887,1,0.0,0.8171549537994044,0.0,0.0,0.0,0.0,0.0,0.1828450462005956
C003888,3,0.3647361945073047,0.0,0.0,0.0,0.0,0.10416894819805478,0.17379869997631975,0.3572961573183208
C003889,3,0.5983173469780039,0.0,0.16815055436500814,0.0,0.09708428003371543,0.0,0.0,0.1364478186232726
C003891,0,0.0,0.0,0.0,0.0,0.15003069922003712,0.0,0.0,0.8499693007799629
C003892,3,0.06119727358236125,0.0647116593022876,0.18282890181690153,0.0,0.0,0.0,0.0,0.6912621652984496
C003894,1,0.0,0.0840411820984697,0.0,0.16684526800552338,0.0,0.3651277065956093,0.0,0.3839858433003977
C003898,0,0.060636882797713315,0.0,0.18138171419341725,0.17823514762291404,0.37694818607071695,0.0,0.0,0.20279806931523833
C003901,4,0.2146261463426728,0.0,0.0,0.0,0.0,0.0,0.29014141853074144,0.4952324351265859
C003907,0,0.14629575444636436,0.11286165478850803,0.0,0.13248790454837464,0.0,0.1673890109695553,0.0894619884722227,0.35150368677497495
C003908,2,0.1108450683683983,0.0,0.0,0.0,0.0,0.12899057775341874,0.0,0.760164353878183
C003910,4,0.0,0.0,0.0,0.475655135346377,0.1395674377311984,0.2628167539704351,0.0,0.12196067295198958
C003912,2,0.1549769470023418,0.0,0.14599836328957508,0.0,0.0,0.14852250639088382,0.20007318794562948,0.3504289953715699
C003918,4,0.1687411226850476,0.0,0.0,0.11086571067720949,0.590854967403429,0.0,0.0,0.12953819923431387
C003919,3,0.0,0.25558912817827384,0.0,0.0,0.0,0.4638534802297418,0.0,0.2805573915919844
C003920,0,0.0,0.0,0.0,0.0,0.0,0.0,0.0,1.0
C003921,3,0.09491467480965811,0.3584269633436412,0.08739748278769748,0.0,0.0593935778766589,0.0988978759133109,0.0,0.3009694252690335
C003924,1,0.11037748581290434,0.16090529783787322,0.0,0.01386730806324833,0.06790911679859529,0.0,0.3173315312274017,0.3296092602599771
C003925,3,0.0,0.0,0.19676435501505668,0.0,0.08876191775905105,0.30123398076358227,0.0,0.41323974646231
C003926,4,0.0,0.0,0.0,0.0,0.0,0.0,0.9145915267460611,0.08540847325393885
C003928,2,0.1085820674849941,0.0,0.21172699412666982,0.0,0.04396566048699715,0.3188186976661146,0.0,0.3169065802352244
C003929,1,0.0,0.0,0.0,0.16657591800374028,0.0,0.0,0.6146788705872288,0.21874521140903083
C003930,1,0.0,0.0,0.0,0.4112652856031232,0.0,0.0,0.15243528099952952,0.43629943339734717
C003931,0,0.0,0.0,0.0,0.0,0.47585580743507666,0.0,0.2784139025928584,0.24573028997206486
C003933,3,0.0,0.0,0.0,0.0,0.0,0.47019002550709,0.3196841616185864,0.21012581287432355
C003935,0,0.3240826125282957,0.0,0.0,0.0,0.4025599184444986,0.0,0.0,0.2733574690272057
C003936,0,0.0,0.08902915258519793,0.08236969428366936,0.06722794029625195,0.08978122650004396,0.14881937569312448,0.0,0.5227726106417124
C003938,3,0.0,0.0,0.11503868765225458,0.0,0.25874845993890694,0.17237250932607082,0.2102766277501917,0.2435637153325759
C003939,4,0.0,0.0,0.0,0.0,0.0,0.0,0.48188561468907254,0.5181143853109275
C003941,2,0.0,0.7756012925855876,0.0,0.0,0.0,0.0,0.0,0.22439870741441237
C003942,4,0.0,0.0,0.0,0.0,0.3104634863988169,0.0,0.41650741990584167,0.27302909369534145
C003944,4,0.0,0.0,0.09468882077177075,0.0,0.0,0.19645640632654446,0.15398952477160996,0.5548652481300748
C003946,3,0.47968108024723854,0.0,0.23718635370200958,0.0,0.0,0.0,0.10754093754580213,0.17559162850494978
C003947,3,0.0,0.10741172203055364,0.0,0.40747902575443246,0.06942721363329826,0.0904501778448553,0.0,0.3252318607368603
C003949,3,0.0,0.0,0.09863526114189058,0.1488779782626986,0.0,0.22093605394737736,0.0,0.5315507066480335
C003959,4,0.0,0.47996165686225317,0.13457799841267007,0.0,0.0,0.0,0.12477040576438098,0.2606899389606957
C003961,2,0.18896235560566993,0.15927183235848827,0.20013071038002458,0.0,0.0,0.0,0.0,0.4516351016558172
C003963,3,0.0,0.0,0.0,0.0,0.19567541777746575,0.3506806621787204,0.15593241885279827,0.29771150119101564
C003964,3,0.0,0.0,0.0,0.0,0.3237692758271736,0.08112518277642079,0.05199555765053962,0.5431099837458659
C003965,3,0.0,0.13417653796474432,0.3886043282073597,0.0,0.13014288622743206,0.0,0.0,0.34707624760046396
C003966,0,0.7341505613756416,0.0,0.0,0.0,0.0,0.16209611492085452,0.0,0.10375332370350407
C003967,1,0.11019098274124388,0.15259432406437007,0.49163772371061487,0.0,0.0,0.05503461844929236,0.0,0.19054235103447884
C003970,3,0.0,0.0,0.1352241353612981,0.0,0.21358675576235472,0.3273606136244656,0.10231133468914111,0.2215171605627404
C003976,0,0.4160017951298932,0.0,0.0,0.0,0.18822391972699393,0.23292876216584008,0.0,0.16284552297727287
C003978,4,0.0,0.0,0.14198048268929195,0.0878596555923264,0.4279680304359748,0.0,0.17899886093437423,0.1631929703480325
C003980,2,0.0,0.12633396490177423,0.0,0.0,0.2656103723318455,0.0,0.0734743150752685,0.5345813476911117
C003981,2,0.6706138831910837,0.0,0.0,0.0,0.0,0.16739249929196728,0.0,0.16199361751694896
C003982,4,0.0,0.0,0.0,0.4517648816002182,0.1920046739375918,0.0987919885868573,0.0,0.2574384558753327
C003985,1,0.0,0.05784868244668046,0.0,0.20430945910829196,0.0,0.0,0.5172175079965396,0.22062435044848794
C003986,2,0.0,0.8988643587462919,0.0,0.0,0.0,0.0,0.0,0.10113564125370811
C003987,1,0.2426935057185851,0.0,0.2810435990668073,0.0,0.0,0.22000793789807385,0.0,0.2562549573165336
C003988,4,0.0,0.0,0.0,0.2930198768642254,0.0,0.17173967755562822,0.0,0.5352404455801463
C003990,1,0.0,0.13987778552982452,0.0,0.0,0.4205528537965239,0.0,0.0,0.4395693606736515
C003991,3,0.0,0.2801533544415913,0.0,0.0,0.0,0.0,0.0,0.7198466455584087
C003992,3,0.0,0.0,0.0,0.0,0.0,0.0,0.9431785799054577,0.056821420094542274
C003993,0,0.0,0.07568349459423968,0.1189509604656083,0.0,0.0,0.6287111518687709,0.0,0.176654393071381
C003994,2,0.0,0.0,0.0,0.0,0.0,0.0,0.0,1.0
C003995,2,0.0,0.412571415675425,0.0,0.0,0.0,0.13239432630391515,0.20099014567694892,0.2540441123437109
C003999,4,0.9387429153674242,0.0,0.0,0.0,0.0,0.0,0.0,0.06125708463257584
