client_id,fold,cloud,gym,insurance,mobile,music,software,streaming,none
C000001,2,0.0,0.17802618799570818,0.3027626512707173,0.23167144891909489,0.0,0.0,0.21041920940404768,0.077120502410432
C000005,3,0.0,0.24370488219421577,0.0,0.44809852202657535,0.0,0.0,0.0,0.3081965957792089
C000007,3,0.758363622607381,0.0,0.0,0.0,0.0,0.09960029895363838,0.0,0.14203607843898058
C000009,2,0.03029152396387761,0.0,0.0,0.0,0.0,0.41309813828484815,0.5484935498750021,0.008116787876272125
C000012,4,0.0,0.0,0.0,0.0,0.0,0.9321794484093857,0.0,0.06782055159061429
C000014,4,0.34471359028616816,0.0,0.0,0.0,0.0,0.4266616901122752,0.0,0.22862471960155661
C000015,0,0.0,0.0,0.41256014333788793,0.0,0.0,0.0,0.0,0.5874398566621121
C000016,1,0.0,0.018985205863723296,0.7077386685511485,0.0,0.0,0.0,0.0,0.27327612558512815
C000017,3,0.0,0.032007794857533634,0.09716621727330144,0.5710672430934516,0.0,0.0,0.20366050163278845,0.09609824314292481
C000021,1,0.0,0.0,0.0,0.24970730233149183,0.0,0.038167880828753956,0.2841838935997946,0.4279409232399596
C000022,2,0.0,0.0,0.0,0.0,0.0,0.3464753063236911,0.42479551967544055,0.22872917400086834
C000024,1,0.0,0.7658372056005367,0.0,0.0,0.02346740724057202,0.025826349860302897,0.0,0.1848690372985884
C000025,0,0.7279007318421444,0.0,0.0,0.08859195679177327,0.01424605122675853,0.0962267413102808,0.015969200114692928,0.057065318714350166
C000026,1,0.0,0.38830981674857895,0.24711341933118547,0.19801456202334453,0.0,0.09303210377563882,0.04728242780639438,0.02624767031485775
C000027,2,0.0,0.01009240881507898,0.0,0.2042369418422188,0.7604943492089093,0.012152527561775463,0.0,0.013023772572017478
C000028,3,0.3564184138268163,0.116903607171026,0.0,0.0,0.09368873310623071,0.40524868989369045,0.0,0.02774055600223657
C000029,3,0.2749438285052714,0.0,0.0,0.017366348762646158,0.33348686881293554,0.1624468340141265,0.09839869341528411,0.11335742648973635
C000030,3,0.07476229302720297,0.0,0.0,0.0,0.03957204560828217,0.0,0.0,0.8856656613645149
C000033,0,0.058960584908188736,0.0,0.0,0.0,0.0,0.0,0.2969952736701362,0.6440441414216751
C000035,2,0.0,0.026731841203278765,0.0,0.333803118913817,0.028869321883693063,0.0,0.014494040086673602,0.5961016779125377
C000038,3,0.0,0.0,0.0,0.0,0.32044249126731444,0.2822528423542936,0.0,0.3973046663783919
C000039,0,0.0,0.0,0.0,0.0,0.0,0.0,0.0,1.0
C000040,2,0.1645937423687013,0.6164577700865825,0.17831540910956128,0.0,0.0,0.0,0.0,0.04063307843515496
C000041,3,0.0,0.0,0.9122887517189967,0.0,0.049759828530128655,0.0,0.0,0.03795141975087468
C000043,1,0.0,0.0,0.07595066339860188,0.0,0.0,0.0,0.04550663580667981,0.8785427007947183
C000044,1,0.0,0.0,0.0,0.0,0.0,0.0,0.050872446171514984,0.949127553828485
C000047,2,0.0,0.5519451825881572,0.0,0.0,0.4015292230860237,0.0,0.0,0.04652559432581915
C000053,3,0.1345266228902073,0.5322737679463067,0.0,0.0,0.0,0.0,0.0,0.333199609163486
C000055,1,0.0,0.0,0.0,0.0,0.0,0.25934519047653926,0.0,0.7406548095234607
C000060,0,0.0,0.0,0.8388155532642895,0.0,0.0,0.0,0.0,0.16118444673571053
C000062,4,0.1102296369830762,0.0,0.0,0.02148655007668644,0.0,0.0,0.0,0.8682838129402374
C000063,1,0.0,0.0,0.8652200205574769,0.0,0.0,0.0,0.0,0.13477997944252307
C000064,1,0.0,0.0,0.3553617031080093,0.004926466421520369,0.0,0.5453591088906539,0.0,0.09435272157981645
C000066,1,0.021951466655791164,0.0,0.0,0.0,0.0,0.0,0.05613023526490325,0.9219182980793056
C000069,3,0.05003122800675274,0.0,0.3419821343836399,0.04314110714025591,0.0,0.0,0.010438790320456607,0.5544067401488948
C000072,1,0.0,0.0,0.0,0.2909370864533096,0.0,0.6341418330967218,0.05109733620047979,0.023823744249488854
C000073,4,0.0,0.0,0.04652863997264069,0.0,0.21453836992385963,0.0,0.0,0.7389329901034997
C000077,4,0.3934084088308973,0.0,0.0,0.054688826671474,0.0,0.0,0.0,0.5519027644976287
C000078,4,0.0,0.0,0.6202168184511947,0.0,0.2883165865752543,0.0,0.0368789791648662,0.054587615808684875
C000079,2,0.0,0.27178428558331924,0.0,0.090618920850478,0.0,0.47933422073617316,0.15661704757947448,0.0016455252505550577
C000080,2,0.0,0.0,0.0,0.0,0.0,0.0,0.0,1.0
C000084,3,0.0,0.0,0.060893656119700504,0.10825340145961485,0.0,0.0,0.0,0.8308529424206846
C000085,2,0.0,0.0,0.7878244863007531,0.0,0.0,0.0,0.0,0.21217551369924692
C000088,1,0.15380978840536141,0.020343842171279464,0.8094670589560252,0.0,0.0,0.0,0.0,0.016379310467333874
C000093,0,0.48467947829127717,0.0,0.019439528831555683,0.0,0.0,0.0,0.0,0.49588099287716714
C000094,1,0.5701935253219051,0.0,0.15363484557434107,0.0,0.1140957295052805,0.0,0.0,0.16207589959847335
C000095,1,0.09381311321543012,0.0,0.0,0.84733560965108,0.01199834245565119,0.028482838567406014,0.0,0.01837009611043272
C000100,2,0.07312789169530634,0.6432301744907217,0.06728475376019567,0.0,0.0,0.0,0.0,0.21635718005377624
C000101,1,0.0,0.9011744870465728,0.0,0.0,0.0,0.0,0.0,0.09882551295342723
C000102,4,0.0,0.16835416515733412,0.0,0.0,0.0,0.4693935641261896,0.0,0.36225227071647625
C000103,3,0.0,0.0,0.6467299573655655,0.11055376550386758,0.05987887543896215,0.175984312884902,0.0,0.006853088806702656
C000104,3,0.0,0.0,0.5166954585281731,0.0,0.3762700290396171,0.0,0.0,0.10703451243220985
C000105,4,0.0,0.29566401201931786,0.07625985490637496,0.0,0.0,0.0,0.5512292945083425,0.07684683856596475
C000106,4,0.0,0.0,0.0,0.0,0.0,0.0,0.816791329812249,0.183208670187751
C000109,1,0.6226946367140258,0.0,0.0,0.0,0.0,0.3528228380155687,0.0,0.02448252527040551
C000110,1,0.0,0.22333557051456593,0.2919032754051698,0.3676731496992122,0.018867109032697345,0.0,0.017713365967610372,0.08050752938074424
C000111,1,0.0,0.0,0.22570446065481253,0.0,0.0,0.0,0.7114258594446158,0.06286967990057168
C000113,0,0.0,0.0,0.0,0.47117355191870075,0.05412067772067353,0.0,0.0,0.47470577036062567
C000115,1,0.0829877949709829,0.0,0.0,0.0,0.021008065727007957,0.2750952990603855,0.2271412021298542,0.3937676381117694
C000116,0,0.13815312492025286,0.0,0.7731595817779889,0.0,0.0,0.0,0.06466849107624051,0.024018802225517666
C000117,1,0.0,0.9121119599876095,0.0,0.0,0.0,0.0,0.0,0.08788804001239048
C000119,1,0.2983608658896807,0.0,0.0,0.0,0.0,0.0,0.5813747339450757,0.12026440016524365
C000120,3,0.0,0.5770632772970925,0.0,0.0,0.0625981527434823,0.0,0.11430933002422651,0.24602923993519876
C000122,0,0.12952829218120926,0.0,0.0,0.08884843982628661,0.0,0.0,0.0,0.7816232679925041
C000127,3,0.0,0.06581283764628092,0.0,0.0,0.0,0.08459716414537849,0.017585520301952744,0.8320044779063879
C000128,1,0.0,0.0,0.9138442278130992,0.0,0.047522572969956295,0.0,0.0,0.038633199216944525
C000129,3,0.10826904873545516,0.0,0.0,0.0,0.0,0.7129978522999079,0.009075831935056901,0.16965726702958006
C000130,3,0.0,0.05902558636825812,0.32443974782945456,0.0,0.0,0.0,0.0,0.6165346658022873
C000132,4,0.0,0.0,0.0,0.3309273180242203,0.19363218854254827,0.44419108218895437,0.0,0.03124941124427716
C000134,3,0.24646157109497474,0.0,0.47612074400346904,0.0,0.0,0.0,0.2663326633700411,0.011085021531515027
C000135,3,0.18200121959846877,0.0,0.0,0.07845259665048036,0.019954927892090725,0.0,0.0,0.7195912558589601
C000136,4,0.0,0.0,0.10114214469452451,0.027137354539411414,0.0,0.0,0.044097992422923296,0.8276225083431408
C000137,3,0.10529086630239841,0.0,0.0,0.0,0.13942286173903207,0.0,0.30420112782034997,0.45108514413821954
C000140,0,0.0,0.08691969502257106,0.0,0.0,0.0,0.5126128784950567,0.229000059575534,0.17146736690683828
C000142,4,0.027289236755474535,0.20204006092375026,0.0,0.717882310322171,0.0,0.0,0.0502140139654619,0.0025743780331423105
C000144,0,0.0,0.0,0.0,0.0,0.0,0.9546555824097244,0.0,0.04534441759027563
C000148,4,0.187966909280387,0.10992823977745152,0.0,0.025669880343958413,0.0,0.0,0.4927513202281026,0.18368365037010048
C000149,3,0.0,0.0,0.0,0.0,0.0,0.0,0.6452981880565721,0.35470181194342787
C000150,3,0.0,0.0,0.0,0.0,0.0,0.8703108219044251,0.07893739502579761,0.050751783069777234
C000152,4,0.8406675453993695,0.0,0.0,0.0,0.011908981119798377,0.0,0.02258317727896958,0.12484029620186265
C000153,3,0.0,0.0,0.0,0.8232771221715527,0.0,0.0,0.0,0.1767228778284473
C000155,2,0.0,0.0,0.037079338599700695,0.0,0.0,0.0,0.0,0.9629206614002993
C000157,0,0.0,0.0,0.0,0.0,0.0,0.0,0.0,1.0
C000159,4,0.0,0.0,0.45067145342443526,0.016207658120113405,0.0,0.0,0.03885200526396448,0.4942688831914869
C000160,4,0.0,0.0,0.0,0.0,0.0,0.0,0.0,1.0
C000162,4,0.03797985371514051,0.0,0.006439562677246057,0.06726063125072028,0.0,0.3564460049401192,0.25272716666841344,0.2791467807483605
C000164,4,0.08892738255683844,0.0,0.28366453623220106,0.0,0.4812017368496073,0.0,0.0,0.14620634436135316
C000168,2,0.0,0.11594257243826608,0.0,0.0,0.0,0.4976480362519986,0.0,0.3864093913097353
C000169,4,0.0,0.044108431860099974,0.0,0.06578427931132849,0.0,0.0,0.37668013786542515,0.5134271509631464
C000171,3,0.0,0.0,0.0,0.04771849435497644,0.0,0.0,0.8802584904434311,0.07202301520159249
C000172,3,0.0,0.0,0.0,0.0,0.0,0.0,0.0,1.0
C000173,3,0.6837823246468612,0.0,0.06501762688622746,0.19057376715400282,0.0,0.0,0.0,0.06062628131290859
C000174,0,0.0,0.0,0.0,0.0,0.0,0.07517701019843392,0.0,0.9248229898015661
C000175,3,0.012040104123642556,0.0,0.33308833849300185,0.0,0.47386634318680115,0.0,0.0,0.18100521419655446
C000177,0,0.12036580380283521,0.0,0.39253135415218493,0.2508291750081228,0.09117910730443131,0.0,0.061055197020099754,0.08403936271232593
C000179,0,0.02642663448650166,0.277180759830412,0.0,0.031734305526548615,0.5900900294328547,0.0,0.0,0.074568270723683
C000181,2,0.0,0.07837847138234716,0.0,0.0,0.8644888025303091,0.03902093570386322,0.0,0.01811179038348054
C000183,3,0.0,0.13050677131549243,0.0,0.48426482116380476,0.0,0.0,0.28550657578143185,0.09972183173927096
C000185,1,0.08649765861970041,0.8401370008239993,0.0,0.0,0.0,0.0,0.0,0.07336534055630028
C000187,0,0.0,0.0,0.4992025098675768,0.0,0.3863420816843013,0.0,0.0,0.11445540844812196
C000189,0,0.022600101961491516,0.0,0.0,0.0,0.019606265554453092,0.5555619256139275,0.05542131608551114,0.34681039078461673
C000190,3,0.8369610634208938,0.0,0.0,0.0,0.0,0.0,0.0,0.16303893657910618
C000191,2,0.0,0.0,0.0,0.2850310933460242,0.2087575188182749,0.0,0.47914992360650266,0.027061464229198195
C000192,3,0.0,0.39375241439387143,0.10822695440717849,0.0,0.2342756519531492,0.21220175518957282,0.0,0.05154322405622802
C000196,4,0.7258847558969954,0.0,0.0,0.0,0.031940376217374486,0.0,0.0,0.24217486788563014
C000197,3,0.0,0.0,0.0,0.0,0.5884476823423568,0.17915153329091144,0.0,0.23240078436673173
C000198,3,0.0,0.0,0.0,0.0,0.0,0.0,0.8629111280446239,0.1370888719553761
C000201,4,0.0,0.7822366846813693,0.0,0.0,0.0,0.0,0.0,0.2177633153186307
C000202,3,0.33779826699728754,0.1668820674991825,0.06642791558899944,0.0,0.0,0.08561763050533829,0.30015575196556055,0.04311836744363162
C000203,4,0.0,0.16392625004745603,0.1229747148826104,0.0,0.0,0.29452548261598605,0.0,0.41857355245394756
C000205,2,0.051105079596868296,0.0,0.0,0.35857279353188776,0.0,0.12795822908366658,0.0,0.46236389778757736
C000206,4,0.0,0.0,0.0,0.01921706165155861,0.6030855307219545,0.3376857773690138,0.0,0.04001163025747312
C000207,2,0.6989047299899203,0.084365727368272,0.0,0.030133520230174442,0.0,0.0,0.14809506177935083,0.03850096063228248
C000210,4,0.31413623485199127,0.04808862310297908,0.08021862654612091,0.45511861048947416,0.0,0.0,0.0,0.10243790500943462
C000212,4,0.6010469723981602,0.19256687003372844,0.08093264203751116,0.0963268938095436,0.0,0.0,0.0,0.029126621721056623
C000214,0,0.0,0.0,0.0,0.07916959030618877,0.006520705697182654,0.0,0.0,0.9143097039966286
C000218,1,0.0,0.0047412169169163245,0.65218181414062,0.06318737448534979,0.07509479697995973,0.0,0.0998113138459904,0.10498348363116372
C000219,4,0.24237417455714885,0.0765957391300397,0.0,0.060961609118989714,0.6076118091091963,0.0,0.0,0.012456668084625422
C000222,4,0.0,0.0,0.0,0.015925619655819973,0.0,0.07110167761478547,0.08675672158694946,0.8262159811424451
C000223,3,0.632835553386779,0.0,0.0,0.09735123125926794,0.0,0.0,0.21737784641643837,0.05243536893751477
C000226,1,0.0,0.0,0.8018989834051684,0.0,0.0,0.0,0.0,0.1981010165948316
C000228,4,0.0,0.007222773700044449,0.8727891955053375,0.00031553530667306003,0.11239537886514117,0.0,0.0,0.007277116622803836
C000230,2,0.0,0.02312803911666655,0.23141869017634437,0.0,0.0,0.0,0.0,0.7454532707069891
C000233,1,0.0,0.0,0.27102787494705316,0.0,0.5082338966406927,0.0,0.0,0.2207382284122541
C000234,4,0.05013858947488972,0.0,0.0,0.015345742958198098,0.8044786045732454,0.0,0.0,0.1300370629936668
C000235,1,0.0,0.0,0.0,0.7869280470952126,0.0,0.0,0.0,0.21307195290478742
C000236,3,0.0,0.0,0.0,0.6808137842255654,0.024754311278340865,0.0,0.09536575708954494,0.19906614740654882
C000237,0,0.4558347047628553,0.0,0.0,0.0,0.12331935290671525,0.06492781328987643,0.04721776084075893,0.3087003681997941
C000238,1,0.0,0.1268713729533319,0.0,0.1157918870061053,0.679681632438945,0.0,0.020531951858081574,0.057123155743536325
C000239,3,0.0,0.0,0.0,0.0,0.0,0.7146866802505518,0.0953949274723014,0.1899183922771468
C000240,0,0.0,0.7569640677826381,0.0,0.0,0.0,0.0,0.010734343974247176,0.23230158824311464
C000242,3,0.0,0.03023436232690626,0.0,0.4139501636118363,0.0,0.28464215003627596,0.08702590119406901,0.18414742283091246
C000245,0,0.00605323055416935,0.0,0.0,0.0,0.0,0.0,0.011616859424592499,0.9823299100212382
C000246,4,0.8590016279032368,0.0,0.0,0.0,0.0,0.0,0.0,0.14099837209676325
C000248,4,0.5236308261134937,0.0,0.24837004467353796,0.06178283878877149,0.0,0.0,0.0,0.16621629042419694
C000249,4,0.12049761344854959,0.0,0.0,0.0,0.0,0.0,0.0,0.8795023865514504
C000250,1,0.36299713391621624,0.0,0.0,0.0,0.0,0.38650390152004155,0.0,0.2504989645637422
C000252,1,0.020288112351282174,0.0,0.014839741262138837,0.0,0.0,0.39184333022207674,0.07952474735871014,0.4935040688057921
C000254,0,0.0,0.0,0.017433213496866985,0.0,0.0,0.0,0.03502320699667583,0.9475435795064572
C000257,1,0.29956191529549664,0.0,0.0,0.0,0.3090563629379407,0.0,0.0,0.3913817217665627
C000259,4,0.060997557049310355,0.0,0.23791472744571704,0.0,0.6357522477753261,0.0,0.0,0.06533546772964649
C000261,1,0.0,0.0,0.0,0.0,0.015475148338931608,0.12468240027877728,0.0,0.8598424513822911
C000262,2,0.0,0.0,0.0,0.19428723132568468,0.0,0.0,0.7492938592541235,0.05641890942019179
C000263,4,0.9213034494497063,0.03455883842803897,0.0,0.0,0.020297612821014967,0.0,0.0,0.02384009930123976
C000264,0,0.0,0.2837508215645774,0.0,0.021542661774544985,0.6269231778132642,0.0,0.0,0.06778333884761334
C000265,3,0.06713556033253368,0.0,0.0,0.0,0.0,0.8942303840785208,0.0,0.038634055588945504
C000270,3,0.0,0.0,0.0,0.0,0.8014057522613174,0.0,0.0,0.19859424773868262
C000271,0,0.0,0.6299643604995501,0.114757924261255,0.0,0.0,0.07187799257062262,0.0,0.1833997226685723
C000272,0,0.0,0.7902576829290692,0.0,0.11329056558032025,0.0,0.0,0.0,0.09645175149061058
C000274,4,0.0,0.0,0.0,0.12424651604816853,0.0,0.39458226974350136,0.0,0.4811712142083301
C000275,1,0.0,0.0,0.03300359675605887,0.34137011127183325,0.0,0.0,0.0,0.6256262919721078
C000276,0,0.10450237206990251,0.0,0.0,0.685849939832779,0.0,0.14047511964136314,0.0,0.06917256845595532
C000281,0,0.0,0.4849085745794096,0.39836492943366125,0.0,0.0,0.05665421432799417,0.0,0.06007228165893497
C000283,3,0.0,0.0,0.0,0.0,0.0,0.0,0.8768562755077167,0.12314372449228328
C000284,0,0.0,0.0,0.0,0.1892998885092167,0.0,0.5297712989770442,0.0,0.280928812513739
C000285,1,0.0,0.0,0.0,0.3055650584696738,0.0,0.0,0.46301306429846767,0.23142187723185859
C000286,0,0.0,0.0,0.1359758358862909,0.1587828062453497,0.6477241938002416,0.0,0.0,0.0575171640681178
C000290,1,0.0,0.0,0.0,0.7252121741277496,0.0,0.0,0.0,0.27478782587225037
C000292,2,0.48091053485884144,0.0,0.0,0.0,0.0,0.0,0.017637012184014023,0.5014524529571445
C000295,1,0.0,0.06982597953905234,0.0,0.0,0.0,0.0,0.0,0.9301740204609477
C000296,2,0.0,0.06686687008959942,0.0,0.0,0.2833276534479799,0.0,0.0,0.6498054764624207
C000297,1,0.0,0.0,0.09047302253282659,0.0,0.06949849637904364,0.0,0.0,0.8400284810881298
C000302,4,0.0,0.0,0.0,0.0,0.0,0.06372756287190573,0.0,0.9362724371280943
C000306,3,0.26169976939518497,0.0,0.0,0.43364831838804424,0.0,0.0,0.0,0.3046519122167708
C000310,1,0.024440340206997795,0.15091732925736667,0.0,0.0,0.0,0.0,0.0,0.8246423305356355
C000311,3,0.2586564985493396,0.0,0.0,0.0,0.0,0.0,0.0,0.7413435014506604
C000313,0,0.2589062589611828,0.0,0.0,0.10411304389037701,0.04068632187348556,0.0,0.40459649599847664,0.19169787927647808
C000319,3,0.21417179894080568,0.04303814501767993,0.0,0.7191923924681421,0.0,0.0,0.0,0.02359766357337223
C000322,1,0.08055522634119652,0.03899962613768423,0.0,0.0,0.8407185693488315,0.0,0.0,0.03972657817228775
C000323,4,0.11544432925125485,0.0,0.7958921431719255,0.0,0.0,0.0,0.0,0.08866352757681972
C000324,4,0.0,0.05814024767089106,0.0588587234990523,0.1361130268305533,0.0,0.0,0.0,0.7468880019995033
C000326,3,0.0,0.0,0.0,0.0,0.6866508442789915,0.0,0.0,0.3133491557210085
C000330,0,0.17938093549255474,0.08212366577259228,0.13872938303698,0.0,0.0,0.0,0.5656133204596617,0.034152695238211295
C000332,4,0.0,0.0,0.0,0.7875818027362385,0.0,0.0,0.0,0.21241819726376154
C000336,3,0.0,0.0,0.12320131346125518,0.011974598679670004,0.0,0.0,0.8474127157457768,0.017411372113298018
C000338,1,0.4876447283109646,0.04752977632753919,0.07238393075174131,0.0,0.0,0.0,0.0,0.3924415646097549
C000339,4,0.0,0.0,0.0,0.0,0.0,0.8608810649836858,0.0,0.13911893501631423
C000342,0,0.0,0.0,0.0,0.026538643361699334,0.06859955936838635,0.577976525041088,0.0,0.32688527222882635
C000343,0,0.787241336295646,0.14565985376487445,0.0,0.004277421773078656,0.0,0.0,0.02364529574966896,0.03917609241673192
C000348,4,0.7092993456908357,0.0,0.13078283530924045,0.0,0.09047151622018854,0.0,0.0,0.06944630277973518
C000350,3,0.21776940736101652,0.0,0.0,0.0,0.40496937289417534,0.15149663827951074,0.0,0.22576458146529743
C000351,3,0.04051876462901366,0.0,0.0,0.0,0.0,0.9136207900238767,0.0,0.045860445347109646
C000352,2,0.0,0.0,0.0,0.0,0.1415579712322216,0.0,0.7440882034993744,0.11435382526840399
C000353,4,0.0,0.0,0.0,0.7800334956372541,0.043671728122396336,0.0,0.0,0.1762947762403495
C000356,4,0.0,0.0,0.1726202817193102,0.8155916434915499,0.0,0.0,0.0,0.011788074789139902
C000358,2,0.09509661386653631,0.0,0.0,0.0,0.03505606110831333,0.07718579579402517,0.0,0.7926615292311252
C000361,0,0.11665795089170314,0.0,0.04254611977162465,0.0,0.007804309790094216,0.7302391825470795,0.07434026381022298,0.02841217318927547
C000363,3,0.1761129019874317,0.0,0.0,0.47169901117756463,0.0,0.3155577157112772,0.0,0.03663037112372647
C000364,0,0.0,0.0,0.8289293714520596,0.010472813450184885,0.0,0.0,0.0,0.1605978150977555
C000369,0,0.0,0.08113872604314573,0.09285862638131792,0.0,0.0,0.0,0.06974315143872782,0.7562594961368085
C000372,0,0.0,0.0,0.0,0.0,0.0,0.0,0.8098687532249207,0.1901312467750793
C000375,0,0.0,0.0,0.0,0.0,0.0,0.9459634533363123,0.0,0.054036546663687735
C000376,0,0.0,0.017964497645005004,0.1438793634841654,0.2979297247831331,0.0,0.12453450428556649,0.0,0.41569190980213
C000381,1,0.08945907839306899,0.0,0.0,0.4732008352185392,0.0,0.017896668461731047,0.0,0.41944341792666084
C000382,4,0.0,0.04516801376890463,0.0,0.4683905895598067,0.07297530778228348,0.3420999742003714,0.0,0.07136611468863374
C000387,0,0.027940808901370476,0.0,0.26979974425436043,0.0,0.0,0.0,0.06276184724707826,0.6394975995971909
C000388,2,0.0,0.01828118650061813,0.08800921190872937,0.0,0.0,0.0,0.0,0.8937096015906525
C000389,4,0.0,0.0,0.0,0.0,0.0,0.0,0.15267417860041643,0.8473258213995836
C000390,0,0.0,0.0,0.0,0.0,0.08558290869069139,0.0,0.7305420772199593,0.18387501408934925
C000392,3,0.020632181507340683,0.0,0.0,0.0,0.0,0.0,0.45374206879726,0.5256257496953993
C000394,2,0.0,0.0,0.0,0.0,0.4099756067907043,0.0,0.0,0.5900243932092957
C000400,1,0.0,0.0,0.0,0.05004646056817696,0.0,0.0,0.0,0.949953539431823
C000401,1,0.19868915816498314,0.0,0.0,0.0,0.0,0.0,0.0,0.8013108418350169
C000403,2,0.0,0.0,0.9175347565481173,0.0,0.0,0.0484191438329154,0.0,0.03404609961896732
C000406,3,0.0,0.0,0.0,0.017811316516290025,0.0,0.0,0.5993595648114974,0.3828291186722126
C000407,3,0.0,0.267813703381393,0.0,0.0,0.0,0.03300333476963083,0.5926499025337981,0.10653305931517809
C000408,3,0.0,0.0,0.5307492450280693,0.0,0.0,0.0,0.0,0.4692507549719307
C000410,4,0.0,0.4444523319458473,0.14820901197532974,0.08359363273748996,0.2473383880478675,0.0258579834286956,0.0,0.050548651864769756
C000414,3,0.0,0.0,0.0,0.02314923137238928,0.0,0.0,0.035526373503096564,0.9413243951245142
C000417,2,0.0,0.0,0.0,0.35008508884328565,0.0,0.0,0.37470839227996827,0.2752065188767461
C000418,1,0.0,0.0,0.0,0.0,0.0,0.10948737210164794,0.0,0.8905126278983521
C000420,3,0.0,0.8694749639668647,0.0,0.024500461775573596,0.0,0.006726107443824359,0.05904334759037505,0.040255119223362223
C000422,3,0.0,0.0,0.06753211796427668,0.0,0.04607403277960746,0.0,0.0,0.8863938492561159
C000424,2,0.0,0.4581167683035858,0.0,0.0,0.0,0.4103318266383746,0.0,0.13155140505803964
C000425,4,0.0,0.0,0.0,0.0,0.0,0.0,0.593502056383172,0.406497943616828
C000426,2,0.08276621294358036,0.8097850766621282,0.0,0.0,0.0,0.0,0.0,0.10744871039429149
C000427,1,0.0,0.0,0.0,0.0,0.0,0.2585074463449339,0.3321064369237746,0.40938611673129155
C000428,1,0.0,0.0,0.0,0.0,0.0,0.030338590188144332,0.0,0.9696614098118557
C000431,3,0.0,0.9807557075452636,0.0,0.0,0.0,0.0,0.0,0.019244292454736356
C000433,0,0.0,0.0,0.40322422077272796,0.0,0.04269541034613808,0.3250244204605792,0.0,0.22905594842055477
C000434,2,0.0,0.0,0.0,0.0,0.0,0.018172989431855968,0.0,0.981827010568144
C000436,2,0.5408260042556211,0.12064985296542777,0.06019184331305392,0.03854176238060842,0.0,0.10627105375802104,0.05066848431941881,0.08285099900784887
C000437,2,0.0,0.0,0.0,0.0,0.0,0.0,0.0,1.0
C000438,4,0.01465189109571466,0.007929070960601303,0.0,0.0,0.0,0.0,0.9719725915391418,0.005446446404542171
C000443,2,0.3219018793370007,0.0,0.5750477903994181,0.0,0.0,0.0,0.0,0.10305033026358124
C000445,3,0.0,0.0,0.0,0.0,0.0,0.09440304275754952,0.0,0.9055969572424505
C000446,3,0.0,0.0,0.5949612354950542,0.0,0.2818171838403367,0.013310430465882279,0.01417914575197635,0.09573200444675045
C000447,0,0.0,0.19592484845980815,0.6531476126941853,0.0,0.0,0.0,0.09406192419142223,0.056865614654584284
C000448,3,0.08548426945417202,0.0,0.0,0.0,0.9112405618689172,0.0,0.0,0.0032751686769108
C000452,1,0.0,0.7074153848938338,0.0,0.0,0.11501107615574868,0.13142884316084477,0.033842096555648696,0.012302599233923961
C000453,3,0.0,0.0,0.07763754025539395,0.2563795642916115,0.1759830746266755,0.0,0.4750354464935734,0.014964374332745667
C000454,4,0.0,0.0,0.2854274645846308,0.0,0.0,0.6891755276579873,0.0,0.025397007757381962
C000455,1,0.26124295622463334,0.26312814726423384,0.0,0.35816787159827035,0.0,0.0,0.0,0.11746102491286248
C000456,2,0.0,0.0,0.0,0.0,0.0,0.07855148072847862,0.5216064145664958,0.39984210470502557
C000457,0,0.30962960817096835,0.2486314722992582,0.33485774324529155,0.0,0.0,0.0,0.0,0.1068811762844819
C000458,1,0.0,0.16613012628808052,0.26159985107247546,0.0,0.3045441954260814,0.0,0.0,0.2677258272133627
C000461,2,0.0,0.0,0.8493169127311676,0.0,0.0,0.0,0.0,0.1506830872688324
C000462,2,0.0,0.0,0.011960245120830985,0.0,0.0,0.6027600850961676,0.3326807918891115,0.05259887789388995
C000464,1,0.0,0.0,0.0,0.0,0.048214031989489814,0.0,0.0,0.9517859680105102
C000465,2,0.31350614400108057,0.0,0.5928510203247973,0.06626226811760934,0.0,0.0,0.0,0.027380567556512747
C000468,4,0.0,0.0,0.6988154215318454,0.0,0.04795356700808969,0.2455016892944648,0.0,0.007729322165600072
C000469,2,0.0,0.0,0.9532214429608977,0.015686625799879887,0.0,0.0,0.0,0.03109193123922238
C000470,2,0.0,0.0,0.8775904029751833,0.0,0.0,0.0,0.0,0.12240959702481669
C000471,0,0.2563357023626741,0.0,0.0,0.0,0.0,0.039905396855997165,0.0,0.7037589007813287
C000472,4,0.0,0.0,0.0,0.0,0.0,0.0,0.0,1.0
C000473,4,0.0,0.23649905528790513,0.0,0.0456001789805299,0.6257153089324986,0.0,0.0,0.09218545679906631
C000475,0,0.0,0.0,0.1463282239682752,0.7906632512791386,0.0,0.0,0.0,0.06300852475258623
C000477,0,0.0,0.22694505137508683,0.0,0.0,0.0,0.11792432853673414,0.5955678048158098,0.059562815272369174
C000481,4,0.39456902619365564,0.4421088351979585,0.0,0.0,0.032222742907890095,0.029152708335545466,0.0,0.10194668736495027
C000482,0,0.0,0.02123277695060047,0.0,0.0,0.05280154425045233,0.0,0.701574116008709,0.2243915627902382
C000484,1,0.0,0.0,0.0,0.03820771237616871,0.0,0.0,0.0,0.9617922876238313
C000492,1,0.05263974491153937,0.14331371898386303,0.6571108837057745,0.0,0.004718475957296744,0.021167371600253438,0.09250230991340412,0.02854749492786879
C000493,2,0.0,0.015021118174895303,0.0,0.17293701481259277,0.5361367837238131,0.0,0.12655403802870754,0.1493510452599912
C000497,0,0.0,0.0,0.012209817117611809,0.6799765601190226,0.0,0.06425065942610572,0.03868070487393413,0.20488225846332564
C000498,3,0.41921753691832525,0.0,0.0,0.2449187099164919,0.0,0.0,0.0,0.3358637531651829
C000502,1,0.0,0.0,0.45114143747848384,0.0,0.08859300811787728,0.006528294341416626,0.2469017155511059,0.2068355445111163
C000503,4,0.34688841286682437,0.0,0.48425817691463974,0.0,0.011374253679638072,0.03022464350392967,0.010668426680959908,0.11658608635400836
C000504,2,0.0,0.06293892828190169,0.0,0.0,0.3885003097054806,0.09826380759838506,0.0,0.4502969544142327
C000506,4,0.0,0.0,0.03810246423283356,0.0,0.14301156203462959,0.6853569798296337,0.0,0.13352899390290318
C000508,0,0.0,0.1274425417431774,0.0,0.0,0.03574646636530237,0.15875079117682803,0.0,0.6780602007146922
C000509,4,0.0,0.17620407419260567,0.0,0.0,0.0,0.034652082420409326,0.40786167773604326,0.38128216565094175
C000511,4,0.0,0.10122663903909661,0.0,0.1475989273640365,0.0047351901592861175,0.6023935416581567,0.00815528780595484,0.13589041397346924
C000512,3,0.0,0.8516115039927974,0.0,0.0,0.0,0.0,0.0,0.1483884960072026
C000513,0,0.0,0.0,0.38109826845194295,0.0,0.0,0.0,0.0,0.618901731548057
C000516,3,0.0,0.0,0.037955867704743025,0.0,0.3050754388743941,0.0,0.3845315583560878,0.27243713506477507
C000518,3,0.7842082524076833,0.0,0.0,0.05991887262279388,0.040042191220313134,0.05871434417420884,0.0,0.05711633957500084
C000521,3,0.0,0.532171735635271,0.0,0.0,0.41107089067806635,0.0,0.0,0.05675737368666267
C000523,3,0.8383108782580667,0.09592024418510178,0.0,0.028869202987083283,0.0,0.0,0.0,0.036899674569748186
C000526,0,0.0,0.0,0.0,0.0,0.0,0.05151389650322952,0.1254354693632354,0.8230506341335351
C000529,0,0.6311647509772502,0.0,0.0,0.0,0.0,0.0,0.0,0.3688352490227498
C000531,4,0.0,0.23435961246124426,0.42233837606642977,0.0,0.0,0.24827415985808315,0.0483101082895627,0.04671774332468015
C000532,4,0.5815292862188546,0.0,0.0,0.20745382107210641,0.0,0.0,0.0,0.211016892709039
C000534,2,0.51652240768517,0.0,0.4423212031949551,0.0,0.033687253482805816,0.0,0.006281963955085064,0.0011871716819841227
C000536,0,0.0,0.0030962400144683953,0.6173481099365948,0.0,0.0,0.06876624528935378,0.23733110654297862,0.07345829821660432
C000539,3,0.0,0.5243355821554462,0.09790939464810486,0.06437564637898949,0.0,0.0,0.035306216413024574,0.27807316040443486
C000540,4,0.0,0.0,0.2031054926254716,0.0,0.0,0.05011494945239621,0.019854683222193456,0.7269248746999387
C000543,4,0.0,0.2148709393972882,0.0,0.7630822982548562,0.0,0.0,0.0,0.02204676234785563
C000544,4,0.0,0.0,0.0,0.0,0.0,0.0,0.0,1.0
C000548,0,0.0,0.0,0.0,0.2483795831339719,0.4748833903337987,0.04066517679740578,0.0,0.23607184973482354
C000549,2,0.08882507362177637,0.0,0.0,0.017264440504082646,0.03399725796147824,0.8534078818245528,0.0,0.006505346088109931
C000550,2,0.0,0.0,0.0,0.0,0.0,0.0,0.05686961892681586,0.9431303810731841
C000551,1,0.0,0.2896244298502114,0.23120657897014513,0.41147119802763693,0.0,0.0,0.0,0.06769779315200664
C000552,0,0.0,0.0,0.0,0.05370190310828049,0.0,0.0,0.0,0.9462980968917195
C000555,3,0.2932986620351182,0.0,0.0,0.04032614815272516,0.0,0.0,0.01162684087242036,0.6547483489397363
C000556,0,0.0,0.0,0.3044834476692807,0.0,0.0,0.3210121873402695,0.0,0.3745043649904498
C000557,2,0.16403571024148159,0.0,0.0,0.19987926305683434,0.0,0.4039989987583115,0.0,0.23208602794337252
C000558,1,0.0,0.0,0.14902884968919827,0.0,0.0,0.0,0.0,0.8509711503108017
C000559,4,0.0,0.0,0.0,0.20174215750338623,0.0,0.4437958410887513,0.11564673261848499,0.23881526878937742
C000561,1,0.0,0.0,0.0,0.0,0.0,0.0,0.0,1.0
C000563,0,0.0,0.0,0.0,0.30652081557632566,0.0,0.5581646448724648,0.0,0.13531453955120964
C000564,1,0.0,0.0,0.0,0.04626763754094057,0.8046515915745361,0.0,0.008514042308877095,0.14056672857564623
C000567,3,0.8967573581466894,0.0,0.0,0.0,0.0,0.0,0.0,0.10324264185331056
C000579,2,0.0864652455729935,0.5470366425943649,0.0,0.04914112655425079,0.0,0.0,0.05812370778853389,0.2592332774898569
C000580,3,0.8810402699538824,0.0,0.0,0.030009196536559785,0.08605148869608965,0.0,0.0,0.0028990448134681435
C000586,2,0.0,0.0,0.0,0.0,0.022437859779920882,0.0,0.6961148436988629,0.28144729652121625
C000587,0,0.0,0.4265551269757638,0.3101761311780102,0.0,0.10806974097221238,0.12415329585499106,0.0,0.031045705019022707
C000588,1,0.39236326588701165,0.0,0.0,0.0,0.0,0.0,0.0,0.6076367341129884
C000592,3,0.0,0.0,0.0,0.21390593671757704,0.5628627569505974,0.15105866944203267,0.0,0.07217263688979281
C000596,3,0.9173231448988468,0.0,0.0,0.0,0.0,0.0,0.0,0.08267685510115319
C000597,4,0.5655089038764617,0.0,0.13933951829826996,0.0,0.0,0.0,0.008677421663969852,0.28647415616129845
C000599,4,0.0,0.0,0.13566394081767197,0.5084564037171696,0.0,0.0,0.0,0.35587965546515843
C000600,2,0.07932103186803559,0.0,0.0,0.0,0.16347160909848976,0.0,0.6316520391779461,0.1255553198555286
C000602,2,0.14165617289146132,0.0,0.0,0.0,0.0,0.04364009756592374,0.0,0.8147037295426149
C000605,3,0.4651140469745935,0.0,0.0,0.4072737745639203,0.02030482608127793,0.03797490094199409,0.0,0.0693324514382142
C000606,1,0.0,0.0,0.0,0.0,0.0,0.0,0.8655999547938554,0.13440004520614457
C000607,2,0.8328026944338693,0.0,0.0,0.0,0.0,0.0,0.0,0.16719730556613066
C000609,3,0.5769911434099563,0.0,0.1931829243019624,0.0,0.0,0.0,0.04428553683022753,0.18554039545785384
C000612,2,0.0,0.766153295290244,0.177766788587842,0.0,0.0,0.0,0.0,0.056079916121913986
C000615,1,0.0,0.24876141157350218,0.0,0.0,0.0,0.26910434457088145,0.44808311436963033,0.0340511294859861
C000617,1,0.049180961533019825,0.0,0.04119721187598829,0.0,0.0,0.0,0.0,0.9096218265909919
C000618,2,0.0,0.0,0.0,0.0,0.0,0.8963590738399,0.03171210358505476,0.07192882257504529
C000620,0,0.01767563027369031,0.0,0.5294917188802382,0.0,0.0,0.002182266825541146,0.2097765322330954,0.24087385178743492
C000621,0,0.0,0.0,0.0,0.0,0.0,0.0,0.9087475105967833,0.09125248940321673
C000622,3,0.01605740888618256,0.0,0.007081346452111199,0.3975792343261566,0.3651080411854078,0.0,0.022307690774095203,0.19186627837604664
C000624,1,0.0,0.0,0.0,0.0,0.0,0.0,0.0,1.0
C000626,3,0.2502313021670539,0.0,0.0,0.0,0.0,0.07625063569207792,0.5607272080761823,0.11279085406468592
C000627,2,0.0,0.0,0.0,0.019021538854958636,0.022609471700791504,0.0,0.0,0.9583689894442499
C000629,2,0.9661548136884006,0.018618526261593323,0.0,0.009716096180427082,0.0,0.0,0.0,0.005510563869578933
C000630,0,0.0,0.0,0.0,0.0,0.0,0.040400658172551535,0.3838398184977061,0.5757595233297423
C000633,0,0.0,0.7058994925756454,0.0,0.0,0.022547907082288585,0.0,0.09010515018380068,0.18144745015826524
C000636,1,0.4951386701972398,0.0,0.4735492579591908,0.0,0.0,0.0,0.0,0.03131207184356943
C000638,1,0.09528954654507583,0.20703673292939742,0.0,0.0,0.0,0.6796740078956056,0.0,0.017999712629921172
C000639,1,0.0,0.0,0.008929127763076443,0.5594795726088261,0.060148959223452036,0.0,0.0,0.3714423404046454
C000640,0,0.0,0.0,0.8179473815330691,0.0,0.0,0.0,0.0,0.18205261846693088
C000641,3,0.0,0.0014474105905128729,0.0019290496660296645,0.06782419111045579,0.25199731344544785,0.0,0.6649445815901828,0.011857453597371004
C000644,2,0.0415973339101888,0.0,0.0,0.0,0.0,0.2991674278406743,0.4777188724436892,0.18151636580544772
C000645,1,0.05184309500434778,0.3292900524541319,0.47231152749462346,0.0,0.0,0.0,0.03650377819007021,0.11005154685682661
C000647,1,0.009617718010150959,0.0,0.1437409889243575,0.41430953238589535,0.0,0.0,0.08627944796806769,0.3460523127115285
C000648,0,0.0,0.3042477571722734,0.0,0.0,0.3458185646269114,0.0,0.009352633706674449,0.3405810444941406
C000649,2,0.0,0.5953435423315891,0.0,0.33225573928360574,0.016235820663407084,0.0,0.03905514412285376,0.017109753598544275
C000651,3,0.0,0.0,0.0,0.0,0.0,0.46540986752824187,0.49710051796742555,0.037489614504332636
C000652,3,0.20360998193294416,0.0,0.24106136328050742,0.046765280563154765,0.0,0.35253293062142804,0.14165778748415708,0.01437265611780858
C000657,2,0.0,0.0,0.0,0.0,0.0,0.0,0.7273986413126162,0.2726013586873838
C000660,4,0.007164207204350755,0.0055886152567353135,0.2597171379319954,0.007383908814254761,0.0,0.0,0.0,0.7201461307926638
C000665,1,0.0,0.0,0.0,0.8190966504253555,0.0,0.0,0.0,0.1809033495746445
C000666,1,0.0,0.8201180129118311,0.0,0.0,0.0,0.0,0.0,0.17988198708816894
C000667,0,0.6516390833996432,0.0,0.03416334164121318,0.2922993877103756,0.0,0.0,0.0031607124851566306,0.018737474763611428
C000668,4,0.0,0.0,0.0,0.0,0.7479064908209098,0.0,0.1592431530590016,0.09285035612008863
C000669,3,0.0,0.0,0.0,0.05133447305024785,0.6743845739227403,0.0,0.0,0.27428095302701183
C000670,3,0.0,0.0,0.4151966947784707,0.0,0.0,0.0,0.5677402518110649,0.017063053410464324
C000672,4,0.49896040075425624,0.0,0.0,0.0,0.0,0.0,0.2597198257702402,0.24131977347550349
C000675,2,0.0,0.0,0.0,0.0,0.0,0.0,0.40823739199417997,0.59176260800582
C000677,4,0.0,0.0,0.0,0.0,0.0,0.0,0.0,1.0
C000678,1,0.0,0.0,0.0,0.8109502828289707,0.14289498087142927,0.0,0.0,0.046154736299599985
C000679,2,0.041222514578076484,0.0,0.0,0.29173254313436,0.0,0.01534899772429513,0.6155974494223216,0.03609849514094676
C000680,4,0.141994174944492,0.18000169027942892,0.0,0.15870302117432472,0.0,0.32602136832286804,0.0,0.19327974527888636
C000681,1,0.07520397423956714,0.0,0.0,0.011048149125752475,0.0,0.0,0.29355818035084214,0.6201896962838382
C000682,0,0.189717912880838,0.284763816493242,0.4509530097075756,0.0,0.031212984644448487,0.0,0.001499813547967979,0.04185246272592791
C000683,3,0.08547945337117457,0.349925978844813,0.0,0.0,0.0,0.0,0.535907553786332,0.028687013997680366
C000684,3,0.36418722216213606,0.0019193718415697102,0.0,0.6165978215334377,0.0,0.0,0.0,0.017295584462856617
C000694,4,0.06399829409324723,0.07341202118278997,0.0,0.0,0.0,0.0,0.0,0.8625896847239628
C000696,2,0.0,0.0,0.08816686419181342,0.0,0.8838174375958838,0.0,0.0,0.028015698212302764
C000699,1,0.0,0.03360908223066096,0.0,0.0,0.0,0.0,0.8735438893453935,0.09284702842394554
C000700,3,0.0,0.0,0.22810095983394807,0.0,0.5822793606484375,0.0,0.0,0.18961967951761438
C000701,3,0.030745473147097704,0.4555097216989574,0.0,0.0061649312032904385,0.3371258880913209,0.0,0.0,0.17045398585933358
C000702,3,0.0,0.0,0.054064171976305184,0.0,0.0,0.032947657829589874,0.0,0.9129881701941049
C000705,4,0.0,0.1104306190423554,0.0,0.0,0.0,0.0,0.6185611448790487,0.2710082360785959
C000707,0,0.0,0.0,0.0,0.0,0.0,0.9306193942294746,0.0,0.0693806057705254
C000709,1,0.0,0.0,0.41163477770343543,0.0,0.0,0.565445886110014,0.00680519674139629,0.016114139445154274
C000712,0,0.2002282285014745,0.2192097499345539,0.0,0.0,0.23822529690555935,0.0,0.0,0.34233672465841225
C000713,2,0.0,0.11480428484573393,0.0,0.3451967972072005,0.03659278032813322,0.3530101551443377,0.08537380739482371,0.06502217507977093
C000717,3,0.2824157215058211,0.0,0.5849175273428043,0.0,0.0,0.0,0.0,0.1326667511513746
C000721,1,0.0,0.0,0.0,0.0,0.23562184347406856,0.0,0.0,0.7643781565259314
C000725,3,0.3255380792358058,0.0,0.0,0.0,0.2320553443404711,0.40264549333499655,0.0,0.0397610830887265
C000728,1,0.0,0.2347085998151187,0.6676616220924707,0.05938839819629285,0.0,0.0,0.0,0.038241379896117755
C000732,1,0.026706695339947052,0.0,0.10847871849579761,0.0,0.0,0.0,0.0,0.8648145861642553
C000734,0,0.0,0.0,0.0,0.0,0.0,0.0,0.7342821363578007,0.2657178636421993
C000735,4,0.0,0.0,0.7468076157882327,0.0,0.0,0.0,0.15867883105537067,0.09451355315639653
C000737,2,0.05658659779625624,0.0,0.32778176534184433,0.0,0.0,0.497209725610125,0.0,0.11842191125177437
C000738,2,0.0,0.0,0.0,0.0,0.0,0.08394070993522385,0.0,0.9160592900647762
C000743,1,0.03088989969907441,0.04565287600384781,0.0,0.0,0.0,0.0,0.0,0.9234572242970778
C000746,0,0.0,0.0,0.0,0.0369385203221934,0.0,0.0,0.030205656485245494,0.9328558231925611
C000747,1,0.0,0.0,0.6099532119508816,0.0,0.0,0.0,0.2454371303427442,0.14460965770637424
C000749,0,0.2684918578740597,0.14360724535384345,0.504242868384208,0.0,0.0,0.0,0.0,0.08365802838788894
C000750,2,0.0,0.0,0.02228073466095171,0.0,0.0,0.0,0.0,0.9777192653390483
C000756,1,0.0,0.0,0.0,0.0,0.8118678265339769,0.0,0.0,0.18813217346602307
C000758,0,0.0,0.0,0.0,0.0,0.054164618292313,0.004880248362534094,0.0,0.9409551333451529
C000761,1,0.358257026692916,0.0,0.0,0.2566061933065213,0.0,0.0,0.0,0.38513678000056273
C000763,0,0.4098981970805639,0.0,0.0,0.0,0.0,0.0,0.4083654521710641,0.18173635074837202
C000764,0,0.0,0.0,0.5677966612283264,0.0,0.024571276233861527,0.07201708126778035,0.007407332994883955,0.3282076482751477
C000766,3,0.0,0.0,0.0,0.0,0.0,0.0,0.18270947563598006,0.8172905243640199
C000769,3,0.0,0.0,0.017424630500027197,0.24026960818942897,0.0,0.0,0.0,0.7423057613105438
C000771,3,0.0,0.0,0.0,0.0,0.0,0.0,0.8781113454968266,0.12188865450317343
C000772,0,0.0,0.0,0.6111479307996649,0.11481215662185854,0.0,0.0,0.12729330988940596,0.1467466026890707
C000775,3,0.0,0.0,0.0,0.0,0.0,0.0,0.0,1.0
C000776,1,0.0,0.0018507945979506287,0.0,0.7192551544903921,0.0,0.0,0.17090658105944256,0.10798746985221463
C000778,0,0.30176581780982115,0.03311694800352277,0.0,0.0,0.0,0.23274144689193504,0.0,0.43237578729472104
C000781,1,0.0,0.004229348511599636,0.32067615132327326,0.6494509254604465,0.0,0.0027388080520699006,0.0,0.022904766652610653
C000783,1,0.0,0.0,0.0,0.0,0.0,0.0,0.0,1.0
C000787,1,0.0,0.05844555736288926,0.0,0.0,0.8899887517357169,0.0,0.0,0.051565690901393846
C000792,3,0.0,0.6286033204445968,0.0,0.05041905864915037,0.0,0.07387561453506197,0.0,0.24710200637119084
C000793,4,0.0,0.07808653220635546,0.0,0.08813491431123975,0.0,0.0,0.7789365013805926,0.054842052101812255
C000794,4,0.0,0.2350742651818814,0.0,0.07120425097266268,0.6406223551544534,0.0,0.006305507519562777,0.0467936211714397
C000799,0,0.0,0.0,0.0,0.0,0.0,0.0,0.06194628292599958,0.9380537170740004
C000800,4,0.03573498569366477,0.0,0.0,0.0,0.3643597494033786,0.35365673717754,0.0,0.2462485277254166
C000805,3,0.008912783498316769,0.8020479767794315,0.0,0.0,0.09830327477198877,0.0,0.0024285792335501308,0.08830738571671282
C000807,2,0.13205770350583004,0.0,0.0,0.0,0.39897480124132123,0.0,0.0,0.46896749525284875
C000808,2,0.0,0.0,0.0027114141864131224,0.0,0.016218004144887756,0.4301722477203414,0.1667225753192979,0.38417575862905984
C000815,3,0.0,0.0,0.0,0.0,0.0,0.23575534901131745,0.0,0.7642446509886826
C000819,3,0.6116517171792223,0.0,0.34734503211556067,0.0,0.0,0.0,0.0,0.04100325070521704
C000821,1,0.0,0.0,0.1585149924411596,0.8092191566943177,0.0,0.0,0.005382408779956179,0.0268834420845665
C000822,2,0.09720180528599243,0.0,0.0,0.03885709563246276,0.0,0.0,0.0,0.8639410990815448
C000823,2,0.2636028158862744,0.3965580765688166,0.0,0.0,0.0,0.03724855698038515,0.19523389935813654,0.10735665120638738
C000826,0,0.12761769320596864,0.0792456891550638,0.14600064390060877,0.0,0.0,0.5940147509417321,0.0,0.05312122279662668
C000827,3,0.0,0.0,0.19385421809769152,0.0,0.0,0.0,0.0,0.8061457819023085
C000829,3,0.0,0.0,0.0,0.0,0.0,0.0,0.0,1.0
C000831,4,0.0,0.008696662856095674,0.6742411064987253,0.011048514292686076,0.0,0.2750479869694819,0.009811874385801014,0.02115385499721001
C000832,4,0.22264442924716793,0.0,0.04761555633212205,0.0,0.0,0.0,0.3556631116574023,0.37407690276330774
C000835,0,0.451854514168371,0.0,0.0,0.16546506236978886,0.024631922286774497,0.14555372307573575,0.15526853987437447,0.05722623822495543
C000836,0,0.12891907375923536,0.06063411847489357,0.0,0.0,0.0,0.0,0.7959710797388534,0.014475728027017687
C000837,4,0.0,0.0,0.3788731610013994,0.0,0.21050326153711563,0.3438795094581265,0.020770610244242333,0.04597345775911621
C000840,4,0.0,0.0,0.0,0.0,0.8930592286476384,0.0,0.0,0.10694077135236157
C000841,2,0.4979006290231822,0.24687826584507339,0.0,0.008398908810235896,0.0,0.01623603675754452,0.0,0.230586159563964
C000842,4,0.0,0.0,0.0,0.4376235078837784,0.03253998678270507,0.2858456507986537,0.0,0.2439908545348628
C000843,2,0.0,0.0,0.0,0.0,0.3339324397647857,0.0,0.0,0.6660675602352143
C000844,4,0.15528141790426755,0.07018147864608583,0.0,0.6011014092840199,0.16047681755736662,0.0,0.0,0.012958876608260117
C000850,1,0.0,0.0,0.0,0.4953626663562223,0.0,0.0,0.0,0.5046373336437777
C000851,4,0.0,0.12858442630125594,0.0,0.0,0.03961616667274299,0.778431079004493,0.0,0.05336832802150804
C000854,0,0.0,0.08313373969197893,0.2646837750702203,0.0,0.0,0.5106516478390924,0.06265788066825924,0.07887295673044903
C000856,1,0.05142268570666428,0.03167297754988731,0.0,0.0,0.0,0.3774389993743802,0.0,0.5394653373690682
C000857,2,0.29353397791474456,0.13991362351121595,0.0,0.0,0.0,0.0,0.49337772059281304,0.07317467798122645
C000858,3,0.2929252269127074,0.0,0.0,0.5836448346899747,0.0,0.0,0.0,0.12342993839731786
C000859,3,0.0,0.0,0.46647671287919257,0.5120297101389221,0.0,0.0,0.0,0.021493576981885365
C000862,2,0.0,0.0,0.0,0.31937428374674776,0.0,0.5097917463223355,0.0,0.1708339699309167
C000865,2,0.0,0.0,0.023030538926307208,0.0,0.11954264131255668,0.0,0.0,0.8574268197611361
C000868,2,0.0,0.0,0.0,0.02882110714913694,0.0,0.08527887957428996,0.0,0.8859000132765731
C000873,4,0.0991623584736245,0.0,0.0,0.0,0.0,0.0,0.6368724408831212,0.26396520064325424
C000874,2,0.037966050420581925,0.22915168378453987,0.23596616403421827,0.24572981705069175,0.06157482419908716,0.0,0.08523397798573654,0.10437748252514456
C000877,1,0.015712131067377455,0.0038694449123565793,0.0,0.0,0.01684209591179818,0.8465835575855356,0.026768114796765014,0.09022465572616722
C000878,1,0.0578687926426807,0.0,0.0,0.003559593532667669,0.0,0.740652742838257,0.1595254884343806,0.038393382552013966
C000880,1,0.0,0.0,0.0,0.0,0.0,0.06095283548335377,0.8849812103729058,0.05406595414374049
C000883,3,0.0,0.11644894575004315,0.0,0.0,0.0,0.2311461666337578,0.4683721459586376,0.18403274165756145
C000885,0,0.2496157438556953,0.0,0.0,0.26918104251694275,0.18619843570439734,0.2365221583809478,0.0,0.058482619542016834
C000886,0,0.0,0.11529409650027087,0.0,0.0,0.0,0.014150537663117886,0.8303172909914197,0.040238074845191596
C000887,3,0.628684041223528,0.0,0.35990698825419903,0.0,0.0,0.0,0.0,0.011408970522273076
C000889,0,0.0,0.0,0.06709088130638727,0.0,0.5177556946827951,0.0,0.0,0.41515342401081756
C000891,2,0.02635913900493293,0.23313491892602395,0.4819447467238803,0.03013435945224396,0.0,0.16042531211340574,0.0,0.06800152377951307
C000892,4,0.0,0.0,0.8323413642419841,0.05690650864430629,0.0,0.0,0.0,0.11075212711370963
C000894,3,0.0,0.29701825739230175,0.0,0.0295904804281475,0.0,0.0,0.5259578653522625,0.1474333968272883
C000895,3,0.8261103494994306,0.0,0.03187203245547535,0.0,0.0,0.0,0.055831433187177815,0.08618618485791618
C000901,3,0.0,0.0,0.0,0.0,0.0,0.17136690577635627,0.2243762894736587,0.604256804749985
C000903,2,0.0,0.0,0.6498978453400065,0.0,0.0,0.26955407785818225,0.0,0.0805480768018112
C000904,0,0.09075541744296983,0.0,0.0,0.0,0.0,0.5709902788983303,0.015084966100702065,0.3231693375579977
C000905,2,0.0,0.0,0.2171569544167583,0.0,0.0,0.0,0.0,0.7828430455832417
C000907,2,0.10997961934421047,0.0,0.1831787959612033,0.26456938480519865,0.0,0.3411998242652966,0.0,0.101072375624091
C000911,0,0.2640835194725608,0.281959168200533,0.0,0.0,0.10824847082816298,0.0,0.0,0.34570884149874315
C000912,1,0.0,0.03546704002650527,0.08103679684161436,0.0,0.0,0.19836362002401098,0.0,0.6851325431078694
C000914,1,0.0,0.0,0.9666102342172086,0.0,0.0,0.0,0.0,0.0333897657827914
C000916,4,0.14724743661393036,0.0,0.0,0.6437395702704632,0.0,0.0,0.0,0.2090129931156064
C000917,3,0.5435170870076126,0.0,0.0,0.02002069009593908,0.0,0.36933523391052053,0.0,0.06712698898592784
C000920,0,0.0,0.0,0.0,0.0,0.02577553766059509,0.26917118604399687,0.40158543053217743,0.3034678457632306
C000921,0,0.0,0.0,0.0,0.0,0.052884885320160675,0.0,0.6415866368422912,0.3055284778375481
C000922,2,0.179837003965563,0.05361709322214261,0.0,0.0,0.0,0.0,0.17078518998059533,0.5957607128316991
C000923,1,0.0,0.0,0.0,0.3327398932676695,0.0,0.0,0.6124141867152031,0.0548459200171274
C000926,1,0.11433557802869261,0.7386291537457006,0.0811063731009481,0.0,0.0,0.0,0.0,0.0659288951246586
C000927,2,0.322065287770711,0.0,0.5388385561305764,0.049918047768186126,0.0,0.0,0.0,0.08917810833052653
C000930,3,0.05960735672824732,0.0,0.0,0.0,0.0,0.41202825303355833,0.0,0.5283643902381944
C000931,2,0.0,0.06687669808242813,0.0,0.0,0.0,0.0,0.0,0.9331233019175719
C000932,2,0.0,0.3018452412544513,0.0,0.0,0.3968320859571455,0.0,0.09699764136546038,0.2043250314229429
C000933,0,0.0,0.9843348957566598,0.0,0.0,0.0,0.0042483402017181714,0.0,0.011416764041622063
C000936,4,0.15451492466448233,0.05984037286300062,0.20414345932021807,0.0,0.3040991907779327,0.1525137948341862,0.0,0.12488825754018018
C000938,1,0.09113282332011574,0.32258008087391066,0.0,0.1254284048627818,0.025243128128208926,0.0,0.06501266672839039,0.37060289608659247
C000942,1,0.0,0.09380315623811734,0.0,0.08070511965687902,0.0,0.4962566969372214,0.2479301188721165,0.08130490829566572
C000948,2,0.13198586787012972,0.0,0.029443707803284366,0.27841421184158227,0.0,0.0,0.0,0.5601562124850037
C000949,0,0.015918387712880327,0.0,0.0,0.009147020665672407,0.0,0.0,0.8868798433989805,0.08805474822246673
C000950,3,0.0,0.0,0.0,0.0,0.0,0.054167202808638286,0.027836297565745464,0.9179964996256162
C000951,0,0.308758702249298,0.0,0.0,0.0,0.6316180440074637,0.0,0.0,0.05962325374323829
C000954,4,0.0,0.6394017181765083,0.0,0.068227279703716,0.0219369135886813,0.21530045889283386,0.0,0.05513362963826052
C000956,0,0.0,0.0,0.0,0.0,0.0,0.16811018614041678,0.7292661324594399,0.10262368140014333
C000957,2,0.02554455474598177,0.5597590541842513,0.0,0.030785120311176473,0.3395487921571887,0.0,0.0,0.044362478601401856
C000958,1,0.0,0.0,0.0,0.0,0.0,0.7544641873323839,0.0,0.24553581266761615
C000959,4,0.0,0.0,0.0,0.0,0.0,0.0,0.43880939330949675,0.5611906066905032
C000964,4,0.0,0.3842900007211642,0.0,0.0,0.0,0.1717946898390662,0.4192359595670629,0.024679349872706702
C000965,0,0.0,0.0,0.47682024837309145,0.0,0.12374005613666494,0.0,0.0,0.3994396954902436
C000966,1,0.0,0.20202035490353346,0.0,0.04597210713993825,0.0,0.0,0.5435801656215171,0.20842737233501119
C000967,4,0.0,0.8473919286300143,0.0,0.0,0.0,0.0,0.0,0.15260807136998567
C000968,4,0.0,0.0,0.49103798905779256,0.0,0.0,0.0,0.44704230057887706,0.06191971036333044
C000971,3,0.0,0.12920378862607482,0.0,0.0,0.6335116374333081,0.0,0.12879404070179393,0.10849053323882318
C000972,1,0.0,0.0,0.05243004801889497,0.0,0.40881875740868856,0.0,0.14659370517798737,0.39215748939442907
C000974,0,0.5310872340465461,0.225911831527365,0.1187021363657648,0.0,0.0,0.0,0.0,0.12429879806032407
C000975,4,0.07128400697410832,0.0,0.0,0.0,0.8724394692334462,0.0,0.0,0.05627652379244552
C000977,0,0.0,0.0,0.0,0.0,0.0,0.0,0.8970974878375608,0.10290251216243917
C000980,3,0.0,0.0,0.9296684148409455,0.0,0.0,0.02446363556454879,0.0,0.045867949594505686
C000981,0,0.0,0.0,0.07083781593865321,0.0,0.022848321033085164,0.015311653256317085,0.0,0.8910022097719446
C000983,1,0.0535017800746629,0.0,0.04760928846912772,0.0,0.7310986528524677,0.0,0.0,0.16779027860374174
C000985,0,0.0,0.07848496512428496,0.0,0.36565417692711333,0.0,0.0,0.0,0.5558608579486017
C000988,2,0.0,0.0,0.0,0.0,0.4209992960251633,0.0,0.11347621672026575,0.46552448725457096
C000990,0,0.06293835285217958,0.0,0.15673183938807708,0.4399211030293896,0.0,0.17147909124885208,0.0,0.1689296134815017
C000993,4,0.0,0.48521904660784987,0.0,0.0,0.42320786981873,0.003011371451430589,0.07957409470111901,0.008987617420870508
C000994,4,0.0,0.0,0.0,0.47527490341989737,0.0,0.0,0.05964441292630292,0.46508068365379973
C000996,1,0.021750445139235408,0.05183799883035797,0.0,0.0,0.0,0.9147894052807148,0.0,0.011622150749691751
C000997,3,0.0,0.9363415959156188,0.0,0.0,0.0,0.0,0.0,0.06365840408438117
C000998,4,0.0,0.7603416931925177,0.0,0.0,0.0,0.0,0.0,0.23965830680748235
C000999,0,0.0,0.03929031018128683,0.0,0.0,0.1557640396331441,0.02264212933817494,0.019402206117708997,0.7629013147296851
C001000,3,0.0,0.0,0.08481653482837329,0.0,0.0,0.0,0.46611166960860906,0.4490717955630177
C001002,3,0.005524071806399934,0.0,0.0,0.016867005874463232,0.885265628913408,0.0,0.0,0.09234329340572889
C001004,0,0.0,0.0,0.0,0.5489025906204619,0.0,0.1637546832107704,0.0,0.28734272616876777
C001006,4,0.8148951938444617,0.0,0.0,0.0,0.0,0.0,0.0,0.18510480615553826
C001008,4,0.0,0.7936225332041801,0.0,0.0,0.0,0.0,0.019177664008077223,0.18719980278774273
C001013,0,0.0,0.0,0.0,0.0,0.0,0.006077619961060377,0.0,0.9939223800389396
C001018,2,0.0,0.0,0.0,0.0,0.0,0.02448044976829733,0.0,0.9755195502317027
C001020,3,0.0,0.0,0.0,0.0,0.0,0.43012483822555136,0.3704166526883055,0.19945850908614315
C001021,3,0.008091366756337169,0.024040156692756033,0.0,0.0,0.0,0.0,0.0,0.9678684765509068
C001022,4,0.0,0.24879008479885578,0.0,0.0,0.0,0.04541945214319881,0.1324515753793786,0.5733388876785668
C001024,2,0.0,0.0,0.1194852341917838,0.48965591170454636,0.0,0.0,0.1693735811175047,0.22148527298616516
C001027,0,0.0,0.27696553208417596,0.0,0.6104034887458608,0.07590691463218152,0.0,0.0,0.036724064537781764
C001028,1,0.0,0.16984993047078784,0.0,0.0,0.0,0.44673784574878045,0.30689046566580325,0.07652175811462847
C001029,0,0.0,0.5079011484717427,0.0,0.0,0.0,0.3664326055229899,0.043785409682754635,0.08188083632251264
C001030,4,0.0,0.0,0.0,0.0,0.22881958779478284,0.0,0.11679319980832083,0.6543872123968963
C001033,2,0.01684781733363032,0.0,0.0,0.0,0.0,0.0,0.850285450503084,0.1328667321632857
C001035,1,0.0,0.0,0.4335484163259243,0.0,0.0,0.3805305222320065,0.0,0.1859210614420692
C001037,2,0.0,0.10892451706454535,0.0,0.06530297818080318,0.022295825277047848,0.0,0.0,0.8034766794776036
C001038,2,0.0,0.0,0.0,0.04103210714002422,0.4677716185747808,0.0,0.06664492243661359,0.4245513518485814
C001040,4,0.0,0.09039277018967151,0.15915000837606622,0.01529022808119167,0.0,0.6751251837067019,0.0,0.06004180964636863
C001043,4,0.7289449242905897,0.0,0.0,0.13048966619998856,0.022686221314721575,0.09331224334248514,0.0,0.02456694485221511
C001046,2,0.0,0.8508366734639377,0.0,0.0,0.005905303412327011,0.0,0.1327021238263083,0.010555899297427063
C001050,3,0.0,0.18157780917638022,0.03178302555739032,0.0,0.3271844881487811,0.053558603163738075,0.0,0.4058960739537103
C001051,1,0.0,0.0,0.0,0.03936350019404841,0.5099122493581031,0.06558951083788354,0.17207513336718896,0.21305960624277598
C001055,2,0.0,0.0,0.0,0.0,0.0,0.0,0.0,1.0
C001056,1,0.0,0.0,0.3252236101236833,0.2729708748143514,0.28822705493830775,0.021846295293072658,0.0,0.09173216483058488
C001060,1,0.0,0.0,0.43781756660604876,0.0,0.0,0.0,0.0,0.5621824333939512
C001061,4,0.08681771371919339,0.0,0.0,0.0,0.06317441555842888,0.0,0.1560428984587109,0.6939649722636668
C001062,0,0.0,0.0,0.0,0.0,0.4505249499726726,0.026591110871437205,0.09931102149418104,0.4235729176617091
C001063,4,0.8019286798521547,0.0,0.0,0.0,0.05622826823210984,0.0,0.0,0.14184305191573554
C001064,4,0.0,0.0,0.1674168043384992,0.0,0.0,0.8254321666566151,0.0,0.007151029004885734
C001066,0,0.0,0.0,0.0,0.0,0.42845453705825576,0.0,0.0,0.5715454629417442
C001067,2,0.0,0.009991906024144282,0.0,0.013315227806294192,0.0,0.0,0.0,0.9766928661695615
C001068,2,0.012707307287080843,0.0,0.9654445797813955,0.0,0.0,0.0,0.0,0.021848112931523667
C001072,0,0.41733250407990713,0.47840278106777573,0.0,0.0,0.0,0.0,0.0,0.10426471485231714
C001074,0,0.0,0.0,0.0,0.0,0.0,0.2201695231378297,0.6524049348191262,0.12742554204304413
C001075,0,0.0,0.008507398345295384,0.048485064368858424,0.0,0.0,0.0,0.0,0.9430075372858462
C001077,1,0.0030772518994766785,0.12734533863122238,0.0,0.0,0.0,0.0,0.7657394845291645,0.10383792494013644
C001080,2,0.39765602042327086,0.0,0.0,0.0,0.1980782160088761,0.0,0.0,0.40426576356785304
C001084,4,0.0,0.0,0.11811673453912835,0.0,0.0,0.7234379292486163,0.12751034051445484,0.03093499569780045
C001086,0,0.12712897219904895,0.01703923965855631,0.027150645180297472,0.0,0.0,0.012883379066868351,0.008918315816086512,0.8068794480791424
C001088,1,0.06577179497155783,0.09122480107280312,0.0,0.0,0.0,0.0,0.8387113833239361,0.004292020631702975
C001090,4,0.07750621655327576,0.0,0.0,0.0,0.0,0.0,0.05304844267942362,0.8694453407673006
C001092,2,0.0,0.0,0.5523616309952706,0.39091403136068,0.0,0.0,0.0,0.05672433764404938
C001093,3,0.0,0.0,0.8656468256143042,0.0,0.0,0.0,0.0,0.13435317438569583
C001095,2,0.0,0.7716134917510069,0.0,0.0,0.0,0.0,0.0,0.2283865082489931
C001096,1,0.0,0.0,0.0,0.13368508084187777,0.0,0.7597409345566593,0.0,0.10657398460146295
C001098,3,0.2569071100120294,0.0,0.7023445147258935,0.0,0.0,0.0,0.0,0.040748375262076975
C001100,1,0.0,0.0,0.0,0.0,0.0,0.0,0.828422296245513,0.171577703754487
C001102,1,0.3185485111327491,0.0,0.0,0.0,0.0,0.0,0.11870478443023229,0.5627467044370186
C001106,4,0.015876985977922285,0.0,0.7290983649114464,0.21134089058367622,0.026150223418348446,0.0,0.0,0.017533535108606557
C001108,4,0.0,0.798147459078487,0.0,0.0,0.0427974913034911,0.0,0.0,0.15905504961802186
C001109,0,0.0,0.10108838304792009,0.0,0.0,0.661446528564043,0.0,0.0,0.23746508838803693
C001110,0,0.29397835602183925,0.18027289417589806,0.0,0.0,0.0,0.0,0.0,0.5257487498022627
C001112,1,0.0,0.21170856125640863,0.0,0.41045772055028407,0.0059471006719387254,0.2509722259209434,0.0,0.12091439160042516
C001113,4,0.0,0.0,0.0,0.0,0.7860129153905546,0.0,0.0,0.21398708460944538
C001115,0,0.0,0.0,0.05606488889295738,0.0,0.0,0.0,0.7153227595230853,0.22861235158395732
C001119,4,0.0,0.0,0.0,0.0948088244184869,0.2613980236596595,0.0,0.0,0.6437931519218536
C001120,4,0.0,0.3401273638146477,0.0,0.0,0.0,0.5471964875657542,0.0,0.11267614861959807
C001121,4,0.0,0.13709542936900543,0.1471501979816466,0.1337866714554241,0.0,0.575629697026972,0.0,0.006338004166951849
C001122,4,0.0,0.0,0.0,0.0,0.0,0.0,0.1252947894304297,0.8747052105695703
C001123,4,0.06436365511216383,0.20041603300153743,0.0,0.5126353353108234,0.0,0.0,0.029647386652520993,0.1929375899229544
C001129,0,0.0,0.0,0.09876681886214828,0.0,0.15268554204316503,0.02850763462048083,0.6858780357729104,0.03416196870129551
C001130,3,0.0,0.0,0.0028775046667362286,0.0,0.0,0.0,0.9844791254838521,0.012643369849411723
C001132,4,0.0,0.0,0.0,0.0,0.23963617330618533,0.705537129254272,0.0,0.054826697439542604
C001134,3,0.143021563510176,0.0,0.7067739629602682,0.0,0.0,0.0,0.14517054967168982,0.005033923857865941
C001135,2,0.0,0.0,0.0,0.021696130200197707,0.029450095776472705,0.0,0.0,0.9488537740233296
C001136,2,0.0,0.0,0.4071352773132379,0.0,0.06117138512560681,0.5007771853264428,0.0,0.030916152234712557
C001138,3,0.0,0.0,0.0,0.5530174245019936,0.39477686237013615,0.0,0.0,0.052205713127870146
C001139,1,0.0,0.0,0.0,0.0,0.0,0.0,0.0,1.0
C001140,1,0.6901466503852142,0.0699511434745616,0.0,0.0,0.0,0.0,0.15472205654740723,0.08518014959281706
C001141,3,0.0,0.0,0.0,0.0,0.0,0.9270702024793439,0.0,0.07292979752065609
C001143,3,0.043251493378858155,0.37461883843422283,0.0,0.06221588124447696,0.0,0.4878330318858415,0.0,0.032080755056600574
C001147,2,0.0,0.0,0.8755196289712677,0.0,0.0,0.0,0.0,0.12448037102873233
C001148,0,0.11548489328331361,0.0,0.0,0.0,0.28167539591678425,0.0,0.0,0.6028397107999022
C001149,4,0.0,0.31448302154681385,0.0,0.5509440929432073,0.0,0.0,0.0,0.1345728855099788
C001151,1,0.1475429818899202,0.0,0.0,0.0,0.02576077839398483,0.0,0.0,0.826696239716095
C001152,0,0.0,0.0,0.0,0.0,0.0,0.6466100411715661,0.23932577467499874,0.11406418415343522
C001153,0,0.0,0.0,0.21075542655578694,0.0,0.10306459895257086,0.10859017857986566,0.0,0.5775897959117765
C001154,1,0.0,0.0,0.5740176370426368,0.0,0.3749533513955451,0.0,0.0,0.05102901156181816
C001156,4,0.0,0.0,0.0,0.0,0.0,0.0,0.05096775772718832,0.9490322422728117
C001157,2,0.04882501672333526,0.0,0.0,0.0,0.0,0.0,0.027885952704260777,0.923289030572404
C001160,0,0.026493291109419715,0.0,0.0,0.0,0.5093075583763994,0.0,0.28614384846466046,0.17805530204952047
C001164,3,0.0,0.0,0.7626790023820681,0.005478201219201598,0.2267330999465115,0.0,0.002328297214873381,0.002781399237345439
C001165,1,0.9614373804962377,0.0,0.0,0.0,0.0,0.0,0.0,0.038562619503762274
C001168,0,0.0,0.10329957101408668,0.0,0.0,0.0,0.09615161757244631,0.5152269772774366,0.2853218341360304
C001170,3,0.35993539904245125,0.0,0.0,0.0,0.0,0.5652348564126135,0.0,0.0748297445449353
C001171,2,0.10758701225069482,0.0,0.6013324205884699,0.0,0.10925778533866919,0.0,0.0,0.18182278182216616
C001172,2,0.5946813569338997,0.10332094727336465,0.0,0.0,0.11686705028931844,0.0,0.0,0.1851306455034173
C001173,0,0.7399003815319309,0.23819212826596614,0.0,0.0,0.0,0.0,0.0,0.02190749020210292
C001174,0,0.3029523766527213,0.6040998581446794,0.0,0.06974920309564576,0.0,0.0,0.0,0.02319856210695359
C001175,3,0.08184490592568114,0.4293706797824857,0.0,0.0,0.0,0.01889015162619502,0.0,0.46989426266563816
C001176,0,0.8821337141472695,0.0,0.02771524804687443,0.0,0.03714505265835127,0.0,0.007735447990991694,0.04527053715651319
C001181,3,0.0009479040969405195,0.0,0.2880562196134547,0.6891759070683184,0.0,0.0,0.0,0.021819969221286373
C001182,0,0.0,0.0,0.0,0.1165727362245885,0.0,0.8254511207673404,0.0,0.05797614300807108
C001183,2,0.0,0.0,0.0369132645369727,0.0,0.2983331397572286,0.19144421130370723,0.0,0.47330938440209147
C001184,0,0.0,0.9496080891526504,0.0,0.0,0.0,0.0,0.0,0.05039191084734962
C001185,0,0.0,0.0,0.0,0.0,0.4199472254607088,0.5628891814564169,0.0,0.017163593082874407
C001188,0,0.0,0.0,0.0,0.0,0.0,0.23174835709790254,0.0,0.7682516429020975
C001191,0,0.0,0.0,0.0,0.0,0.41882145916974733,0.3949845736563707,0.0,0.18619396717388192
C001192,4,0.05696298385378378,0.0,0.0,0.0,0.18526465840137357,0.356024115231536,0.0,0.40174824251330665
C001194,4,0.0,0.0,0.0,0.15297567979630056,0.1335019320761892,0.10519206070443402,0.0,0.6083303274230762
C001202,3,0.0,0.0,0.0,0.5376769060362803,0.0,0.0,0.0,0.46232309396371973
C001203,0,0.02687112253320696,0.0,0.0,0.1608875937828385,0.17198789689718186,0.476036965999287,0.10015431598852541,0.06406210479896024
C001204,2,0.0,0.0,0.7129163316110724,0.0,0.02698174007187642,0.029628591036137377,0.04024331494011274,0.1902300223408011
C001207,4,0.0,0.0,0.0,0.0,0.0,0.0,0.0,1.0
C001209,4,0.0,0.0,0.061188876103097437,0.0,0.4966396253409765,0.09209150884971587,0.2407773753034792,0.10930261440273104
C001210,0,0.08716238543825786,0.0,0.0,0.17028122550941976,0.0,0.0,0.3322496222260269,0.4103067668262954
C001211,0,0.8655466675534731,0.0,0.0,0.020492909910223893,0.010584108414474703,0.0,0.0,0.10337631412182835
C001214,2,0.0,0.3402705556813041,0.4028185695479069,0.0,0.17657432488064215,0.0,0.0,0.08033654989014682
C001216,0,0.0,0.08214745992862248,0.0,0.0,0.0,0.14808048949836167,0.6208969008635514,0.14887514970946447
C001220,2,0.4966162829243921,0.2938720875512646,0.0,0.0,0.0,0.0,0.0,0.20951162952434332
C001221,4,0.0,0.0,0.0,0.5027367891877369,0.0,0.0,0.0,0.4972632108122631
C001222,2,0.021846795169449432,0.0,0.3366859067358251,0.0,0.0,0.6374006771703603,0.0005075016073704275,0.0035591193169947077
C001223,3,0.0,0.5478949861169136,0.0,0.029419563906152767,0.0,0.0,0.11317084917740305,0.30951460079953064
C001224,0,0.02149065982077014,0.09465704171239546,0.44144529245884245,0.1439380621503344,0.0,0.0,0.0,0.29846894385765754
C001225,2,0.0,0.3620255630150701,0.2555900844585097,0.0,0.0,0.1430516744854482,0.0,0.2393326780409719
C001229,4,0.0,0.2599292386508874,0.1628217046147451,0.0,0.5588983494319418,0.0,0.0,0.018350707302425606
C001230,3,0.0662589037135541,0.023332556910364434,0.03383914705516912,0.0,0.0,0.0,0.0,0.8765693923209124
C001232,4,0.027019207464918125,0.4049896310974927,0.0,0.0,0.17246621171534193,0.008955826673498174,0.0,0.38656912304874913
C001234,1,0.0,0.0,0.0,0.0,0.0,0.0,0.0,1.0
C001237,0,0.0,0.956102531632313,0.0,0.0,0.0,0.0,0.0,0.04389746836768704
C001238,0,0.027591992205138707,0.0,0.0,0.0757673411814613,0.46600723304458147,0.0,0.0,0.43063343356881856
C001239,1,0.43529693030456057,0.0,0.0,0.0,0.0,0.0,0.489809467283563,0.07489360241187648
C001241,1,0.0,0.0,0.0,0.0,0.0,0.8456813514931976,0.0,0.15431864850680244
C001243,1,0.0,0.0,0.0,0.0,0.0,0.7751157306108567,0.0,0.2248842693891433
C001244,1,0.0,0.135372556104507,0.02726342105054854,0.0,0.0,0.12589251765315873,0.6247929829776108,0.08667852221417494
C001248,4,0.0,0.0,0.0,0.01526366650541713,0.0,0.02345595626694505,0.0,0.9612803772276378
C001249,0,0.04004943959858756,0.0,0.2360668637600287,0.0,0.6347015807992268,0.05096013625995749,0.0,0.03822197958219942
C001252,1,0.37863161864166905,0.0,0.0,0.5134488838914472,0.0,0.0,0.0,0.10791949746688378
C001254,1,0.0,0.0,0.0,0.7196401031945284,0.0,0.0,0.0,0.2803598968054716
C001255,0,0.1671064293126823,0.08754774677708986,0.0,0.0,0.7004286476440593,0.0,0.0,0.044917176266168535
C001256,1,0.3285148066676209,0.0,0.07412220224272095,0.0,0.0,0.0,0.32296376603127636,0.27439922505838177
C001258,0,0.0,0.6929303742945088,0.0,0.050957137036382535,0.0,0.0,0.0,0.25611248866910874
C001260,2,0.0,0.0,0.0,0.0,0.0,0.4673686843034473,0.10417991049191626,0.4284514052046364
C001265,4,0.0,0.5595680960050331,0.0,0.2196222920187251,0.026153405438029107,0.07081546290497129,0.02687246994424862,0.09696827368899275
C001266,1,0.8225129023783194,0.0,0.03136021157469118,0.006939336845591498,0.0,0.0,0.0,0.13918754920139798
C001267,2,0.0,0.16097424763409712,0.0,0.0,0.010255389569902738,0.0,0.3815695656490005,0.44720079714699956
C001268,3,0.016381567815873632,0.0,0.05861946630447506,0.5588838091595851,0.0,0.2067705237517193,0.0,0.1593446329683469
C001269,3,0.0,0.0,0.0,0.48702371396647304,0.0,0.0,0.0,0.512976286033527
C001271,2,0.0,0.0,0.0,0.0,0.88843045160155,0.0,0.0,0.11156954839845001
C001272,1,0.04816554874510515,0.0,0.0,0.0,0.0,0.0,0.06544542739416724,0.8863890238607276
C001275,3,0.0,0.0,0.0,0.0,0.0,0.06638202959394061,0.5053973788537673,0.4282205915522921
C001276,2,0.0,0.0,0.0,0.043179038019887775,0.0,0.656901236784687,0.0,0.2999197251954252
C001279,4,0.6177301701517195,0.05216720808306221,0.0,0.04830842046682195,0.0,0.0,0.2505080574282345,0.03128614387016193
C001280,0,0.0,0.4127227168823376,0.0,0.0,0.0,0.0,0.3204375716504571,0.2668397114672053
C001283,4,0.0,0.18697594702176387,0.07721953570745901,0.0,0.0,0.0,0.0,0.7358045172707771
C001284,4,0.0,0.0,0.0,0.0,0.0,0.0,0.0,1.0
C001288,3,0.053355086635788584,0.2985524808989505,0.06033181611765757,0.0,0.0,0.5047035502306186,0.0,0.08305706611698471
C001289,4,0.0,0.0,0.0,0.0,0.0,0.0,0.0,1.0
C001290,3,0.0,0.0,0.5485918041999648,0.0,0.0,0.03321793498454374,0.0,0.4181902608154915
C001291,3,0.35832612053753254,0.057926538035298826,0.0,0.5214124691226931,0.0,0.0,0.0,0.06233487230447543
C001292,0,0.0,0.0,0.0,0.0,0.0,0.0,0.8658056318047662,0.13419436819523378
C001293,3,0.28894750260506735,0.09631571043483014,0.0,0.0,0.0,0.0,0.46455495902816596,0.15018182793193646
C001294,2,0.23084642512593312,0.616799584169615,0.0,0.0,0.0,0.0,0.0,0.15235399070445188
C001299,0,0.0,0.0,0.6364285202749149,0.15399033830355746,0.0,0.0,0.0,0.20958114142152762
C001301,2,0.05008758307430055,0.017671566009208522,0.0,0.2140892297036584,0.0,0.0,0.4311114513751763,0.2870401698376561
C001306,2,0.0,0.0,0.9345884865133943,0.0,0.0,0.0,0.0,0.06541151348660568
C001307,1,0.0,0.0,0.06879711374583936,0.39665349530525673,0.1739377730657488,0.06132674052898478,0.13839411285771608,0.16089076449645423
C001308,4,0.0,0.0,0.0,0.0,0.0,0.06620184624170411,0.0,0.9337981537582959
C001310,4,0.0827558889899766,0.0,0.04537515465293488,0.2734853592392633,0.5843983876434022,0.0,0.0,0.013985209474422944
C001312,0,0.7264028394561761,0.0,0.0,0.11604941494157545,0.09229762699224008,0.0,0.0,0.0652501186100084
C001316,4,0.05246051732543535,0.03898924336474658,0.012330970530202325,0.0,0.0,0.0,0.6515162700735317,0.24470299870608403
C001317,1,0.07422761653924065,0.0,0.0,0.07442052993513308,0.21276421131705775,0.0,0.0,0.6385876422085686
C001318,0,0.0,0.0,0.0,0.0,0.0,0.0,0.0,1.0
C001320,2,0.7533987956232844,0.0,0.0,0.042147729188924295,0.0,0.0,0.0,0.20445347518779133
C001321,2,0.8007005362372956,0.0,0.0,0.16945127441973437,0.0,0.0,0.0,0.029848189342969955
C001322,4,0.0,0.010351002173864416,0.0,0.5613706544091442,0.10238234309697553,0.0,0.047376586763861694,0.27851941355615406
C001323,2,0.02709266712467299,0.0,0.0,0.010512643333508336,0.7009953326664149,0.02722230533794482,0.1660198117647595,0.0681572397726995
C001324,4,0.0,0.0,0.04326076007313576,0.0,0.049322922511364345,0.0,0.0,0.9074163174154999
C001326,0,0.0,0.0,0.0,0.0,0.0,0.8515947282230166,0.0,0.14840527177698337
C001328,0,0.0,0.0,0.0,0.07159660029208231,0.0665651694233715,0.0,0.0,0.8618382302845462
C001331,4,0.03632232614841663,0.07704481845496886,0.06798259014814129,0.0,0.0,0.0,0.45347657168179145,0.36517369356668183
C001335,1,0.6467302940562228,0.0,0.0,0.0,0.0,0.0,0.19835567437188878,0.15491403157188843
C001336,4,0.0,0.0,0.06299512296573172,0.0,0.0,0.0,0.014635190438771274,0.922369686595497
C001337,1,0.012593034586010791,0.20012341419728125,0.0,0.0,0.3317811421880593,0.4206340384012371,0.0,0.03486837062741155
C001340,1,0.0,0.0,0.0,0.0,0.0,0.0,0.45786693701843895,0.542133062981561
C001345,1,0.27308412204943466,0.0,0.022461314051894225,0.0,0.0,0.0,0.0,0.7044545638986711
C001347,0,0.04179521749621329,0.0,0.0,0.0,0.0,0.0,0.0,0.9582047825037867
C001348,3,0.0,0.29992009041944023,0.0,0.0,0.0,0.0,0.0,0.7000799095805598
C001351,4,0.0,0.0,0.600664032855846,0.029232980701888733,0.0,0.22947321444002927,0.0,0.14062977200223603
C001354,3,0.5184911470994908,0.2930390296364496,0.0,0.0,0.0036479998828712495,0.0,0.0,0.18482182338118835
C001355,3,0.0,0.0,0.04123876003264512,0.0,0.0,0.0,0.3232372359828287,0.6355240039845261
C001356,2,0.29701500385429036,0.0,0.0,0.6634289596176045,0.0,0.0,0.0,0.03955603652810513
C001359,4,0.0,0.03212559913401799,0.0,0.0,0.0,0.0,0.8936330730242772,0.07424132784170479
C001361,0,0.0,0.0,0.0,0.0,0.0,0.0,0.0,1.0
C001364,3,0.0,0.0,0.0,0.5267107335341117,0.3193031490074236,0.0,0.0,0.1539861174584647
C001366,0,0.0,0.0,0.0,0.0,0.0,0.04205333348834428,0.0,0.9579466665116557
C001367,4,0.8183258317439054,0.0,0.0,0.0,0.01716427120645165,0.0,0.0,0.16450989704964292
C001374,2,0.4304225025427492,0.0,0.0,0.0,0.0,0.0,0.0,0.5695774974572507
C001377,3,0.0,0.0,0.0,0.0,0.0,0.0,0.0,1.0
C001378,4,0.34816415465143336,0.011491465521637758,0.5510510252667927,0.0,0.0,0.0,0.0,0.0892933545601362
C001380,2,0.03943096854846697,0.0,0.14087114557175506,0.0,0.0,0.0,0.24360199562798582,0.5760958902517921
C001382,4,0.0,0.0,0.06257508649817194,0.0,0.0,0.08052987003107487,0.0,0.8568950434707532
C001385,2,0.020297331604478098,0.0,0.0,0.0,0.0,0.6293560979555884,0.0,0.35034657043993345
C001386,4,0.0,0.1874093639055166,0.6624899980517496,0.11186509218669459,0.024648473362907708,0.0,0.0,0.013587072493131513
C001389,4,0.003576478178254616,0.6312724516201071,0.0,0.02189711141195658,0.0,0.0,0.15814034120581788,0.1851136175838638
C001391,4,0.0,0.06322838679650339,0.0,0.0,0.9076375618171105,0.0,0.0,0.02913405138638603
C001397,3,0.4576791783349684,0.0,0.5220435801238171,0.0,0.0,0.0,0.0055777839551898025,0.014699457586024645
C001399,3,0.0,0.0,0.0,0.5994515692425337,0.0,0.14329432818085708,0.07272131357982699,0.18453278899678216
C001400,1,0.0,0.0,0.0,0.017567199480292183,0.36709362863963246,0.0,0.5232913190643326,0.09204785281574279
C001402,1,0.0,0.0,0.0,0.0,0.02432263063112493,0.0,0.18874996958699974,0.7869273997818753
C001406,1,0.6271173282813491,0.0,0.0,0.0,0.0,0.2309350393772521,0.0,0.14194763234139873
C001408,3,0.01790046980667673,0.05015384725176284,0.0,0.0,0.0,0.0,0.0,0.9319456829415604
C001409,0,0.0,0.0,0.0,0.0,0.0,0.21676523365858305,0.0,0.783234766341417
C001410,4,0.0,0.0,0.25635420673127074,0.0,0.0,0.056837293536477436,0.6429299968425353,0.04387850288971662
C001413,3,0.15806723877248413,0.007501752106124956,0.6660214826303319,0.0,0.0,0.0,0.0027861235573040134,0.165623402933755
C001414,3,0.0,0.1457567153079223,0.18654878293808794,0.0,0.6264655043273669,0.0,0.019353946862155018,0.021875050564467924
C001415,4,0.22311927410051305,0.03770864947894818,0.0,0.05681804559177776,0.0,0.0,0.0,0.682354030828761
C001416,1,0.44831645723256713,0.0,0.0,0.0,0.0,0.0,0.0,0.5516835427674329
C001417,1,0.0,0.5631117114492774,0.0,0.0,0.0,0.0,0.26254560669650767,0.17434268185421486
C001419,0,0.05806864349172893,0.0,0.8276714913296565,0.0,0.0,0.0,0.0,0.11425986517861464
C001420,2,0.0,0.0,0.0,0.0,0.6017051169009437,0.04880281915082532,0.0,0.34949206394823096
C001421,1,0.4484161700359918,0.0074319040176257095,0.0,0.0,0.484944577549756,0.0,0.0,0.05920734839662645
C001422,0,0.0,0.0,0.17470770740983907,0.0,0.6953166161000987,0.0,0.0,0.12997567649006225
C001424,3,0.0,0.0,0.011329506738709113,0.522707356289263,0.0,0.16560154205026104,0.03960797359661235,0.26075362132515445
C001427,3,0.7579249085514186,0.0,0.0,0.0,0.0,0.12955664170955786,0.0,0.11251844973902358
C001428,0,0.012068155476419096,0.10735046548421148,0.8444524192271743,0.0,0.0,0.0,0.02302928609080926,0.013099673721385874
C001433,4,0.0,0.795328479503301,0.06692148995992027,0.0,0.0,0.0,0.10140052422131426,0.03634950631546441
C001436,3,0.0,0.0,0.517706527880926,0.0,0.0,0.0,0.3974814681730417,0.08481200394603228
C001437,2,0.6550947057970145,0.0,0.0,0.0,0.017239362811855244,0.0,0.0,0.3276659313911303
C001439,2,0.5191102931575814,0.0,0.0,0.42918333431376154,0.0,0.0,0.0,0.05170637252865706
C001440,2,0.0,0.0,0.0,0.0,0.0,0.0,0.0,1.0
C001441,3,0.0,0.1916468695934749,0.5327986283172277,0.0,0.0,0.24583659037645894,0.0,0.02971791171283855
C001442,0,0.0,0.0,0.8133639930880884,0.0,0.0,0.0,0.0,0.18663600691191162
C001444,0,0.0,0.0,0.0,0.0,0.0,0.11359090001772633,0.0,0.8864090999822737
C001445,1,0.0,0.0,0.0,0.6509579904981235,0.0,0.0,0.0,0.34904200950187647
C001446,0,0.0,0.0,0.0,0.1667008827984062,0.3277753208920151,0.0,0.0,0.5055237963095787
C001448,0,0.0,0.0,0.0,0.6627224038104343,0.0,0.08068017532688412,0.0,0.25659742086268156
C001449,3,0.0,0.13382434308798402,0.5944034375088163,0.0,0.0920075509868624,0.0,0.17150179952709302,0.008262868889244324
C001450,0,0.6827146406462615,0.0,0.0,0.0,0.0,0.0,0.0,0.31728535935373847
C001451,4,0.0,0.3823544606216384,0.0,0.0,0.0,0.0221292301777253,0.14813203276228465,0.44738427643835166
C001452,2,0.0,0.0,0.0,0.0756462919854303,0.0,0.5811639415564607,0.2513168781371907,0.09187288832091833
C001453,1,0.0,0.0,0.0,0.7040051513094221,0.0,0.0,0.0,0.2959948486905779
C001457,3,0.47218493684195567,0.0,0.12975573006557212,0.0,0.241076490243356,0.0,0.0,0.15698284284911623
C001458,4,0.5946659516844542,0.0,0.0,0.0,0.0,0.0,0.01806652200729097,0.3872675263082548
C001459,2,0.06270925371650654,0.0,0.0,0.27191634607812853,0.6268443469723394,0.0,0.0,0.038530053233025496
C001460,0,0.08709944917155339,0.059023692521940986,0.0,0.0,0.05175421423667455,0.018721751719608933,0.0,0.7834008923502221
C001461,2,0.0,0.0,0.24573541625701958,0.0,0.033905352776823806,0.0,0.0,0.7203592309661566
C001462,1,0.0,0.0,0.0,0.0,0.4450508827657519,0.0769549087146947,0.4523340123160966,0.02566019620345683
C001463,4,0.0,0.05408733465492144,0.0,0.0,0.0,0.0,0.0,0.9459126653450786
C001467,1,0.7546853939687354,0.0,0.0,0.0,0.0,0.0,0.0,0.24531460603126465
C001469,1,0.0,0.6329045669773069,0.11581600029826528,0.013631332184815674,0.0,0.023572843483000122,0.0,0.214075257056612
C001470,0,0.3932760214109169,0.0,0.20877941157252627,0.0,0.0,0.0,0.2706026353802775,0.12734193163627938
C001472,0,0.0,0.0,0.0,0.019001734536466742,0.016200641675689062,0.020194883268540815,0.0,0.9446027405193034
C001474,0,0.6115409452818109,0.0,0.0,0.0,0.0,0.32201660050962466,0.0,0.06644245420856443
C001475,1,0.0,0.0,0.0,0.6457523558836102,0.0,0.0,0.0,0.35424764411638976
C001484,2,0.0,0.22338504885690402,0.5245880278493956,0.0,0.0,0.0,0.20749261899975047,0.04453430429394989
C001485,3,0.46699407782589497,0.0,0.08916573819485922,0.0,0.0,0.0,0.03467892997700233,0.40916125400224357
C001486,0,0.0,0.0,0.0,0.20827715432707997,0.0,0.0,0.0,0.7917228456729201
C001487,0,0.0,0.3020108213250994,0.14054278741704837,0.0,0.0,0.0,0.5200721150181934,0.03737427623965883
C001492,0,0.0,0.008920218229545957,0.0,0.08533308356114788,0.0,0.42575985462725563,0.0,0.47998684358205057
C001493,1,0.044627699452546375,0.038482533133268826,0.3830999631667509,0.1744886857368914,0.14815544477876447,0.02205081183856403,0.0,0.189094861893214
C001497,0,0.7422512534513932,0.0,0.09946321672363413,0.0,0.0,0.04649230486841698,0.0,0.11179322495655575
C001498,3,0.3456939164459452,0.0,0.0,0.0,0.2764420464861986,0.19683942484838207,0.0,0.18102461221947408
C001499,3,0.0,0.7225706342062406,0.0,0.0,0.0,0.0,0.20481229118775424,0.0726170746060052
C001500,1,0.0,0.0,0.6010018928590793,0.0,0.0,0.35807213370181407,0.0,0.04092597343910653
C001501,0,0.8713790275894954,0.0,0.0,0.0,0.0,0.0,0.0,0.12862097241050463
C001503,4,0.0,0.0,0.0,0.15959568732545418,0.4255437502255815,0.0,0.005260244989159824,0.4096003174598045
C001504,3,0.665746592390016,0.0,0.0,0.17529489240317864,0.0,0.0,0.0,0.15895851520680537
C001506,3,0.0,0.0,0.0,0.3286920365651429,0.0,0.0,0.5820615403016655,0.08924642313319164
C001509,1,0.0,0.047081961653694174,0.029585508714758575,0.7271554611294265,0.0,0.0,0.16733005191111644,0.028847016591004193
C001513,2,0.0,0.7095176932387189,0.0,0.0,0.0,0.0,0.0,0.29048230676128106
C001514,2,0.0,0.0,0.35740430340425994,0.48351383935186654,0.0,0.0,0.0,0.15908185724387347
C001516,4,0.0,0.0,0.0,0.0,0.0,0.0,0.04221264359600263,0.9577873564039974
C001517,2,0.0,0.13079237893182483,0.10699489183768635,0.0,0.0,0.6729904035083693,0.011918824970819754,0.07730350075129988
C001520,2,0.0,0.25279651984215634,0.0,0.0,0.0,0.6066316404708201,0.0,0.14057183968702358
C001524,1,0.0,0.2219982407796301,0.0,0.31564890675101875,0.42171995819758307,0.0,0.0,0.040632894271768194
C001525,4,0.0,0.0,0.0,0.12145271677684892,0.062343240032968136,0.0,0.0,0.8162040431901829
C001526,3,0.0,0.8985649089260098,0.0,0.0,0.0,0.0,0.0,0.10143509107399018
C001527,2,0.42667128443204155,0.02602690318590537,0.0,0.00711593197498245,0.03666352510406134,0.4852718373955246,0.0,0.018250517907484665
C001530,4,0.0,0.0,0.0,0.7490064323794643,0.0,0.0,0.0,0.2509935676205357
C001533,3,0.0,0.023449156399357268,0.0,0.2805295591510273,0.0,0.6895056183709721,0.005778226454453164,0.0007374396241901504
C001536,0,0.0,0.0,0.0,0.0,0.0,0.9215940204767362,0.0,0.07840597952326378
C001540,0,0.0,0.05355679645171965,0.0,0.8143110330471719,0.0,0.0,0.0,0.13213217050110848
C001548,3,0.035218607198923266,0.0,0.13599136177476775,0.0,0.7711918713965736,0.0,0.01818346387550386,0.03941469575423151
C001549,4,0.0,0.00754141522891901,0.0,0.9497244717899659,0.0,0.0,0.0,0.04273411298111507
C001554,0,0.2630872321491883,0.37239760405914435,0.29456219879883433,0.0,0.0,0.05302702693752833,0.0,0.016925938055304623
C001555,2,0.0,0.0,0.009545077938328211,0.0,0.0,0.047663537699137726,0.0,0.9427913843625341
C001560,2,0.0,0.0,0.5071978818360351,0.0,0.0,0.0,0.2477201309005944,0.2450819872633705
C001561,4,0.0,0.0,0.0,0.0,0.0,0.0,0.0,1.0
C001564,4,0.0,0.0,0.9096183067091173,0.0,0.0,0.0,0.0,0.09038169329088275
C001567,1,0.0,0.8534782349441796,0.030745013253478063,0.0,0.08922359680172856,0.0,0.0,0.026553155000613726
C001569,0,0.0,0.09783576323565325,0.0,0.0,0.8437995195134214,0.0,0.0,0.0583647172509254
C001570,4,0.02547158207419141,0.7292064607487916,0.0,0.0,0.0,0.22070639217932833,0.015044891800203842,0.009570673197484836
C001571,0,0.0,0.10911756392451462,0.0,0.035535159528121384,0.0,0.7432586717659756,0.061193638122782716,0.05089496665860571
C001572,3,0.47538581857552076,0.0,0.0,0.07489145290657978,0.0,0.0,0.0,0.4497227285178995
C001574,4,0.0,0.0,0.0,0.0,0.0,0.07955369833169101,0.0,0.920446301668309
C001575,3,0.06490202268830834,0.0,0.0,0.8319524097059059,0.0,0.0,0.0,0.10314556760578575
C001576,1,0.0,0.0,0.0,0.1479535036937496,0.4110017502428591,0.0,0.0,0.4410447460633913
C001577,3,0.0,0.21038409491695131,0.0,0.0,0.025324915382736273,0.36445395051946783,0.24312836941076835,0.15670866977007625
C001578,2,0.0,0.2915004261138998,0.0,0.0,0.0,0.591402950342285,0.0,0.11709662354381523
C001581,4,0.024560173256112816,0.0,0.0,0.0,0.0,0.0,0.0,0.9754398267438872
C001582,3,0.07325056894269683,0.5887068274832093,0.0051176699687172774,0.0,0.3069734837385539,0.0,0.0,0.025951449866822518
C001583,2,0.0,0.0,0.0,0.0,0.3129361756559423,0.21819695545455564,0.0,0.46886686888950213
C001584,1,0.0,0.0,0.0,0.0,0.0,0.0,0.06724589735509123,0.9327541026449088
C001585,4,0.0,0.03605585571352246,0.0,0.0,0.03550865478933618,0.41195244191000757,0.2927824936276395,0.22370055395949429
C001587,1,0.0,0.0,0.0,0.016620135713441564,0.0,0.0,0.37798873950956924,0.6053911247769892
C001589,0,0.0,0.0,0.066877435033049,0.5611032041129063,0.0,0.0,0.24773722222112388,0.12428213863292092
C001590,0,0.0,0.0,0.2802391920656207,0.4983149965506795,0.0,0.0,0.0,0.2214458113836998
C001591,4,0.0,0.0,0.8300880933471172,0.00623344364782863,0.023568574079193372,0.0038119411535679055,0.0,0.13629794777229298
C001592,1,0.0,0.0,0.0,0.0,0.12879160788148264,0.0,0.1167189323041567,0.7544894598143607
C001593,0,0.0,0.0,0.6319225057221924,0.0,0.0,0.0,0.03984238032832627,0.32823511394948124
C001594,3,0.015452905675555191,0.0,0.7161986008947643,0.0,0.0,0.0,0.0,0.2683484934296805
C001599,3,0.0,0.0,0.0,0.018531553189317946,0.6319167595637961,0.0,0.0,0.3495516872468859
C001600,1,0.014803442913761438,0.0,0.0,0.2651499027111165,0.0,0.0,0.5134941644316495,0.20655248994347253
C001601,3,0.18097462223163557,0.06327069787858583,0.0,0.0,0.0,0.0,0.7320103151042471,0.023744364785531547
C001602,1,0.0,0.0,0.0,0.0,0.0,0.0,0.0,1.0
C001604,2,0.0,0.31164721611748947,0.0,0.0,0.0,0.07101707125500176,0.0,0.6173357126275087
C001607,3,0.0,0.7723731815367633,0.0,0.0,0.0,0.0,0.0,0.22762681846323674
C001608,0,0.0,0.8535691306727851,0.0,0.0,0.0,0.0,0.0,0.14643086932721494
C001613,3,0.016795440586356125,0.0,0.320664063943088,0.0,0.0,0.0710214311385717,0.4305360878879574,0.16098297644402682
C001614,2,0.0,0.0,0.8678717443189389,0.0,0.0,0.0,0.09726174286691569,0.034866512814145434
C001615,3,0.0,0.0,0.3947721324715274,0.0,0.4805704762141857,0.04389440071892012,0.0,0.08076299059536673
C001616,3,0.0,0.1763378314405006,0.0,0.25592930653577084,0.0,0.4836279418666787,0.0,0.08410492015704985
C001617,0,0.0,0.0,0.0,0.4733334885892078,0.0,0.35311123697338986,0.1266722560229557,0.04688301841444653
C001618,1,0.0,0.006457774012727703,0.0,0.04768335089519541,0.0,0.0,0.0,0.9458588750920769
C001621,0,0.0,0.05095420854135008,0.0,0.0,0.33693678329096755,0.0,0.5831813308382067,0.028927677329475765
C001624,1,0.26239481313799257,0.0,0.0,0.0,0.0,0.0,0.10338726794549472,0.6342179189165127
C001625,3,0.0,0.0,0.18990838837339918,0.0,0.0,0.0,0.0,0.8100916116266008
C001626,0,0.0,0.0,0.0,0.0,0.0,0.0,0.0,1.0
C001627,0,0.0,0.0,0.0,0.270562621028324,0.14110024910067315,0.04309255270202548,0.0,0.5452445771689773
C001631,2,0.0,0.0,0.12032094954200312,0.0,0.0,0.0,0.0,0.8796790504579969
C001634,2,0.21233477886417382,0.0,0.0,0.7390614939503517,0.03281039762115031,0.0,0.0,0.01579332956432411
C001635,0,0.28004617841471824,0.041705464878840054,0.0,0.0,0.0,0.09741630666931894,0.3038979625832946,0.2769340874538282
C001639,0,0.01066940210744949,0.0,0.0,0.0,0.5583077254641727,0.0,0.0,0.4310228724283778
C001640,0,0.0,0.0,0.0,0.0981003322056031,0.0,0.0,0.0,0.9018996677943969
C001641,3,0.0,0.0,0.0,0.0,0.03543463420322768,0.0,0.0,0.9645653657967723
C001642,3,0.0,0.0,0.0,0.0,0.0,0.0,0.0,1.0
C001644,2,0.0,0.0,0.0,0.027497403557221967,0.05858916375362234,0.0,0.0,0.9139134326891557
C001645,3,0.0,0.22876502014589206,0.0,0.0,0.0,0.4190103887524704,0.0,0.3522245911016375
C001648,2,0.0,0.0,0.09714920996548503,0.0,0.0,0.5923468958005247,0.23170744291644357,0.07879645131754676
C001650,4,0.0,0.12390705656521624,0.6915293419343714,0.0,0.0,0.0,0.0,0.1845636015004123
C001655,0,0.0,0.0,0.0,0.1259547332339702,0.5422547930368528,0.0,0.2822327131249468,0.04955776060423023
C001656,1,0.0,0.30797167671868236,0.6275453910538252,0.0,0.0,0.05908508626526411,0.0,0.005397845962228365
C001660,0,0.0,0.0,0.0,0.481692632371627,0.0,0.0,0.0,0.5183073676283729
C001662,0,0.07357160476449322,0.0,0.0,0.0,0.8726021424693716,0.013444887110551518,0.0,0.0403813656555837
C001664,0,0.0,0.0,0.0,0.0,0.6457134226491139,0.26368660693055807,0.0,0.09059997042032797
C001665,2,0.0,0.0,0.0,0.0,0.0,0.6440911178615034,0.0,0.3559088821384966
C001666,0,0.0,0.0,0.0,0.21050136239717412,0.0,0.0,0.0,0.7894986376028259
C001668,0,0.0,0.0,0.0,0.5579337290299305,0.2011552007453169,0.1521019765194896,0.0,0.08880909370526302
C001670,2,0.0,0.6947140899240977,0.0,0.0,0.0,0.061458153488792654,0.0,0.24382775658710965
C001672,1,0.0,0.0,0.0,0.7912753900158035,0.0,0.0,0.0,0.2087246099841965
C001673,1,0.0,0.0,0.1561831820655113,0.0,0.0,0.0,0.7797076128962412,0.06410920503824746
C001674,0,0.0,0.0,0.09629589607579594,0.3566389200749247,0.38275047769470694,0.0,0.0,0.16431470615457244
C001676,4,0.0,0.0,0.0,0.024847303642775542,0.0,0.2470527664542269,0.5170995548554224,0.21100037504757518
C001678,2,0.0,0.7960710270116811,0.0,0.0,0.0,0.0,0.0,0.2039289729883189
C001680,3,0.07088491568468797,0.16997290474959725,0.0,0.0,0.0,0.0,0.318949244563827,0.44019293500188783
C001681,0,0.0,0.1747661756420672,0.0,0.0,0.0,0.0,0.39233596064814924,0.43289786370978356
C001682,0,0.0,0.0,0.0,0.15744207960368528,0.0,0.0,0.0,0.8425579203963147
C001686,0,0.0,0.0,0.011968121436458054,0.0,0.749299151959276,0.0,0.23743113860948595,0.0013015879947799736
C001692,0,0.0,0.0,0.0,0.0,0.11206440394980442,0.581716276082079,0.0,0.3062193199681166
C001695,4,0.0,0.0,0.17435304140799535,0.0,0.0,0.0,0.0,0.8256469585920047
C001697,3,0.0,0.0,0.11517612185765058,0.06844051155209767,0.0,0.01645746782636076,0.0,0.799925898763891
C001699,0,0.0,0.02131722241700477,0.29186160789241106,0.05201566191297315,0.0,0.09243696900647316,0.37809112206454376,0.16427741670659413
C001700,2,0.0,0.0,0.10674774264788389,0.0,0.0,0.0,0.0,0.8932522573521161
C001703,0,0.0,0.0,0.8912537314491589,0.0,0.0,0.0,0.0,0.10874626855084113
C001704,2,0.0,0.019537688378052954,0.0,0.45998057022462396,0.31226378901748225,0.0,0.0,0.20821795237984086
C001705,3,0.01646682124843702,0.0,0.0,0.08537115720381666,0.0,0.23559138632524126,0.5194415821643963,0.14312905305810875
C001706,1,0.44654206147210235,0.0,0.3217708068204361,0.0,0.0,0.0,0.0,0.23168713170746158
C001707,4,0.0,0.2001528031089094,0.0,0.0,0.7583204169975678,0.0,0.0,0.041526779893522825
C001708,3,0.0,0.0,0.35583635600318475,0.4382438367266599,0.0,0.015109684215991917,0.0,0.19081012305416345
C001710,2,0.0,0.014404722784534495,0.11599697800336649,0.0,0.05848688165807952,0.0,0.0,0.8111114175540195
C001712,0,0.0,0.0,0.5446466644144224,0.4238782550812119,0.0,0.0,0.0,0.03147508050436565
C001713,4,0.16927051170914775,0.0,0.032530110156624666,0.0,0.013768386609847484,0.0,0.3977736072807209,0.38665738424365914
C001715,2,0.13717684171281608,0.45094038923379576,0.0,0.0,0.1723960002120358,0.2266741539949153,0.0,0.012812614846437032
C001717,1,0.907936538215693,0.0,0.0,0.0,0.0,0.0,0.0,0.09206346178430702
C001718,4,0.0,0.15702036861413163,0.011096051070214984,0.4838992543585746,0.2721360385326292,0.0,0.0,0.07584828742444949
C001719,3,0.0,0.8713821008435727,0.05691161627370044,0.0,0.0,0.0,0.0,0.07170628288272685
C001720,1,0.0,0.0,0.0,0.0,0.7490050058060811,0.0,0.0,0.2509949941939189
C001721,1,0.0,0.0,0.0,0.0,0.0,0.0,0.7249205516476639,0.2750794483523361
C001723,3,0.0,0.0,0.0,0.0,0.0,0.0,0.8835084232985441,0.11649157670145593
C001724,3,0.0,0.6768057808415628,0.0,0.0,0.0,0.0,0.0,0.32319421915843716
C001732,3,0.0,0.006621160614701808,0.013864728489687122,0.0,0.0634826747647364,0.0,0.0,0.9160314361308747
C001734,1,0.13031975599284862,0.0,0.0,0.0,0.0,0.0,0.0,0.8696802440071514
C001735,4,0.2947766210113318,0.3236955970302188,0.0,0.0,0.058317326727889814,0.0,0.3152076272655148,0.008002827965044812
C001736,0,0.0,0.0,0.0,0.0,0.7912759721267222,0.02394676210566163,0.0,0.18477726576761622
C001737,1,0.38058064056587176,0.3834046824438184,0.017259124566312678,0.014290036726399,0.0,0.0,0.06198990966683599,0.14247560603076204
C001740,1,0.7239129997766556,0.0,0.0,0.0,0.03295801992288722,0.0,0.0,0.24312898030045715
C001742,4,0.0,0.0,0.0,0.0,0.0,0.7947576525520309,0.0,0.2052423474479691
C001744,4,0.0,0.01988213309897294,0.08716957863392631,0.0,0.0,0.5393141987325348,0.24820652433350096,0.10542756520106489
C001749,1,0.8961545136950817,0.0,0.00584765474971478,0.03190425635330599,0.0,0.0,0.06335701121629134,0.0027365639856061774
C001751,3,0.0,0.0,0.2982896038185806,0.0,0.0,0.0,0.4812099193678451,0.22050047681357432
C001753,1,0.0,0.0,0.08547312862615337,0.0,0.0,0.5976970940304167,0.0,0.3168297773434299
C001755,3,0.0,0.0,0.0,0.0,0.23132606168063985,0.0,0.4611133079718874,0.3075606303474727
C001757,3,0.42353535369477663,0.0,0.0,0.0,0.24253779495350583,0.0,0.2934098430114927,0.04051700834022487
C001758,1,0.8169027812580002,0.0,0.05225185907713016,0.0,0.0,0.01382725784510927,0.0,0.11701810181976036
C001760,1,0.0,0.0,0.0,0.0,0.0,0.0,0.0,1.0
C001762,2,0.33184885266341396,0.0,0.3851053846377871,0.0,0.0,0.0174119699527993,0.0,0.26563379274599974
C001765,4,0.02183882610665051,0.0,0.0,0.0,0.03399827515775129,0.03736907789044894,0.0,0.9067938208451493
C001766,4,0.0,0.42180920029057056,0.0,0.0,0.0,0.04268717409630839,0.0,0.535503625613121
C001768,0,0.0,0.0,0.0,0.0,0.084994653020515,0.0,0.3300962394362101,0.5849091075432749
C001772,2,0.02079233836302668,0.0,0.0,0.002922150405723962,0.9430091262875597,0.0,0.0,0.033276384943689674
C001773,1,0.3834627424984113,0.0,0.0,0.0,0.0,0.0,0.0,0.6165372575015887
C001778,1,0.057065652607532436,0.05697136968465028,0.09623218016305064,0.0,0.0,0.4857573884798831,0.0,0.30397340906488357
C001779,2,0.0,0.5541392024847684,0.0,0.24025444880157912,0.0,0.025952090840134764,0.0,0.17965425787351774
C001785,1,0.0,0.0,0.0,0.0,0.35410608578336605,0.0,0.20800741249257354,0.4378865017240604
C001787,2,0.27958300889376125,0.04688471237935938,0.0,0.05115436279632907,0.0,0.6008422428625321,0.0,0.02153567306801829
C001788,0,0.5058052891387698,0.028842775697420178,0.0,0.0,0.0,0.0,0.0,0.46535193516381
C001789,2,0.9356220509721747,0.0,0.0,0.0,0.0,0.0,0.0,0.06437794902782534
C001791,2,0.0,0.0,0.0,0.932494052878459,0.0,0.0,0.0,0.06750594712154101
C001792,2,0.0,0.0,0.0,0.0,0.0,0.6166707954862695,0.0,0.38332920451373054
C001793,2,0.1856022911057539,0.0,0.0,0.0,0.13217774234117607,0.6636759659915678,0.0,0.018544000561502294
C001794,2,0.006387252126023093,0.0,0.015678015930044222,0.0181523928311738,0.0,0.10223341329729428,0.8482997747324349,0.009249151083029705
C001795,1,0.0,0.0,0.048399792931596984,0.08636860793453131,0.0,0.0,0.5490091726931795,0.3162224264406922
C001797,3,0.0,0.0,0.0,0.16509256772826897,0.0,0.0,0.0,0.834907432271731
C001799,2,0.0,0.0,0.0,0.084680266540495,0.013647847956094429,0.050336003067113895,0.8379405372476774,0.01339534518861929
C001801,1,0.0,0.0,0.0,0.01769033476124761,0.1360770499643041,0.1755290409180031,0.0,0.6707035743564452
C001802,3,0.0,0.0,0.014206522031689357,0.0,0.045397381517124816,0.0,0.0,0.9403960964511858
C001806,4,0.08119356229958842,0.0,0.24555324913442214,0.0,0.5291271554817307,0.0,0.0,0.14412603308425864
C001809,0,0.2253197457530962,0.1188699266208842,0.09173756803756984,0.05718379185193706,0.0,0.13192959923125042,0.0,0.37495936850526235
C001810,4,0.0,0.6402919059711751,0.0,0.0,0.2607939326517202,0.0,0.0,0.09891416137710474
C001813,2,0.0,0.0,0.8912345836143312,0.0,0.0,0.0,0.0,0.10876541638566883
C001815,4,0.0,0.9551240285776775,0.0,0.0,0.0,0.0,0.0,0.04487597142232247
C001817,0,0.15352609903579237,0.0,0.0,0.0,0.2775146994856959,0.013773395435097249,0.48580662831776084,0.0693791777256536
C001818,0,0.0,0.3610621123568757,0.32137991056341075,0.0,0.06961774913797257,0.0,0.11765793543718758,0.13028229250455337
C001820,4,0.0,0.0,0.7716541727596432,0.0,0.0,0.0,0.0,0.2283458272403568
C001824,1,0.24105159173918358,0.0,0.6117577792304599,0.0,0.0,0.0,0.0,0.1471906290303565
C001826,1,0.0,0.0,0.0,0.0,0.0,0.0,0.33923593329696666,0.6607640667030333
C001827,1,0.0,0.48455704854549414,0.0,0.0,0.06963554341851706,0.0,0.0,0.44580740803598884
C001832,3,0.19042190699161166,0.0,0.3511214381855279,0.0,0.06852519880924103,0.0,0.12410710156958288,0.2658243544440366
C001834,3,0.03322398334777367,0.0,0.0,0.4904067230454196,0.0,0.0,0.0,0.4763692936068067
C001838,4,0.0,0.492264583673112,0.0,0.0,0.44117036772627893,0.0,0.0,0.06656504860060908
C001840,2,0.05552482715454102,0.0,0.0,0.0,0.0,0.0,0.05111390040014094,0.893361272445318
C001841,3,0.0,0.0,0.0,0.0,0.9242805637011183,0.0,0.0,0.07571943629888167
C001843,1,0.0,0.0,0.0,0.016584411367514335,0.0,0.24534190391404162,0.6465987600312125,0.0914749246872315
C001844,1,0.18612228305255435,0.18967002574546274,0.0,0.25568619406885457,0.0,0.0,0.30908994400766165,0.05943155312546666
C001846,1,0.0,0.0,0.615014788544361,0.0,0.0,0.14439925984598134,0.0,0.24058595160965768
C001848,0,0.13034142888676217,0.05845821557380557,0.0,0.0,0.5578019836908232,0.0,0.0,0.253398371848609
C001849,1,0.0,0.0,0.0,0.0,0.0,0.0,0.0,1.0
C001850,4,0.34437668677539013,0.0,0.0,0.0,0.0,0.6009646932773818,0.0,0.05465861994722809
C001851,4,0.2390437242382403,0.0,0.0,0.0,0.0,0.0,0.6675286337947998,0.09342764196695996
C001854,2,0.0,0.27835273473004285,0.0,0.0,0.03863857224437064,0.0,0.1642060810114818,0.5188026120141047
C001855,0,0.0,0.0,0.06744950485281612,0.0,0.02779793285128565,0.031798249461177805,0.10445027394219661,0.7685040388925238
C001856,3,0.5739541092376703,0.0,0.0,0.08873843526168229,0.0,0.0,0.0,0.33730745550064745
C001857,2,0.0,0.02946476892663551,0.0,0.011556512272029506,0.12086298304137172,0.0,0.8245751418397411,0.01354059392022211
C001859,1,0.08365194793922515,0.0,0.7067442750148436,0.0,0.018954997510996996,0.0,0.0,0.1906487795349343
C001860,3,0.0,0.0,0.0,0.0,0.6598626918538072,0.0,0.0,0.3401373081461928
C001863,1,0.0,0.0,0.0,0.902011935061103,0.0,0.021809480022302277,0.0,0.07617858491659468
C001864,2,0.0,0.3874347690963931,0.23132512217541687,0.0,0.013545363563111059,0.0,0.0,0.36769474516507894
C001866,2,0.08213008288194479,0.017592258297060348,0.0,0.0,0.0,0.0,0.0,0.9002776588209949
C001867,2,0.2805309253053346,0.0,0.0,0.05027468451010404,0.0,0.3859778674980471,0.10260241180823222,0.18061411087828205
C001871,4,0.0,0.0,0.0,0.0,0.03200991673607956,0.0,0.0,0.9679900832639204
C001873,2,0.2808950450514617,0.0,0.0,0.0,0.0,0.0,0.0,0.7191049549485383
C001875,4,0.0,0.0,0.6628626821430469,0.0,0.13273564105472463,0.00698117331736298,0.0,0.1974205034848655
C001879,1,0.24315175673000922,0.0,0.39697958220364343,0.0,0.0,0.029977940709843214,0.04952991300683709,0.28036080734966706
C001880,3,0.0,0.0,0.027714990750710475,0.020780202427871708,0.08677633320042245,0.0,0.0,0.8647284736209954
C001881,1,0.0,0.0,0.22062579546921127,0.0,0.0,0.0,0.7657879839628208,0.013586220567967988
C001884,3,0.0,0.0,0.20062856323680855,0.5892987288650933,0.022249637846234464,0.0,0.0,0.18782307005186372
C001886,1,0.0,0.9213269353744638,0.0,0.0,0.030957580714722738,0.0,0.0,0.04771548391081348
C001891,3,0.0,0.5252176826938965,0.17441217866225703,0.28588340904507276,0.0,0.0,0.0,0.01448672959877384
C001893,2,0.0,0.0,0.0,0.9308746685783833,0.0,0.0,0.0,0.0691253314216167
C001894,2,0.36422788869624173,0.0,0.0,0.21156802208019726,0.0,0.0,0.0,0.424204089223561
C001896,2,0.23254736648674015,0.3534608709404775,0.0797744870220636,0.0,0.0,0.2733909303957615,0.028573326044393176,0.03225301911056411
C001897,4,0.0,0.03615325335024187,0.04586084566976301,0.0,0.0,0.0,0.4644196827705904,0.4535662182094047
C001898,1,0.008070366126105868,0.29679167994352657,0.0,0.0,0.026665931180350416,0.0,0.6361548877439525,0.0323171350060647
C001900,4,0.0,0.31162607595625463,0.5248846060334509,0.0,0.1591807307962088,0.0,0.0,0.0043085872140857795
C001903,0,0.04089164254364457,0.468240080466127,0.0,0.3791502728304058,0.0,0.0,0.0,0.11171800415982269
C001904,1,0.4086198986479244,0.0,0.28411836768264587,0.0,0.001683099162852064,0.2127704219623968,0.041310725516202663,0.051497487027978184
C001909,2,0.0,0.0,0.8698056571268661,0.0,0.0,0.0,0.0,0.13019434287313392
C001911,4,0.5563077081761232,0.3167072790848403,0.0,0.0,0.0,0.0,0.09286626987601264,0.034118742863023854
C001914,2,0.0,0.0,0.13077885575268894,0.04536750136299073,0.0,0.0,0.46025640106033094,0.36359724182398945
C001921,4,0.0,0.0,0.0,0.03554427645810451,0.022937398106135293,0.0,0.0,0.9415183254357602
C001922,3,0.0,0.0,0.04300480345534745,0.8800952086993361,0.036971929484270416,0.0,0.0,0.03992805836104607
C001923,0,0.0,0.0,0.0,0.0,0.7579998555188835,0.0,0.1806550807204744,0.06134506376064208
C001928,4,0.0,0.0,0.0,0.2861922646796078,0.0,0.0,0.0,0.7138077353203922
C001929,4,0.0,0.0,0.0,0.0,0.7600389804065181,0.0,0.0,0.23996101959348193
C001930,2,0.1707636082850278,0.031183883632475304,0.6775562881570184,0.0,0.0,0.0,0.0,0.12049621992547843
C001931,4,0.0,0.0,0.10951284336316058,0.0,0.0,0.0,0.17503110446512307,0.7154560521717164
C001932,0,0.5071163670593285,0.0,0.0,0.005378272394312194,0.0,0.08837110463843999,0.0,0.3991342559079193
C001933,0,0.0,0.0022441403441287437,0.036762393315652585,0.041386227404483354,0.0,0.8061054076379317,0.10827037334019696,0.0052314579576066
C001934,1,0.029227897710392192,0.1162858671767172,0.012781022711219484,0.0,0.0220763506329271,0.0,0.0,0.819628861768744
C001935,4,0.0,0.0,0.0,0.0,0.3866598291846432,0.0,0.5507201339289552,0.06262003688640161
C001937,3,0.07584356848380644,0.0,0.7683165119472406,0.0,0.09031129542784673,0.0,0.0,0.06552862414110616
C001939,4,0.29413895070203977,0.0,0.0,0.0,0.0,0.0,0.0,0.7058610492979602
C001940,1,0.0,0.0,0.0,0.5931968918420911,0.0,0.0,0.31861588444236943,0.08818722371553944
C001942,0,0.0,0.2197672210081097,0.12309360954551579,0.0,0.5603763936060177,0.0,0.0,0.09676277584035686
C001943,0,0.0,0.24213105277869887,0.6547723410494208,0.0,0.0,0.0,0.05703743420692689,0.04605917196495346
C001947,3,0.045687115474316406,0.0,0.3044102020534578,0.0,0.21911187041253047,0.0,0.0,0.43079081205969527
C001948,4,0.0,0.4758799963371953,0.01376850337963995,0.0,0.0,0.0,0.14073283986186444,0.3696186604213003
C001949,2,0.10910408372034015,0.09000509038994968,0.5997630013200299,0.011248509828135387,0.0,0.0,0.0,0.18987931474154485
C001950,3,0.0,0.8043851656606962,0.00473682158974701,0.0,0.0,0.183372023522285,0.0,0.007505989227271859
C001951,2,0.0,0.0,0.0,0.0,0.6556443603520505,0.0,0.0,0.34435563964794946
C001952,3,0.0,0.0,0.0,0.03169447789958546,0.0,0.0,0.0,0.9683055221004145
C001953,3,0.10632111451095592,0.0,0.0,0.0,0.0,0.0,0.0,0.8936788854890441
C001955,4,0.2365895027334427,0.0,0.0,0.0,0.15640321699325077,0.5794641458598169,0.0,0.027543134413489656
C001956,3,0.0,0.0,0.11666260845842727,0.011991108200826122,0.03167748922664362,0.0,0.0,0.839668794114103
C001958,1,0.5643632247404853,0.1020104472516897,0.023840265750390957,0.0,0.1016481420921425,0.011503812436583974,0.0,0.1966341077287076
C001960,3,0.0,0.0,0.2081733804290865,0.4585498847301552,0.0,0.0,0.0,0.33327673484075837
C001962,3,0.03364431355346784,0.12187180552189374,0.08384670544923342,0.0,0.0,0.20359767025694644,0.0,0.5570395052184586
C001964,2,0.0,0.0,0.0,0.0,0.0,0.0,0.8816424339917293,0.11835756600827074
C001965,1,0.7111993306140888,0.0,0.0,0.1737392924978455,0.0,0.0,0.0,0.11506137688806573
C001966,4,0.0,0.050743029912073634,0.0,0.0,0.1884057123689736,0.0,0.0,0.7608512577189528
C001968,2,0.0,0.0,0.0,0.0,0.03267325231415743,0.0,0.14091121618208588,0.8264155315037567
C001970,1,0.01801705681958268,0.0,0.0,0.5310912848928252,0.004853303954409868,0.37384842032939763,0.060277481290658574,0.01191245271312602
C001973,0,0.0,0.0,0.0,0.8686961599009378,0.0,0.0,0.0,0.13130384009906215
C001974,0,0.0,0.0,0.0,0.015469036644898014,0.0,0.8136386336897138,0.0,0.17089232966538825
C001975,1,0.04494599002461747,0.2727931277590743,0.0,0.0597464104743423,0.0,0.0,0.020802844597525044,0.6017116271444408
C001978,3,0.0,0.0,0.6978918608807629,0.0,0.0,0.16921073300679546,0.0,0.1328974061124416
C001983,4,0.0,0.0,0.0,0.0,0.25401810241619444,0.7431674228884737,0.0,0.0028144746953318034
C001984,1,0.0,0.8917911863075572,0.0,0.0,0.0,0.0,0.0,0.10820881369244284
C001987,2,0.09781841415882597,0.0,0.0,0.06952386345795894,0.0,0.0,0.043002367634096234,0.7896553547491189
C001993,3,0.038757236496427115,0.0,0.0,0.0,0.2680190445911045,0.0,0.0,0.6932237189124684
C001994,0,0.0,0.0,0.0,0.5154490304778023,0.0,0.0,0.0,0.48455096952219767
C001995,0,0.0,0.12007469999116545,0.14303839482823488,0.09086419249670495,0.31454850590688843,0.0,0.029381030577033895,0.30209317619997234
C001996,4,0.023749185783775346,0.0,0.28287340766085756,0.0,0.022678935530893375,0.0,0.663328222515542,0.007370248508931754
C001997,0,0.11746008453254625,0.0,0.0,0.0,0.8184432417277318,0.0,0.0,0.06409667373972194
C002000,4,0.9215227680722827,0.0,0.0,0.0,0.0,0.0,0.0,0.07847723192771727
C002002,1,0.0,0.049002161641426296,0.0,0.2326273395963717,0.049150268913797916,0.11995292608086788,0.0,0.5492673037675362
C002003,1,0.0,0.111145820311851,0.0,0.0,0.0,0.0,0.12186016017533377,0.7669940195128152
C002004,2,0.0,0.0,0.17480822102091986,0.10730946820633523,0.6406264853832927,0.0,0.0,0.07725582538945219
C002005,3,0.0,0.0,0.3402950055309861,0.0,0.08524996771073223,0.5228510077406263,0.010921273943144238,0.040682745074511084
C002008,1,0.0,0.11270533058365097,0.41998797940172883,0.0,0.37737762494686145,0.0,0.01992357647312034,0.0700054885946384
C002010,4,0.0,0.0,0.38781460647489713,0.0,0.583862196550109,0.026212457584483262,0.0,0.002110739390510652
C002012,2,0.0,0.0,0.05731798569470159,0.0,0.0,0.0,0.0,0.9426820143052984
C002013,3,0.6151613438235095,0.0,0.09208409554471986,0.0,0.05813190571901711,0.18391801200803706,0.0,0.050704642904716435
C002014,1,0.0,0.12471319908171397,0.37565058410965535,0.02924040854829281,0.0,0.36274163097863993,0.0,0.1076541772816979
C002015,3,0.4257784440741249,0.0,0.09855795865437743,0.0,0.2674677976408217,0.0,0.1523051883655663,0.055890611265109746
C002020,4,0.0,0.6580995620452116,0.0,0.04136756313598029,0.03229840091589207,0.0,0.0,0.268234473902916
C002021,0,0.30731345440190955,0.0,0.0,0.26140689653194177,0.0,0.0,0.025419197306980064,0.40586045175916863
C002022,1,0.39476008116623756,0.0,0.0,0.0,0.04209509459630455,0.0,0.1299334535741905,0.4332113706632674
C002024,3,0.0,0.1565506818180876,0.0,0.32177455846406705,0.3668677093159227,0.11680919872377274,0.0,0.03799785167814995
C002025,3,0.0,0.4584130225475579,0.0,0.039567132806346855,0.030916221074022837,0.4589018615126797,0.0,0.012201762059392829
C002026,1,0.0,0.0,0.07042806854974869,0.04999190661338518,0.0,0.03427145538406042,0.07051073146588421,0.7747978379869215
C002028,1,0.0,0.0,0.02765893346098769,0.0,0.0,0.0,0.0,0.9723410665390123
C002031,0,0.025468845609200236,0.0,0.0,0.020097950627077008,0.0,0.0,0.0,0.9544332037637228
C002033,1,0.0,0.09637371089480645,0.8812189470690002,0.0,0.0,0.0,0.0,0.022407342036193434
C002037,0,0.0,0.32655388399573904,0.0,0.07167620034193566,0.417275572404935,0.0,0.0,0.18449434325739023
C002039,2,0.0,0.0,0.0,0.0,0.7264979742155078,0.0,0.0,0.27350202578449223
C002040,4,0.0009735915934331635,0.19988676327690633,0.0,0.0,0.753471159344265,0.0,0.0,0.04566848578539551
C002041,2,0.2949663334494923,0.0,0.0,0.6171676305348679,0.0,0.0,0.07498575194043901,0.01288028407520081
C002042,4,0.0,0.0,0.21133374888476583,0.0,0.0,0.6194337578584831,0.0,0.16923249325675105
C002044,3,0.0,0.0,0.0,0.9446154459232897,0.0,0.0,0.0,0.05538455407671028
C002045,3,0.0,0.0,0.0,0.6900439900558692,0.0,0.0,0.0,0.30995600994413075
C002046,4,0.0,0.15780719561360304,0.0,0.0,0.0,0.0,0.0,0.842192804386397
C002049,2,0.0,0.5065576832417273,0.0,0.0,0.004294071859394404,0.0,0.4206622150691762,0.06848602982970198
C002050,2,0.09481602178557591,0.0,0.0,0.0,0.0,0.0,0.0,0.9051839782144241
C002051,4,0.0,0.045609008356242306,0.30584119835105134,0.0,0.0,0.0,0.01513909046562323,0.6334107028270831
C002053,4,0.0,0.0,0.0,0.0,0.0,0.0,0.0,1.0
C002056,0,0.0,0.0,0.0,0.0,0.8128543045019002,0.0,0.0,0.18714569549809978
C002057,2,0.0,0.0,0.010559518565753238,0.08482858503303016,0.7524180622460704,0.0,0.0,0.1521938341551462
C002061,4,0.0,0.0,0.2585614326378819,0.0,0.26364551993475277,0.4276143972786913,0.0,0.05017865014867395
C002064,4,0.4352752192568744,0.0,0.0,0.0,0.0,0.0,0.48557130973865237,0.07915347100447323
C002067,0,0.3648710166881076,0.0,0.498204580958082,0.0322013132873091,0.0,0.0,0.0,0.10472308906650118
C002068,1,0.0,0.04160837532619827,0.0,0.0,0.0,0.06397683438872599,0.1338022701201521,0.7606125201649236
C002069,2,0.823398389913456,0.0,0.051017764359152895,0.0,0.04337953678515832,0.027253473885155494,0.0,0.05495083505707721
C002072,2,0.4749059560963335,0.4344397940185569,0.0,0.0,0.0,0.0,0.0,0.0906542498851095
C002074,1,0.0,0.0,0.5469732886592346,0.26713478572185134,0.1662908385948371,0.0,0.0,0.019601087024077035
C002075,2,0.0,0.0,0.0,0.0,0.0,0.3444447149133075,0.2172194535605073,0.43833583152618516
C002076,0,0.0024865949497785756,0.09063312834786902,0.014436105610350242,0.0,0.0,0.0,0.8702563389434816,0.022187832148520492
C002078,0,0.4275721152180433,0.0,0.3214360616815088,0.02451984388555231,0.0,0.0,0.03589211033159398,0.1905798688833017
C002079,2,0.0,0.06653865083386393,0.06117531342247746,0.0,0.0,0.0,0.8517937969985658,0.02049223874509276
C002081,0,0.0,0.0,0.5877494393505882,0.0,0.29138765765752683,0.0,0.0214295017688999,0.09943340122298505
C002082,0,0.0,0.0,0.014387290988950273,0.0,0.24857780372215998,0.0,0.0,0.7370349052888898
C002084,4,0.016337849289115105,0.0,0.06237869916095961,0.2684806010936841,0.4947474846699096,0.04683852031241137,0.0,0.11121684547392019
C002085,2,0.0,0.052168021819735906,0.0,0.0,0.0,0.0,0.0,0.9478319781802641
C002086,1,0.041596577201857894,0.8603004306690311,0.08216742817524186,0.0,0.0,0.0,0.0,0.015935563953869192
C002088,1,0.25510081958196107,0.0,0.02671201837974238,0.1359169702519358,0.0,0.0,0.23867493741181547,0.3435952543745453
C002089,1,0.0,0.0,0.0,0.0,0.9443870611370184,0.0,0.0,0.055612938862981576
C002091,0,0.0,0.4136165161556911,0.26988628941137105,0.05597061812264105,0.2152915498219925,0.0,0.0,0.04523502648830424
C002094,2,0.0,0.0,0.0,0.38185755572278396,0.02259587611542742,0.0,0.5729390475952895,0.022607520566499173
C002095,2,0.0,0.0,0.0,0.0,0.0,0.08051747800546116,0.0,0.9194825219945388
C002097,0,0.0,0.0,0.0,0.0,0.696997221864898,0.0,0.0,0.303002778135102
C002098,1,0.0,0.0,0.0,0.0,0.0928748419431526,0.6157337612150715,0.0,0.29139139684177584
C002100,0,0.0,0.0,0.0,0.8845305059995224,0.0,0.0269590535742839,0.0,0.08851044042619371
C002101,1,0.0,0.0,0.002968172081500876,0.08447980673228844,0.8021420649993496,0.0,0.0,0.11040995618686111
C002103,3,0.0,0.0,0.13864566225121555,0.0,0.35902991349736646,0.0,0.4051930642972956,0.09713135995412236
C002104,0,0.0,0.0,0.0,0.0,0.08645090996361782,0.0,0.0,0.9135490900363822
C002108,3,0.0,0.029613336749372082,0.6032037360796305,0.0,0.0,0.0,0.0,0.36718292717099743
C002111,0,0.0,0.0,0.0,0.07441685657271505,0.42673671052991263,0.0,0.0,0.4988464328973723
C002113,0,0.0074193851624702566,0.06696561315467585,0.588100285630341,0.0,0.011816485980497426,0.0,0.2742823029610948,0.05141592711092069
C002115,1,0.0,0.0,0.0,0.0,0.0,0.0,0.0,1.0
C002116,4,0.47855927479522686,0.0,0.3373278503185339,0.005204679355415562,0.0,0.1117773680478526,0.0038827196530870356,0.0632481078298841
C002117,2,0.8871663091230862,0.04280060363581664,0.0,0.0,0.0,0.05790638831091679,0.0,0.012126698930180368
C002118,3,0.0,0.0,0.0,0.0,0.96333023610897,0.0,0.0,0.03666976389103005
C002119,0,0.24383285840259575,0.0,0.29090499082305243,0.4425160267952202,0.0,0.0,0.0,0.02274612397913167
C002121,1,0.4528540236517979,0.0,0.0,0.18028533976659528,0.0,0.1307741083384992,0.0,0.2360865282431076
C002122,0,0.49105737294202984,0.0,0.1490744146863852,0.11021325246110483,0.0,0.0,0.0,0.24965495991048015
C002124,2,0.0,0.0,0.0,0.0,0.05556959952370817,0.0402444378987174,0.0,0.9041859625775744
C002126,3,0.3325720175984384,0.0,0.0,0.39500119656553045,0.029092120615371347,0.0,0.0,0.24333466522065983
C002127,2,0.036068655841438375,0.0,0.0,0.6461679589151238,0.0,0.0,0.0,0.31776338524343783
C002128,0,0.0,0.0,0.0,0.0,0.0,0.0,0.0,1.0
C002129,3,0.0,0.0,0.0,0.018886121060150033,0.15778114657556247,0.0,0.0,0.8233327323642875
C002134,2,0.07077422605315634,0.0,0.0,0.0,0.0,0.7737023379324359,0.0,0.15552343601440777
C002136,4,0.0,0.0,0.0,0.0,0.0,0.19409706977689006,0.7517944462331694,0.054108483989940614
C002138,2,0.18267776452258305,0.0,0.0,0.0,0.4109301545538418,0.32177345996379514,0.0,0.08461862095978001
C002139,3,0.0,0.0,0.0,0.0,0.0,0.6638186321101193,0.0,0.33618136788988073
C002142,1,0.0,0.13985647633467532,0.0,0.6881146492420651,0.0,0.0,0.0,0.17202887442325954
C002144,0,0.0,0.0,0.0,0.9123874133904226,0.0,0.0,0.0,0.08761258660957738
C002146,1,0.0,0.0,0.052667273855951595,0.0,0.0,0.1578885377652769,0.0,0.7894441883787715
C002147,2,0.0,0.0,0.27019135951796547,0.0,0.4609082320745191,0.0,0.0,0.2689004084075155
C002148,2,0.0,0.0,0.0,0.0,0.28112322140457807,0.23806058979078118,0.0,0.4808161888046407
C002149,4,0.0,0.47051387882741863,0.0,0.4160799216467212,0.0,0.0,0.0,0.11340619952586017
C002150,0,0.06289141723148395,0.0,0.0,0.0,0.0,0.0,0.0,0.937108582768516
C002151,3,0.0,0.0,0.0,0.0,0.7216406449078279,0.06063320512884724,0.0,0.21772614996332484
C002153,0,0.0,0.0,0.0,0.0,0.0,0.7166592086691445,0.0,0.28334079133085555
C002154,0,0.0,0.7124475620090533,0.0,0.0,0.05605208873903174,0.19642655985731783,0.0,0.035073789394597044
C002157,3,0.0,0.0,0.08709394228523892,0.0,0.0,0.0,0.6982027113791054,0.2147033463356557
C002158,4,0.0,0.0,0.0,0.0,0.0,0.0,0.0,1.0
C002160,2,0.0,0.04217747537689104,0.7676716627132433,0.0,0.0,0.0,0.0,0.19015086190986574
C002162,4,0.06721309814380326,0.10341976402573339,0.5244489435493502,0.0,0.0,0.0,0.0,0.3049181942811131
C002163,0,0.0,0.05417964497936778,0.0,0.0,0.0,0.0,0.0,0.9458203550206322
C002165,4,0.08592938936299767,0.1938519356450029,0.0,0.0,0.0,0.3296605365412624,0.0,0.39055813845073706
C002166,3,0.0,0.6217650667559997,0.0,0.0,0.0,0.0,0.12533458591673557,0.25290034732726463
C002167,0,0.0,0.0,0.23209402965585746,0.0,0.0,0.0,0.0,0.7679059703441425
C002168,2,0.0,0.20761908182307393,0.0,0.20915218227455817,0.012799870214758476,0.02408021980342295,0.41067341084385317,0.1356752350403333
C002172,3,0.05200513594154536,0.0,0.0,0.12596186081074032,0.3444903999310174,0.0,0.0,0.47754260331669696
C002173,4,0.1618138207113085,0.0,0.0,0.0,0.8004921926415972,0.0,0.0,0.037693986647094224
C002174,4,0.0,0.0,0.0,0.0,0.9099859985586747,0.0,0.0,0.09001400144132532
C002175,0,0.0,0.04321541330107511,0.0,0.0,0.019277456277819845,0.020722035590456107,0.48862763327545344,0.4281574615551955
C002176,0,0.0,0.0,0.0,0.049421989721334776,0.4286521818751729,0.0,0.5039353583015246,0.017990470101967748
C002177,3,0.0,0.0,0.0,0.0,0.8238046321086675,0.0,0.0,0.1761953678913325
C002183,2,0.0,0.0,0.0,0.5428028416705162,0.24867564550922855,0.0,0.0,0.20852151282025533
C002184,3,0.3734211429172359,0.17524826288786044,0.0,0.3752254246008376,0.0,0.0,0.0,0.07610516959406621
C002187,0,0.0,0.0,0.0,0.8459658105140301,0.14039992329934226,0.0,0.0,0.013634266186627664
C002188,1,0.0,0.0,0.016481383586370146,0.12693304350073767,0.0,0.0,0.0,0.8565855729128922
C002189,0,0.0,0.38884129065403633,0.1321915181301508,0.0,0.0,0.0,0.0,0.4789671912158129
C002191,2,0.0,0.6065281948902056,0.08063817560051832,0.0,0.0,0.0,0.028842074417392186,0.2839915550918839
C002194,2,0.0,0.0,0.1725833684210111,0.0,0.2928742294975608,0.0895659929553671,0.15746747033821937,0.2875089387878417
C002195,3,0.0,0.6411382121072133,0.0,0.0,0.0,0.0,0.0,0.35886178789278667
C002196,4,0.0,0.6869542374965545,0.0,0.0,0.0,0.0,0.277433720803037,0.03561204170040844
C002197,4,0.0,0.0,0.0,0.10845205081018451,0.0,0.0,0.03109367286145524,0.8604542763283602
C002198,2,0.0,0.02000177520701036,0.0,0.0,0.0,0.0,0.020063567845219166,0.9599346569477705
C002199,3,0.35876560529938895,0.0,0.0,0.11152378705960692,0.0,0.036903443072970006,0.09125538724580536,0.4015517773222287
C002200,1,0.0,0.024077992185110867,0.4603778018643389,0.0,0.0,0.3300255952063784,0.15042018935473886,0.035098421389432866
C002206,1,0.2878980816221781,0.0,0.07597850431254852,0.0,0.0,0.0,0.5595179710525299,0.07660544301274352
C002212,1,0.0,0.0,0.0,0.16236464257099706,0.5825210613952675,0.0,0.0,0.2551142960337355
C002215,2,0.06388004787230148,0.0,0.0,0.0,0.300581790463995,0.0,0.4165632929364248,0.21897486872727867
C002216,1,0.0,0.24347220842807343,0.0,0.3396566510778507,0.0,0.0,0.27692438350641446,0.13994675698766146
C002218,3,0.0,0.48517984620869264,0.0,0.0,0.04316270504352434,0.42546220923293704,0.0,0.04619523951484594
C002222,2,0.14630769188084003,0.0,0.03629663550321848,0.0,0.0,0.0,0.0,0.8173956726159415
C002227,3,0.0,0.0,0.0,0.08678731534518418,0.07626564187137372,0.027786727617702064,0.6320938547672842,0.17706646039845586
C002232,0,0.16484064329441583,0.5811715688233362,0.0,0.0521249516680072,0.021869159446473777,0.0,0.0,0.1799936767677669
C002234,2,0.0,0.0,0.010863630666986155,0.0,0.01608778109674646,0.0,0.0,0.9730485882362674
C002235,2,0.0,0.8722153897085534,0.0,0.0,0.0,0.0,0.0,0.1277846102914466
C002236,1,0.0,0.12009566013792937,0.43244356248479293,0.0,0.3413963903494906,0.0,0.0,0.10606438702778709
C002238,4,0.7162722890391816,0.0,0.0,0.027740260159530915,0.0,0.0,0.07970967188245025,0.17627777891883722
C002241,0,0.14702167338993627,0.10765543223974416,0.0,0.0,0.07188669035261616,0.0,0.5521877515766817,0.12124845244102178
C002242,2,0.0,0.0,0.0,0.06148808752386713,0.18339726960241212,0.6893068112325562,0.0,0.06580783164116455
C002243,2,0.020363962129955792,0.0,0.0,0.09506574964959008,0.0064702628680741265,0.14481121821250859,0.6853160212446159,0.047972785895255554
C002245,2,0.0,0.0,0.0,0.0,0.0,0.0,0.11595821880889146,0.8840417811911085
C002247,3,0.0,0.059139072323413464,0.13769650588865257,0.0,0.0,0.0,0.3269006650462945,0.47626375674163945
C002250,2,0.0,0.19548498999187386,0.22399777315133165,0.04204294784799804,0.036813041033832684,0.0,0.4763998271458939,0.02526142082906979
C002251,1,0.12235135522157757,0.0,0.0,0.0,0.0,0.6846557546861524,0.0,0.19299289009227005
C002256,4,0.04825212771707871,0.0,0.0,0.0,0.0,0.7419670266489271,0.0,0.20978084563399424
C002261,0,0.0,0.3832177726361735,0.0,0.0,0.23614392785135932,0.06117393269862263,0.0,0.3194643668138446
C002265,2,0.0,0.10803810953705682,0.0,0.0,0.0,0.0,0.0,0.8919618904629432
C002266,4,0.0,0.0,0.0,0.0035510544691297295,0.8891633799855019,0.0,0.0,0.10728556554536839
C002274,0,0.0,0.0,0.0,0.04184959330787996,0.0,0.0,0.0,0.95815040669212
C002275,0,0.16039407082152513,0.6482015032917324,0.0,0.0,0.0,0.0,0.0,0.19140442588674245
C002276,2,0.029743191835716505,0.0,0.0,0.01285644594819057,0.0,0.0,0.0,0.9574003622160929
C002277,4,0.0,0.0,0.0,0.0,0.015278275009384267,0.5475985206126933,0.0,0.4371232043779224
C002278,3,0.2861009318717443,0.0,0.0,0.0,0.0,0.0,0.42262249712747413,0.29127657100078164
C002280,2,0.0,0.0,0.0,0.0,0.0,0.0,0.0,1.0
C002281,3,0.0,0.06742060248183085,0.07953181531937586,0.0,0.0,0.0,0.0,0.8530475821987933
C002282,2,0.5846700685327272,0.11256145408126804,0.0,0.22547159204242537,0.0,0.0,0.0,0.07729688534357937
C002285,2,0.0,0.09078164371126286,0.04806416962217075,0.0,0.0,0.0,0.051603021818736196,0.8095511648478302
C002286,1,0.0,0.0,0.12818983704414166,0.0,0.04387398207760823,0.5726900277050792,0.0,0.2552461531731709
C002288,4,0.12794462426408057,0.31487829351686497,0.0,0.4952541720308147,0.0,0.0,0.0,0.06192291018823981
C002291,1,0.3007767777422406,0.13002694961122394,0.0,0.0,0.0,0.0,0.0,0.5691962726465355
C002292,1,0.0,0.25873549697497655,0.050862727155912904,0.3825300540533952,0.0,0.0,0.0,0.3078717218157154
C002293,3,0.02083404508899841,0.0,0.010611082402359175,0.0,0.0,0.6090965422906587,0.0,0.3594583302179837
C002294,0,0.0,0.669076029355199,0.0,0.0,0.06977485477730913,0.2029587437542685,0.006675392449744831,0.05151497966347851
C002296,4,0.01968938168115481,0.1663455564044777,0.0,0.0,0.0,0.07783605552834807,0.0,0.7361290063860194
C002297,1,0.0,0.05273156150175385,0.0,0.0,0.0,0.0,0.9302541539948733,0.017014284503372834
C002299,0,0.0,0.035896037829257564,0.0,0.0,0.0,0.0,0.5265568728464338,0.43754708932430864
C002300,0,0.7351872878436421,0.0,0.0,0.07400159223795735,0.0,0.18037619664351942,0.0,0.010434923274881158
C002301,2,0.0,0.17988207774024403,0.0,0.6058856908219727,0.0,0.0,0.03467228321194342,0.17955994822583987
C002303,3,0.0,0.0,0.0,0.0,0.0,0.7735186372687695,0.0,0.22648136273123054
C002304,0,0.6224633630159261,0.0,0.0,0.0,0.0,0.0,0.0,0.3775366369840739
C002307,0,0.0,0.0,0.0,0.0,0.0,0.0,0.10156871591356842,0.8984312840864316
C002310,1,0.0,0.0,0.0,0.0,0.0,0.0,0.26860196847141427,0.7313980315285857
C002311,0,0.0,0.0,0.8994113183381188,0.0,0.0,0.0,0.0,0.10058868166188117
C002312,1,0.0,0.041586857522711296,0.0,0.09773833132865498,0.0,0.5167162990115444,0.0,0.3439585121370894
C002313,2,0.0,0.0,0.0,0.0460327179760657,0.0,0.05070395142892145,0.0,0.9032633305950128
C002316,3,0.0,0.8152465600488551,0.0,0.0,0.04889301632671717,0.0,0.04401518608511802,0.09184523753930973
C002318,3,0.5048445655455721,0.0,0.0,0.11444201508176909,0.0,0.0,0.0,0.3807134193726588
C002320,1,0.0,0.06297110934542903,0.21416248969064247,0.012683646417257959,0.42028157383280035,0.0,0.18685350205366671,0.10304767866020359
C002321,4,0.0,0.026780932430293215,0.0,0.03715462371891211,0.0,0.0,0.0,0.9360644438507947
C002323,0,0.6269368369196442,0.0,0.0,0.14284850153427675,0.0,0.0,0.0,0.23021466154607906
C002331,4,0.0,0.0,0.0,0.0,0.0,0.9762944837149615,0.0,0.023705516285038475
C002333,3,0.03561114788335312,0.0,0.0,0.0,0.48986590300711197,0.0,0.3369885426875792,0.1375344064219557
C002335,4,0.0,0.0,0.0,0.0,0.0,0.0,0.019950272516813805,0.9800497274831862
C002338,2,0.0,0.0,0.6590943871273498,0.0,0.0,0.0,0.10181383010569525,0.23909178276695497
C002346,2,0.0428245729833151,0.0,0.35640063590138016,0.059275935723781106,0.0,0.0,0.0,0.5414988553915236
C002349,1,0.0,0.0,0.0,0.0,0.0,0.0,0.0,1.0
C002351,0,0.0,0.0,0.0,0.0,0.018703917433881292,0.0,0.07190567689322996,0.9093904056728888
C002353,3,0.0,0.0,0.7416990619766751,0.0,0.1865733333320412,0.0,0.0,0.0717276046912837
C002354,2,0.0,0.0,0.0,0.0,0.0036280161602107166,0.9498904888159903,0.0,0.04648149502379906
C002355,2,0.0,0.0,0.0,0.13257519202188386,0.5154338425759961,0.0,0.3262747320170189,0.025716233385101095
C002358,4,0.0,0.0,0.1277265354844551,0.5100141726679637,0.31060357790109877,0.0,0.0,0.051655713946482384
C002360,2,0.1061744953919515,0.0,0.0,0.0,0.7478155827115438,0.0,0.04988153905987327,0.0961283828366315
C002361,1,0.056625255140797526,0.0,0.0,0.0,0.0,0.0,0.0,0.9433747448592025
C002362,0,0.1325728424176363,0.41198465035051934,0.0,0.39723344052783494,0.0,0.0,0.0,0.05820906670400938
C002363,3,0.0,0.0,0.17137616118202317,0.40573526910643287,0.05188481160787496,0.030823296130690177,0.0,0.3401804619729789
C002365,1,0.0,0.0,0.0,0.0,0.7165343517048619,0.040367275285016484,0.03868064839110099,0.20441772461902064
C002366,2,0.39601088795027595,0.0,0.09329710050757702,0.0,0.20959666128330762,0.0,0.0,0.3010953502588394
C002367,1,0.0,0.0,0.0,0.5929877547451707,0.0,0.0,0.36118640917623374,0.04582583607859547
C002368,2,0.4539062625194205,0.0,0.0,0.0,0.5184167493283663,0.0,0.0,0.0276769881522132
C002370,4,0.0,0.0,0.0,0.0,0.9049094611430184,0.0,0.0,0.0950905388569816
C002371,4,0.01174634401936442,0.0,0.0,0.0,0.015599751769099498,0.0,0.0,0.9726539042115361
C002372,4,0.025680668009085784,0.0,0.0,0.0,0.10351482184244477,0.7848860772213884,0.0,0.08591843292708101
C002373,0,0.019958536671841828,0.0,0.1730776843423046,0.0,0.4431509729946792,0.006727401160157514,0.10766811348446849,0.24941729134654844
C002375,3,0.0,0.0,0.0,0.8715588697516411,0.0,0.0,0.0,0.1284411302483589
C002376,1,0.0,0.5649120725366477,0.008466465921818454,0.0,0.0,0.00918583509723615,0.30504614507771804,0.11238948136657978
C002378,4,0.0,0.0766758805146923,0.0,0.0,0.0,0.0,0.1804650962457002,0.7428590232396075
C002379,2,0.0,0.0,0.0,0.0,0.0,0.7698259386033648,0.01694767216322618,0.21322638923340897
C002380,1,0.0,0.0,0.0,0.8760899216737394,0.009106372339347283,0.0,0.0,0.11480370598691325
C002382,2,0.0,0.0,0.0,0.030572260641635183,0.0,0.46115004938461557,0.0,0.5082776899737492
C002386,4,0.0,0.0,0.2124311028854331,0.0,0.0,0.0,0.0,0.7875688971145669
C002388,0,0.0,0.2730671591703622,0.0,0.0,0.0,0.5704720646708302,0.0,0.1564607761588076
C002389,1,0.04670606144946954,0.0,0.04251022837696829,0.28128830448090864,0.0,0.0,0.0,0.6294954056926536
C002394,2,0.0,0.0,0.0,0.20735109874379742,0.14261229817875165,0.0,0.5862041347346747,0.06383246834277623
C002395,0,0.13810556153455403,0.14940795976796784,0.0,0.0,0.07358303781972417,0.31110776673004836,0.24948415483908368,0.0783115193086219
C002397,0,0.0,0.0,0.9075554881013688,0.0,0.0,0.0,0.0,0.09244451189863123
C002398,4,0.45666455005661905,0.0,0.0,0.0,0.0,0.3104791279840427,0.0,0.23285632195933825
C002399,2,0.0,0.0,0.0,0.8606510551157888,0.0,0.0,0.0,0.13934894488421123
C002401,1,0.32798333148262154,0.0,0.0,0.0,0.0,0.0,0.5066336363751698,0.16538303214220873
C002402,3,0.0,0.0,0.09800004161360021,0.0,0.0,0.0,0.0,0.9019999583863998
C002404,2,0.0,0.3416059167312474,0.0,0.0,0.0,0.0,0.0,0.6583940832687526
C002405,2,0.5310496758980636,0.0,0.026243350622557993,0.424323468034998,0.0,0.0,0.012312781377585272,0.006070724066795097
C002406,2,0.0,0.03305889068990989,0.0,0.016997738010387235,0.0,0.7691120030169725,0.0,0.1808313682827304
C002413,4,0.0,0.0,0.1612752980125297,0.0,0.12922350425468168,0.0,0.0,0.7095011977327886
C002414,1,0.0,0.0,0.0,0.0,0.0,0.0,0.0,1.0
C002419,2,0.0,0.0,0.0,0.6778609210120694,0.0,0.0,0.19435618837428376,0.1277828906136469
C002421,4,0.09081493906553315,0.0,0.0,0.0,0.0,0.11126634354672972,0.7435741066111924,0.05434461077654473
C002424,1,0.0,0.0,0.0,0.0,0.5832316057313699,0.0,0.0,0.4167683942686301
C002426,1,0.0,0.0,0.0,0.0,0.0,0.0,0.36153521571728897,0.638464784282711
C002428,0,0.0,0.0,0.0,0.0,0.0,0.0,0.5589977937407449,0.4410022062592551
C002429,4,0.0,0.0,0.7209114335219435,0.08525797291339664,0.1808262066115686,0.0,0.0,0.013004386953091251
C002430,4,0.0,0.49497288446247734,0.0,0.025898139261725815,0.02052272272972643,0.0,0.0,0.45860625354607043
C002431,1,0.9291805488557939,0.0,0.0,0.0,0.0,0.0,0.0,0.07081945114420607
C002438,3,0.0,0.0,0.08837706461256609,0.5720070495943372,0.08448753060045712,0.0,0.008480617265898816,0.24664773792674077
C002439,3,0.09715648545762338,0.0,0.048114088132790694,0.0,0.0,0.011608768393212838,0.4628994709072096,0.3802211871091634
C002441,3,0.0,0.020690956056349023,0.6250574769752804,0.0,0.0,0.2509241630323409,0.0,0.10332740393602968
C002442,1,0.0,0.42999616115532263,0.0,0.12272072861788867,0.0,0.37974303509687246,0.0,0.06754007512991622
C002448,2,0.0,0.11422554189458323,0.0,0.012207198460162145,0.0,0.0,0.0,0.8735672596452546
C002449,3,0.0,0.0,0.0,0.0,0.0,0.9168069299503738,0.03425841156097351,0.04893465848865264
C002450,3,0.04510831574344983,0.0633826962488312,0.06193112345715904,0.0,0.0,0.0,0.0,0.8295778645505599
C002451,0,0.0,0.0,0.2555970708785467,0.022250399221903777,0.0,0.5567093298344914,0.0,0.16544320006505808
C002452,1,0.0,0.015421148941151442,0.5888023563733676,0.16630207989409374,0.0,0.19280497234633304,0.0,0.03666944244505421
C002456,4,0.0,0.0,0.0,0.10488802504056456,0.0,0.6231407037912049,0.0,0.2719712711682305
C002457,3,0.7491944052687942,0.16781547361407834,0.0,0.0,0.0,0.0,0.0,0.08299012111712745
C002458,0,0.0,0.0,0.8232459334744614,0.0,0.0,0.0,0.0,0.1767540665255386
C002460,2,0.03816661192264218,0.0,0.14602118249585017,0.0,0.0,0.0,0.0,0.8158122055815077
C002461,2,0.0,0.0,0.3886448063308597,0.0,0.0,0.10515151264399038,0.13148199695310778,0.3747216840720422
C002462,2,0.0,0.0,0.0,0.688823484994469,0.0,0.17827493766698613,0.0,0.1329015773385449
C002463,4,0.3117063421596961,0.04370749734150138,0.03956859012720529,0.00409130177209133,0.017263578249281056,0.45745456403041396,0.0,0.12620812631981093
C002474,1,0.0,0.0,0.0,0.8305601950692036,0.0,0.0,0.13891467910423577,0.03052512582656064
C002476,0,0.0,0.8301183206126027,0.0,0.0,0.0,0.0,0.0,0.1698816793873973
C002479,4,0.0,0.0,0.0,0.06348766110308168,0.0,0.0,0.0,0.9365123388969183
C002485,3,0.0,0.6426409337631976,0.0,0.0,0.0,0.0,0.06548093001549206,0.2918781362213103
C002488,2,0.0,0.0,0.0,0.0,0.07395898851505855,0.0,0.0,0.9260410114849414
C002490,3,0.0,0.21796797328110817,0.5540881897356614,0.0,0.0,0.01642568761003099,0.19864883707955053,0.01286931229364896
C002491,2,0.7461907320021053,0.0,0.0,0.0456016487213552,0.0,0.0,0.15043651984532894,0.057771099431210615
C002492,2,0.0,0.0,0.0,0.29392903982457314,0.0,0.0,0.39935353334785256,0.3067174268275743
C002493,3,0.0,0.0,0.16691194782931518,0.0,0.0,0.0,0.0,0.8330880521706848
C002495,0,0.2572614350091056,0.0,0.0,0.7216598414414953,0.00757399165553552,0.0,0.004654094280494038,0.008850637613369572
C002498,3,0.0,0.0,0.0,0.7866675383406084,0.0,0.0,0.0,0.21333246165939157
C002499,2,0.12983165859536497,0.0,0.01803526476160599,0.3796292735355958,0.03592197198717582,0.3407060513176704,0.0,0.09587577980258699
C002500,3,0.0,0.4762110526789372,0.0,0.0,0.0,0.0881666034174101,0.0,0.43562234390365273
C002501,1,0.04533510852386274,0.0,0.0,0.0,0.22899900639839116,0.07021112530117843,0.029316482115983693,0.6261382776605839
C002503,0,0.0,0.0,0.0,0.06286494294946468,0.028714236547432926,0.027818613165792067,0.0,0.8806022073373103
C002512,1,0.42764287213268254,0.23717895432303546,0.0,0.0,0.08457677356656625,0.0,0.20136776873520315,0.049233631242512677
C002514,2,0.0,0.00704987270714814,0.8035060627084306,0.059148642080082615,0.0,0.0,0.0,0.13029542250433856
C002516,3,0.0,0.0,0.0,0.0,0.0,0.8105715168402823,0.0,0.18942848315971772
C002519,4,0.0,0.0,0.0,0.0,0.0,0.0,0.887916800087821,0.11208319991217897
C002522,0,0.0,0.0,0.0,0.0,0.2054656793908733,0.6502249976554211,0.0,0.14430932295370558
C002523,2,0.0,0.046180111356356,0.35025916890267506,0.0,0.4277883003874964,0.15284412027546807,0.0,0.02292829907800442
C002526,4,0.0,0.0693904696187294,0.0,0.4326349090278046,0.20462997847406453,0.22340490987515993,0.033297331854779184,0.03664240114946238
C002527,1,0.20299665182561355,0.0,0.0,0.0,0.0,0.0,0.021266914670113976,0.7757364335042725
C002528,0,0.19637460648239902,0.059024858481002994,0.0,0.03682571062895857,0.3032926009792873,0.03441387166602264,0.07537423172800108,0.2946941200343285
C002530,2,0.20621127930673222,0.0,0.6520139707511456,0.0,0.0,0.10710223218633787,0.0,0.03467251775578428
C002531,2,0.0,0.0,0.0,0.46537982361524705,0.451345145360725,0.0,0.0,0.083275031024028
C002533,2,0.0,0.0,0.0,0.0,0.0,0.0,0.0,1.0
C002534,4,0.44267723889766214,0.34315810087501725,0.0067734951945516274,0.0,0.0,0.0,0.20642508748356014,0.0009660775492088547
C002539,1,0.0,0.0,0.0,0.0,0.0,0.0,0.18792978369817914,0.8120702163018209
C002541,0,0.0,0.02182953819259863,0.20138921049895633,0.0,0.0,0.7164415424096467,0.0,0.06033970889879825
C002542,0,0.0,0.0,0.0,0.0,0.0,0.0,0.9894917483805716,0.010508251619428366
C002544,2,0.0,0.0,0.0,0.1587766420991343,0.0,0.48332435277085983,0.1183093099382367,0.2395896951917691
C002548,1,0.0,0.04727544389006827,0.3855142831107432,0.0,0.0,0.5462460725170563,0.0,0.02096420048213221
C002550,2,0.0,0.0,0.0061113498067310295,0.0,0.0,0.8911834869214369,0.0,0.1027051632718321
C002553,3,0.0,0.0,0.7612465230906098,0.0,0.0992620875966696,0.0,0.0,0.13949138931272054
C002555,0,0.0,0.1317380278288099,0.8169118741149083,0.0,0.0,0.0,0.0,0.05135009805628177
C002559,0,0.0,0.0,0.6040535645590308,0.0,0.0,0.0,0.0,0.3959464354409692
C002563,4,0.0,0.05563995904650236,0.5352555206131016,0.0,0.049678838302094214,0.0,0.0,0.35942568203830194
C002564,4,0.6095185481034467,0.0,0.023139007368878046,0.025865885694969892,0.0,0.0,0.02888845799475847,0.31258810083794686
C002566,3,0.0,0.0,0.12856724092758165,0.6163831550410986,0.0,0.0,0.01367391004149285,0.24137569398982683
C002567,2,0.13665294723790433,0.0,0.0,0.0,0.05600064318949993,0.0,0.0,0.8073464095725957
C002569,4,0.0,0.47311988064325833,0.005767545196699321,0.22390506311750508,0.0,0.008939142874324906,0.20525340836026215,0.08301495980795015
C002571,3,0.8943949570355609,0.0,0.0,0.0,0.07072560755193674,0.0,0.0,0.03487943541250238
C002573,2,0.0,0.03843456136528762,0.568005487541919,0.13405827004726387,0.0,0.0,0.0,0.2595016810455294
C002581,1,0.038709027840343836,0.0,0.3471424939362562,0.0,0.0,0.0073896197362723955,0.5856419807347206,0.021116877752406893
C002585,1,0.0,0.10685885975746551,0.07118741463061105,0.0,0.0,0.0,0.09676283196494417,0.7251908936469793
C002587,1,0.0,0.0,0.0,0.18178239855928302,0.47442347138911123,0.3295040733605146,0.0,0.014290056691091069
C002590,1,0.0,0.0,0.13946278809573795,0.519563414137782,0.0,0.0,0.007610404383914562,0.3333633933825655
C002594,4,0.0,0.0,0.0,0.07355100011442058,0.8645363424042078,0.0,0.0,0.061912657481371536
C002595,2,0.0,0.0,0.0,0.5478211110709884,0.0,0.0,0.0,0.4521788889290116
C002599,1,0.0,0.0,0.0,0.09919147176720022,0.0,0.26551892180168923,0.0,0.6352896064311105
C002606,0,0.0803924466520397,0.0,0.10676780335013002,0.0,0.5205306375976381,0.0,0.0,0.2923091124001922
C002608,1,0.05111249050269469,0.6523402478104451,0.0,0.0,0.0,0.0,0.0,0.2965472616868602
C002610,4,0.0,0.031725288412640724,0.41984636666804914,0.5396196702523038,0.0,0.0,0.0,0.0088086746670063
C002611,1,0.0,0.8114746753661329,0.0,0.014880278207471722,0.007306530748246786,0.0,0.0,0.1663385156781485
C002612,0,0.0,0.0,0.0,0.04998234520524386,0.02146417448002542,0.0,0.0,0.9285534803147307
C002615,1,0.0,0.0,0.0,0.0,0.7742258463855374,0.0,0.1504269420176057,0.07534721159685698
C002617,0,0.02359020738495669,0.018128883890138524,0.0,0.0,0.0,0.0,0.019649447874281578,0.9386314608506232
C002620,0,0.0,0.0,0.0,0.1089554615110503,0.15607932522947773,0.6867150717263292,0.0,0.048250141533142776
C002621,2,0.0,0.18924190275753874,0.22572264654508,0.24157528367663145,0.0028514991568063175,0.0,0.1742291463612201,0.1663795215027234
C002622,1,0.6762745287944114,0.0745028611368277,0.0,0.0,0.0,0.0,0.22153289909692558,0.027689710971835257
C002623,4,0.0,0.0,0.31586023721516876,0.2684671116727685,0.0,0.0,0.18168948147703634,0.2339831696350264
C002625,0,0.0,0.9038454320483842,0.06411984248038037,0.0,0.0,0.0,0.0,0.032034725471235426
C002626,3,0.0,0.0,0.5858808430571687,0.0,0.0,0.09704516035397909,0.0,0.31707399658885227
C002627,4,0.0,0.02461064956181988,0.0,0.0,0.0,0.0,0.6754743956542236,0.29991495478395647
C002628,2,0.0,0.0,0.0,0.0,0.7826131781331142,0.0,0.0,0.21738682186688585
C002629,0,0.24329184062463388,0.0,0.0,0.0,0.0,0.0,0.05345571028572477,0.7032524490896414
C002634,4,0.03314279342660781,0.0,0.0,0.0,0.013169334693219473,0.11694276459720723,0.0,0.8367451072829655
C002635,3,0.0,0.9349528849983905,0.0,0.0,0.0,0.0,0.0,0.06504711500160953
C002636,3,0.0,0.0,0.006717499110135428,0.026093020903907294,0.0,0.09055816762284322,0.027867661731968918,0.8487636506311451
C002637,3,0.0,0.5764015234188862,0.0,0.2629046532194364,0.024355387593974903,0.0,0.0,0.13633843576770255
C002638,4,0.3297256385943588,0.0,0.21822437616188076,0.0,0.0,0.0,0.30984865113572074,0.1422013341080397
C002642,1,0.3722644001308104,0.1183665042507858,0.0,0.2014620569839648,0.0,0.26223122739103827,0.0,0.04567581124340059
C002643,3,0.0,0.0,0.0,0.0,0.015620283473936182,0.0,0.0,0.9843797165260638
C002644,0,0.0,0.041872389331294,0.0,0.0,0.0,0.0,0.0,0.958127610668706
C002647,2,0.0,0.0,0.0,0.848745008765403,0.03663800648213769,0.0,0.0,0.1146169847524593
C002649,2,0.0,0.0,0.0,0.0,0.0,0.6601145398373602,0.0,0.33988546016263976
C002650,2,0.0,0.0,0.0,0.0,0.0,0.0,0.2324714942771473,0.7675285057228527
C002653,2,0.0,0.0,0.0,0.0,0.3102877769026657,0.5914983476155076,0.0,0.0982138754818267
C002655,3,0.0,0.0,0.0,0.0,0.7442438172511623,0.206577621872406,0.0,0.04917856087643169
C002656,2,0.0,0.0,0.0,0.2388338005729813,0.009342588465308518,0.6307782243653204,0.0,0.12104538659638986
C002657,2,0.0,0.0,0.0,0.14404281395015242,0.5927643697436801,0.0,0.0,0.26319281630616753
C002660,2,0.1307505151852701,0.6112054074260759,0.0,0.05404594017675893,0.0,0.0,0.0,0.2039981372118952
C002663,1,0.0,0.0,0.0,0.0,0.0,0.0,0.6800650007186948,0.3199349992813052
C002665,2,0.018736795555111607,0.043363737154634055,0.08709410234840187,0.0,0.38573074460582674,0.0,0.0,0.46507462033602576
C002666,0,0.14795990084720184,0.0,0.2577046993298753,0.18346722888457218,0.0,0.0,0.0,0.4108681709383507
C002667,1,0.0,0.8204798166831536,0.0,0.0,0.0,0.0,0.0,0.17952018331684638
C002668,1,0.016724086461845936,0.0,0.0,0.048575408875737504,0.037774341424543424,0.32345880535209504,0.0,0.5734673578857781
C002671,0,0.0,0.2594976087096092,0.0,0.0,0.007484469094559601,0.11409934347118124,0.0,0.6189185787246501
C002677,1,0.4318640965857129,0.03896204608744359,0.0,0.0,0.3375805885074251,0.0,0.0,0.1915932688194184
C002678,4,0.0,0.0,0.0,0.6817345427849711,0.01929837368425187,0.0,0.0,0.29896708353077694
C002680,2,0.42992346124179853,0.5410273376301419,0.004493489293531013,0.0,0.0,0.0,0.0,0.02455571183452865
C002683,4,0.0,0.0,0.0,0.03574230663272178,0.0,0.046206763619246305,0.016679148572466766,0.9013717811755652
C002686,3,0.0,0.7239040446299179,0.0,0.07387636548366394,0.0,0.12632519064944295,0.0,0.07589439923697527
C002687,4,0.3819800379179469,0.0,0.0,0.0,0.0,0.3486413818713866,0.0,0.2693785802106665
C002688,1,0.0,0.0,0.0,0.10669777555149892,0.0,0.0,0.6308907981756414,0.2624114262728596
C002689,2,0.021077970899241474,0.34011355538010957,0.0,0.0,0.5145844218767469,0.0,0.0,0.12422405184390206
C002692,0,0.06537267239634628,0.0,0.03904842771095819,0.0,0.0,0.047358345156346154,0.0,0.8482205547363494
C002694,0,0.0,0.18642930314968328,0.0,0.0,0.0,0.6368076024061994,0.09931345040328143,0.07744964404083587
C002696,0,0.0,0.3511751812562945,0.0,0.13333078304418222,0.0,0.0,0.0,0.5154940356995232
C002697,2,0.0,0.0,0.27221392701028013,0.5110584685181288,0.0,0.0,0.0,0.21672760447159112
C002698,4,0.0,0.0,0.10909465843857327,0.0,0.0,0.0,0.0,0.8909053415614268
C002699,3,0.5548018301242904,0.0,0.0,0.28252248737584224,0.09549078672745964,0.0,0.0,0.06718489577240772
C002700,0,0.08633725014622115,0.0,0.0,0.018916011350513726,0.0,0.09072392077853289,0.03058733717370839,0.7734354805510238
C002703,2,0.0,0.0,0.05504214669484586,0.0,0.0,0.0,0.0,0.9449578533051541
C002705,1,0.7327496489729244,0.0,0.0,0.0,0.0,0.0,0.0,0.2672503510270756
C002707,3,0.5797887321005984,0.0,0.0,0.05635103070204359,0.0,0.0,0.0,0.36386023719735794
C002714,4,0.3565607890890994,0.5817677699450908,0.0,0.0,0.007193646202986919,0.0,0.018698670767791543,0.03577912399503136
C002715,2,0.2684554850116702,0.4693647921634424,0.10013059828833124,0.010932511963049008,0.0,0.007440168473689992,0.0287360708169132,0.11494037328290396
C002719,1,0.09122214516147735,0.0,0.0,0.014255947600799021,0.6066506480656136,0.06835500260175131,0.20638783305545072,0.01312842351490795
C002720,2,0.0,0.779321214398297,0.0663301306418325,0.0,0.0,0.02186713781948537,0.0,0.13248151714038514
C002721,3,0.0,0.0,0.0,0.0,0.1854002447923144,0.0,0.0,0.8145997552076856
C002725,1,0.0,0.39563983100674677,0.0,0.08651291983808235,0.27952767958333213,0.0,0.0,0.23831956957183875
C002729,4,0.03257761529138188,0.0,0.10395596586547874,0.0,0.0,0.0,0.05578081685579586,0.8076856019873435
C002731,4,0.0,0.05959967664449074,0.0,0.11356523947393908,0.019533664454336193,0.0,0.0177517412122321,0.7895496782150019
C002733,3,0.0,0.0,0.0,0.27676625277319994,0.13126272584858603,0.5377901936685362,0.0,0.054180827709677803
C002734,0,0.06279145336545196,0.0,0.0,0.0,0.4173061145973141,0.29613670072746995,0.0,0.22376573130976407
C002736,1,0.0,0.0,0.7886905578278226,0.0,0.0,0.07884435145235205,0.0,0.13246509071982537
C002737,1,0.0,0.0,0.33742015164910477,0.0656227917225522,0.3249425392309289,0.0,0.0,0.2720145173974141
C002738,2,0.11941804813099123,0.8397278866027451,0.0,0.0,0.028512182834535976,0.0,0.0,0.012341882431727735
C002739,2,0.0,0.0,0.0,0.0,0.8486775687503881,0.0,0.0,0.15132243124961187
C002740,1,0.011906147149944991,0.5953696076248806,0.0,0.0,0.0,0.09526930312783974,0.0,0.2974549420973347
C002742,1,0.030692547962081766,0.0,0.0,0.4925088139202672,0.0,0.1326675735203781,0.3360575960251716,0.008073468572101228
C002746,3,0.0,0.0,0.0,0.08280043345448632,0.0,0.0,0.5453926782815213,0.37180688826399244
C002747,0,0.8482939910042147,0.0,0.0,0.0,0.0,0.0,0.0,0.15170600899578535
C002749,2,0.0,0.0,0.0,0.4234553645715453,0.0,0.0,0.21700199466077527,0.3595426407676794
C002751,2,0.0,0.0,0.0,0.09473763340757246,0.0,0.0,0.0,0.9052623665924275
C002753,4,0.0,0.0,0.0,0.3734570901298878,0.0,0.4330122102291635,0.0,0.1935306996409487
C002755,0,0.0,0.06031570271017531,0.0,0.4219626030439107,0.03508694366455914,0.0,0.024140504780020063,0.4584942458013348
C002757,4,0.0,0.03659270044952064,0.0,0.08305588453588544,0.8717677779092292,0.0,0.0,0.008583637105364694
C002758,2,0.0,0.0,0.0,0.0,0.0,0.0,0.0,1.0
C002760,4,0.0,0.0,0.0,0.0,0.3815826453250541,0.5257722996085884,0.006033106187694571,0.08661194887866297
C002762,4,0.7324140245061449,0.0,0.022890283656048185,0.0,0.0,0.0,0.2292004281379991,0.015495263699807804
C002764,1,0.0,0.0,0.11167316877780406,0.0,0.2479747877995412,0.5841238132234442,0.0,0.05622823019921053
C002767,3,0.0,0.0,0.7077903026340516,0.0,0.0,0.0,0.27051429227300744,0.02169540509294099
C002768,3,0.0,0.0,0.0,0.0,0.0,0.0,0.03806748064586718,0.9619325193541328
C002769,4,0.05489665464187,0.0,0.49578892037919375,0.02320177850724423,0.0,0.0,0.0,0.426112646471692
C002771,4,0.36829366054178453,0.0,0.5668200588658835,0.0,0.0,0.04776899192071625,0.0,0.01711728867161577
C002772,0,0.0,0.1979232976056224,0.0,0.0,0.02765565589354059,0.0,0.0,0.774421046500837
C002773,2,0.0,0.0,0.22199412080317274,0.7075350060901473,0.06723421799396519,0.0,0.0,0.003236655112714759
C002775,2,0.0,0.6836359789566597,0.07822212481392775,0.007922986508166105,0.0,0.0,0.0,0.23021890972124637
C002779,2,0.6570803366794551,0.0,0.0,0.005347872555612119,0.0,0.02176390267859802,0.2858183167617843,0.02998957132455038
C002780,3,0.0,0.8559199733957358,0.0,0.0,0.0,0.0,0.0,0.14408002660426422
C002786,1,0.0,0.8248208206579786,0.0,0.0,0.0,0.0,0.0,0.17517917934202143
C002788,1,0.21500004243420462,0.0,0.0,0.0,0.38544482138752617,0.32669086465192954,0.0,0.07286427152633967
C002793,4,0.0,0.0,0.0,0.0,0.0,0.3203104508545655,0.4778639754393643,0.20182557370607013
C002794,2,0.0,0.0,0.04822625130825926,0.0,0.0,0.6414988466433845,0.0,0.31027490204835617
C002795,4,0.2921918260480476,0.0,0.0,0.0,0.0,0.08395755697562715,0.0,0.6238506169763253
C002796,3,0.0,0.0,0.0,0.0,0.8779999200612554,0.0,0.0,0.12200007993874462
C002798,0,0.0,0.0,0.4165210755518809,0.07748229655724749,0.1733774808942719,0.0,0.0,0.3326191469965998
C002800,1,0.03600756780912861,0.0,0.512461135326742,0.0,0.0,0.0,0.0,0.4515312968641294
C002801,4,0.03130514763166851,0.023041600380432545,0.007029765907449051,0.06164022529330657,0.012939269169199637,0.507801334257345,0.0,0.3562426573605987
C002802,4,0.0,0.05736315246584745,0.04892701770676943,0.586814818709159,0.0,0.0,0.16104374722043224,0.1458512638977919
C002804,0,0.01645447685840669,0.0,0.05905040568350009,0.0,0.0,0.02784528060994188,0.0,0.8966498368481514
C002805,3,0.0,0.0,0.0,0.0,0.0,0.0,0.0,1.0
C002808,2,0.0,0.1540698035152559,0.0,0.0,0.0,0.0,0.0,0.8459301964847441
C002809,4,0.0,0.0,0.0,0.6844006948586022,0.0,0.0,0.0,0.3155993051413978
C002810,0,0.0,0.0,0.0,0.16880541838690333,0.0,0.0,0.7188161847612985,0.11237839685179818
C002812,0,0.31546198747800797,0.0,0.1687652078961354,0.0,0.0,0.43683875432526736,0.0,0.07893405030058931
C002813,4,0.2676720007556944,0.0,0.0,0.51532455047209,0.0,0.0,0.0,0.21700344877221556
C002814,4,0.0,0.08537868106409521,0.0,0.0,0.6016028117606024,0.0,0.0,0.31301850717530244
C002816,2,0.0,0.0,0.07592278132382321,0.0,0.45546994516940065,0.050755625364246985,0.0,0.4178516481425292
C002817,1,0.0,0.5803099198431697,0.0,0.0,0.24879919201634984,0.0,0.0,0.17089088814048048
C002820,3,0.31321733265603885,0.0,0.0,0.0,0.0,0.5181174423870604,0.0,0.16866522495690073
C002821,2,0.06278876260459851,0.3412146902868189,0.0,0.06871051976279757,0.0,0.44338990419904156,0.0,0.08389612314674344
C002822,4,0.6914881897591089,0.05610138762650465,0.0,0.0,0.0,0.0,0.0,0.2524104226143865
C002826,2,0.0,0.0,0.0,0.16135218101375207,0.0,0.1208569728413727,0.6935409539934746,0.02424989215140061
C002829,2,0.019030568070922564,0.0,0.0,0.17459158796325308,0.0,0.6028521072807401,0.0,0.20352573668508422
C002834,2,0.0,0.0,0.0,0.0,0.23861039660538,0.0,0.6821544009056972,0.0792352024889228
C002836,0,0.0,0.0,0.6266308520653647,0.0,0.0,0.0,0.25874938949478166,0.11461975843985361
C002838,0,0.027440964022722704,0.0,0.0,0.0,0.23797603150187713,0.38003229310145215,0.07545090216518857,0.27909980920875943
C002839,1,0.0,0.0,0.09176081590526748,0.0,0.0,0.09779980185603787,0.5370411935473604,0.27339818869133437
C002840,2,0.0,0.2726619720912244,0.0,0.0,0.0,0.035232242727230204,0.0,0.6921057851815454
C002842,1,0.0,0.0,0.0,0.0,0.0,0.049886912494887525,0.0,0.9501130875051125
C002843,3,0.34505654431268573,0.10771571265642571,0.0,0.017086448076817987,0.0,0.09276169910641059,0.2889698662529103,0.14840972959474963
C002844,4,0.6340815038944043,0.0,0.0,0.0,0.27726613317239535,0.0,0.0,0.08865236293320033
C002846,2,0.0,0.0,0.0,0.0,0.0,0.0,0.0,1.0
C002847,4,0.0,0.0,0.0,0.0,0.0,0.6438641189810417,0.0,0.3561358810189583
C002849,1,0.0,0.0,0.40035941299046995,0.0,0.09132552491946212,0.02488521261233903,0.0,0.48342984947772893
C002851,3,0.0,0.0,0.0,0.0,0.04145426527743998,0.0,0.00940865949093719,0.9491370752316228
C002852,3,0.0,0.0,0.11411825324400596,0.37523575717965524,0.03295561138859086,0.3215879776817372,0.0,0.15610240050601076
C002853,2,0.0,0.0,0.521651862542915,0.4071478994689488,0.018656203321921912,0.0,0.0,0.05254403466621438
C002855,4,0.051826085084034725,0.23534395255118018,0.0,0.5652056431448609,0.0,0.0,0.0,0.14762431921992425
C002856,1,0.0,0.0,0.047709327515006186,0.0,0.05348384121295595,0.12941770750078055,0.7497336192678995,0.019655504503357846
C002859,2,0.2899150392530079,0.571495328773093,0.0,0.0,0.0,0.04382767312508243,0.08537457388016596,0.00938738496865077
C002861,4,0.0,0.0,0.0,0.023228032030261136,0.0,0.0,0.0,0.9767719679697389
C002862,4,0.0,0.1878597365457985,0.0042846276276639695,0.0,0.6097180089848112,0.16255022641014344,0.0,0.035587400431582816
C002863,2,0.0,0.0,0.0,0.0,0.0,0.0,0.0,1.0
C002866,4,0.0,0.43032458630659964,0.1401536376707152,0.0,0.1826373087153481,0.0,0.0,0.24688446730733704
C002869,2,0.0,0.0991078222811365,0.0,0.3579977036052678,0.0856839979505842,0.0,0.3446924149770704,0.1125180611859411
C002870,0,0.5340658011410455,0.0,0.0,0.0,0.0,0.0,0.41017119890016784,0.05576299995878664
C002871,3,0.0,0.0,0.7623559557605996,0.09116924208755951,0.0,0.08877843237267452,0.0,0.05769636977916637
C002876,2,0.0,0.0,0.13846223059269847,0.0,0.0,0.0,0.0,0.8615377694073015
C002877,4,0.0,0.09972798804852312,0.0,0.43832063909281216,0.43933341681249405,0.0,0.0,0.022617956046170673
C002879,2,0.15993468313893466,0.0,0.14389678648212564,0.0,0.0,0.088986105162736,0.5108978426127032,0.09628458260350048
C002880,3,0.20580151112452885,0.0,0.0,0.0,0.0,0.0,0.0,0.7941984888754712
C002883,0,0.0,0.05445299158526256,0.5011365295403486,0.19419118486012055,0.05424935798011174,0.0,0.0,0.19596993603415658
C002884,1,0.0,0.04102816587544233,0.10579185767207129,0.0,0.06584341857787834,0.7125081109859741,0.0,0.07482844688863399
C002885,2,0.0,0.0,0.8203980221049216,0.0,0.0,0.0,0.0,0.17960197789507837
C002889,1,0.0,0.0,0.0,0.11225909415380758,0.4170592783845646,0.24569792742002694,0.0,0.22498370004160095
C002890,1,0.1078278024041057,0.0,0.0,0.049174489298122,0.0,0.7996900734885017,0.008248300584566184,0.03505933422470442
C002891,4,0.4597763106236554,0.053219227761971306,0.3918727401240977,0.0,0.0,0.0,0.0,0.0951317214902756
C002892,1,0.0,0.5588185463341849,0.0,0.0,0.0,0.0,0.0,0.44118145366581507
C002894,2,0.0,0.0,0.0,0.0,0.0,0.0,0.0,1.0
C002895,4,0.7614767147959146,0.0,0.0,0.0,0.0,0.0,0.0,0.2385232852040854
C002896,0,0.0,0.5746191228842424,0.0,0.0,0.154828199984604,0.0,0.0,0.2705526771311535
C002898,1,0.0,0.28797668932423126,0.0,0.5001546781465178,0.08215855090265065,0.10576575514772801,0.0,0.023944326478872235
C002899,4,0.0,0.0,0.06065906902019669,0.0,0.0,0.0,0.0,0.9393409309798033
C002900,0,0.0,0.0,0.0,0.0,0.24273056934688736,0.7281714643843251,0.0,0.02909796626878758
C002902,4,0.0,0.0,0.8134448819965346,0.0,0.15133357276252724,0.0,0.0,0.035221545240938124
C002903,1,0.13885786648468812,0.0,0.06146094801184853,0.0,0.0,0.0334973923067903,0.0,0.7661837931966731
C002907,2,0.0,0.0,0.0,0.0,0.015822382650395865,0.0,0.08502062703903632,0.8991569903105678
C002908,4,0.0,0.3811759004990522,0.010659171367420592,0.0,0.5649579499861115,0.005170782412444423,0.0,0.0380361957349713
C002909,1,0.0,0.0,0.05315226690860098,0.0,0.0,0.0,0.0,0.946847733091399
C002910,4,0.0,0.0,0.0,0.0,0.0,0.0,0.8165234057165115,0.1834765942834885
C002912,1,0.0,0.01337649046905055,0.6592548106638805,0.0,0.0,0.25782640436009474,0.0,0.06954229450697424
C002913,2,0.09841772451229303,0.12892220862237008,0.0,0.04644020004647593,0.0,0.0,0.0,0.726219866818861
C002916,0,0.0,0.0,0.15393188812815103,0.0,0.009494538595268543,0.01838759158243044,0.7262197241692085,0.09196625752494136
C002918,2,0.0,0.0,0.0,0.1168372648141586,0.0,0.0,0.6192665764507885,0.2638961587350529
C002919,1,0.028917915357295196,0.10400886021048246,0.0,0.0,0.0,0.0,0.16322143112469192,0.7038517933075304
C002920,4,0.14775415156286315,0.0164381828928815,0.0,0.0,0.810394217525395,0.0,0.0,0.025413448018860363
C002924,1,0.0,0.0,0.05891049126531568,0.0,0.0504131328880617,0.597226338551096,0.0,0.29345003729552666
C002926,3,0.0,0.05997301302013952,0.0,0.0,0.011135324804378715,0.03794506127781168,0.0,0.8909466008976701
C002927,3,0.0,0.7663048732438629,0.0,0.0,0.13523439288964964,0.0,0.0,0.09846073386648746
C002928,0,0.0,0.0,0.0,0.0,0.0,0.7244286173948379,0.0,0.2755713826051621
C002931,4,0.10868240132553937,0.4151731786694589,0.28280656802503606,0.0,0.1709671719339878,0.0,0.0,0.022370680045977753
C002932,3,0.0,0.0,0.0,0.8614109320042548,0.07736562896089609,0.0,0.0,0.06122343903484917
C002934,0,0.17508773701201952,0.03498053075992397,0.0,0.0,0.0,0.02790412921931812,0.13908296296244924,0.6229446400462891
C002935,4,0.0,0.0,0.6181047265882643,0.0,0.352120716181448,0.002900056850787916,0.0,0.02687450037949979
C002940,4,0.0,0.0,0.0,0.24229827373749482,0.4756648124219166,0.0,0.14678040842173304,0.1352565054188556
C002941,4,0.0,0.3203604706302621,0.0,0.0,0.0,0.5417702366133595,0.12598346045681555,0.01188583229956286
C002942,2,0.03571043170248831,0.0,0.0,0.0575668500149725,0.0,0.5199905864497364,0.279755260178043,0.10697687165475978
C002943,3,0.0,0.0,0.0,0.0,0.0,0.0,0.05160005297645087,0.9483999470235491
C002948,2,0.018032540900660365,0.0,0.0,0.3524477681448329,0.0,0.0,0.4921761355360135,0.1373435554184932
C002953,3,0.0,0.3941372436496551,0.0,0.15561813344933612,0.13979622369694622,0.0,0.0,0.31044839920406264
C002955,0,0.0,0.0,0.0,0.0,0.009894005962072128,0.0,0.0,0.9901059940379279
C002957,2,0.0,0.0,0.20373659708347028,0.0,0.0,0.0,0.4704323196636126,0.3258310832529171
C002958,1,0.29870393361952385,0.0,0.0,0.0,0.010036400496808977,0.6709222546744028,0.0,0.020337411209264356
C002964,1,0.0,0.9178848579854627,0.0,0.0,0.0,0.0,0.0,0.08211514201453729
C002966,4,0.0,0.0,0.11803354238369541,0.0,0.0,0.6505447100867854,0.10232279273142121,0.12909895479809796
C002967,0,0.016682204587710157,0.0,0.0,0.0,0.2478036171419846,0.0,0.5389193982278407,0.19659478004246456
C002970,0,0.0,0.0,0.010621983634031175,0.5232145255154437,0.0,0.0,0.2676447725073839,0.19851871834314117
C002971,2,0.0,0.0,0.0,0.057568417219513224,0.0,0.1727982285541514,0.0,0.7696333542263354
C002973,2,0.09692097281175378,0.5962170368685965,0.0,0.08444917418479655,0.011859474024575042,0.0,0.0,0.2105533421102781
C002975,2,0.0,0.4456146475147468,0.0,0.0,0.0,0.0,0.45412513207309335,0.10026022041215987
C002977,2,0.0,0.0,0.0,0.0745997446999814,0.3450629932068917,0.21030713362015213,0.0,0.3700301284729748
C002987,1,0.6920701927235119,0.0,0.09618392321704053,0.17570487156506345,0.0,0.0,0.0,0.036041012494384184
C002988,1,0.0,0.0,0.0,0.0,0.0,0.47297331540956905,0.3685886409772547,0.15843804361317626
C002989,3,0.0,0.0,0.0,0.33449720767878677,0.0,0.0,0.03214368652018626,0.633359105801027
C002990,0,0.030540791542448528,0.0,0.0,0.6361751118858816,0.045184530501393975,0.0,0.0,0.288099566070276
C002994,3,0.0,0.0,0.12640864677924993,0.0,0.0,0.8065072959356892,0.0,0.06708405728506095
C002996,3,0.0,0.0,0.0,0.0,0.0,0.0,0.8678691236083718,0.13213087639162824
C002998,3,0.6875143651882007,0.0,0.0,0.0,0.10598486732161122,0.0,0.0,0.20650076749018798
C002999,4,0.0,0.0,0.0,0.0,0.022515211456613726,0.0,0.0,0.9774847885433863
C003001,0,0.0,0.00787822424945369,0.5724298806555818,0.2274691367504907,0.0,0.0,0.033372405113022516,0.15885035323145125
C003004,3,0.0,0.0,0.04391793600813217,0.0,0.028801073342317556,0.0,0.0,0.9272809906495503
C003006,4,0.0,0.0387925238655239,0.0,0.7393960973437517,0.0,0.0,0.0,0.22181137879072443
C003007,4,0.0,0.27698257275061705,0.08466879922402645,0.0,0.0,0.0,0.0,0.6383486280253565
C003008,1,0.3539171825900174,0.0,0.0,0.0,0.4315459590332806,0.0,0.1426018761292802,0.07193498224742179
C003009,3,0.5231503106973459,0.0,0.0,0.04717933743654,0.09427459234181698,0.0,0.0,0.3353957595242971
C003010,0,0.0,0.0,0.0,0.0,0.0,0.0,0.0,1.0
C003011,4,0.0,0.0,0.5023967961448013,0.03925968536939118,0.4013154903858989,0.0,0.0,0.0570280280999087
C003015,4,0.0,0.0,0.0,0.0,0.0,0.0,0.9021902711932512,0.09780972880674876
C003017,2,0.08696378523976361,0.0,0.0,0.45692824890764683,0.0,0.0,0.0,0.4561079658525895
C003020,0,0.20507402207606573,0.0,0.0,0.3617580812261039,0.0,0.37217630891180153,0.0,0.060991587786028756
C003023,3,0.01741669098897264,0.047549547081021576,0.01925063051802365,0.5348348617988605,0.0,0.0,0.008342924868526736,0.37260534474459495
C003024,4,0.0,0.0,0.0,0.3321143908859108,0.1402286375540081,0.38914373391387885,0.0,0.13851323764620216
C003025,4,0.0,0.0,0.6732777694445661,0.0,0.0,0.08658473068236842,0.0,0.24013749987306554
C003026,2,0.0,0.012662667626035542,0.534870040815556,0.06259895167567281,0.0,0.24959208444923595,0.0,0.14027625543349964
C003031,1,0.12661344277255515,0.0,0.0,0.0,0.045199505631621784,0.0,0.0,0.8281870515958231
C003034,2,0.03127060705077454,0.0,0.548349584258283,0.0,0.20215958659180186,0.0,0.01919334258775168,0.19902687951138898
C003035,1,0.0,0.0,0.18854434895244057,0.0,0.0,0.6309564780535133,0.0,0.18049917299404616
C003037,4,0.011732741834924267,0.0,0.0,0.4642189650216478,0.0,0.5175025203447301,0.0,0.006545772798697835
C003038,0,0.517133628589982,0.0,0.04981237391950923,0.0,0.0,0.0,0.04256407551962682,0.39048992197088195
C003041,1,0.0,0.0,0.0,0.0,0.0,0.45966161220504215,0.0,0.5403383877949579
C003044,4,0.01936074705073143,0.0,0.0,0.0,0.0,0.0,0.0,0.9806392529492686
C003046,1,0.0,0.0,0.0,0.0,0.0,0.0,0.0,1.0
C003049,2,0.0,0.3862520035013882,0.0,0.3716068642853888,0.0,0.0,0.10730557049161513,0.13483556172160782
C003051,1,0.0,0.0,0.0,0.27973556710882547,0.5376177148001324,0.0,0.0,0.18264671809104205
C003054,2,0.0,0.0,0.0,0.0,0.0,0.0,0.0,1.0
C003058,4,0.0,0.5086562224640006,0.0,0.0,0.0,0.0,0.26238485182387733,0.22895892571212206
C003060,0,0.08473260799240974,0.34653371512280556,0.0,0.04430105421903981,0.0,0.22126954049434697,0.0,0.303163082171398
C003062,4,0.0,0.0,0.09574404914256923,0.4890423307635591,0.0,0.0,0.22269480551290122,0.19251881458097042
C003065,4,0.0,0.0,0.0,0.0,0.8734835095092909,0.012562527011409998,0.0,0.11395396347929909
C003066,0,0.0,0.0,0.0,0.21656798970851182,0.5938635939395867,0.07021298641447976,0.0,0.11935542993742176
C003067,1,0.0,0.0,0.0,0.22324424672970114,0.0,0.38056578296010907,0.07110744881475553,0.32508252149543426
C003071,2,0.12636611729710948,0.6464991350462899,0.0,0.0,0.16663250543115696,0.0,0.038745703832204804,0.02175653839323899
C003072,4,0.0,0.0,0.05980509357543598,0.0,0.0,0.0,0.10543963896898033,0.8347552674555837
C003073,4,0.0,0.0,0.0,0.0,0.0,0.0,0.0,1.0
C003075,1,0.0,0.0,0.24465445943179756,0.0,0.20623304152587407,0.38153194072164476,0.0,0.16758055832068364
C003076,2,0.0,0.012197867079984458,0.0,0.6944366854660955,0.17097473412961042,0.0,0.0,0.12239071332430962
C003079,4,0.0,0.23077828020911648,0.5168013850404911,0.0,0.08277043885459275,0.11489362586889454,0.0,0.054756270026905085
C003083,4,0.033077150282175914,0.0,0.11131651579691776,0.06785727088112935,0.0,0.40932327691611636,0.0,0.3784257861236606
C003084,2,0.09927945489435308,0.0,0.0,0.002050964076445331,0.0,0.8465739011990889,0.01648897367056739,0.03560670615954531
C003085,0,0.04916138679550483,0.0,0.0,0.6988425694743917,0.116995923544942,0.01486109923489767,0.1128917508279174,0.007247270122346383
C003086,3,0.0,0.0,0.25682807306179006,0.0,0.5751219990138267,0.0,0.0,0.16804992792438322
C003095,3,0.03342919299768231,0.0,0.0,0.0,0.0,0.0,0.13496273502461087,0.8316080719777068
C003096,0,0.0,0.0,0.0,0.2508989285915498,0.0,0.0,0.7250118633412844,0.024089208067165746
C003098,1,0.0,0.0,0.0,0.0,0.0,0.0,0.0,1.0
C003099,3,0.0,0.0,0.0,0.3797498851949741,0.04817540319586805,0.0356352490277753,0.07490305898150612,0.46153640359987635
C003100,0,0.01805709690976766,0.0,0.03214889603533553,0.0,0.0,0.0,0.037387466333815164,0.9124065407210816
C003106,3,0.0,0.040790382189865144,0.9140984111404838,0.0,0.0,0.0,0.01056090008131532,0.03455030658833569
C003108,3,0.0,0.02004922781039292,0.0,0.3346921615598344,0.24671164210934543,0.3094917667525141,0.0,0.08905520176791315
C003110,2,0.0,0.0,0.9080150817157322,0.0,0.0,0.0,0.0,0.0919849182842678
C003112,0,0.0,0.37272513939865265,0.0,0.0,0.13402650257613105,0.04384237126715361,0.0,0.44940598675806265
C003113,0,0.0,0.0,0.0,0.0,0.0,0.0,0.5007116472609179,0.4992883527390821
C003114,1,0.0,0.0,0.0,0.0,0.0,0.0,0.09731225933611187,0.9026877406638881
C003116,3,0.0,0.0,0.0,0.0,0.3290216387685554,0.0,0.0,0.6709783612314446
C003118,2,0.0,0.0,0.0,0.0,0.0,0.44798485044128844,0.0,0.5520151495587116
C003119,2,0.0,0.0,0.0,0.0,0.0,0.8087031327630595,0.0,0.1912968672369405
C003122,2,0.0,0.0,0.0,0.5532374974275109,0.0,0.0,0.0,0.44676250257248906
C003124,4,0.0,0.0,0.0,0.03185110705284143,0.0,0.0921836181923299,0.0,0.8759652747548287
C003126,0,0.0,0.0,0.0,0.8045723075719114,0.0,0.0,0.0,0.19542769242808855
C003127,4,0.0,0.0,0.0,0.7367847415808987,0.0,0.10111945655821047,0.0,0.1620958018608909
C003129,0,0.0,0.0,0.5184402109494952,0.0,0.3953241042007968,0.0,0.0,0.086235684849708
C003132,2,0.0,0.0,0.0,0.0,0.0,0.0,0.6437880287915307,0.35621197120846926
C003138,0,0.27358139495224976,0.0,0.0,0.0,0.0,0.6159295060412575,0.0,0.11048909900649273
C003139,3,0.0,0.25496244923935246,0.0,0.0,0.06396896994657986,0.06492240794189934,0.587977096483616,0.028169076388552372
C003140,3,0.7209183147118912,0.004973744464608589,0.0,0.0,0.22396733647397601,0.03796510175432736,0.0,0.012175502595196841
C003143,2,0.0,0.0,0.0,0.6508715304919173,0.0,0.0,0.0,0.34912846950808274
C003144,3,0.0,0.07948615351214088,0.4684670334692325,0.12296636281998011,0.0580151508338956,0.17312855838032506,0.0,0.09793674098442584
C003145,2,0.020998276372939717,0.0,0.0,0.0217908056051539,0.0,0.0,0.0,0.9572109180219064
C003146,3,0.0,0.0,0.0,0.033426391706593506,0.039106592148393994,0.0,0.7302480652286423,0.1972189509163702
C003147,0,0.0,0.0,0.1341976270240503,0.12174140600479708,0.0,0.0,0.0,0.7440609669711526
C003148,3,0.04051128906566602,0.0,0.0,0.009791953679737578,0.0,0.3503711845764868,0.0,0.5993255726781096
C003149,0,0.4215545525717441,0.0,0.0,0.0,0.0,0.5365324901931235,0.0,0.04191295723513233
C003150,1,0.6514351831687021,0.0,0.0,0.0,0.0,0.0,0.27103073702674807,0.07753407980454985
C003152,2,0.0,0.16850482819013987,0.0,0.0,0.0,0.0,0.35145853397188,0.4800366378379801
C003153,1,0.17312700686724403,0.07716787882478293,0.4095964736834272,0.0,0.04089814988099784,0.0,0.0941461244763654,0.2050643662671826
C003154,2,0.0,0.04947549374380546,0.0,0.0,0.2604080659325862,0.0,0.41477709038755,0.27533934993605835
C003155,3,0.0,0.0,0.0,0.0,0.0,0.0,0.0,1.0
C003157,0,0.0,0.3214049783792866,0.0,0.0,0.0,0.0,0.0,0.6785950216207134
C003160,1,0.0,0.45645894603607123,0.015605530503037165,0.0,0.022711973364853835,0.0,0.48721182599902063,0.018011724097017234
C003162,4,0.0,0.0,0.9530615309639379,0.00984996439358155,0.0,0.0,0.0217940171415394,0.0152944875009412
C003163,0,0.07770603700845469,0.0,0.6314702010961202,0.16011397158458576,0.0,0.0,0.0,0.1307097903108394
C003164,0,0.005998696011500129,0.0,0.0,0.0,0.38279304743624043,0.0,0.46314452658039845,0.148063729971861
C003167,0,0.0,0.0,0.0,0.4579612255299552,0.0,0.0,0.4325489692776634,0.10948980519238138
C003176,0,0.0,0.0,0.0,0.15389352309493465,0.0,0.05209656588414409,0.1331360097557046,0.6608739012652167
C003178,1,0.0,0.0,0.7389160340630746,0.0,0.11742155722681495,0.07494405358860783,0.06494005153892111,0.003778303582581577
C003180,3,0.05320087532436165,0.0,0.902139335189898,0.0,0.0,0.0,0.0,0.04465978948574034
C003184,4,0.32341093414714295,0.0,0.0,0.023628513337493193,0.020269401650790254,0.0,0.5585023829178588,0.0741887679467148
C003185,3,0.13100085079581994,0.0,0.0909357487917154,0.0,0.0,0.0,0.43305872393962597,0.3450046764728387
C003186,1,0.0,0.0,0.0,0.0,0.0,0.0,0.0,1.0
C003188,0,0.0,0.0,0.0,0.0,0.3629559986402463,0.5146106560427733,0.0,0.12243334531698036
C003189,4,0.05755488099655537,0.0,0.0,0.0,0.15632475181366615,0.0,0.0,0.7861203671897785
C003191,3,0.0,0.7678080679218049,0.0,0.0,0.0,0.0,0.15811551981907965,0.07407641225911543
C003194,4,0.0,0.8905030246884744,0.0596999304072843,0.0,0.00418909394163503,0.0,0.0,0.04560795096260628
C003196,2,0.15086816765021305,0.054722041495418976,0.0,0.012110416612422327,0.0,0.0,0.6794004433771936,0.10289893086475199
C003197,2,0.0,0.0,0.48636074235040183,0.0,0.0,0.0,0.47478291251239485,0.03885634513720326
C003198,2,0.0,0.04578272387665937,0.7034072290686918,0.18436218576848112,0.021340948039044207,0.0,0.0,0.04510691324712346
C003201,2,0.0,0.0,0.0,0.0,0.0,0.0,0.0,1.0
C003202,1,0.0,0.0,0.0,0.0,0.9046702425087493,0.0,0.0,0.09532975749125072
C003203,2,0.0,0.0,0.0,0.0,0.740632958415,0.0,0.0,0.259367041585
C003205,2,0.06506487250728162,0.23060251107439958,0.24287534112049272,0.0,0.35709616261202437,0.0,0.0,0.10436111268580173
C003206,4,0.5611902114071307,0.0,0.0,0.0,0.09649058991235893,0.12695488226187715,0.0,0.2153643164186333
C003210,3,0.0,0.2771590494936184,0.6341280077611472,0.0,0.0,0.0,0.033800970218432314,0.05491197252680213
C003211,0,0.0,0.0,0.0,0.0,0.8122176288318665,0.0,0.0,0.18778237116813346
C003214,4,0.0,0.02257025095756408,0.0,0.0,0.6517923303159001,0.21305205914990605,0.0,0.11258535957662974
C003216,4,0.0,0.2372171660543822,0.0,0.0,0.0,0.0,0.7299712157400836,0.03281161820553424
C003217,0,0.5126240252458544,0.3768257298464185,0.0,0.0,0.0,0.0,0.0,0.11055024490772714
C003218,0,0.0,0.0,0.5510788825508576,0.0,0.42052261996823653,0.0,0.0,0.02839849748090595
C003220,3,0.0,0.0,0.0,0.25064577233402086,0.0,0.05250025442977308,0.0,0.696853973236206
C003223,2,0.014179093021708855,0.0,0.0,0.0,0.0,0.0,0.33897556139603513,0.646845345582256
C003228,1,0.0,0.2930210082829831,0.6471120880858755,0.0,0.0,0.0,0.0,0.059866903631141444
C003229,0,0.0,0.0,0.0,0.0,0.0,0.0,0.8183909740565006,0.18160902594349937
C003231,1,0.0,0.08142919085926456,0.1475221361926929,0.424866612398463,0.0,0.03483350837425147,0.0,0.3113485521753281
C003232,2,0.4746241990259289,0.0,0.3631306505698836,0.0,0.0,0.0,0.0,0.16224515040418752
C003233,2,0.01405198547378498,0.0,0.42146477567624857,0.0,0.24569116282722855,0.14953252137758172,0.0,0.16925955464515607
C003234,3,0.0,0.0,0.0,0.016548626116737693,0.6940567997103326,0.0,0.0,0.2893945741729297
C003238,4,0.0,0.11571236634917041,0.010617319356560568,0.6988656205273694,0.0,0.056842009826931515,0.06395809780319651,0.054004586136771504
C003240,4,0.0,0.0,0.0,0.0,0.8626477580156293,0.0,0.0,0.13735224198437068
C003242,3,0.0,0.01076860290330535,0.0,0.0321267523398822,0.07207272570223514,0.0,0.336614115100891,0.5484178039536863
C003243,3,0.0,0.45863405824630304,0.0,0.14004912113539347,0.0,0.3683773678261422,0.0,0.03293945279216137
C003244,0,0.0,0.0,0.4784323420672505,0.0,0.49497773568279957,0.0,0.0,0.026589922249949938
C003246,4,0.0,0.0,0.0,0.0,0.04625296029164039,0.7431924933587679,0.0,0.2105545463495917
C003247,0,0.0,0.0,0.02974567995907399,0.0,0.0,0.0,0.10928173952641837,0.8609725805145076
C003248,2,0.0,0.02652175993520559,0.5699674244813517,0.0,0.0,0.28308209430649117,0.0,0.12042872127695148
C003249,4,0.7640618833228392,0.0,0.0,0.0,0.0,0.0,0.19808500783455374,0.037853108842607064
C003250,3,0.0,0.0,0.72784722835087,0.0587963832217261,0.0,0.0,0.17700710716578455,0.03634928126161929
C003252,2,0.43492585116291727,0.0,0.48126371934140544,0.0,0.0,0.0,0.0,0.0838104294956773
C003254,2,0.0,0.0,0.0,0.6731696376842532,0.0,0.0,0.0,0.3268303623157468
C003256,3,0.007519691446477497,0.25561706732333594,0.05758693349162329,0.0,0.549765318394451,0.0,0.0,0.1295109893441122
C003257,1,0.0,0.10349799073520405,0.0,0.0,0.0,0.0,0.0,0.896502009264796
C003259,4,0.0,0.0,0.0,0.0,0.0,0.5966074726244893,0.2086003121658301,0.1947922152096806
C003260,0,0.0,0.0,0.0,0.0,0.0,0.0,0.08211919851299754,0.9178808014870025
C003261,4,0.010091538290111531,0.0,0.18416947297436886,0.14113780146203367,0.0,0.0,0.0496112072355903,0.6149899800378956
C003266,3,0.05560143801422682,0.0,0.22383808011297843,0.0,0.0,0.0,0.6881383151311518,0.032422166741643
C003268,3,0.0,0.04054717744421309,0.0,0.0,0.02988938345613316,0.05264077993633174,0.0,0.876922659163322
C003270,3,0.0,0.0,0.0,0.20834185060705313,0.0,0.3902515136295402,0.0,0.40140663576340674
C003278,1,0.10284367625341263,0.0,0.0,0.0,0.0,0.0,0.0,0.8971563237465874
C003280,4,0.0,0.0,0.0,0.0,0.0,0.11973657873958256,0.0,0.8802634212604175
C003281,0,0.0,0.056661731129078255,0.0,0.0,0.0,0.18626746551226367,0.0,0.7570708033586581
C003282,3,0.0,0.0,0.0,0.0,0.0,0.0,0.0,1.0
C003283,2,0.0,0.36109264185156065,0.0,0.0,0.0843845628326226,0.14906655938225857,0.326901573786147,0.07855466214741114
C003285,3,0.0660620423355944,0.37187803047194684,0.0,0.0,0.14699257209288338,0.25854585519858403,0.0,0.1565214999009914
C003290,4,0.0,0.48520178582272555,0.048128579520028233,0.0,0.0,0.03044786159925484,0.0,0.43622177305799137
C003294,3,0.0,0.0,0.0,0.39307996331847966,0.5297755105608133,0.0,0.0,0.0771445261207071
C003295,2,0.4034651414095693,0.0,0.5416784868914993,0.0,0.0,0.0,0.0,0.05485637169893143
C003299,3,0.0,0.0,0.03398211133085341,0.0,0.5120938510632076,0.13075292953185522,0.0,0.3231711080740838
C003301,0,0.0,0.0,0.0,0.13894053907012327,0.0,0.733573272835007,0.0,0.12748618809486978
C003302,1,0.0,0.026043820933958812,0.46790143894074165,0.0,0.19388130296191797,0.0,0.17648255591601833,0.13569088124736317
C003303,2,0.0,0.0,0.14759592786103448,0.0,0.0,0.0,0.0,0.8524040721389655
C003305,2,0.0,0.0,0.01832067881992177,0.6730566663278479,0.05418436373663599,0.0,0.0,0.25443829111559446
C003306,2,0.20595987603429172,0.0780828943856191,0.0,0.0,0.0,0.4578795355962,0.0,0.25807769398388913
C003308,4,0.0,0.0,0.17099656705573726,0.0,0.0,0.0,0.7684012663647126,0.06060216657955009
C003310,2,0.0733741161768072,0.06311117139219982,0.0,0.0,0.0,0.0,0.0,0.863514712430993
C003311,3,0.0,0.0,0.0,0.0,0.8948445259329134,0.0,0.0,0.10515547406708659
C003312,4,0.0,0.0,0.005854227430262102,0.0,0.7243502499792557,0.0,0.019646881533768,0.2501486410567142
C003313,0,0.0,0.0,0.0,0.0,0.07636162924576395,0.0,0.0,0.923638370754236
C003315,0,0.0,0.48283167279736194,0.0,0.0,0.0,0.029910921800162582,0.0,0.4872574054024754
C003319,3,0.35447692957394045,0.04441329414393534,0.0,0.0,0.07241289230196987,0.0,0.48900424894018907,0.03969263503996534
C003322,2,0.9454282987769584,0.0,0.0,0.0,0.0,0.0,0.024666496725318524,0.029905204497723048
C003325,3,0.0,0.0,0.0,0.017871980678745097,0.0,0.0,0.05121144283249409,0.9309165764887608
C003326,0,0.0,0.02611639747182524,0.0,0.0,0.01065225493728055,0.0,0.5506708642328226,0.4125604833580716
C003327,4,0.19575083342818242,0.0,0.0,0.47198361672425626,0.0,0.23833023596511863,0.0,0.0939353138824427
C003330,4,0.09773776416077758,0.0,0.7862718236400936,0.0,0.0,0.0,0.0,0.11599041219912876
C003332,2,0.0,0.0,0.0,0.9760548404173406,0.021939430330505022,0.0,0.0,0.0020057292521543646
C003333,3,0.0,0.7026882550473147,0.0,0.0,0.0,0.0,0.28635180396271426,0.010959940989970995
C003334,2,0.0,0.0,0.0,0.2992984928979305,0.0,0.0,0.4413606378227935,0.259340869279276
C003338,2,0.0,0.0,0.2044276905900318,0.0,0.37193386614625473,0.0,0.0,0.42363844326371347
C003339,3,0.3390023529944396,0.3811087883210391,0.21300027610615377,0.0,0.0,0.040996628424225044,0.0,0.02589195415414247
C003340,1,0.0,0.0,0.0,0.0,0.8311791346344437,0.0,0.0,0.1688208653655563
C003342,3,0.004186565295500229,0.6496475898091815,0.0,0.2252813495437117,0.0,0.0,0.0,0.12088449535160661
C003343,4,0.5627641961702994,0.12556162836290438,0.0,0.0,0.0,0.0,0.0,0.3116741754667962
C003345,2,0.0,0.0,0.0,0.0,0.0,0.040582835300528745,0.0,0.9594171646994712
C003346,4,0.0,0.6457131069801686,0.0,0.0,0.0,0.0,0.0,0.3542868930198314
C003347,0,0.0,0.0,0.0,0.20431953619283763,0.48042582477349693,0.0,0.0,0.31525463903366546
C003348,1,0.0131343100881107,0.003807258202742953,0.0,0.0,0.0,0.10946015614420977,0.8467380404266996,0.026860235138236987
C003349,2,0.0,0.7445671683535701,0.0,0.0,0.05353515103899508,0.0,0.0,0.20189768060743485
C003352,1,0.0,0.0,0.0,0.0,0.0,0.0,0.0,1.0
C003354,2,0.018029197660741285,0.0,0.7815470765068148,0.0,0.0,0.0,0.0,0.20042372583244394
C003355,4,0.03325396465255635,0.1489421940085853,0.0,0.0,0.5918880559793568,0.0,0.0,0.22591578535950152
C003356,3,0.0,0.0,0.0,0.5494956012235837,0.0,0.3650731396942244,0.0,0.08543125908219196
C003357,1,0.017614691709873672,0.09446122683415838,0.0,0.0,0.0,0.03649742033199856,0.0,0.8514266611239694
C003359,0,0.0,0.0,0.0,0.0,0.0,0.0965704912328954,0.0,0.9034295087671046
C003361,0,0.0,0.5916130955434201,0.0,0.012692461178833384,0.0,0.0,0.0,0.3956944432777465
C003362,2,0.0,0.2504326257523381,0.02598540467065946,0.15725015158828484,0.025108557940091404,0.24142491190263388,0.0,0.29979834814599227
C003364,0,0.0,0.3786482518114054,0.0,0.20683283520694484,0.0,0.0,0.3405195119907567,0.07399940099089308
C003365,0,0.1538815052561187,0.7190216120026195,0.0,0.0,0.06879335910224293,0.0485563768338966,0.0,0.009747146805122231
C003371,2,0.0,0.12908296743823452,0.0,0.35525105325439776,0.0,0.18303553222225258,0.204548447891195,0.12808199919392016
C003372,1,0.0,0.0,0.6993744446996408,0.0,0.0,0.0,0.08697460928967451,0.21365094601068468
C003373,4,0.04463144550662202,0.0,0.3229264940106351,0.0,0.0,0.3684059664727682,0.0,0.26403609400997463
C003374,3,0.0,0.0,0.0,0.0555913503661678,0.0,0.0,0.0,0.9444086496338322
C003375,4,0.0,0.059965951121710194,0.08498796670593367,0.037470993558525754,0.0,0.7910635045764188,0.0,0.026511584037411495
C003376,4,0.28488343596294696,0.1079980446634111,0.0,0.03168968175283061,0.0,0.09448671979871937,0.32718205681489604,0.15376006100719586
C003378,4,0.31664042877826665,0.021158997307958026,0.6485096633290245,0.0,0.0,0.007317020070691111,0.0,0.006373890514059788
C003381,3,0.0,0.0,0.1924307063583273,0.7122358137304221,0.010116496918930273,0.0,0.0,0.08521698299232039
C003382,4,0.0,0.10532527650039769,0.0,0.0,0.0,0.0,0.0,0.8946747234996023
C003383,4,0.01665029788111281,0.015855688806165693,0.0,0.0,0.9314508227338993,0.0,0.0,0.036043190578822104
C003385,1,0.0,0.9398271394821447,0.0,0.0,0.0,0.0,0.0,0.06017286051785531
C003386,4,0.0,0.0,0.0,0.8671041339961574,0.0,0.0,0.0,0.13289586600384262
C003387,0,0.0,0.0,0.0,0.0,0.0,0.09674192644311469,0.017083623424125106,0.8861744501327602
C003388,4,0.43147695930909197,0.026305638364455937,0.0,0.0,0.5048940207872887,0.0,0.0,0.03732338153916337
C003392,4,0.0,0.0,0.0,0.0,0.8109682046833404,0.03291433063743261,0.006047951042555742,0.1500695136366712
C003393,3,0.0,0.0,0.0,0.0,0.0,0.6179935221643672,0.023844714628213318,0.35816176320741944
C003396,4,0.0,0.0,0.0,0.0,0.0,0.33502879551210424,0.5428750940480674,0.12209611043982838
C003398,1,0.0,0.42394323246143956,0.0,0.0,0.0,0.48005476508171974,0.0,0.09600200245684065
C003399,3,0.04720378517089613,0.0,0.016132746633567938,0.0,0.32561306208415136,0.5835054675134177,0.0,0.027544938597966917
C003400,2,0.5604248236223679,0.0,0.0,0.0,0.17367096499081985,0.0,0.0,0.2659042113868122
C003401,3,0.0,0.09579855212515842,0.0,0.0,0.0,0.0,0.0,0.9042014478748416
C003403,0,0.0,0.0,0.0,0.6938484668030666,0.0,0.0,0.0,0.30615153319693345
C003404,4,0.0,0.0,0.5664139641774795,0.0,0.23819749435924442,0.0,0.02288009088505725,0.17250845057821884
C003405,3,0.0,0.0,0.22127803233392007,0.0,0.25048649079149243,0.0,0.0,0.5282354768745875
C003406,0,0.15187369812954865,0.0,0.0,0.4904181556402393,0.008970264394397987,0.0,0.293033604488877,0.05570427734693717
C003408,3,0.0,0.0,0.4487495776225541,0.2627807027290987,0.0,0.0,0.0,0.2884697196483472
C003409,3,0.07946781546297006,0.0,0.0,0.2764450490373669,0.0,0.0,0.5148915275309865,0.12919560796867646
C003412,1,0.0,0.0,0.28737887821721453,0.0,0.0,0.0,0.5564475500002416,0.15617357178254387
C003414,4,0.0,0.1468121580631125,0.0,0.0,0.0,0.13709904876491164,0.7018624944182641,0.01422629875371173
C003419,1,0.0,0.7331364404148552,0.0,0.0,0.0,0.0,0.19571541055248018,0.07114814903266464
C003420,0,0.0,0.5128649499879955,0.13575555886579213,0.0,0.010236445146646537,0.0,0.02696103626230056,0.3141820097372653
C003421,2,0.0,0.0,0.0,0.0,0.0,0.0,0.0,1.0
C003422,2,0.0,0.0,0.0,0.0,0.4205670912063,0.0,0.04424386713467353,0.5351890416590265
C003423,3,0.0,0.0,0.0,0.0,0.0,0.0,0.10191867915907549,0.8980813208409245
C003428,2,0.12010819693282165,0.0,0.0,0.0,0.0,0.7551270476056826,0.0,0.12476475546149568
C003430,3,0.0,0.0983388815841391,0.2524630980830997,0.0,0.027209952229012072,0.6170742080402601,0.0,0.0049138600634890395
C003431,4,0.06985378709995857,0.13979304077519228,0.02405180392849839,0.41577304044820673,0.0,0.0,0.315451139749514,0.03507718799863002
C003435,1,0.43930532812142964,0.0,0.19811211949762716,0.19642596594160594,0.0,0.0,0.0,0.16615658643933728
C003437,3,0.0,0.0,0.0,0.4112043193144089,0.5664778083028789,0.0,0.0,0.02231787238271221
C003446,2,0.27934747212192895,0.5374859224166474,0.0,0.0,0.035581015355837,0.0,0.0,0.14758559010558658
C003447,0,0.0,0.0,0.0,0.0,0.9491004484375056,0.0,0.0,0.05089955156249437
C003448,3,0.0,0.3757722310949049,0.15876791139607327,0.11758561480146952,0.0,0.0,0.0,0.3478742427075523
C003449,1,0.0,0.7692870833258937,0.09042942233631357,0.0,0.0,0.0,0.0,0.14028349433779275
C003453,0,0.0,0.0,0.0,0.648832249091016,0.0,0.008826332350967645,0.0,0.34234141855801636
C003455,2,0.0,0.0,0.0,0.7318461081206202,0.0,0.0,0.0,0.26815389187937977
C003456,4,0.0,0.19155517746092357,0.0,0.0,0.0,0.0,0.7586859392473111,0.049758883291765366
C003457,3,0.0,0.7509229581471277,0.02432104700791563,0.005605342746293586,0.0,0.0,0.0,0.21915065209866313
C003460,1,0.0,0.0,0.0,0.0,0.9710867516081247,0.0,0.0,0.028913248391875257
C003462,0,0.07086236563324158,0.0,0.15516034306365978,0.043921646114466466,0.0,0.0,0.0,0.7300556451886322
C003466,0,0.0,0.0,0.0,0.08816896264111873,0.0,0.0,0.0,0.9118310373588813
C003468,1,0.5663347528008942,0.1715283518295726,0.0,0.0,0.03129697682865497,0.0,0.07989309045984078,0.15094682808103754
C003469,2,0.0,0.0,0.0,0.052556364056780706,0.15330191976485313,0.01568934222444336,0.0,0.7784523739539229
C003470,2,0.5488665065737,0.1396756314851688,0.0,0.0,0.0,0.0,0.0,0.31145786194113123
C003472,1,0.0,0.20466623225378436,0.0,0.0,0.3179695430377226,0.0,0.4010844374910371,0.07627978721745587
C003473,2,0.0,0.0,0.1745126734509155,0.0,0.2582559642290907,0.0,0.41363511244816575,0.15359624987182807
C003474,3,0.05794941362270611,0.046045368908200414,0.0,0.0,0.0,0.0,0.8118290388864878,0.08417617858260562
C003475,4,0.0,0.048915558903657404,0.0,0.5846678597958765,0.0,0.0,0.0,0.36641658130046606
C003478,4,0.03844958094438215,0.0,0.048193112387530095,0.0,0.5912855017538674,0.0,0.2966046879375621,0.025467116976658266
C003479,4,0.0,0.4496978337017804,0.26968443674105175,0.0,0.0,0.26930099675871744,0.0,0.011316732798450468
C003481,2,0.360858299264655,0.0,0.541780852518473,0.0,0.0,0.08015036292834272,0.0,0.017210485288529198
C003482,4,0.019401635538149584,0.0,0.034011472000715505,0.0,0.2783926632795129,0.6367242484709359,0.0,0.031469980710686185
C003484,2,0.07638466429107733,0.0,0.698221006481388,0.0,0.0,0.17721704934059967,0.0,0.04817727988693499
C003487,0,0.0,0.1421658543485966,0.0,0.33500491285786327,0.4805203732143398,0.0,0.0,0.042308859579200275
C003488,4,0.0,0.0,0.29477149006773523,0.020023346518077665,0.0,0.010562917299462292,0.0,0.6746422461147248
C003489,4,0.0,0.0,0.0,0.0,0.33673499374576976,0.0,0.0,0.6632650062542302
C003490,3,0.0,0.0,0.533585043353217,0.0,0.1632753662600761,0.0,0.0,0.3031395903867069
C003491,4,0.0,0.0,0.23092389029887167,0.06986473230961016,0.0,0.1911831642283809,0.0,0.5080282131631373
C003492,1,0.0,0.0,0.0,0.0,0.06386832991478063,0.2835720358369194,0.0,0.6525596342483
C003493,4,0.0,0.7416363799742178,0.0,0.0,0.0,0.0,0.0,0.25836362002578217
C003494,4,0.0,0.0,0.5812953445016175,0.0,0.0,0.0,0.36849333872630424,0.05021131677207835
C003496,4,0.04806684344204537,0.0,0.0,0.0,0.0,0.0,0.6544274273596437,0.297505729198311
C003497,1,0.0,0.0,0.0,0.0,0.0,0.06695554349314636,0.0,0.9330444565068536
C003498,2,0.0,0.0,0.0,0.0,0.0,0.0,0.1190223038700231,0.8809776961299769
C003504,3,0.0,0.35800545482460255,0.0,0.0,0.0,0.0,0.0,0.6419945451753974
C003506,1,0.0,0.0,0.0,0.18202666235052842,0.20163818141511453,0.10757609647093676,0.22104645917581583,0.2877126005876045
C003507,1,0.0,0.0,0.0,0.2082345786008883,0.07513952750864886,0.4845298154910102,0.0,0.23209607839945257
C003508,4,0.3353837711693451,0.0,0.0,0.0,0.027266479392666645,0.562343246877322,0.0,0.07500650256066632
C003510,3,0.34914502284524795,0.0,0.0,0.0,0.050574973990729875,0.0,0.38161974864553955,0.2186602545184826
C003514,0,0.0,0.0,0.15646048926261186,0.0,0.09828308710845894,0.0,0.6608596341828085,0.08439678944612072
C003515,1,0.3886496788715277,0.013519077101618275,0.0,0.0,0.06010553010070283,0.0,0.432175283684453,0.10555043024169819
C003516,2,0.2539796166930518,0.0,0.0,0.03636464337528581,0.015640056083315465,0.0,0.5925408811138911,0.10147480273445575
C003517,1,0.0,0.0,0.0,0.029104636393199334,0.8145448048001235,0.10342127593953385,0.0,0.05292928286714327
C003518,3,0.0,0.399496928129252,0.0,0.23750606785132378,0.17272654706664725,0.0,0.10106740195375753,0.08920305499901937
C003520,3,0.0,0.0,0.17274425738743884,0.0,0.18732526501108882,0.0,0.01850448429006853,0.6214259933114039
C003521,1,0.038402861846319615,0.0,0.0,0.1840301915676888,0.014712687857818173,0.0638924129226608,0.3278011342726972,0.3711607115328155
C003522,1,0.27765189714061167,0.0,0.3925881924515536,0.0,0.0,0.0,0.0,0.3297599104078348
C003526,3,0.021463476812646945,0.0,0.0,0.015210928775807757,0.596821313970214,0.0,0.0,0.3665042804413313
C003528,1,0.0,0.7483616266882609,0.0,0.0,0.07404214569385474,0.0,0.0,0.1775962276178844
C003529,0,0.006667751501100417,0.0,0.0,0.19733587325621987,0.0,0.0,0.0,0.7959963752426797
C003531,3,0.504524168211465,0.04041444681431372,0.0,0.07893506128935875,0.0,0.0,0.0,0.37612632368486254
C003532,2,0.18510238418115077,0.7440357205245278,0.041206014473644914,0.0,0.0,0.0,0.0,0.029655880820676495
C003534,1,0.353389273970129,0.0,0.27928506164067485,0.3016356887624731,0.007729187122784764,0.0,0.0,0.057960788503938265
C003537,4,0.0375872431838364,0.8032699716773598,0.0,0.0,0.0,0.0,0.0,0.15914278513880376
C003540,1,0.12712799258034133,0.0,0.0,0.0,0.033618226939168494,0.35591535738994134,0.0,0.48333842309054886
C003542,2,0.0,0.0,0.0,0.17951543594588606,0.3468613247620112,0.46459814454617315,0.0,0.009025094745929607
C003543,3,0.0,0.0,0.0,0.3199396235782235,0.0,0.2361722665034247,0.0,0.4438881099183518
C003544,2,0.17185465393525715,0.07475806840441573,0.0,0.742458499553784,0.0,0.0,0.0,0.010928778106543136
C003546,0,0.42021640381119135,0.0,0.2446445363401656,0.0,0.0,0.0,0.2527169536042792,0.08242210624436375
C003549,0,0.0,0.0,0.0,0.0,0.0,0.0,0.0,1.0
C003550,4,0.0,0.0,0.0,0.034337879432241425,0.17202824362567434,0.03225201577998932,0.0,0.7613818611620949
C003553,4,0.0,0.0,0.48114434247826315,0.0,0.3292765356522767,0.0,0.0,0.18957912186946013
C003558,1,0.0,0.9925713449230523,0.0,0.0,0.0,0.0,0.0,0.007428655076947677
C003559,3,0.0,0.0,0.8450981384359382,0.0,0.0,0.0,0.0,0.15490186156406183
C003562,3,0.0,0.6553109613229169,0.0,0.0,0.0,0.15865286912066415,0.0,0.186036169556419
C003563,2,0.0,0.7402396427765345,0.0,0.12554518260220796,0.0,0.035670108074607645,0.027962687896826044,0.07058237864982386
C003567,1,0.0,0.2908954029983844,0.0,0.4824613115515368,0.0,0.0,0.0,0.22664328545007884
C003569,1,0.08857877862726639,0.0,0.0,0.0,0.0,0.0,0.2703940489883703,0.6410271723843634
C003570,0,0.0,0.0,0.0,0.008453258123593729,0.0,0.0,0.9153821224681878,0.07616461940821839
C003573,0,0.0,0.0,0.18213275007190244,0.0,0.0,0.7710135462930096,0.0,0.046853703635088007
C003576,0,0.0,0.0,0.8836832963690037,0.0,0.0,0.0,0.0,0.11631670363099633
C003577,3,0.0,0.0,0.0,0.0,0.0,0.0,0.7615424046366214,0.23845759536337863
C003579,3,0.45864235563466615,0.008050155956590192,0.01065090628011552,0.0,0.0,0.4309019046137872,0.0,0.09175467751484101
C003580,2,0.0,0.0,0.7879762374357256,0.0,0.0,0.0,0.0,0.21202376256427435
C003585,1,0.0,0.0,0.05256073540271777,0.0,0.0,0.015565949502366009,0.0,0.9318733150949162
C003586,3,0.0,0.0,0.07329810752592036,0.0,0.32759387004247736,0.0,0.0,0.5991080224316023
C003590,4,0.042137977537007446,0.0,0.0,0.44434416464299575,0.0,0.0,0.2431728611301429,0.2703449966898539
C003591,1,0.027362895026842676,0.0,0.011409285702662244,0.047582134385589885,0.0,0.0,0.06105954554762351,0.8525861393372817
C003593,1,0.0,0.0,0.0,0.0,0.0,0.0,0.0,1.0
C003594,1,0.0,0.0,0.0,0.0,0.00868426915256359,0.0,0.5597823760092392,0.4315333548381972
C003595,4,0.0,0.0,0.0,0.043280431874623604,0.0,0.0,0.0,0.9567195681253764
C003596,0,0.0,0.4027448960517214,0.0,0.0,0.0,0.5297379457586174,0.0,0.0675171581896612
C003597,0,0.0,0.0,0.0,0.5133194237611706,0.29621776027263,0.0,0.0,0.1904628159661994
C003598,2,0.0,0.0,0.0,0.0,0.8793736319011635,0.0,0.0,0.12062636809883653
C003599,0,0.0,0.7369137795263836,0.0,0.0,0.0,0.036419038291383314,0.0,0.22666718218223314
C003600,0,0.0,0.0,0.0,0.9115708828336624,0.0,0.04625997446115587,0.0,0.042169142705181795
C003607,4,0.0,0.0,0.0,0.0,0.07299150094675191,0.18576847830617876,0.0,0.7412400207470693
C003609,0,0.0,0.09942964028014986,0.0,0.0,0.016836523222081866,0.0,0.0,0.8837338364977683
C003612,4,0.0,0.0,0.0,0.32083534923281226,0.0,0.0,0.6632803940627678,0.015884256704419952
C003613,2,0.0,0.0,0.0,0.0962174430168905,0.0,0.0,0.0,0.9037825569831095
C003614,1,0.0,0.0,0.07065695204453051,0.0,0.03038739166823476,0.0,0.0,0.8989556562872347
C003617,0,0.3319126484768618,0.02109126875241175,0.0,0.0,0.4691412290380888,0.0,0.0,0.17785485373263765
C003619,3,0.0,0.0,0.0,0.459931391293718,0.37066600116623216,0.0,0.0,0.16940260754004988
C003621,0,0.0,0.0,0.0,0.6144351447345329,0.0,0.0,0.0,0.38556485526546713
C003623,1,0.0,0.0,0.004682820237900462,0.0,0.0,0.5604244502147165,0.08829422861563313,0.3465985009317498
C003624,0,0.0,0.298794161295231,0.0,0.0,0.0,0.0,0.03235497675308943,0.6688508619516795
C003626,2,0.0,0.0,0.21365496282700328,0.4274264472124884,0.0,0.1846454243429175,0.0,0.17427316561759076
C003629,2,0.0,0.0,0.11722750109736983,0.010965249965884716,0.0,0.0,0.0,0.8718072489367454
C003631,1,0.0,0.41142128526365906,0.0,0.18094556057178685,0.0,0.0,0.03014656754666607,0.37748658661788803
C003634,2,0.0,0.0,0.07448362169998966,0.271134732622615,0.007134306104713593,0.5417658795163396,0.0,0.10548146005634207
C003635,1,0.09923174621277144,0.20882523706864933,0.6276196799035074,0.0,0.0,0.0,0.0,0.06432333681507174
C003636,3,0.0,0.0,0.0,0.06406829313111206,0.0,0.03245220606700872,0.0,0.9034795008018792
C003638,1,0.6725121425237647,0.0,0.0,0.0,0.0,0.15059036390006703,0.0,0.17689749357616824
C003639,1,0.1613431713221041,0.31935046843736686,0.12866073063112307,0.01921972704236212,0.0,0.0,0.0,0.3714259025670439
C003640,3,0.0,0.24157227905824663,0.0,0.0,0.35508212591088234,0.03520060171428609,0.3043388919032484,0.06380610141333665
C003642,4,0.0,0.0,0.0,0.0,0.0,0.0,0.0,1.0
C003647,2,0.0,0.180917029048265,0.5679683397381361,0.0,0.0,0.0,0.0,0.2511146312135989
C003648,3,0.27490304116009134,0.0,0.0,0.0,0.0,0.0,0.5987398553456075,0.12635710349430118
C003649,4,0.0,0.0,0.04810309100530579,0.0,0.9319987913119704,0.0,0.0,0.01989811768272387
C003652,3,0.0,0.0,0.0,0.0,0.0,0.5611267699743878,0.0,0.4388732300256122
C003653,0,0.0,0.045280580193337305,0.0,0.4492608227178612,0.0,0.0,0.0,0.5054585970888015
C003654,1,0.0,0.0,0.5328106765254786,0.04559137763929473,0.01748053500480127,0.36385302626195826,0.0,0.04026438456846704
C003658,0,0.0,0.0,0.0,0.0,0.0,0.0,0.012328633351325058,0.9876713666486749
C003659,4,0.18005153381073738,0.0,0.3663592923886304,0.0,0.0,0.360190620399208,0.032102065025393374,0.061296488376030855
C003660,0,0.0851801164677277,0.0,0.0,0.28031842506613414,0.0,0.0,0.020991637097357508,0.6135098213687806
C003661,2,0.0,0.0,0.0,0.5381961351410495,0.0,0.0,0.3680510571180763,0.09375280774087424
C003662,4,0.07837074665862653,0.0,0.0,0.0,0.0,0.0,0.0,0.9216292533413735
C003663,2,0.05922195736238539,0.27233842448803036,0.0,0.0,0.0,0.0,0.5910759460062381,0.07736367214334616
C003664,3,0.0,0.0,0.0,0.0,0.47414578598226154,0.24064851217942637,0.14480016734281934,0.14040553449549276
C003666,2,0.2049418672542365,0.3662124517119279,0.0,0.0,0.0,0.0,0.35456845487747735,0.07427722615635823
C003667,1,0.412654371698998,0.54644887557206,0.0,0.0,0.0,0.0,0.0,0.040896752728942
C003669,2,0.40133326116542944,0.0,0.0,0.0,0.0,0.38868303678589095,0.12523466439455172,0.084749037654128
C003672,1,0.0,0.0,0.12357459238356419,0.0,0.02016415826907401,0.0,0.0,0.8562612493473618
C003676,1,0.0,0.1349092445304602,0.0,0.3529548168581075,0.0,0.025280364598578096,0.0,0.4868555740128543
C003677,1,0.0011932600370535317,0.018992579173220184,0.019407138165838354,0.25959438578556787,0.0852324351590405,0.0,0.5602965717216942,0.0552836299575854
C003684,4,0.0,0.0,0.7586920202790612,0.014813417772463198,0.0,0.0,0.2000232433855452,0.02647131856293039
C003687,1,0.0,0.0,0.0,0.5384359392793091,0.02309494127688331,0.1766019321804607,0.0,0.2618671872633469
C003689,3,0.0,0.0,0.0,0.0,0.16612219429932662,0.0,0.0,0.8338778057006734
C003690,1,0.0,0.32351309941991435,0.0,0.0,0.0,0.5411059137870848,0.07167790005516746,0.06370308673783331
C003693,0,0.0,0.0,0.0,0.0,0.0,0.0,0.0,1.0
C003696,3,0.0,0.6658891624687544,0.0,0.31123680388042335,0.0,0.0,0.0,0.02287403365082219
C003697,0,0.0,0.0,0.0,0.0,0.056014004823305014,0.0,0.6733625875000286,0.27062340767666637
C003698,3,0.0,0.0,0.0,0.0,0.0,0.48599802713336937,0.25304937763129143,0.2609525952353392
C003699,4,0.1816244636461426,0.028879063237207347,0.7425861156053564,0.0,0.0,0.0,0.0,0.04691035751129369
C003700,4,0.21868971032641568,0.0,0.0,0.0,0.0,0.5673746677347179,0.0,0.2139356219388664
C003708,3,0.0,0.0,0.0,0.0,0.0,0.0,0.0,1.0
C003710,3,0.782585281556503,0.0,0.0,0.07614758602896952,0.0,0.0,0.0,0.14126713241452749
C003715,2,0.47674645450673503,0.09501564948909727,0.3526350514760304,0.0,0.0,0.0,0.0,0.07560284452813737
C003716,1,0.0274527400229941,0.0,0.036349210508987574,0.0,0.0,0.0,0.06685175398811916,0.8693462954798992
C003717,0,0.12428929589252957,0.0,0.01996087755151411,0.3983997075292058,0.0,0.0,0.1483988209329304,0.30895129809382027
C003718,0,0.0,0.0,0.0,0.0,0.8647169583702758,0.0,0.0,0.13528304162972415
C003719,3,0.36737373560406117,0.0,0.5662872454026558,0.0,0.0,0.0,0.005649473643263586,0.06068954535001936
C003722,2,0.0,0.0,0.0,0.0,0.11281760741898954,0.03896339889861884,0.0,0.8482189936823916
C003723,3,0.49067872995835105,0.0,0.0,0.0,0.17554217246066212,0.2620562423633019,0.0,0.07172285521768496
C003727,3,0.2906248347334798,0.0,0.0555480756964824,0.24574279495986898,0.0,0.25005381277174293,0.0,0.15803048183842594
C003728,1,0.13991240059717033,0.0,0.0,0.0,0.11896092081866831,0.6843278686463189,0.0,0.056798809937842476
C003733,0,0.03178122358789581,0.0,0.019055443708644686,0.0,0.03493744630145175,0.040788217028075134,0.0,0.8734376693739326
C003734,4,0.10412961472234698,0.0,0.038221276947496836,0.0,0.6019221064307508,0.0,0.24926684207770586,0.006460159821699452
C003736,0,0.6610884566125956,0.0,0.0,0.24645068888961477,0.07432797932349453,0.0,0.0,0.01813287517429507
C003738,1,0.0,0.0,0.0,0.2956336027950134,0.2409201365917948,0.0,0.3029323256962893,0.16051393491690247
C003739,0,0.0,0.0,0.05254946922776085,0.0,0.0,0.19412225790669732,0.0,0.7533282728655418
C003740,3,0.25976219975361625,0.08048936344438555,0.0,0.0,0.0,0.0,0.45644623399287115,0.20330220280912703
C003741,3,0.0,0.012737418824849528,0.8365416104112275,0.0,0.0,0.0,0.0,0.15072097076392288
C003743,1,0.0,0.12442340545850786,0.0,0.8613863458535758,0.0,0.0,0.0,0.014190248687916407
C003745,0,0.012261705608390072,0.04469565809883182,0.0,0.0,0.0,0.14078807301640675,0.0,0.8022545632763713
C003746,3,0.056603184858637454,0.0,0.5987929816862847,0.0,0.0,0.0584452275402474,0.12529547328512758,0.16086313262970287
C003748,1,0.0,0.0,0.3391815315474434,0.3885849416335099,0.0,0.0,0.23860988463603042,0.03362364218301639
C003750,3,0.0,0.0,0.0,0.03672943680303008,0.0,0.0,0.17425159398422488,0.7890189692127451
C003751,4,0.47543817750734757,0.1713437882610681,0.092471315952916,0.0,0.0,0.24375212449114317,0.0,0.016994593787525103
C003753,0,0.0,0.5260324357000605,0.19516855346278103,0.0,0.0,0.0,0.0,0.2787990108371584
C003754,4,0.0,0.0,0.0,0.0,0.10175253267395012,0.8520815157457083,0.0,0.046165951580341535
C003756,0,0.5045503225796834,0.0,0.0,0.0,0.23126382161523007,0.0,0.024524995615609353,0.2396608601894772
C003764,2,0.44465391844632124,0.02782554955995043,0.0,0.0,0.0,0.0,0.0,0.5275205319937284
C003765,1,0.0,0.010610035834639226,0.09162038438322591,0.019729493090365643,0.14545041431034228,0.0,0.729520041213525,0.0030696311679019317
C003766,0,0.07962735635137896,0.0,0.0,0.06467651180617649,0.0,0.0,0.0,0.8556961318424445
C003770,1,0.09924682725736073,0.0,0.8894232475955489,0.0,0.0,0.0,0.0,0.011329925147090414
C003773,1,0.0,0.0,0.14244161454899193,0.0,0.0,0.7768295107607074,0.04006018173585733,0.04066869295444331
C003774,1,0.0,0.0,0.0,0.9134011653749289,0.0,0.0,0.034542875513550335,0.05205595911152083
C003775,4,0.013777160159197563,0.0,0.0,0.0,0.0,0.009739754468128945,0.016578342387998175,0.9599047429846753
C003776,1,0.0,0.0,0.6343967376221786,0.0,0.0,0.2766863281784237,0.0,0.08891693419939761
C003778,4,0.44739254224973063,0.0,0.06688253757501068,0.0,0.011337765321278573,0.0,0.0,0.4743871548539801
C003779,4,0.057027529616944725,0.11020928879508848,0.0,0.0,0.02652611336532537,0.0,0.3230527068801563,0.4831843613424851
C003781,4,0.3711261626520016,0.0,0.0,0.0,0.0,0.0,0.0,0.6288738373479984
C003784,1,0.0,0.6342940725913669,0.0,0.0495433509693031,0.0,0.1974217905992207,0.0,0.11874078584010928
C003785,3,0.0,0.0,0.7125690704790092,0.0,0.0,0.2505322220765946,0.0,0.03689870744439627
C003786,3,0.0,0.0,0.37260221607330685,0.07494928299098524,0.4659217841031134,0.02191341102961685,0.0,0.06461330580297764
C003788,1,0.0,0.0,0.08135890911117351,0.0,0.3147736707132759,0.2468785826480713,0.31765250260444405,0.03933633492303534
C003789,1,0.0,0.0,0.0,0.0,0.2797264338925122,0.0,0.15617507529938923,0.5640984908080986
C003790,3,0.0,0.0,0.0,0.7564582708138393,0.0,0.13365000470932276,0.07409457598427818,0.03579714849255977
C003791,4,0.0,0.6765089729657976,0.0,0.0,0.022205737658471048,0.0,0.0,0.3012852893757314
C003792,1,0.0,0.0,0.20516624924778423,0.0,0.17214587060028366,0.0,0.46752070587993516,0.1551671742719969
C003793,3,0.0,0.0,0.506430696172151,0.0,0.07358686101148738,0.0,0.1985967305399124,0.22138571227644932
C003799,1,0.12897571300545904,0.51544748214984,0.0,0.18266953637301542,0.0,0.0,0.037004218926825684,0.13590304954485977
C003801,0,0.0,0.0,0.0,0.31933722445105056,0.03438870413531231,0.0,0.17405024601069718,0.47222382540293995
C003802,1,0.0,0.0,0.510564468439683,0.0,0.0,0.0,0.3478178675950723,0.14161766396524467
C003805,1,0.3878895364241222,0.0,0.0,0.0,0.0,0.561896362723471,0.0,0.05021410085240685
C003806,3,0.0,0.10233762969354314,0.0,0.02652382418771547,0.0,0.14936865576503613,0.2482127063245187,0.47355718402918656
C003807,1,0.0,0.0,0.0,0.26594948747572084,0.1966350286333509,0.0,0.49238203265062824,0.045033451240300115
C003808,4,0.0,0.0,0.0,0.0,0.0,0.0,0.0,1.0
C003809,0,0.0,0.0,0.0,0.0,0.0,0.1451458307301938,0.7527013129291951,0.10215285634061111
C003811,3,0.0,0.8814122962542792,0.0,0.0,0.0,0.03785820364527285,0.044103511782791954,0.036625988317656066
C003812,0,0.0,0.0,0.0,0.0,0.07328595758269689,0.0,0.6241259143919008,0.30258812802540236
C003813,2,0.0,0.0,0.0,0.049923591250943686,0.0,0.920032753036432,0.0,0.03004365571262435
C003814,3,0.0,0.0,0.09240029702331877,0.0,0.2790174057991318,0.0,0.0,0.6285822971775494
C003816,4,0.0,0.0,0.1035361711948599,0.0,0.0,0.8725030139321562,0.0,0.02396081487298385
C003817,3,0.8127352521130334,0.0,0.0,0.0,0.0,0.07789223481077125,0.0,0.10937251307619533
C003818,4,0.046247079238399894,0.2998830815042987,0.0,0.0,0.0,0.020121322868000696,0.42398345692545664,0.20976505946384405
C003821,1,0.0,0.0,0.6316552897561228,0.11003963689466728,0.05028794795472356,0.1865164423169594,0.0,0.02150068307752684
C003822,1,0.0,0.0,0.0,0.41726575361766544,0.0,0.4690240538152162,0.0,0.11371019256711834
C003823,1,0.0,0.0,0.0788590251479655,0.0,0.0,0.0,0.0,0.9211409748520345
C003824,3,0.07975567529941487,0.0,0.0,0.0,0.6122329470981576,0.0,0.0,0.3080113776024276
C003826,1,0.0,0.0,0.0,0.04872720820994214,0.0,0.0,0.0,0.9512727917900579
C003831,0,0.0,0.0,0.0,0.10665479014282386,0.0,0.0,0.06376750326102577,0.8295777065961504
C003838,1,0.0,0.2538587523238888,0.0,0.0132392708770802,0.7246205893494507,0.0,0.0,0.00828138744958018
C003843,2,0.5891401650467583,0.0,0.0,0.0,0.25395054053059934,0.0,0.0,0.15690929442264245
C003846,0,0.0016718382999873663,0.0,0.0,0.13642340732156744,0.40008738286040635,0.0,0.3925821855323978,0.06923518598564105
C003848,2,0.0,0.2707031401628846,0.0,0.07541448293768098,0.08711103073082642,0.0,0.0,0.5667713461686079
C003850,0,0.0,0.3024304481613269,0.6627376969792409,0.0,0.0,0.0,0.0,0.03483185485943219
C003852,1,0.0,0.0,0.0,0.0,0.0,0.9069428961949099,0.0,0.09305710380509014
C003854,1,0.0,0.0,0.0,0.0,0.0,0.0,0.7254135974440645,0.27458640255593547
C003856,4,0.0,0.9843386914157637,0.0,0.0,0.0,0.0,0.0,0.01566130858423631
C003858,1,0.0,0.0,0.0,0.19069932295020534,0.22624952756659875,0.48512476145907407,0.0,0.0979263880241219
C003860,4,0.0,0.0,0.015762628290580595,0.0,0.0,0.0,0.1759385280644033,0.8082988436450161
C003862,2,0.0,0.09143486338293366,0.07530662149020484,0.0,0.0,0.0,0.6858446070678438,0.14741390805901777
C003869,4,0.0,0.0,0.0,0.0,0.0,0.6498442975322121,0.0654090371528066,0.2847466653149813
C003870,1,0.028967102698932556,0.6552669805464273,0.0,0.012411932186011975,0.008780253282094943,0.0,0.0,0.2945737312865332
C003872,4,0.0,0.0,0.0,0.0,0.7619366546729655,0.0,0.0,0.23806334532703455
C003873,0,0.0,0.0,0.0,0.6561119366902124,0.0,0.0,0.0,0.3438880633097876
C003877,2,0.0,0.0,0.0,0.0,0.0,0.21907199347268247,0.5032137462305707,0.27771426029674684
C003880,2,0.04465501112447652,0.0,0.0,0.05407269825550144,0.12135313165730335,0.4120592100555297,0.0,0.367859948907189
C003881,1,0.0,0.438017755776273,0.0,0.0,0.0,0.0,0.4970833223437714,0.0648989218799556
C003886,1,0.0,0.0,0.0,0.49326522222643227,0.10494407641456037,0.0,0.016832400700926804,0.38495830065808057
C003887,1,0.0,0.7744255067768652,0.0,0.0,0.0,0.0,0.0,0.22557449322313483
C003888,3,0.5202636325776469,0.0,0.0,0.0,0.0,0.01534814154754606,0.24393788042454698,0.2204503454502601
C003889,3,0.560786274331644,0.0,0.27579105900781364,0.0,0.01078193801544456,0.0,0.0,0.1526407286450978
C003891,0,0.0,0.0,0.0,0.0,0.1539738364658264,0.0,0.0,0.8460261635341736
C003892,3,0.2694947952850898,0.056191815225625566,0.2427341807329753,0.0,0.0,0.0,0.0,0.4315792087563093
C003894,1,0.0,0.3036081904737963,0.0,0.08866468260610982,0.0,0.17029238885220252,0.0,0.43743473806789135
C003898,0,0.09863976592303624,0.0,0.40659581129235295,0.1271539172077102,0.35034488592442253,0.0,0.0,0.01726561965247808
C003901,4,0.4594349883836481,0.0,0.0,0.0,0.0,0.0,0.03272475415193583,0.5078402574644161
C003907,0,0.06465566644957642,0.06065308047287421,0.0,0.19507613353115769,0.0,0.4262990381476771,0.09149682218440489,0.16181925921430962
C003908,2,0.07058722457699637,0.0,0.0,0.0,0.0,0.12441236299538296,0.0,0.8050004124276207
C003910,4,0.0,0.0,0.0,0.7146425059865605,0.03515344092296069,0.19423017872397147,0.0,0.05597387436650725
C003912,2,0.2901450283148165,0.0,0.06487687835378447,0.0,0.0,0.033411935567147055,0.28630892693966326,0.3252572308245887
C003918,4,0.024205652478116686,0.0,0.0,0.007260031643839344,0.600934607581278,0.0,0.0,0.3675997082967659
C003919,3,0.0,0.04165927480132138,0.0,0.0,0.0,0.23410949166678147,0.0,0.7242312335318972
C003920,0,0.0,0.0,0.0,0.0,0.0,0.0,0.0,1.0
C003921,3,0.01119104021483239,0.644892080633148,0.00783207741401731,0.0,0.04118162327878616,0.010836521421709443,0.0,0.2840666570375068
C003924,1,0.07179714308312682,0.08851740484027298,0.0,0.023744378009062306,0.05590746092587351,0.0,0.3938981921932375,0.3661354209484269
C003925,3,0.0,0.0,0.3692008323287551,0.0,0.1547275547542514,0.4613632018164549,0.0,0.014708411100538665
C003926,4,0.0,0.0,0.0,0.0,0.0,0.0,0.8638195911589688,0.13618040884103122
C003928,2,0.05637162789410795,0.0,0.36347882764822587,0.0,0.04284235489605478,0.5288878148987832,0.0,0.008419374662828272
C003929,1,0.0,0.0,0.0,0.12310832276182786,0.0,0.0,0.8281688995684192,0.04872277766975297
C003930,1,0.0,0.0,0.0,0.512869289412002,0.0,0.0,0.10221513820980578,0.3849155723781922
C003931,0,0.0,0.0,0.0,0.0,0.9347348165542926,0.0,0.01975802974763643,0.04550715369807101
C003933,3,0.0,0.0,0.0,0.0,0.0,0.4485456229016992,0.04298718111398546,0.5084671959843153
C003935,0,0.06022509138743596,0.0,0.0,0.0,0.5740668868251457,0.0,0.0,0.36570802178741835
C003936,0,0.0,0.1974820280842555,0.34915401786068306,0.1912614699643234,0.021402350353163492,0.05721865710197239,0.0,0.18348147663560221
C003938,3,0.0,0.0,0.0542734032413086,0.0,0.09299319510422259,0.24089638326496732,0.5430129295019576,0.06882408888754399
C003939,4,0.0,0.0,0.0,0.0,0.0,0.0,0.8839820562933864,0.11601794370661356
C003941,2,0.0,0.960834387727401,0.0,0.0,0.0,0.0,0.0,0.03916561227259896
C003942,4,0.0,0.0,0.0,0.0,0.2869538867234776,0.0,0.4600076445203629,0.25303846875615954
C003944,4,0.0,0.0,0.11784037836690917,0.0,0.0,0.5358863588304649,0.2869582344731314,0.059315028329494535
C003946,3,0.7335542406468025,0.0,0.16083741814870875,0.0,0.0,0.0,0.0554783393064749,0.050130001898013754
C003947,3,0.0,0.07709596864863219,0.0,0.7885905022588189,0.03805036808249175,0.06903432204171937,0.0,0.027228838968337832
C003949,3,0.0,0.0,0.08299254763627953,0.06005016791207099,0.0,0.3353852982218006,0.0,0.5215719862298489
C003959,4,0.0,0.6355243708542884,0.11887126274986254,0.0,0.0,0.0,0.09555190924666068,0.15005245714918847
C003961,2,0.20388981191814287,0.11714935806960458,0.3576077611838605,0.0,0.0,0.0,0.0,0.3213530688283921
C003963,3,0.0,0.0,0.0,0.0,0.30956693501864185,0.2787521510234663,0.03950050183462217,0.3721804121232697
C003964,3,0.0,0.0,0.0,0.0,0.14382814058726745,0.10116004582628231,0.24215288011581468,0.5128589334706356
C003965,3,0.0,0.2297458356905816,0.7313784778935065,0.0,0.013590393894012365,0.0,0.0,0.025285292521899483
C003966,0,0.8368777215799011,0.0,0.0,0.0,0.0,0.1322728708536127,0.0,0.03084940756648613
C003967,1,0.04911937032170425,0.1874415063900058,0.5781720672302202,0.0,0.0,0.1683973227830913,0.0,0.016869733274978538
C003970,3,0.0,0.0,0.057847824405014445,0.0,0.2896864926216377,0.5298301413205528,0.08470106030643061,0.037934481346364346
C003976,0,0.4326873118077501,0.0,0.0,0.0,0.08564388941944032,0.008310352689688418,0.0,0.47335844608312116
C003978,4,0.0,0.0,0.02300038493912763,0.004351052768365145,0.7550438212428265,0.0,0.06693953421632053,0.15066520683336015
C003980,2,0.0,0.09618902221997172,0.0,0.0,0.2510645256256773,0.0,0.24171458176630906,0.4110318703880419
C003981,2,0.5652232959952712,0.0,0.0,0.0,0.0,0.24435575715846494,0.0,0.19042094684626387
C003982,4,0.0,0.0,0.0,0.37456930055018967,0.24649841078309698,0.19524835576955948,0.0,0.1836839328971539
C003985,1,0.0,0.055586796222824746,0.0,0.3102282575234957,0.0,0.0,0.6126718883121731,0.021513057941506375
C003986,2,0.0,0.7978314221127377,0.0,0.0,0.0,0.0,0.0,0.20216857788726228
C003987,1,0.0800634457215085,0.0,0.030746030693294808,0.0,0.0,0.021043734011040562,0.0,0.8681467895741561
C003988,4,0.0,0.0,0.0,0.274105732763823,0.0,0.3656018067774585,0.0,0.36029246045871854
C003990,1,0.0,0.12091086622006728,0.0,0.0,0.587703608875116,0.0,0.0,0.29138552490481673
C003991,3,0.0,0.16620445508954004,0.0,0.0,0.0,0.0,0.0,0.8337955449104599
C003992,3,0.0,0.0,0.0,0.0,0.0,0.0,0.8824143073172903,0.11758569268270969
C003993,0,0.0,0.05448107974892681,0.2633606201612247,0.0,0.0,0.48906067443947404,0.0,0.19309762565037447
C003994,2,0.0,0.0,0.0,0.0,0.0,0.0,0.0,1.0
C003995,2,0.0,0.6200559035290196,0.0,0.0,0.0,0.05087114274859227,0.1075003830927292,0.22157257062965885
C003999,4,0.7379470831211391,0.0,0.0,0.0,0.0,0.0,0.0,0.2620529168788609
