client_id,fold,cloud,gym,insurance,mobile,music,software,streaming,none
C000001,2,0.0,0.14896765078029106,0.3112683346998967,0.20599463954665825,0.0,0.0,0.2927820456022216,0.04098732937093241
C000005,3,0.0,0.21112317650203793,0.0,0.5765066684075392,0.0,0.0,0.0,0.2123701550904229
C000007,3,0.3561106985620657,0.0,0.0,0.0,0.0,0.21259779734473072,0.0,0.4312915040932036
C000009,2,0.06318651765935432,0.0,0.0,0.0,0.0,0.5417010793457682,0.3639568489350167,0.031155554059860813
C000012,4,0.0,0.0,0.0,0.0,0.0,0.9338224488029206,0.0,0.06617755119707935
C000014,4,0.3810045397890674,0.0,0.0,0.0,0.0,0.38327312765107857,0.0,0.2357223325598541
C000015,0,0.0,0.0,0.39866839255419295,0.0,0.0,0.0,0.0,0.601331607445807
C000016,1,0.0,0.03786407053781145,0.6083393235711795,0.0,0.0,0.0,0.0,0.35379660589100903
C000017,3,0.0,0.014066364700898353,0.13091102459786885,0.5971002923092339,0.0,0.0,0.1700515215462603,0.08787079684573862
C000021,1,0.0,0.0,0.0,0.48309601822515746,0.0,0.02825090684347882,0.1778560887714951,0.3107969861598685
C000022,2,0.0,0.0,0.0,0.0,0.0,0.4619142315065286,0.36696773873620686,0.17111802975726453
C000024,1,0.0,0.7215943665378797,0.0,0.0,0.024453538578969418,0.04451436554939601,0.0,0.20943772933375493
C000025,0,0.7470282833293754,0.0,0.0,0.06511566581432658,0.015998019780742938,0.0939605370607069,0.010119270691369779,0.06777822332347849
C000026,1,0.0,0.3803109471586483,0.19525504208387834,0.18102645864083453,0.0,0.14625807422112674,0.07395294103337258,0.023196536862139405
C000027,2,0.0,0.012497342614528235,0.0,0.22248646246411471,0.7405864841932404,0.01249734556624271,0.0,0.011932365161874015
C000028,3,0.3689059755527127,0.1164070659631533,0.0,0.0,0.10376133790464409,0.3793801060262252,0.0,0.03154551455326471
C000029,3,0.30931786976077874,0.0,0.0,0.01491331267001969,0.2786536058343151,0.18601773972113067,0.12137174549283866,0.08972572652091715
C000030,3,0.09374704374750245,0.0,0.0,0.0,0.02414590916741896,0.0,0.0,0.8821070470850786
C000033,0,0.04189373985393546,0.0,0.0,0.0,0.0,0.0,0.4948940223607923,0.4632122377852723
C000035,2,0.0,0.021711752532789303,0.0,0.3957115568151094,0.009518801664280518,0.0,0.011694511015411068,0.5613633779724096
C000038,3,0.0,0.0,0.0,0.0,0.34516131909213504,0.2688413345342204,0.0,0.3859973463736446
C000039,0,0.0,0.0,0.0,0.0,0.0,0.0,0.0,1.0
C000040,2,0.1646457626199104,0.6636220597819129,0.14482127103471262,0.0,0.0,0.0,0.0,0.026910906563464065
C000041,3,0.0,0.0,0.8789361259684084,0.0,0.07978722690969409,0.0,0.0,0.04127664712189749
C000043,1,0.0,0.0,0.0614939565923339,0.0,0.0,0.0,0.07106278629101606,0.86744325711665
C000044,1,0.0,0.0,0.0,0.0,0.0,0.0,0.05469469092059755,0.9453053090794025
C000047,2,0.0,0.5735934171239336,0.0,0.0,0.37599669152707366,0.0,0.0,0.050409891348992764
C000053,3,0.11397898032347262,0.4677007214729513,0.0,0.0,0.0,0.0,0.0,0.4183202982035761
C000055,1,0.0,0.0,0.0,0.0,0.0,0.19374194714947424,0.0,0.8062580528505258
C000060,0,0.0,0.0,0.8016003587607313,0.0,0.0,0.0,0.0,0.19839964123926868
C000062,4,0.0855261185990371,0.0,0.0,0.032571961171848844,0.0,0.0,0.0,0.8819019202291141
C000063,1,0.0,0.0,0.8365378094656428,0.0,0.0,0.0,0.0,0.16346219053435718
C000064,1,0.0,0.0,0.39154478273505844,0.004845995681255424,0.0,0.5304680468375519,0.0,0.07314117474613424
C000066,1,0.03365806476277362,0.0,0.0,0.0,0.0,0.0,0.049252522476437244,0.9170894127607891
C000069,3,0.028445264564297176,0.0,0.48001495285276385,0.05180827043021149,0.0,0.0,0.00781802693196626,0.4319134852207611
C000072,1,0.0,0.0,0.0,0.197240397810639,0.0,0.7560469941601178,0.03036780883495298,0.016344799194290327
C000073,4,0.0,0.0,0.031618530868246966,0.0,0.21045136537082332,0.0,0.0,0.7579301037609297
C000077,4,0.46148086784833525,0.0,0.0,0.024937444834054193,0.0,0.0,0.0,0.5135816873176106
C000078,4,0.0,0.0,0.6034689868061125,0.0,0.313370135272571,0.0,0.036352874471652245,0.04680800344966418
C000079,2,0.0,0.2754748866853986,0.0,0.08364870216834135,0.0,0.5489479861833331,0.08763117273209146,0.0042972522308355465
C000080,2,0.0,0.0,0.0,0.0,0.0,0.0,0.0,1.0
C000084,3,0.0,0.0,0.025815624482825084,0.1008962779494081,0.0,0.0,0.0,0.8732880975677668
C000085,2,0.0,0.0,0.7357093437289838,0.0,0.0,0.0,0.0,0.2642906562710162
C000088,1,0.10029739431403106,0.019680727345653036,0.8177549824141906,0.0,0.0,0.0,0.0,0.06226689592612522
C000093,0,0.37792381529191127,0.0,0.02731045773357753,0.0,0.0,0.0,0.0,0.5947657269745112
C000094,1,0.6968428896029294,0.0,0.13917438267038834,0.0,0.07468018103583013,0.0,0.0,0.08930254669085214
C000095,1,0.0841618578999691,0.0,0.0,0.8537044382295285,0.015138507971334718,0.022956032364697645,0.0,0.02403916353447
C000100,2,0.04130328478488446,0.543097217893784,0.10188942431439497,0.0,0.0,0.0,0.0,0.31371007300693665
C000101,1,0.0,0.8915741708333758,0.0,0.0,0.0,0.0,0.0,0.10842582916662424
C000102,4,0.0,0.1116802580091328,0.0,0.0,0.0,0.5430674435907694,0.0,0.34525229840009775
C000103,3,0.0,0.0,0.6011821106336862,0.14962006554917237,0.07722722472959463,0.16146376022942754,0.0,0.010506838858119205
C000104,3,0.0,0.0,0.42731865187110596,0.0,0.47229537798444227,0.0,0.0,0.10038597014445183
C000105,4,0.0,0.24304831772228538,0.08520268032874855,0.0,0.0,0.0,0.5753167591835255,0.09643224276544049
C000106,4,0.0,0.0,0.0,0.0,0.0,0.0,0.8146603602734865,0.18533963972651346
C000109,1,0.5008881831971203,0.0,0.0,0.0,0.0,0.4844957586040103,0.0,0.014616058198869464
C000110,1,0.0,0.15718291855552557,0.3146460331333364,0.4230431863716871,0.024021596840176365,0.0,0.016226850472584015,0.06487941462669056
C000111,1,0.0,0.0,0.22054846594222788,0.0,0.0,0.0,0.7196693674853696,0.05978216657240254
C000113,0,0.0,0.0,0.0,0.6317233022664661,0.04929093793395034,0.0,0.0,0.31898575979958355
C000115,1,0.06963398502032253,0.0,0.0,0.0,0.016133507203522537,0.33247332686122855,0.2754245161862854,0.306334664728641
C000116,0,0.18398403548772377,0.0,0.7423949167305768,0.0,0.0,0.0,0.0528890343261623,0.0207320134555371
C000117,1,0.0,0.9170337080008544,0.0,0.0,0.0,0.0,0.0,0.08296629199914562
C000119,1,0.2487337325315416,0.0,0.0,0.0,0.0,0.0,0.6532696419327049,0.0979966255357535
C000120,3,0.0,0.5660826253789388,0.0,0.0,0.07079704153037918,0.0,0.06940394650973758,0.29371638658094446
C000122,0,0.20388685362574555,0.0,0.0,0.09986289238587835,0.0,0.0,0.0,0.6962502539883761
C000127,3,0.0,0.08367715936109078,0.0,0.0,0.0,0.06206499203280265,0.019001623362763505,0.8352562252433431
C000128,1,0.0,0.0,0.8672570432673715,0.0,0.08375576935108638,0.0,0.0,0.04898718738154206
C000129,3,0.12038764887839554,0.0,0.0,0.0,0.0,0.6483998988036715,0.013179681477115708,0.21803277084081718
C000130,3,0.0,0.03023050790443142,0.24498910640461466,0.0,0.0,0.0,0.0,0.7247803856909539
C000132,4,0.0,0.0,0.0,0.45394546085499965,0.137593739844728,0.3829834284272864,0.0,0.02547737087298596
C000134,3,0.2544690588252303,0.0,0.45641983297574623,0.0,0.0,0.0,0.2806150989650601,0.00849600923396332
C000135,3,0.17000002653487756,0.0,0.0,0.05561503085215995,0.03599007896747496,0.0,0.0,0.7383948636454876
C000136,4,0.0,0.0,0.07733983899889467,0.0835579661905385,0.0,0.0,0.025681495957627493,0.8134206988529393
C000137,3,0.09013032180316213,0.0,0.0,0.0,0.10357702351200049,0.0,0.4318459958734267,0.3744466588114107
C000140,0,0.0,0.06058524747155045,0.0,0.0,0.0,0.5627761094335687,0.20007727392894303,0.1765613691659378
C000142,4,0.0419411545586134,0.06772894771798588,0.0,0.8315576227129226,0.0,0.0,0.0547838028609664,0.0039884721495118125
C000144,0,0.0,0.0,0.0,0.0,0.0,0.9428609329806298,0.0,0.057139067019370215
C000148,4,0.14640648025188463,0.16387968454378873,0.0,0.028353022880565577,0.0,0.0,0.5081986641647629,0.1531621481589982
C000149,3,0.0,0.0,0.0,0.0,0.0,0.0,0.7602422936822615,0.23975770631773852
C000150,3,0.0,0.0,0.0,0.0,0.0,0.8029044440472117,0.14891095484318456,0.04818460110960365
C000152,4,0.6530524445883559,0.0,0.0,0.0,0.015203298534136477,0.0,0.051667969895045435,0.28007628698246223
C000153,3,0.0,0.0,0.0,0.876509242041616,0.0,0.0,0.0,0.12349075795838405
C000155,2,0.0,0.0,0.046949195937954546,0.0,0.0,0.0,0.0,0.9530508040620455
C000157,0,0.0,0.0,0.0,0.0,0.0,0.0,0.0,1.0
C000159,4,0.0,0.0,0.35582885494923533,0.022845550277833956,0.0,0.0,0.04043275642697268,0.580892838345958
C000160,4,0.0,0.0,0.0,0.0,0.0,0.0,0.0,1.0
C000162,4,0.029782181651889426,0.0,0.0061870867741988834,0.0383603647896982,0.0,0.44529070979924174,0.2477843964375887,0.2325952605473831
C000164,4,0.0490339240252597,0.0,0.2632466712208267,0.0,0.5231036269548569,0.0,0.0,0.16461577779905667
C000168,2,0.0,0.06941761344142579,0.0,0.0,0.0,0.5218552845819245,0.0,0.40872710197664963
C000169,4,0.0,0.03749834203649961,0.0,0.0953957065739226,0.0,0.0,0.3169046059332787,0.5502013454562991
C000171,3,0.0,0.0,0.0,0.02996177676402588,0.0,0.0,0.9014964533028771,0.06854176993309702
C000172,3,0.0,0.0,0.0,0.0,0.0,0.0,0.0,1.0
C000173,3,0.6845331300324509,0.0,0.06663052666492067,0.20265327988539275,0.0,0.0,0.0,0.04618306341723577
C000174,0,0.0,0.0,0.0,0.0,0.0,0.06382324511242587,0.0,0.9361767548875741
C000175,3,0.01295914213669911,0.0,0.33579059934072,0.0,0.45969447726653356,0.0,0.0,0.19155578125604733
C000177,0,0.09591863271739802,0.0,0.4229277784285267,0.2518010239756034,0.10410413731697588,0.0,0.07150945492541624,0.05373897263607985
C000179,0,0.027755305357070877,0.23937407348107548,0.0,0.0386162879047723,0.5953903061910611,0.0,0.0,0.09886402706602015
C000181,2,0.0,0.056119514227215714,0.0,0.0,0.8829830089822154,0.03921187871895539,0.0,0.02168559807161352
C000183,3,0.0,0.24376127299162836,0.0,0.4726856147222885,0.0,0.0,0.15388439622354683,0.12966871606253627
C000185,1,0.09232080399409551,0.8576773159267157,0.0,0.0,0.0,0.0,0.0,0.05000188007918882
C000187,0,0.0,0.0,0.509665849457979,0.0,0.3863858532854737,0.0,0.0,0.1039482972565473
C000189,0,0.017541318937405098,0.0,0.0,0.0,0.017562646155440103,0.6246310868678845,0.025915852590310106,0.31434909544896017
C000190,3,0.8145130171844097,0.0,0.0,0.0,0.0,0.0,0.0,0.18548698281559028
C000191,2,0.0,0.0,0.0,0.3735488416791337,0.17165633826029825,0.0,0.4430428708412516,0.011751949219316438
C000192,3,0.0,0.3039484881676138,0.132771721012916,0.0,0.3056636964281776,0.21512337489558858,0.0,0.0424927194957041
C000196,4,0.7150966669180759,0.0,0.0,0.0,0.03086477303116525,0.0,0.0,0.25403856005075887
C000197,3,0.0,0.0,0.0,0.0,0.7286353525716057,0.17520308010945973,0.0,0.09616156731893455
C000198,3,0.0,0.0,0.0,0.0,0.0,0.0,0.9064051743271953,0.09359482567280475
C000201,4,0.0,0.5752245311340818,0.0,0.0,0.0,0.0,0.0,0.4247754688659182
C000202,3,0.34278256983247596,0.14598810794726477,0.056751492943211926,0.0,0.0,0.05422684511726848,0.3689924934026755,0.03125849075710341
C000203,4,0.0,0.14450369887053785,0.11414968650255553,0.0,0.0,0.4141882785442027,0.0,0.32715833608270395
C000205,2,0.035896601476533806,0.0,0.0,0.3814461463451531,0.0,0.09743382838543897,0.0,0.4852234237928741
C000206,4,0.0,0.0,0.0,0.009980920158927997,0.6042138603260152,0.3506580282162068,0.0,0.03514719129884991
C000207,2,0.6742608294382887,0.09593349116023046,0.0,0.035879120024068685,0.0,0.0,0.17108820194659263,0.022838357430819523
C000210,4,0.2114591657001495,0.037108066492372735,0.06992287865051665,0.5436090777663181,0.0,0.0,0.0,0.13790081139064303
C000212,4,0.5613031070401493,0.16964789551771003,0.08806200862771561,0.12902800895711686,0.0,0.0,0.0,0.05195897985730813
C000214,0,0.0,0.0,0.0,0.111217301073345,0.012122896953618957,0.0,0.0,0.8766598019730361
C000218,1,0.0,0.00279953586165366,0.6077532511766822,0.08356553305974408,0.059667069291676755,0.0,0.12525961072792186,0.12095499988232139
C000219,4,0.3163920941446326,0.09345977368622599,0.0,0.050752719836623675,0.5281506992837421,0.0,0.0,0.011244713048775612
C000222,4,0.0,0.0,0.0,0.010442562447004871,0.0,0.09973197910923273,0.2094843991729023,0.6803410592708601
C000223,3,0.6657192751264398,0.0,0.0,0.11242139320374855,0.0,0.0,0.18167716717628868,0.040182164493522965
C000226,1,0.0,0.0,0.8061713392864496,0.0,0.0,0.0,0.0,0.19382866071355043
C000228,4,0.0,0.004689265670119018,0.8855179241159766,0.0002809856407255783,0.10583177467573486,0.0,0.0,0.00368004989744386
C000230,2,0.0,0.03610322654723484,0.27173421981573387,0.0,0.0,0.0,0.0,0.6921625536370313
C000233,1,0.0,0.0,0.22232431363986804,0.0,0.4756870431030881,0.0,0.0,0.3019886432570438
C000234,4,0.041418474777334645,0.0,0.0,0.02315711887743241,0.7307193330633143,0.0,0.0,0.20470507328191867
C000235,1,0.0,0.0,0.0,0.7955218518205478,0.0,0.0,0.0,0.2044781481794522
C000236,3,0.0,0.0,0.0,0.7724397217312434,0.020710634951290774,0.0,0.08010576944643341,0.12674387387103236
C000237,0,0.5634515278643375,0.0,0.0,0.0,0.09046604662210032,0.17129505513050344,0.059733382897850726,0.11505398748520801
C000238,1,0.0,0.09413570149466295,0.0,0.08866227325043732,0.7624430227095835,0.0,0.026539715068523175,0.02821928747679303
C000239,3,0.0,0.0,0.0,0.0,0.0,0.708909139795007,0.09252683742930048,0.19856402277569252
C000240,0,0.0,0.7964344773422093,0.0,0.0,0.0,0.0,0.013606059344883691,0.18995946331290703
C000242,3,0.0,0.03949178006773971,0.0,0.3767092786872091,0.0,0.3258910187634153,0.07272963653622537,0.18517828594541053
C000245,0,0.00672909991789423,0.0,0.0,0.0,0.0,0.0,0.015354780547239091,0.9779161195348667
C000246,4,0.8245000485888581,0.0,0.0,0.0,0.0,0.0,0.0,0.17549995141114194
C000248,4,0.5063108444203129,0.0,0.30249253554614,0.04077552136466856,0.0,0.0,0.0,0.15042109866887854
C000249,4,0.10320288040723768,0.0,0.0,0.0,0.0,0.0,0.0,0.8967971195927623
C000250,1,0.3021455212302349,0.0,0.0,0.0,0.0,0.41447608132750513,0.0,0.2833783974422599
C000252,1,0.026195206784137594,0.0,0.022500612405717338,0.0,0.0,0.41761843804558163,0.05973381395858031,0.47395192880598314
C000254,0,0.0,0.0,0.019903539023919548,0.0,0.0,0.0,0.05277352821361453,0.9273229327624659
C000257,1,0.47646911033915346,0.0,0.0,0.0,0.2499643846875595,0.0,0.0,0.27356650497328705
C000259,4,0.0730885706313726,0.0,0.19845316753386466,0.0,0.6251271869242131,0.0,0.0,0.1033310749105496
C000261,1,0.0,0.0,0.0,0.0,0.015011091006429984,0.1136003624013366,0.0,0.8713885465922334
C000262,2,0.0,0.0,0.0,0.13800902453064642,0.0,0.0,0.7791099249135022,0.08288105055585138
C000263,4,0.8440252998761285,0.039305684653692656,0.0,0.0,0.04148838743142161,0.0,0.0,0.07518062803875725
C000264,0,0.0,0.2058501330225417,0.0,0.037221688709524615,0.7041395947161732,0.0,0.0,0.052788583551760526
C000265,3,0.16561098439690866,0.0,0.0,0.0,0.0,0.7462721696587378,0.0,0.08811684594435354
C000270,3,0.0,0.0,0.0,0.0,0.7544280702877926,0.0,0.0,0.24557192971220743
C000271,0,0.0,0.6441625050475659,0.11115667347180887,0.0,0.0,0.07568712335241315,0.0,0.16899369812821208
C000272,0,0.0,0.6962455291853268,0.0,0.130910147888192,0.0,0.0,0.0,0.17284432292648122
C000274,4,0.0,0.0,0.0,0.08834452948463976,0.0,0.4051981549399489,0.0,0.5064573155754113
C000275,1,0.0,0.0,0.05984025078678943,0.2964021031894206,0.0,0.0,0.0,0.6437576460237899
C000276,0,0.06486502029159003,0.0,0.0,0.8188627278855437,0.0,0.07796236662129255,0.0,0.038309885201573746
C000281,0,0.0,0.4702570218234432,0.40867239519600795,0.0,0.0,0.07067163438808303,0.0,0.05039894859246585
C000283,3,0.0,0.0,0.0,0.0,0.0,0.0,0.944221485766423,0.05577851423357705
C000284,0,0.0,0.0,0.0,0.2521298012303898,0.0,0.5773630844421008,0.0,0.17050711432750942
C000285,1,0.0,0.0,0.0,0.3701901947663139,0.0,0.0,0.46443523999027764,0.16537456524340843
C000286,0,0.0,0.0,0.11999428516320558,0.13167036480706365,0.6812123070398206,0.0,0.0,0.06712304298991012
C000290,1,0.0,0.0,0.0,0.5585099400891279,0.0,0.0,0.0,0.4414900599108721
C000292,2,0.7090486476637871,0.0,0.0,0.0,0.0,0.0,0.0106784208004184,0.2802729315357946
C000295,1,0.0,0.05854202779279871,0.0,0.0,0.0,0.0,0.0,0.9414579722072013
C000296,2,0.0,0.06483104247652258,0.0,0.0,0.2884633057451476,0.0,0.0,0.6467056517783298
C000297,1,0.0,0.0,0.08978043613611841,0.0,0.04629550299833385,0.0,0.0,0.8639240608655477
C000302,4,0.0,0.0,0.0,0.0,0.0,0.09322389694625755,0.0,0.9067761030537425
C000306,3,0.3009931384050059,0.0,0.0,0.38759723770103266,0.0,0.0,0.0,0.31140962389396143
C000310,1,0.03484003979371727,0.1915593956957168,0.0,0.0,0.0,0.0,0.0,0.7736005645105659
C000311,3,0.27005375129942755,0.0,0.0,0.0,0.0,0.0,0.0,0.7299462487005725
C000313,0,0.16643349267979635,0.0,0.0,0.19842523878588034,0.0371118758828745,0.0,0.5142887746247152,0.0837406180267335
C000319,3,0.2330699484829068,0.042030484462302786,0.0,0.6995096594974349,0.0,0.0,0.0,0.025389907557355484
C000322,1,0.07042972013743867,0.03615097240675516,0.0,0.0,0.8477855851414682,0.0,0.0,0.04563372231433793
C000323,4,0.09554265844926252,0.0,0.8450945124589762,0.0,0.0,0.0,0.0,0.05936282909176138
C000324,4,0.0,0.054644088572258775,0.03953062596495707,0.1416563402869094,0.0,0.0,0.0,0.7641689451758747
C000326,3,0.0,0.0,0.0,0.0,0.8412501106174027,0.0,0.0,0.15874988938259726
C000330,0,0.15908992803222202,0.12169126606121172,0.20326894682249924,0.0,0.0,0.0,0.47529203243387547,0.040657826650191575
C000332,4,0.0,0.0,0.0,0.8023172245005049,0.0,0.0,0.0,0.1976827754994951
C000336,3,0.0,0.0,0.10645087869616257,0.010913602682427288,0.0,0.0,0.8578930588888027,0.024742459732607358
C000338,1,0.5359862964566352,0.023403523050846045,0.05767628393469928,0.0,0.0,0.0,0.0,0.3829338965578195
C000339,4,0.0,0.0,0.0,0.0,0.0,0.8110581188695417,0.0,0.1889418811304583
C000342,0,0.0,0.0,0.0,0.03387210590116093,0.11111219414286594,0.5457842458171319,0.0,0.30923145413884123
C000343,0,0.8325796991044053,0.11573828091295665,0.0,0.002831655575743775,0.0,0.0,0.02210880583203911,0.02674155857485505
C000348,4,0.6730669403501781,0.0,0.14816333958629008,0.0,0.10378017593477636,0.0,0.0,0.07498954412875547
C000350,3,0.19273758549254413,0.0,0.0,0.0,0.576718902575978,0.12577022428045015,0.0,0.10477328765102767
C000351,3,0.08316005165023475,0.0,0.0,0.0,0.0,0.8787133356676845,0.0,0.03812661268208073
C000352,2,0.0,0.0,0.0,0.0,0.1434235874543055,0.0,0.6697503985151351,0.18682601403055943
C000353,4,0.0,0.0,0.0,0.8207887046914122,0.045321891516505695,0.0,0.0,0.13388940379208214
C000356,4,0.0,0.0,0.1133190011460852,0.8746066929555201,0.0,0.0,0.0,0.012074305898394755
C000358,2,0.07579226349576425,0.0,0.0,0.0,0.028589848136013542,0.060934927346100634,0.0,0.8346829610221216
C000361,0,0.13129770417261366,0.0,0.048831385943366105,0.0,0.0070971295113177995,0.7394180172799739,0.04838548014509905,0.024970282947629485
C000363,3,0.17359110987218632,0.0,0.0,0.5475255191137823,0.0,0.25532083942046147,0.0,0.023562531593569913
C000364,0,0.0,0.0,0.839319279238806,0.01751200100764964,0.0,0.0,0.0,0.1431687197535444
C000369,0,0.0,0.0484538798947448,0.08948363471846268,0.0,0.0,0.0,0.07671037485266347,0.785352110534129
C000372,0,0.0,0.0,0.0,0.0,0.0,0.0,0.751798007169762,0.24820199283023803
C000375,0,0.0,0.0,0.0,0.0,0.0,0.9357052563515417,0.0,0.06429474364845833
C000376,0,0.0,0.014404544135644758,0.15130670245777572,0.33684259910802883,0.0,0.12356714482978115,0.0,0.3738790094687695
C000381,1,0.08583234437415746,0.0,0.0,0.5509263640768167,0.0,0.01605357402009662,0.0,0.3471877175289292
C000382,4,0.0,0.06955695215498552,0.0,0.43755456819106847,0.12202644947560394,0.28806794131908,0.0,0.0827940888592621
C000387,0,0.035959258540081945,0.0,0.2946801476415989,0.0,0.0,0.0,0.02862436146164793,0.6407362323566712
C000388,2,0.0,0.02153037949792641,0.09434144997307198,0.0,0.0,0.0,0.0,0.8841281705290016
C000389,4,0.0,0.0,0.0,0.0,0.0,0.0,0.1968878796626803,0.8031121203373197
C000390,0,0.0,0.0,0.0,0.0,0.053678797766717995,0.0,0.8263955918108088,0.11992561042247318
C000392,3,0.02507712432724019,0.0,0.0,0.0,0.0,0.0,0.6540455431636395,0.3208773325091203
C000394,2,0.0,0.0,0.0,0.0,0.4901416826770091,0.0,0.0,0.5098583173229909
C000400,1,0.0,0.0,0.0,0.11920852036663232,0.0,0.0,0.0,0.8807914796333677
C000401,1,0.20442050010010115,0.0,0.0,0.0,0.0,0.0,0.0,0.7955794998998988
C000403,2,0.0,0.0,0.9143879554126843,0.0,0.0,0.03800474044780223,0.0,0.04760730413951353
C000406,3,0.0,0.0,0.0,0.042274756406406266,0.0,0.0,0.5686860502110322,0.38903919338256143
C000407,3,0.0,0.3157740092999313,0.0,0.0,0.0,0.04572872333791396,0.49770457010787217,0.14079269725428256
C000408,3,0.0,0.0,0.4048925292537442,0.0,0.0,0.0,0.0,0.5951074707462558
C000410,4,0.0,0.45087349934619847,0.0847797635123695,0.05548148899253456,0.3119701394711029,0.03871337656047465,0.0,0.05818173211731981
C000414,3,0.0,0.0,0.0,0.019910481761848387,0.0,0.0,0.04962239552234438,0.9304671227158072
C000417,2,0.0,0.0,0.0,0.4198901863057867,0.0,0.0,0.3843112605513879,0.19579855314282546
C000418,1,0.0,0.0,0.0,0.0,0.0,0.1097505486957846,0.0,0.8902494513042154
C000420,3,0.0,0.9066972110385593,0.0,0.02296563670325732,0.0,0.0054642647740528825,0.04618463230288323,0.01868825518124717
C000422,3,0.0,0.0,0.08379502193272526,0.0,0.09787209096049987,0.0,0.0,0.8183328871067749
C000424,2,0.0,0.4568957585068978,0.0,0.0,0.0,0.392174263152397,0.0,0.1509299783407052
C000425,4,0.0,0.0,0.0,0.0,0.0,0.0,0.6453187230202847,0.3546812769797153
C000426,2,0.11087502837823339,0.7464700306093013,0.0,0.0,0.0,0.0,0.0,0.14265494101246534
C000427,1,0.0,0.0,0.0,0.0,0.0,0.49178034375110713,0.27704747155367976,0.23117218469521306
C000428,1,0.0,0.0,0.0,0.0,0.0,0.039084625969845854,0.0,0.9609153740301541
C000431,3,0.0,0.9843465015671164,0.0,0.0,0.0,0.0,0.0,0.01565349843288355
C000433,0,0.0,0.0,0.40101464099451395,0.0,0.017557150112222863,0.3322629254214585,0.0,0.24916528347180467
C000434,2,0.0,0.0,0.0,0.0,0.0,0.017696202477205936,0.0,0.9823037975227941
C000436,2,0.5239440239838299,0.09455375269798874,0.056372104299964525,0.0510963256825586,0.0,0.09523355757486411,0.11273732543379307,0.06606291032700107
C000437,2,0.0,0.0,0.0,0.0,0.0,0.0,0.0,1.0
C000438,4,0.017806539644058487,0.013819326050697833,0.0,0.0,0.0,0.0,0.9560600418349792,0.012314092470264493
C000443,2,0.29257609427284553,0.0,0.6054387680751866,0.0,0.0,0.0,0.0,0.10198513765196782
C000445,3,0.0,0.0,0.0,0.0,0.0,0.10440663135946625,0.0,0.8955933686405337
C000446,3,0.0,0.0,0.5830951513259635,0.0,0.28039731899833265,0.012998351590489447,0.014916382963443987,0.10859279512177045
C000447,0,0.0,0.23287489557036864,0.5719018524302921,0.0,0.0,0.0,0.14164321337289523,0.053580038626444004
C000448,3,0.08940420125254708,0.0,0.0,0.0,0.9065482751292112,0.0,0.0,0.004047523618241677
C000452,1,0.0,0.5839046651304922,0.0,0.0,0.15600210347308807,0.19886010196206172,0.046691748732496124,0.014541380701861839
C000453,3,0.0,0.0,0.09609477195971462,0.2440522051980994,0.27416892320899255,0.0,0.3701859898976073,0.015498109735586074
C000454,4,0.0,0.0,0.3506824084362493,0.0,0.0,0.609127932325727,0.0,0.040189659238023645
C000455,1,0.2913717758863632,0.22559752740589695,0.0,0.3764911853199241,0.0,0.0,0.0,0.1065395113878157
C000456,2,0.0,0.0,0.0,0.0,0.0,0.11379413759879704,0.5342039110386675,0.3520019513625354
C000457,0,0.38789874810759045,0.19395845544981133,0.3265248232181258,0.0,0.0,0.0,0.0,0.0916179732244724
C000458,1,0.0,0.1329530142856866,0.2541189429689064,0.0,0.36576819347387524,0.0,0.0,0.24715984927153178
C000461,2,0.0,0.0,0.6886830805408809,0.0,0.0,0.0,0.0,0.3113169194591191
C000462,2,0.0,0.0,0.009935136277055771,0.0,0.0,0.47596561238220253,0.41796005468695635,0.09613919665378534
C000464,1,0.0,0.0,0.0,0.0,0.053292985528486714,0.0,0.0,0.9467070144715133
C000465,2,0.3096336017867641,0.0,0.577991220652244,0.0795451067176315,0.0,0.0,0.0,0.03283007084336054
C000468,4,0.0,0.0,0.43635629240830437,0.0,0.10253695520978906,0.3499195636309092,0.0,0.11118718875099742
C000469,2,0.0,0.0,0.9780206799651848,0.0060892194418818895,0.0,0.0,0.0,0.015890100592933276
C000470,2,0.0,0.0,0.8909126631791414,0.0,0.0,0.0,0.0,0.10908733682085858
C000471,0,0.32393197454777284,0.0,0.0,0.0,0.0,0.028149408055860768,0.0,0.6479186173963665
C000472,4,0.0,0.0,0.0,0.0,0.0,0.0,0.0,1.0
C000473,4,0.0,0.20924370474473916,0.0,0.01467121696852533,0.7063831375474279,0.0,0.0,0.06970194073930758
C000475,0,0.0,0.0,0.17042214678760398,0.7350906712512632,0.0,0.0,0.0,0.09448718196113282
C000477,0,0.0,0.21549772183488627,0.0,0.0,0.0,0.1084891209106527,0.6418306315612491,0.03418252569321201
C000481,4,0.44196142989879844,0.4382933354237577,0.0,0.0,0.0214698292606427,0.029117771086393067,0.0,0.06915763433040822
C000482,0,0.0,0.0170604689975872,0.0,0.0,0.0656103803097999,0.0,0.7444436134580082,0.17288553723460465
C000484,1,0.0,0.0,0.0,0.07658923507045567,0.0,0.0,0.0,0.9234107649295443
C000492,1,0.0679684385149513,0.18913629752250727,0.5553952551855464,0.0,0.007135487302079066,0.04166515835629992,0.08806663879979978,0.05063272431881627
C000493,2,0.0,0.02360280513289688,0.0,0.1346833999579096,0.5482894425926741,0.0,0.13282390001685493,0.16060045229966446
C000497,0,0.0,0.0,0.017529401757183524,0.5858305351524787,0.0,0.07611335527831073,0.02268428147488048,0.2978424263371465
C000498,3,0.3639204236094776,0.0,0.0,0.2655010349328987,0.0,0.0,0.0,0.3705785414576237
C000502,1,0.0,0.0,0.4101240231515132,0.0,0.050516768975734413,0.007982485147989118,0.377736783006402,0.1536399397183612
C000503,4,0.426191125623883,0.0,0.43868882533785825,0.0,0.011543610183048022,0.028511782145101416,0.014050557686280295,0.08101409902382894
C000504,2,0.0,0.05248249459405512,0.0,0.0,0.3684028473343363,0.05870763510403998,0.0,0.5204070229675686
C000506,4,0.0,0.0,0.023131145608565933,0.0,0.20915484813232535,0.6619763093916641,0.0,0.10573769686744461
C000508,0,0.0,0.14101757321415864,0.0,0.0,0.049529910705609186,0.09370293692473018,0.0,0.715749579155502
C000509,4,0.0,0.14129012428937238,0.0,0.0,0.0,0.04160328242090825,0.440631190820282,0.37647540246943734
C000511,4,0.0,0.1590804105775773,0.0,0.21933308114463335,0.008789012420257994,0.4590386099513056,0.014159145367369775,0.13959974053885604
C000512,3,0.0,0.8057354609122849,0.0,0.0,0.0,0.0,0.0,0.19426453908771513
C000513,0,0.0,0.0,0.38437479886740694,0.0,0.0,0.0,0.0,0.6156252011325931
C000516,3,0.0,0.0,0.01726331826085942,0.0,0.18272982778485525,0.0,0.6502022910375537,0.14980456291673172
C000518,3,0.8169592641011303,0.0,0.0,0.03290031108332829,0.03440264285580977,0.08730515504771107,0.0,0.028432626912020642
C000521,3,0.0,0.5521544683510784,0.0,0.0,0.41810943416652524,0.0,0.0,0.029736097482396362
C000523,3,0.8610570936817976,0.08596606173265912,0.0,0.022911639412156543,0.0,0.0,0.0,0.030065205173386733
C000526,0,0.0,0.0,0.0,0.0,0.0,0.024164214236794653,0.16621637357927743,0.809619412183928
C000529,0,0.558112445900794,0.0,0.0,0.0,0.0,0.0,0.0,0.441887554099206
C000531,4,0.0,0.2531973154509132,0.4821149971933807,0.0,0.0,0.1794991774756277,0.03338608294025916,0.05180242693981929
C000532,4,0.4754359044585122,0.0,0.0,0.28733044656876994,0.0,0.0,0.0,0.23723364897271781
C000534,2,0.5421905865608418,0.0,0.4095786595882512,0.0,0.03656690018735748,0.0,0.010073311846766296,0.0015905418167831975
C000536,0,0.0,0.0030461824175695195,0.6348957763077485,0.0,0.0,0.08144332125017,0.20923497738845312,0.07137974263605895
C000539,3,0.0,0.5038009651622324,0.08921561861480694,0.05539512858026947,0.0,0.0,0.039204710206286214,0.3123835774364049
C000540,4,0.0,0.0,0.37663618766877244,0.0,0.0,0.02436313967089048,0.012195947133640726,0.5868047255266964
C000543,4,0.0,0.18430303588578492,0.0,0.802114170959344,0.0,0.0,0.0,0.013582793154871098
C000544,4,0.0,0.0,0.0,0.0,0.0,0.0,0.0,1.0
C000548,0,0.0,0.0,0.0,0.2458687652517309,0.4720754672081994,0.04530437982232434,0.0,0.2367513877177453
C000549,2,0.06153756903723656,0.0,0.0,0.02116311507200971,0.018327708161150317,0.8937164459949039,0.0,0.005255161734699532
C000550,2,0.0,0.0,0.0,0.0,0.0,0.0,0.033526150523446874,0.9664738494765531
C000551,1,0.0,0.2879361378408267,0.29045294654938825,0.36379242654205307,0.0,0.0,0.0,0.057818489067732015
C000552,0,0.0,0.0,0.0,0.12035482080967441,0.0,0.0,0.0,0.8796451791903256
C000555,3,0.342113945466413,0.0,0.0,0.04404348423885546,0.0,0.0,0.015359105952119277,0.5984834643426122
C000556,0,0.0,0.0,0.19783871629909053,0.0,0.0,0.48753402740597135,0.0,0.31462725629493815
C000557,2,0.13785194224678476,0.0,0.0,0.26595787003424715,0.0,0.36456532621103493,0.0,0.23162486150793316
C000558,1,0.0,0.0,0.12953962701372423,0.0,0.0,0.0,0.0,0.8704603729862758
C000559,4,0.0,0.0,0.0,0.286865252376802,0.0,0.3656981722751503,0.18774706460027255,0.15968951074777515
C000561,1,0.0,0.0,0.0,0.0,0.0,0.0,0.0,1.0
C000563,0,0.0,0.0,0.0,0.3519032979794367,0.0,0.4999048224793391,0.0,0.14819187954122426
C000564,1,0.0,0.0,0.0,0.04876936914375056,0.8964927825426924,0.0,0.010387928893596273,0.044349919419960804
C000567,3,0.8926545821355489,0.0,0.0,0.0,0.0,0.0,0.0,0.10734541786445106
C000579,2,0.13445275983483929,0.3703735734166087,0.0,0.02674107092114889,0.0,0.0,0.22949580747815737,0.2389367883492458
C000580,3,0.8858020076075789,0.0,0.0,0.03258096159289325,0.07936090447621039,0.0,0.0,0.002256126323317509
C000586,2,0.0,0.0,0.0,0.0,0.018112524885987632,0.0,0.6506842954120952,0.33120317970191726
C000587,0,0.0,0.43063587306895734,0.3142222207606906,0.0,0.11118866207504816,0.12095767912860644,0.0,0.022995564966697413
C000588,1,0.5998434993471116,0.0,0.0,0.0,0.0,0.0,0.0,0.40015650065288844
C000592,3,0.0,0.0,0.0,0.2601167095518501,0.5720339330271084,0.10706533993287407,0.0,0.06078401748816753
C000596,3,0.8865524012573541,0.0,0.0,0.0,0.0,0.0,0.0,0.11344759874264587
C000597,4,0.5982497138830692,0.0,0.11769920290640863,0.0,0.0,0.0,0.011120592813826624,0.2729304903966955
C000599,4,0.0,0.0,0.16523502127150472,0.25027709764959977,0.0,0.0,0.0,0.5844878810788955
C000600,2,0.06821788737364234,0.0,0.0,0.0,0.20039327650896768,0.0,0.5513822196805259,0.1800066164368641
C000602,2,0.10252085100463137,0.0,0.0,0.0,0.0,0.0570594967586169,0.0,0.8404196522367517
C000605,3,0.5386593518583607,0.0,0.0,0.35114752038670005,0.022030359863274337,0.031057176348317887,0.0,0.057105591543347156
C000606,1,0.0,0.0,0.0,0.0,0.0,0.0,0.8802963314688214,0.11970366853117864
C000607,2,0.8292451918299475,0.0,0.0,0.0,0.0,0.0,0.0,0.1707548081700525
C000609,3,0.5608180479619529,0.0,0.20842244581198469,0.0,0.0,0.0,0.01899921217336367,0.2117602940526988
C000612,2,0.0,0.8023240175700783,0.1545575184862109,0.0,0.0,0.0,0.0,0.04311846394371077
C000615,1,0.0,0.26278709863338523,0.0,0.0,0.0,0.3120339925940695,0.3811337110147479,0.04404519775779736
C000617,1,0.04820151363248113,0.0,0.029885657351052336,0.0,0.0,0.0,0.0,0.9219128290164665
C000618,2,0.0,0.0,0.0,0.0,0.0,0.9089125044180929,0.02828226681840831,0.06280522876349881
C000620,0,0.023110995537681343,0.0,0.5352996406048379,0.0,0.0,0.004503302473476881,0.2482256750366049,0.188860386347399
C000621,0,0.0,0.0,0.0,0.0,0.0,0.0,0.7162972814184067,0.28370271858159335
C000622,3,0.037302640932036675,0.0,0.015299829101571877,0.38409224527715885,0.1510904623876683,0.0,0.017035362971396753,0.3951794593301675
C000624,1,0.0,0.0,0.0,0.0,0.0,0.0,0.0,1.0
C000626,3,0.27289626302717984,0.0,0.0,0.0,0.0,0.10401590575564512,0.4387622947562303,0.18432553646094474
C000627,2,0.0,0.0,0.0,0.01064061090126931,0.02641043832869374,0.0,0.0,0.962948950770037
C000629,2,0.9797357010775137,0.011395784614201652,0.0,0.005226165951050761,0.0,0.0,0.0,0.003642348357233871
C000630,0,0.0,0.0,0.0,0.0,0.0,0.033643009837847945,0.40957864550729356,0.5567783446548584
C000633,0,0.0,0.6483448924285969,0.0,0.0,0.06478466048801065,0.0,0.07100742591089552,0.2158630211724969
C000636,1,0.5557995125561821,0.0,0.41898668649707027,0.0,0.0,0.0,0.0,0.025213800946747633
C000638,1,0.0863436514724817,0.1819956404659001,0.0,0.0,0.0,0.7219295357092153,0.0,0.00973117235240295
C000639,1,0.0,0.0,0.005416211299213324,0.5137925835825976,0.06164217588614869,0.0,0.0,0.41914902923204034
C000640,0,0.0,0.0,0.8738692131412646,0.0,0.0,0.0,0.0,0.12613078685873536
C000641,3,0.0,0.0016689892246081275,0.0019435268880356135,0.09504534894565794,0.23325755865664852,0.0,0.6551445363052238,0.012940039979825957
C000644,2,0.022643114795660193,0.0,0.0,0.0,0.0,0.2303231445319734,0.569100532137343,0.17793320853502337
C000645,1,0.05668000705868915,0.3181262512586331,0.4924231398835295,0.0,0.0,0.0,0.03370787926848897,0.0990627225306594
C000647,1,0.013005127361820874,0.0,0.11902359970109888,0.5014601577559382,0.0,0.0,0.07262533814036586,0.2938857770407761
C000648,0,0.0,0.2930332239228058,0.0,0.0,0.32315560835396395,0.0,0.015378002964961885,0.3684331647582685
C000649,2,0.0,0.6025581715270752,0.0,0.33282135957256626,0.019756785881694397,0.0,0.027671466917798104,0.017192216100865965
C000651,3,0.0,0.0,0.0,0.0,0.0,0.5065955484563002,0.46010688741612393,0.033297564127575896
C000652,3,0.25514234569858735,0.0,0.21910299632728114,0.027815039330005197,0.0,0.31957199067764364,0.16922114987857442,0.00914647808790825
C000657,2,0.0,0.0,0.0,0.0,0.0,0.0,0.746339394219911,0.253660605780089
C000660,4,0.009625056879150334,0.008935501679778853,0.17804615587211958,0.006304750053707646,0.0,0.0,0.0,0.7970885355152436
C000665,1,0.0,0.0,0.0,0.8130336567290408,0.0,0.0,0.0,0.18696634327095918
C000666,1,0.0,0.8498832930808772,0.0,0.0,0.0,0.0,0.0,0.15011670691912282
C000667,0,0.6688294851305778,0.0,0.05018941858962871,0.2521027267924543,0.0,0.0,0.004475806736994397,0.024402562750344692
C000668,4,0.0,0.0,0.0,0.0,0.745748504240169,0.0,0.15803009159835243,0.09622140416147851
C000669,3,0.0,0.0,0.0,0.05646206783430337,0.5909669659245507,0.0,0.0,0.3525709662411459
C000670,3,0.0,0.0,0.5535755107086803,0.0,0.0,0.0,0.39337371376363617,0.05305077552768356
C000672,4,0.760157474391639,0.0,0.0,0.0,0.0,0.0,0.11756668366408006,0.12227584194428087
C000675,2,0.0,0.0,0.0,0.0,0.0,0.0,0.4342628537664904,0.5657371462335097
C000677,4,0.0,0.0,0.0,0.0,0.0,0.0,0.0,1.0
C000678,1,0.0,0.0,0.0,0.7194242301415564,0.20453926552877355,0.0,0.0,0.07603650432967002
C000679,2,0.06773902369530563,0.0,0.0,0.2939256536178711,0.0,0.017707010171479416,0.5653590872843465,0.05526922523099742
C000680,4,0.19180433264545207,0.13497082902130114,0.0,0.11446108930917377,0.0,0.33602087978063633,0.0,0.22274286924343667
C000681,1,0.06045172863314678,0.0,0.0,0.010554647753167421,0.0,0.0,0.3072964657406428,0.621697157873043
C000682,0,0.17461991135888488,0.3426961953978429,0.4407827745365932,0.0,0.018287682433673135,0.0,0.0010108614951609813,0.022602574777844886
C000683,3,0.112063015912423,0.24441268759604273,0.0,0.0,0.0,0.0,0.6099949681787803,0.033529328312754014
C000684,3,0.3535540188441443,0.004926773365223878,0.0,0.6009670211232745,0.0,0.0,0.0,0.04055218666735727
C000694,4,0.08085468374031422,0.05900124295103641,0.0,0.0,0.0,0.0,0.0,0.8601440733086494
C000696,2,0.0,0.0,0.07255758159681536,0.0,0.8959177591064561,0.0,0.0,0.03152465929672854
C000699,1,0.0,0.01916129926941348,0.0,0.0,0.0,0.0,0.9112408378963057,0.06959786283428082
C000700,3,0.0,0.0,0.17575202252680722,0.0,0.6514891953936215,0.0,0.0,0.1727587820795713
C000701,3,0.06182321025785363,0.4550265901483015,0.0,0.02077657591172945,0.2940116142355668,0.0,0.0,0.16836200944654856
C000702,3,0.0,0.0,0.040569775753611655,0.0,0.0,0.03498133113546297,0.0,0.9244488931109254
C000705,4,0.0,0.10190218113533897,0.0,0.0,0.0,0.0,0.46126465296929925,0.4368331658953618
C000707,0,0.0,0.0,0.0,0.0,0.0,0.7674573854053436,0.0,0.23254261459465642
C000709,1,0.0,0.0,0.40085990564847784,0.0,0.0,0.5718475265544531,0.005014869388616722,0.022277698408452284
C000712,0,0.1470717153105837,0.17462618712632963,0.0,0.0,0.42426350760352644,0.0,0.0,0.2540385899595603
C000713,2,0.0,0.10092907300381943,0.0,0.329736872138499,0.05465977250526199,0.3671666878766347,0.09441945692971987,0.053088137546065006
C000717,3,0.1521285951154985,0.0,0.6961979569469549,0.0,0.0,0.0,0.0,0.15167344793754667
C000721,1,0.0,0.0,0.0,0.0,0.2604977727769445,0.0,0.0,0.7395022272230555
C000725,3,0.33680496993548303,0.0,0.0,0.0,0.1085315051751512,0.4859706254905493,0.0,0.06869289939881651
C000728,1,0.0,0.27389688838180154,0.6466878488407473,0.04593397741301612,0.0,0.0,0.0,0.033481285364435065
C000732,1,0.023504596475285654,0.0,0.16091830133264665,0.0,0.0,0.0,0.0,0.8155771021920677
C000734,0,0.0,0.0,0.0,0.0,0.0,0.0,0.877806693068901,0.12219330693109898
C000735,4,0.0,0.0,0.7336586721853712,0.0,0.0,0.0,0.16563397696508197,0.10070735084954685
C000737,2,0.07531742299982706,0.0,0.29280623364822433,0.0,0.0,0.5290717419324821,0.0,0.10280460141946657
C000738,2,0.0,0.0,0.0,0.0,0.0,0.05164505748571391,0.0,0.9483549425142861
C000743,1,0.0393774629689604,0.06519761443437631,0.0,0.0,0.0,0.0,0.0,0.8954249225966633
C000746,0,0.0,0.0,0.0,0.02786637684445573,0.0,0.0,0.02200711394881235,0.9501265092067319
C000747,1,0.0,0.0,0.5684814361051197,0.0,0.0,0.0,0.2811101797641189,0.1504083841307614
C000749,0,0.1821066401414281,0.17287755114034214,0.5198995544058082,0.0,0.0,0.0,0.0,0.12511625431242157
C000750,2,0.0,0.0,0.02225760781142927,0.0,0.0,0.0,0.0,0.9777423921885707
C000756,1,0.0,0.0,0.0,0.0,0.7991325352544337,0.0,0.0,0.20086746474556627
C000758,0,0.0,0.0,0.0,0.0,0.0720210659850925,0.006134998145697174,0.0,0.9218439358692103
C000761,1,0.4778662016423876,0.0,0.0,0.3120969010959412,0.0,0.0,0.0,0.2100368972616713
C000763,0,0.415436119543485,0.0,0.0,0.0,0.0,0.0,0.43661397791955636,0.1479499025369586
C000764,0,0.0,0.0,0.5038857335127348,0.0,0.023477203216163738,0.0886037464253242,0.015160479900434617,0.3688728369453427
C000766,3,0.0,0.0,0.0,0.0,0.0,0.0,0.07612175475688332,0.9238782452431167
C000769,3,0.0,0.0,0.031614101661474596,0.1370184835213104,0.0,0.0,0.0,0.831367414817215
C000771,3,0.0,0.0,0.0,0.0,0.0,0.0,0.8943669297466539,0.10563307025334612
C000772,0,0.0,0.0,0.6108377994378814,0.16839297161433908,0.0,0.0,0.12625633491385926,0.09451289403392027
C000775,3,0.0,0.0,0.0,0.0,0.0,0.0,0.0,1.0
C000776,1,0.0,0.0021578292374887734,0.0,0.7162268506873825,0.0,0.0,0.15798339901768044,0.12363192105744836
C000778,0,0.3207642208629759,0.033168407532747926,0.0,0.0,0.0,0.33593756550615167,0.0,0.31012980609812457
C000781,1,0.0,0.006642521744407527,0.33438760297026787,0.62349204786594,0.0,0.006615775209435581,0.0,0.028862052209948974
C000783,1,0.0,0.0,0.0,0.0,0.0,0.0,0.0,1.0
C000787,1,0.0,0.0607961866541779,0.0,0.0,0.8671449433765943,0.0,0.0,0.07205886996922783
C000792,3,0.0,0.6478495030053363,0.0,0.037229485441483884,0.0,0.13445261806830575,0.0,0.1804683934848741
C000793,4,0.0,0.06254806794511025,0.0,0.1126352817359098,0.0,0.0,0.7740696308817332,0.0507470194372468
C000794,4,0.0,0.2720385458930722,0.0,0.05308018738567939,0.5796045258979529,0.0,0.012279144451678822,0.08299759637161674
C000799,0,0.0,0.0,0.0,0.0,0.0,0.0,0.0798042639154446,0.9201957360845554
C000800,4,0.042156425882126314,0.0,0.0,0.0,0.462572190423578,0.29684329324764014,0.0,0.19842809044665555
C000805,3,0.0068342375698516,0.8760960890458721,0.0,0.0,0.08115837391197554,0.0,0.0013533104743488934,0.034557988997951816
C000807,2,0.16780008614291544,0.0,0.0,0.0,0.49517583825636424,0.0,0.0,0.33702407560072034
C000808,2,0.0,0.0,0.002852620660972726,0.0,0.012602459760413643,0.38561350864404204,0.21480046439853057,0.38413094653604096
C000815,3,0.0,0.0,0.0,0.0,0.0,0.2110829016800123,0.0,0.7889170983199877
C000819,3,0.5334317412146724,0.0,0.4082940985638676,0.0,0.0,0.0,0.0,0.058274160221460036
C000821,1,0.0,0.0,0.180244432279358,0.7822205561907584,0.0,0.0,0.004069875993906944,0.03346513553597663
C000822,2,0.11852016169231139,0.0,0.0,0.03538313940645977,0.0,0.0,0.0,0.8460966989012288
C000823,2,0.28241605486682647,0.33151956109149155,0.0,0.0,0.0,0.03706268975325923,0.24371653705438678,0.10528515723403598
C000826,0,0.14122983622527732,0.11418475679249415,0.16829951589418293,0.0,0.0,0.5076307254888834,0.0,0.06865516559916218
C000827,3,0.0,0.0,0.24806414667533982,0.0,0.0,0.0,0.0,0.7519358533246602
C000829,3,0.0,0.0,0.0,0.0,0.0,0.0,0.0,1.0
C000831,4,0.0,0.007767828047354541,0.7101282744067673,0.006241331552183634,0.0,0.2527164138583051,0.006723552135935597,0.016422599999453835
C000832,4,0.18978936628686094,0.0,0.05963359192846856,0.0,0.0,0.0,0.31856718546788365,0.4320098563167869
C000835,0,0.43747905256771247,0.0,0.0,0.15627461279097246,0.029556650603718038,0.16452644886907267,0.13420404301558822,0.07795919215293623
C000836,0,0.31435922835171853,0.0808511682123986,0.0,0.0,0.0,0.0,0.5713127060628984,0.03347689737298443
C000837,4,0.0,0.0,0.4126365843245513,0.0,0.1782808468398525,0.3265539806127414,0.029495820879619813,0.05303276734323503
C000840,4,0.0,0.0,0.0,0.0,0.9205912454954595,0.0,0.0,0.07940875450454055
C000841,2,0.5491197825558126,0.21943931020532662,0.0,0.006034511500133973,0.0,0.015163083505292534,0.0,0.2102433122334343
C000842,4,0.0,0.0,0.0,0.4518815408333595,0.05033632462082026,0.28729845020809514,0.0,0.21048368433772513
C000843,2,0.0,0.0,0.0,0.0,0.2603538202745139,0.0,0.0,0.7396461797254861
C000844,4,0.21965417560940798,0.07894643402424954,0.0,0.5228733696521892,0.16737318790556843,0.0,0.0,0.011152832808584812
C000850,1,0.0,0.0,0.0,0.7758647785771533,0.0,0.0,0.0,0.2241352214228467
C000851,4,0.0,0.17980526735738495,0.0,0.0,0.045544429387890266,0.7258357588434093,0.0,0.0488145444113155
C000854,0,0.0,0.10374520992803478,0.27727038311779395,0.0,0.0,0.5045831768314208,0.04616478002019693,0.06823645010255341
C000856,1,0.04919189383331984,0.037505974963260635,0.0,0.0,0.0,0.3498319962817253,0.0,0.5634701349216942
C000857,2,0.24453214532788045,0.14964434120904674,0.0,0.0,0.0,0.0,0.4976958970739639,0.10812761638910895
C000858,3,0.17677199343575614,0.0,0.0,0.7842179425869171,0.0,0.0,0.0,0.03901006397732676
C000859,3,0.0,0.0,0.4397853093575492,0.5354671416618741,0.0,0.0,0.0,0.024747548980576628
C000862,2,0.0,0.0,0.0,0.3384063124969898,0.0,0.5085400042296286,0.0,0.15305368327338154
C000865,2,0.0,0.0,0.025171604365246535,0.0,0.17861429030874315,0.0,0.0,0.7962141053260103
C000868,2,0.0,0.0,0.0,0.02616445237502459,0.0,0.06576424031901809,0.0,0.9080713073059573
C000873,4,0.10378506325839817,0.0,0.0,0.0,0.0,0.0,0.7163468267291534,0.1798681100124484
C000874,2,0.06280375231855345,0.20960814567311145,0.209725196402366,0.32240292252235825,0.051779111686198386,0.0,0.024009282970882475,0.11967158842653003
C000877,1,0.0152038078872515,0.002061632817330118,0.0,0.0,0.022421830297906,0.8864072759477934,0.015732555014836353,0.05817289803488257
C000878,1,0.08252311207862485,0.0,0.0,0.002378558020711657,0.0,0.756307697163208,0.14264787132883677,0.0161427614086187
C000880,1,0.0,0.0,0.0,0.0,0.0,0.039432463350466906,0.9094007388917371,0.05116679775779598
C000883,3,0.0,0.1823430458924243,0.0,0.0,0.0,0.18885386292344475,0.49843314054253757,0.1303699506415934
C000885,0,0.19359319526391086,0.0,0.0,0.30166067544627806,0.16715021522293266,0.28957390789644005,0.0,0.04802200617043839
C000886,0,0.0,0.11219272599485072,0.0,0.0,0.0,0.011198804935868752,0.8328196160470551,0.04378885302222546
C000887,3,0.545634564750617,0.0,0.4411915121753263,0.0,0.0,0.0,0.0,0.013173923074056626
C000889,0,0.0,0.0,0.09211554032021141,0.0,0.5131237688801378,0.0,0.0,0.3947606907996508
C000891,2,0.03815980470805967,0.20707643729832695,0.4430761664216093,0.018338420628013424,0.0,0.21457181088789262,0.0,0.07877736005609814
C000892,4,0.0,0.0,0.8638456266319615,0.044014488699129654,0.0,0.0,0.0,0.09213988466890888
C000894,3,0.0,0.24278720446565272,0.0,0.0898610850735322,0.0,0.0,0.5645797726768358,0.1027719377839793
C000895,3,0.8054068028308513,0.0,0.034697626572475396,0.0,0.0,0.0,0.05465522409734787,0.10524034649932534
C000901,3,0.0,0.0,0.0,0.0,0.0,0.14545527403441505,0.29309399669622827,0.5614507292693567
C000903,2,0.0,0.0,0.56170221623115,0.0,0.0,0.3029539974595731,0.0,0.1353437863092769
C000904,0,0.10905341463842394,0.0,0.0,0.0,0.0,0.6288343028615306,0.019618031542525234,0.2424942509575202
C000905,2,0.0,0.0,0.12839852404293406,0.0,0.0,0.0,0.0,0.8716014759570659
C000907,2,0.10481264293130503,0.0,0.15405066345237495,0.23275726188642576,0.0,0.37547559252320883,0.0,0.13290383920668547
C000911,0,0.2957797756109365,0.21218561694356147,0.0,0.0,0.07271703703805191,0.0,0.0,0.4193175704074501
C000912,1,0.0,0.04990776982203644,0.09217280560678436,0.0,0.0,0.1911320443100676,0.0,0.6667873802611116
C000914,1,0.0,0.0,0.9818298941970173,0.0,0.0,0.0,0.0,0.018170105802982728
C000916,4,0.19151909585977767,0.0,0.0,0.7025774247302728,0.0,0.0,0.0,0.10590347940994949
C000917,3,0.5018723876350131,0.0,0.0,0.023957229218480786,0.0,0.3548507925839941,0.0,0.11931959056251207
C000920,0,0.0,0.0,0.0,0.0,0.022463081381647276,0.39173859051769777,0.27339942482033297,0.31239890328032205
C000921,0,0.0,0.0,0.0,0.0,0.0420875585256492,0.0,0.6846273153646439,0.2732851261097069
C000922,2,0.13961466042125878,0.04026617869323599,0.0,0.0,0.0,0.0,0.2425086321872228,0.5776105286982824
C000923,1,0.0,0.0,0.0,0.3835204281959807,0.0,0.0,0.5358168957339388,0.0806626760700806
C000926,1,0.06803197617455758,0.6872232394803466,0.13186498886594564,0.0,0.0,0.0,0.0,0.11287979547915017
C000927,2,0.360334905791771,0.0,0.5273663802858133,0.03897441708496725,0.0,0.0,0.0,0.07332429683744834
C000930,3,0.0541518962393173,0.0,0.0,0.0,0.0,0.27882328097959413,0.0,0.6670248227810885
C000931,2,0.0,0.036622294460613714,0.0,0.0,0.0,0.0,0.0,0.9633777055393863
C000932,2,0.0,0.21260362215813847,0.0,0.0,0.45754879346685207,0.0,0.10025407455797787,0.22959350981703164
C000933,0,0.0,0.9858557969011806,0.0,0.0,0.0,0.0037692176774269818,0.0,0.010374985421392369
C000936,4,0.10021289189729453,0.05570277759918151,0.23019771448689566,0.0,0.3786751721506081,0.11845030753924307,0.0,0.11676113632677709
C000938,1,0.14305135734290073,0.29167822397957766,0.0,0.11642783778480824,0.017228312971067333,0.0,0.06248034879040926,0.36913391913123683
C000942,1,0.0,0.07272706891989786,0.0,0.12551816827699114,0.0,0.4592827582757239,0.21046193884731182,0.13201006568007534
C000948,2,0.10128307952298636,0.0,0.01757755967364731,0.2921868099273318,0.0,0.0,0.0,0.5889525508760345
C000949,0,0.04855264738611026,0.0,0.0,0.0303481321695835,0.0,0.0,0.8502180427144616,0.0708811777298447
C000950,3,0.0,0.0,0.0,0.0,0.0,0.03726958481750673,0.03609675818995785,0.9266336569925354
C000951,0,0.3610941535506125,0.0,0.0,0.0,0.5913826196189411,0.0,0.0,0.04752322683044641
C000954,4,0.0,0.6062886443640852,0.0,0.11905894522109214,0.01019116793641052,0.23082420252973565,0.0,0.033637039948676395
C000956,0,0.0,0.0,0.0,0.0,0.0,0.24709469995043512,0.6254180916123085,0.12748720843725636
C000957,2,0.03362159841527476,0.5667347429521924,0.0,0.023231242537795814,0.34225564790881297,0.0,0.0,0.03415676818592406
C000958,1,0.0,0.0,0.0,0.0,0.0,0.8255709465073153,0.0,0.17442905349268467
C000959,4,0.0,0.0,0.0,0.0,0.0,0.0,0.399337868098684,0.600662131901316
C000964,4,0.0,0.26011414403412136,0.0,0.0,0.0,0.15495553674084814,0.5449743159297629,0.039956003295267606
C000965,0,0.0,0.0,0.39489896245372413,0.0,0.24030744593772652,0.0,0.0,0.3647935916085494
C000966,1,0.0,0.12001110796368292,0.0,0.039539782789466765,0.0,0.0,0.5308469048944624,0.30960220435238794
C000967,4,0.0,0.8658664805174507,0.0,0.0,0.0,0.0,0.0,0.13413351948254926
C000968,4,0.0,0.0,0.5113959747583121,0.0,0.0,0.0,0.43145054889382084,0.05715347634786705
C000971,3,0.0,0.1190196546269084,0.0,0.0,0.6187111570622651,0.0,0.16058850102583813,0.10168068728498836
C000972,1,0.0,0.0,0.02819405107553989,0.0,0.5271478395333602,0.0,0.17408008194759514,0.2705780274435048
C000974,0,0.4294966815765074,0.28504251063708935,0.14593405521108405,0.0,0.0,0.0,0.0,0.1395267525753192
C000975,4,0.06649613840455365,0.0,0.0,0.0,0.8817354332155787,0.0,0.0,0.051768428379867615
C000977,0,0.0,0.0,0.0,0.0,0.0,0.0,0.9301554329684095,0.06984456703159048
C000980,3,0.0,0.0,0.923498396778165,0.0,0.0,0.026837318620693218,0.0,0.049664284601141695
C000981,0,0.0,0.0,0.06664930896443158,0.0,0.016715375622303987,0.020989072406599935,0.0,0.8956462430066645
C000983,1,0.11815553490343753,0.0,0.04091164292915973,0.0,0.718815295376462,0.0,0.0,0.12211752679094068
C000985,0,0.0,0.09011549616256562,0.0,0.5566733604527815,0.0,0.0,0.0,0.35321114338465287
C000988,2,0.0,0.0,0.0,0.0,0.4817585809164972,0.0,0.13778024638339764,0.38046117270010515
C000990,0,0.044946226970090555,0.0,0.12761271676867755,0.6002730099817356,0.0,0.14092694048113408,0.0,0.0862411057983622
C000993,4,0.0,0.3923872457888999,0.0,0.0,0.44994430872191493,0.005791990053248017,0.13083529376543576,0.021041161670501407
C000994,4,0.0,0.0,0.0,0.578380871773612,0.0,0.0,0.09162240728006907,0.32999672094631893
C000996,1,0.024313171920843122,0.11330097587409423,0.0,0.0,0.0,0.8383276490363324,0.0,0.024058203168730197
C000997,3,0.0,0.9340927516339371,0.0,0.0,0.0,0.0,0.0,0.06590724836606288
C000998,4,0.0,0.7796843994507981,0.0,0.0,0.0,0.0,0.0,0.22031560054920185
C000999,0,0.0,0.03340474878141875,0.0,0.0,0.1904171967484998,0.025877965927676924,0.024913231152425757,0.7253868573899788
C001000,3,0.0,0.0,0.06234344733814991,0.0,0.0,0.0,0.32131448517880157,0.6163420674830485
C001002,3,0.005374227687467985,0.0,0.0,0.014547285164461323,0.8860532333861422,0.0,0.0,0.0940252537619285
C001004,0,0.0,0.0,0.0,0.48161482359997143,0.0,0.1783902969731312,0.0,0.33999487942689743
C001006,4,0.8287142275829165,0.0,0.0,0.0,0.0,0.0,0.0,0.17128577241708354
C001008,4,0.0,0.7538766069237267,0.0,0.0,0.0,0.0,0.02465066249639529,0.22147273057987804
C001013,0,0.0,0.0,0.0,0.0,0.0,0.006440134879755033,0.0,0.993559865120245
C001018,2,0.0,0.0,0.0,0.0,0.0,0.02005882871876019,0.0,0.9799411712812398
C001020,3,0.0,0.0,0.0,0.0,0.0,0.5467905426177962,0.29395347968812785,0.15925597769407585
C001021,3,0.010515224098480465,0.02938394154760873,0.0,0.0,0.0,0.0,0.0,0.9601008343539108
C001022,4,0.0,0.23165700639659698,0.0,0.0,0.0,0.02574636043614577,0.10837922664427943,0.6342174065229779
C001024,2,0.0,0.0,0.0983227598911448,0.5399790236527752,0.0,0.0,0.13116190798786947,0.2305363084682106
C001027,0,0.0,0.30201142878792026,0.0,0.5711948424921192,0.06647916430491667,0.0,0.0,0.0603145644150439
C001028,1,0.0,0.1288153637191859,0.0,0.0,0.0,0.3464642376059214,0.49253294425917526,0.032187454415717465
C001029,0,0.0,0.511965993394237,0.0,0.0,0.0,0.27782523411823584,0.04931950846954973,0.16088926401797754
C001030,4,0.0,0.0,0.0,0.0,0.3184566519539601,0.0,0.10911920991287985,0.5724241381331601
C001033,2,0.02935289119575151,0.0,0.0,0.0,0.0,0.0,0.5758312961768083,0.39481581262744025
C001035,1,0.0,0.0,0.5915748729788298,0.0,0.0,0.2836065358522724,0.0,0.12481859116889771
C001037,2,0.0,0.14487806592152372,0.0,0.03819426008491195,0.023032285279728695,0.0,0.0,0.7938953887138356
C001038,2,0.0,0.0,0.0,0.07295741551636231,0.5302217185029536,0.0,0.07819681399679616,0.3186240519838879
C001040,4,0.0,0.12691250606002769,0.22799087631605006,0.026828436277311546,0.0,0.5595129907301553,0.0,0.0587551906164554
C001043,4,0.7252750441668296,0.0,0.0,0.11583576480783349,0.02081746629384907,0.10481907917033113,0.0,0.03325264556115659
C001046,2,0.0,0.8906330893941746,0.0,0.0,0.0041966135150508024,0.0,0.09476368243374501,0.010406614657029523
C001050,3,0.0,0.18926275776116347,0.03107138924586919,0.0,0.44837557629747066,0.049471321854768914,0.0,0.28181895484072783
C001051,1,0.0,0.0,0.0,0.04134789335476157,0.5010308387789246,0.10775312042719722,0.0959818007841325,0.2538863466549841
C001055,2,0.0,0.0,0.0,0.0,0.0,0.0,0.0,1.0
C001056,1,0.0,0.0,0.29870716556337734,0.2710490088017678,0.3672512728120425,0.01724923149021936,0.0,0.04574332133259296
C001060,1,0.0,0.0,0.45041058345784674,0.0,0.0,0.0,0.0,0.5495894165421533
C001061,4,0.05026561891050545,0.0,0.0,0.0,0.05819938382584282,0.0,0.15493089025302642,0.7366041070106253
C001062,0,0.0,0.0,0.0,0.0,0.37059083493141526,0.02097562993867683,0.14082394630865822,0.4676095888212497
C001063,4,0.8554101803940543,0.0,0.0,0.0,0.040098753283436296,0.0,0.0,0.10449106632250948
C001064,4,0.0,0.0,0.21216927350820036,0.0,0.0,0.7718506490316982,0.0,0.01598007746010144
C001066,0,0.0,0.0,0.0,0.0,0.73481115853686,0.0,0.0,0.26518884146314003
C001067,2,0.0,0.007423336192213505,0.0,0.009770403365432188,0.0,0.0,0.0,0.9828062604423543
C001068,2,0.015645851339557343,0.0,0.9620788770419129,0.0,0.0,0.0,0.0,0.022275271618529824
C001072,0,0.3839852525041273,0.45347960807078436,0.0,0.0,0.0,0.0,0.0,0.16253513942508835
C001074,0,0.0,0.0,0.0,0.0,0.0,0.22732390167256358,0.6586585993727581,0.11401749895467839
C001075,0,0.0,0.0059814243379117185,0.04352827115744229,0.0,0.0,0.0,0.0,0.950490304504646
C001077,1,0.007277455700873011,0.23588563897373127,0.0,0.0,0.0,0.0,0.5704235588041517,0.18641334652124397
C001080,2,0.3938107330346429,0.0,0.0,0.0,0.29363956841859606,0.0,0.0,0.31254969854676107
C001084,4,0.0,0.0,0.12053447799019583,0.0,0.0,0.6822902696341704,0.11826782925955796,0.0789074231160759
C001086,0,0.1498901124396253,0.014698235892564545,0.02832887643430902,0.0,0.0,0.009094156806026718,0.011623508917513773,0.7863651095099606
C001088,1,0.14994405141518574,0.16293207384907624,0.0,0.0,0.0,0.0,0.6774478302595116,0.009676044476226386
C001090,4,0.06776788454182536,0.0,0.0,0.0,0.0,0.0,0.07061956563594872,0.8616125498222259
C001092,2,0.0,0.0,0.5812182279240226,0.36699886234143625,0.0,0.0,0.0,0.05178290973454125
C001093,3,0.0,0.0,0.8537219544418521,0.0,0.0,0.0,0.0,0.14627804555814794
C001095,2,0.0,0.7043840646336369,0.0,0.0,0.0,0.0,0.0,0.2956159353663631
C001096,1,0.0,0.0,0.0,0.15584848489190672,0.0,0.7010786812807832,0.0,0.14307283382731006
C001098,3,0.32930610545390826,0.0,0.614760344871999,0.0,0.0,0.0,0.0,0.0559335496740927
C001100,1,0.0,0.0,0.0,0.0,0.0,0.0,0.7956621766545622,0.20433782334543782
C001102,1,0.3481574936356458,0.0,0.0,0.0,0.0,0.0,0.10220895947906285,0.5496335468852913
C001106,4,0.015775584861995585,0.0,0.7449892555090657,0.18323371355295062,0.03775092894730028,0.0,0.0,0.01825051712868786
C001108,4,0.0,0.7787313493346908,0.0,0.0,0.033775624593299795,0.0,0.0,0.18749302607200946
C001109,0,0.0,0.0806957701680574,0.0,0.0,0.7066556344045367,0.0,0.0,0.21264859542740588
C001110,0,0.19949891695815786,0.14766439469403278,0.0,0.0,0.0,0.0,0.0,0.6528366883478094
C001112,1,0.0,0.17946392071739592,0.0,0.3896328525560498,0.006169043651744596,0.21883785102616915,0.0,0.20589633204864044
C001113,4,0.0,0.0,0.0,0.0,0.7820087003211615,0.0,0.0,0.21799129967883846
C001115,0,0.0,0.0,0.05242570072274446,0.0,0.0,0.0,0.6557906379296945,0.29178366134756106
C001119,4,0.0,0.0,0.0,0.16036041748809637,0.14807589264715595,0.0,0.0,0.6915636898647477
C001120,4,0.0,0.29156260322313,0.0,0.0,0.0,0.5974996294627788,0.0,0.11093776731409122
C001121,4,0.0,0.12858429714589636,0.10965733314789407,0.11318405995157227,0.0,0.6362412583701358,0.0,0.01233305138450147
C001122,4,0.0,0.0,0.0,0.0,0.0,0.0,0.18583023477143368,0.8141697652285663
C001123,4,0.08541671262834874,0.2181084806752047,0.0,0.4690447416258267,0.0,0.0,0.018037838249803293,0.20939222682081648
C001129,0,0.0,0.0,0.0952947276264115,0.0,0.18428884626347414,0.023139471938143325,0.6651177004824534,0.032159253689517664
C001130,3,0.0,0.0,0.004736464442000385,0.0,0.0,0.0,0.9702640113668086,0.024999524191191003
C001132,4,0.0,0.0,0.0,0.0,0.22275161218121775,0.7243225755719404,0.0,0.0529258122468419
C001134,3,0.23220480560816528,0.0,0.613000657791242,0.0,0.0,0.0,0.1372995605329511,0.01749497606764161
C001135,2,0.0,0.0,0.0,0.015419750101060638,0.027417210381275904,0.0,0.0,0.9571630395176635
C001136,2,0.0,0.0,0.418343505499049,0.0,0.05824768533812839,0.5054966231491768,0.0,0.01791218601364586
C001138,3,0.0,0.0,0.0,0.5650777106022036,0.39108669387297734,0.0,0.0,0.04383559552481908
C001139,1,0.0,0.0,0.0,0.0,0.0,0.0,0.0,1.0
C001140,1,0.5830378039367606,0.1477193891753047,0.0,0.0,0.0,0.0,0.16980086436227163,0.09944194252566307
C001141,3,0.0,0.0,0.0,0.0,0.0,0.9142321939080946,0.0,0.08576780609190537
C001143,3,0.04538594130573154,0.35989653132277666,0.0,0.06707934252752669,0.0,0.47704560000021307,0.0,0.050592584843752064
C001147,2,0.0,0.0,0.8769715451404478,0.0,0.0,0.0,0.0,0.12302845485955216
C001148,0,0.11314874280563292,0.0,0.0,0.0,0.25855058660792757,0.0,0.0,0.6283006705864396
C001149,4,0.0,0.343544583781141,0.0,0.5564018185308898,0.0,0.0,0.0,0.10005359768796929
C001151,1,0.11283920482291493,0.0,0.0,0.0,0.020789376110551934,0.0,0.0,0.8663714190665331
C001152,0,0.0,0.0,0.0,0.0,0.0,0.619514961958942,0.22297624133581967,0.15750879670523843
C001153,0,0.0,0.0,0.22245845719850474,0.0,0.060979811470528944,0.14957946611053394,0.0,0.5669822652204324
C001154,1,0.0,0.0,0.5846528375702809,0.0,0.34588557846274887,0.0,0.0,0.06946158396697033
C001156,4,0.0,0.0,0.0,0.0,0.0,0.0,0.03625665927336552,0.9637433407266345
C001157,2,0.04880838535350905,0.0,0.0,0.0,0.0,0.0,0.01698025742554089,0.9342113572209501
C001160,0,0.022122563161110834,0.0,0.0,0.0,0.5486727755706103,0.0,0.3233431724536836,0.10586148881459523
C001164,3,0.0,0.0,0.7857689654077312,0.007212295901521343,0.20139526451503414,0.0,0.0023596612277050947,0.003263812948008149
C001165,1,0.9450968769870083,0.0,0.0,0.0,0.0,0.0,0.0,0.05490312301299172
C001168,0,0.0,0.09380932426758935,0.0,0.0,0.0,0.08037557834186965,0.4559619892874507,0.36985310810309024
C001170,3,0.33607939248872376,0.0,0.0,0.0,0.0,0.5895734367170843,0.0,0.07434717079419195
C001171,2,0.09575575095701035,0.0,0.6229821404520275,0.0,0.12081063281965623,0.0,0.0,0.16045147577130592
C001172,2,0.6089243174237131,0.11572582680658879,0.0,0.0,0.10744312106658635,0.0,0.0,0.16790673470311168
C001173,0,0.7571030948064501,0.2289458756724857,0.0,0.0,0.0,0.0,0.0,0.013951029521064195
C001174,0,0.2893505709573219,0.612732009874725,0.0,0.08038118827547201,0.0,0.0,0.0,0.01753623089248102
C001175,3,0.10918808978814193,0.37908576939420396,0.0,0.0,0.0,0.03326135410635807,0.0,0.478464786711296
C001176,0,0.9228087749960376,0.0,0.010733856888844248,0.0,0.05052174682984914,0.0,0.005701317730729963,0.010234303554539026
C001181,3,0.0017803991720828994,0.0,0.2996708840299103,0.6817631034575381,0.0,0.0,0.0,0.016785613340468686
C001182,0,0.0,0.0,0.0,0.1506791617550892,0.0,0.8065348417835524,0.0,0.04278599646135839
C001183,2,0.0,0.0,0.05922360287489725,0.0,0.27683658951900125,0.19288744374003136,0.0,0.4710523638660702
C001184,0,0.0,0.9462374631802611,0.0,0.0,0.0,0.0,0.0,0.05376253681973886
C001185,0,0.0,0.0,0.0,0.0,0.460100936610249,0.5253636499180534,0.0,0.014535413471697622
C001188,0,0.0,0.0,0.0,0.0,0.0,0.27190243634543976,0.0,0.7280975636545602
C001191,0,0.0,0.0,0.0,0.0,0.4528744260454147,0.43949661068123375,0.0,0.10762896327335159
C001192,4,0.08458842676394746,0.0,0.0,0.0,0.23347309810316297,0.3079343740157635,0.0,0.374004101117126
C001194,4,0.0,0.0,0.0,0.12110665909822838,0.10807129675083817,0.09562259845233335,0.0,0.6751994456986001
C001202,3,0.0,0.0,0.0,0.7573119571656549,0.0,0.0,0.0,0.24268804283434509
C001203,0,0.014373087791456178,0.0,0.0,0.11083977567356142,0.1473637268747596,0.5722140624694363,0.11712544526971298,0.03808390192107347
C001204,2,0.0,0.0,0.7369025044401326,0.0,0.02705520908847394,0.03731440964179798,0.04229841670033574,0.15642946012925973
C001207,4,0.0,0.0,0.0,0.0,0.0,0.0,0.0,1.0
C001209,4,0.0,0.0,0.058373338905874275,0.0,0.554422513851938,0.08055222696918585,0.22164979847102625,0.08500212180197564
C001210,0,0.07406507315982085,0.0,0.0,0.12264907524816124,0.0,0.0,0.4399610407836531,0.3633248108083649
C001211,0,0.6877128539657779,0.0,0.0,0.04615975321568802,0.03126080306308271,0.0,0.0,0.23486658975545138
C001214,2,0.0,0.2741292904540109,0.41977731870239154,0.0,0.21397642863781316,0.0,0.0,0.09211696220578436
C001216,0,0.0,0.14013869130210088,0.0,0.0,0.0,0.23852545027264102,0.5226888016058503,0.09864705681940777
C001220,2,0.4614744544259975,0.3171490653074804,0.0,0.0,0.0,0.0,0.0,0.22137648026652212
C001221,4,0.0,0.0,0.0,0.4555911603755394,0.0,0.0,0.0,0.5444088396244606
C001222,2,0.013342153884709884,0.0,0.2976987397122295,0.0,0.0,0.686312795860304,0.00029711414943162274,0.0023491963933248705
C001223,3,0.0,0.5368102838755575,0.0,0.01783172739034971,0.0,0.0,0.12421271049715098,0.32114527823694183
C001224,0,0.02931075655748866,0.057543219711606614,0.37338743193549545,0.08894097887858562,0.0,0.0,0.0,0.45081761291682365
C001225,2,0.0,0.4130956152297189,0.1703972227988755,0.0,0.0,0.15983378054551456,0.0,0.256673381425891
C001229,4,0.0,0.1449207520394105,0.09713727525769805,0.0,0.7517570078222844,0.0,0.0,0.006184964880607047
C001230,3,0.05935873010193738,0.058573373370317025,0.060189849777125555,0.0,0.0,0.0,0.0,0.82187804675062
C001232,4,0.021344329126438348,0.3686619368842839,0.0,0.0,0.18489780552869187,0.005349706879255513,0.0,0.41974622158133035
C001234,1,0.0,0.0,0.0,0.0,0.0,0.0,0.0,1.0
C001237,0,0.0,0.8007532470391779,0.0,0.0,0.0,0.0,0.0,0.19924675296082206
C001238,0,0.06013904985964291,0.0,0.0,0.13980008524603585,0.5410402481898136,0.0,0.0,0.2590206167045077
C001239,1,0.4566591109744239,0.0,0.0,0.0,0.0,0.0,0.45893189654963445,0.08440899247594169
C001241,1,0.0,0.0,0.0,0.0,0.0,0.8181703095414877,0.0,0.18182969045851227
C001243,1,0.0,0.0,0.0,0.0,0.0,0.806124060368746,0.0,0.19387593963125405
C001244,1,0.0,0.18723204966276596,0.019211855552747317,0.0,0.0,0.08189325394578664,0.654040566153874,0.05762227468482606
C001248,4,0.0,0.0,0.0,0.020540240190360572,0.0,0.02134316785798488,0.0,0.9581165919516546
C001249,0,0.029683392727873733,0.0,0.2336211189971796,0.0,0.6548506741874788,0.04789637009957404,0.0,0.03394844398789387
C001252,1,0.2926708753140802,0.0,0.0,0.5374777554622477,0.0,0.0,0.0,0.16985136922367206
C001254,1,0.0,0.0,0.0,0.797332103863601,0.0,0.0,0.0,0.20266789613639902
C001255,0,0.19160269805028185,0.07476155246381107,0.0,0.0,0.6774591045972321,0.0,0.0,0.05617664488867491
C001256,1,0.43616927027790536,0.0,0.0626181200513744,0.0,0.0,0.0,0.29200359054689173,0.2092090191238285
C001258,0,0.0,0.664072193767561,0.0,0.07104102940172541,0.0,0.0,0.0,0.2648867768307136
C001260,2,0.0,0.0,0.0,0.0,0.0,0.5194685065287111,0.09291794341325132,0.38761355005803755
C001265,4,0.0,0.4741176140881569,0.0,0.20487160061302886,0.017300431822282566,0.07614691219639694,0.030397127232059572,0.19716631404807516
C001266,1,0.7978288064404407,0.0,0.026595510366207702,0.006385064908800933,0.0,0.0,0.0,0.16919061828455062
C001267,2,0.0,0.16279759840616087,0.0,0.0,0.015756181609747615,0.0,0.26466828440236806,0.5567779355817235
C001268,3,0.017366554689127036,0.0,0.06117141741815371,0.5101421799950271,0.0,0.24555267303306857,0.0,0.16576717486462356
C001269,3,0.0,0.0,0.0,0.4397796256583667,0.0,0.0,0.0,0.5602203743416333
C001271,2,0.0,0.0,0.0,0.0,0.7070146367400298,0.0,0.0,0.29298536325997016
C001272,1,0.04722697360403931,0.0,0.0,0.0,0.0,0.0,0.04849832863260479,0.9042746977633559
C001275,3,0.0,0.0,0.0,0.0,0.0,0.07039409019194248,0.46627224467127476,0.46333366513678276
C001276,2,0.0,0.0,0.0,0.08432264363901464,0.0,0.7177643353188093,0.0,0.197913021042176
C001279,4,0.7702831318502948,0.050853446312557705,0.0,0.031957500431775455,0.0,0.0,0.11239996127756646,0.03450596012780549
C001280,0,0.0,0.35711556753590445,0.0,0.0,0.0,0.0,0.30168319936976834,0.34120123309432726
C001283,4,0.0,0.1387341886317465,0.09270054965081498,0.0,0.0,0.0,0.0,0.7685652617174386
C001284,4,0.0,0.0,0.0,0.0,0.0,0.0,0.0,1.0
C001288,3,0.09947300256169123,0.3184816763048446,0.05306110375972611,0.0,0.0,0.4342179510175216,0.0,0.09476626635621654
C001289,4,0.0,0.0,0.0,0.0,0.0,0.0,0.0,1.0
C001290,3,0.0,0.0,0.5245002730586219,0.0,0.0,0.02586689880501903,0.0,0.4496328281363591
C001291,3,0.34852909931344583,0.04179519620383909,0.0,0.510425721768552,0.0,0.0,0.0,0.09924998271416308
C001292,0,0.0,0.0,0.0,0.0,0.0,0.0,0.9070598049910134,0.09294019500898665
C001293,3,0.2963213340279035,0.09108956331658628,0.0,0.0,0.0,0.0,0.4563799210906436,0.15620918156486652
C001294,2,0.29645650250370414,0.533789671996919,0.0,0.0,0.0,0.0,0.0,0.1697538254993769
C001299,0,0.0,0.0,0.650974364436135,0.18687645671635264,0.0,0.0,0.0,0.16214917884751234
C001301,2,0.05521919420413739,0.022727071692156833,0.0,0.2529865738059282,0.0,0.0,0.45176516011677886,0.21730200018099866
C001306,2,0.0,0.0,0.9178834735013365,0.0,0.0,0.0,0.0,0.08211652649866352
C001307,1,0.0,0.0,0.06468995411322342,0.29445289159013605,0.12403373745824944,0.1066333798613273,0.21030950450803848,0.19988053246902537
C001308,4,0.0,0.0,0.0,0.0,0.0,0.06010450714141102,0.0,0.939895492858589
C001310,4,0.09070237229139504,0.0,0.040565686770277797,0.3385234516830108,0.5161096482373906,0.0,0.0,0.0140988410179258
C001312,0,0.7606576075072894,0.0,0.0,0.0989177739740913,0.11133014043003926,0.0,0.0,0.02909447808858001
C001316,4,0.04296717387564015,0.045131725818612065,0.0077903891628263765,0.0,0.0,0.0,0.6826078846784209,0.22150282646450048
C001317,1,0.09965174395346822,0.0,0.0,0.039334009003011296,0.1492867545765248,0.0,0.0,0.7117274924669956
C001318,0,0.0,0.0,0.0,0.0,0.0,0.0,0.0,1.0
C001320,2,0.507602228109025,0.0,0.0,0.035439550358227594,0.0,0.0,0.0,0.45695822153274746
C001321,2,0.8215466078806042,0.0,0.0,0.14948318613225256,0.0,0.0,0.0,0.028970205987143283
C001322,4,0.0,0.00676080231713107,0.0,0.49276923566732383,0.23356804212146587,0.0,0.08504131431802664,0.18186060557605255
C001323,2,0.028869807389592547,0.0,0.0,0.010799209410041552,0.6490309406463326,0.02715796037063205,0.18478724754057543,0.0993548346428259
C001324,4,0.0,0.0,0.041304260852546425,0.0,0.030971833604637216,0.0,0.0,0.9277239055428164
C001326,0,0.0,0.0,0.0,0.0,0.0,0.5686984493397353,0.0,0.43130155066026465
C001328,0,0.0,0.0,0.0,0.06256710135699574,0.08468560662226397,0.0,0.0,0.8527472920207403
C001331,4,0.03711797997466828,0.07839881333221006,0.037385902075858804,0.0,0.0,0.0,0.3929351371937106,0.4541621674235523
C001335,1,0.5738294468742137,0.0,0.0,0.0,0.0,0.0,0.2603802832941119,0.16579026983167444
C001336,4,0.0,0.0,0.03225579402894468,0.0,0.0,0.0,0.00843396295126204,0.9593102430197933
C001337,1,0.013937094180260496,0.24442777389128878,0.0,0.0,0.30110928010984445,0.39561174579839187,0.0,0.044914106020214395
C001340,1,0.0,0.0,0.0,0.0,0.0,0.0,0.6832550502292069,0.31674494977079315
C001345,1,0.41036195332887215,0.0,0.020631647472692756,0.0,0.0,0.0,0.0,0.5690063991984351
C001347,0,0.042775309346559154,0.0,0.0,0.0,0.0,0.0,0.0,0.9572246906534408
C001348,3,0.0,0.2657967512822522,0.0,0.0,0.0,0.0,0.0,0.7342032487177478
C001351,4,0.0,0.0,0.5668291722953249,0.04677244447277209,0.0,0.25061995046624574,0.0,0.13577843276565726
C001354,3,0.5008893268611466,0.27927265639178306,0.0,0.0,0.007357019189054176,0.0,0.0,0.2124809975580162
C001355,3,0.0,0.0,0.041420874793500026,0.0,0.0,0.0,0.19394940708400293,0.764629718122497
C001356,2,0.2680145476231352,0.0,0.0,0.6939583360228452,0.0,0.0,0.0,0.03802711635401956
C001359,4,0.0,0.03395224423195698,0.0,0.0,0.0,0.0,0.9114833794228906,0.05456437634515243
C001361,0,0.0,0.0,0.0,0.0,0.0,0.0,0.0,1.0
C001364,3,0.0,0.0,0.0,0.4695193287126312,0.41392237455126396,0.0,0.0,0.11655829673610485
C001366,0,0.0,0.0,0.0,0.0,0.0,0.026452998925122206,0.0,0.9735470010748778
C001367,4,0.83474121957341,0.0,0.0,0.0,0.024141600452416832,0.0,0.0,0.14111717997417317
C001374,2,0.3578393664705235,0.0,0.0,0.0,0.0,0.0,0.0,0.6421606335294765
C001377,3,0.0,0.0,0.0,0.0,0.0,0.0,0.0,1.0
C001378,4,0.32860621513793786,0.02330886870226691,0.5475522111440808,0.0,0.0,0.0,0.0,0.10053270501571443
C001380,2,0.05748678265701446,0.0,0.15622352266325773,0.0,0.0,0.0,0.2571711660010305,0.5291185286786972
C001382,4,0.0,0.0,0.05605395195253683,0.0,0.0,0.08383976774540146,0.0,0.8601062803020617
C001385,2,0.038611163665396735,0.0,0.0,0.0,0.0,0.5709464096973618,0.0,0.3904424266372415
C001386,4,0.0,0.17385865937099768,0.6873757186771297,0.09999688657788292,0.032066649414244836,0.0,0.0,0.0067020859597449745
C001389,4,0.0021996666732490137,0.5636720823697707,0.0,0.00878232617965256,0.0,0.0,0.24954839927129913,0.17579752550602856
C001391,4,0.0,0.11518697324919176,0.0,0.0,0.8317960740047303,0.0,0.0,0.05301695274607787
C001397,3,0.5054545882705288,0.0,0.4765690975672594,0.0,0.0,0.0,0.005130692586096271,0.012845621576115573
C001399,3,0.0,0.0,0.0,0.5080671507473379,0.0,0.1752811924952547,0.08911248049226914,0.2275391762651382
C001400,1,0.0,0.0,0.0,0.022841755680294423,0.3604576150355924,0.0,0.480775528404151,0.13592510087996224
C001402,1,0.0,0.0,0.0,0.0,0.09417077055131046,0.0,0.17245244462107298,0.7333767848276166
C001406,1,0.5521196751720383,0.0,0.0,0.0,0.0,0.25996833207140524,0.0,0.18791199275655646
C001408,3,0.034884949866316246,0.04255720898737398,0.0,0.0,0.0,0.0,0.0,0.9225578411463098
C001409,0,0.0,0.0,0.0,0.0,0.0,0.1374941830082309,0.0,0.8625058169917691
C001410,4,0.0,0.0,0.3616651741023055,0.0,0.0,0.040979587003956194,0.5468073784867883,0.05054786040695003
C001413,3,0.14899615173765335,0.006487231535026128,0.6589492391930639,0.0,0.0,0.0,0.0024295850942914424,0.18313779243996509
C001414,3,0.0,0.19553728239449877,0.19609481415935687,0.0,0.5485261084315901,0.0,0.026315309196970737,0.03352648581758344
C001415,4,0.26682069522082974,0.02243899889576811,0.0,0.0716473109173957,0.0,0.0,0.0,0.6390929949660065
C001416,1,0.3885635143833859,0.0,0.0,0.0,0.0,0.0,0.0,0.6114364856166141
C001417,1,0.0,0.5609378490097048,0.0,0.0,0.0,0.0,0.2437300901460095,0.19533206084428567
C001419,0,0.08344505430833876,0.0,0.8238865687786449,0.0,0.0,0.0,0.0,0.09266837691301633
C001420,2,0.0,0.0,0.0,0.0,0.7718901224608615,0.024481530608413554,0.0,0.20362834693072496
C001421,1,0.5105492476765706,0.011273596289319041,0.0,0.0,0.3458227082721413,0.0,0.0,0.13235444776196914
C001422,0,0.0,0.0,0.1467886218041502,0.0,0.7893043900718614,0.0,0.0,0.06390698812398843
C001424,3,0.0,0.0,0.007871350787330523,0.5795726967870869,0.0,0.14538792323955946,0.03706679436505927,0.230101234820964
C001427,3,0.7103749170358343,0.0,0.0,0.0,0.0,0.10007753746524659,0.0,0.18954754549891906
C001428,0,0.007401527403317018,0.08469934216547167,0.8754994720449781,0.0,0.0,0.0,0.018976552323401574,0.013423106062831591
C001433,4,0.0,0.7722139861775155,0.06441267786234832,0.0,0.0,0.0,0.10279011734544134,0.060583218614694956
C001436,3,0.0,0.0,0.5315009778433069,0.0,0.0,0.0,0.27221761127477034,0.19628141088192286
C001437,2,0.6120842004621513,0.0,0.0,0.0,0.019266893068371538,0.0,0.0,0.3686489064694771
C001439,2,0.4568925815512004,0.0,0.0,0.5019452950322952,0.0,0.0,0.0,0.04116212341650438
C001440,2,0.0,0.0,0.0,0.0,0.0,0.0,0.0,1.0
C001441,3,0.0,0.1793511156224531,0.5893143544500328,0.0,0.0,0.17298442827116325,0.0,0.058350101656350906
C001442,0,0.0,0.0,0.7642213924133845,0.0,0.0,0.0,0.0,0.2357786075866155
C001444,0,0.0,0.0,0.0,0.0,0.0,0.10012451701141734,0.0,0.8998754829885827
C001445,1,0.0,0.0,0.0,0.7586005852932632,0.0,0.0,0.0,0.24139941470673676
C001446,0,0.0,0.0,0.0,0.14423675916157136,0.515309439096092,0.0,0.0,0.34045380174233664
C001448,0,0.0,0.0,0.0,0.7535283049708699,0.0,0.057569625676040834,0.0,0.18890206935308929
C001449,3,0.0,0.13679875619934273,0.5963963028640102,0.0,0.0903653328940894,0.0,0.16829362169391773,0.008145986348639944
C001450,0,0.6388310832371937,0.0,0.0,0.0,0.0,0.0,0.0,0.36116891676280627
C001451,4,0.0,0.35780543483496546,0.0,0.0,0.0,0.016863664415415397,0.13057198006627294,0.49475892068334626
C001452,2,0.0,0.0,0.0,0.0633876857224694,0.0,0.605127479299295,0.2521715987480512,0.07931323623018438
C001453,1,0.0,0.0,0.0,0.8356068869850608,0.0,0.0,0.0,0.1643931130149392
C001457,3,0.48627700162335336,0.0,0.06805859751731615,0.0,0.2579642653524185,0.0,0.0,0.1877001355069119
C001458,4,0.6157522497932773,0.0,0.0,0.0,0.0,0.0,0.013336547488198111,0.3709112027185246
C001459,2,0.07054160945532788,0.0,0.0,0.3286319194339655,0.5670690730620757,0.0,0.0,0.03375739804863098
C001460,0,0.08048747345879828,0.04238834539389214,0.0,0.0,0.058498719961324115,0.028429233585517837,0.0,0.7901962276004677
C001461,2,0.0,0.0,0.1686801363961218,0.0,0.087667829347776,0.0,0.0,0.7436520342561022
C001462,1,0.0,0.0,0.0,0.0,0.4312078737517656,0.12770993045157591,0.38237720072096504,0.05870499507569338
C001463,4,0.0,0.03979009550256207,0.0,0.0,0.0,0.0,0.0,0.9602099044974379
C001467,1,0.6050886599589911,0.0,0.0,0.0,0.0,0.0,0.0,0.3949113400410089
C001469,1,0.0,0.6139231467948544,0.13995049878511773,0.01514392033723113,0.0,0.02954770812585859,0.0,0.20143472595693812
C001470,0,0.346661364804627,0.0,0.25744046782698493,0.0,0.0,0.0,0.20543272615887748,0.1904654412095106
C001472,0,0.0,0.0,0.0,0.019376612321027137,0.012695458115656488,0.01827003366090481,0.0,0.9496578959024116
C001474,0,0.6447138129751854,0.0,0.0,0.0,0.0,0.25024511738146005,0.0,0.10504106964335458
C001475,1,0.0,0.0,0.0,0.5959032511745671,0.0,0.0,0.0,0.4040967488254329
C001484,2,0.0,0.23428152603539532,0.5596902193544321,0.0,0.0,0.0,0.15585998014986666,0.05016827446030592
C001485,3,0.5060554520964734,0.0,0.07962272338696279,0.0,0.0,0.0,0.029059132655301557,0.3852626918612623
C001486,0,0.0,0.0,0.0,0.26048808691166114,0.0,0.0,0.0,0.7395119130883389
C001487,0,0.0,0.38618849572287467,0.19461512648307538,0.0,0.0,0.0,0.35936426942277194,0.05983210837127806
C001492,0,0.0,0.008042401067328031,0.0,0.09731088074129902,0.0,0.3655847717581421,0.0,0.5290619464332309
C001493,1,0.05672577471486647,0.03986966308462149,0.4167679979857509,0.1468949873431678,0.10302051982242953,0.012359694824312999,0.0,0.2243613622248507
C001497,0,0.7316456694480121,0.0,0.10846255818379957,0.0,0.0,0.04712808191104138,0.0,0.11276369045714696
C001498,3,0.42266873181682607,0.0,0.0,0.0,0.24539534589807735,0.2269426242557008,0.0,0.10499329802939583
C001499,3,0.0,0.8152220295254851,0.0,0.0,0.0,0.0,0.13056636988716896,0.054211600587345976
C001500,1,0.0,0.0,0.47918770635417934,0.0,0.0,0.4472250916495615,0.0,0.07358720199625912
C001501,0,0.7744265301845437,0.0,0.0,0.0,0.0,0.0,0.0,0.22557346981545634
C001503,4,0.0,0.0,0.0,0.22557119596210964,0.40072197804754794,0.0,0.011002606018273343,0.36270421997206914
C001504,3,0.6566021465272398,0.0,0.0,0.18365950952732324,0.0,0.0,0.0,0.15973834394543696
C001506,3,0.0,0.0,0.0,0.32831490169486227,0.0,0.0,0.6123727065746541,0.05931239173048364
C001509,1,0.0,0.042691341358697545,0.05312054204591182,0.6766853878088386,0.0,0.0,0.17977921792382187,0.04772351086273019
C001513,2,0.0,0.6561418679165043,0.0,0.0,0.0,0.0,0.0,0.3438581320834957
C001514,2,0.0,0.0,0.4290872005685015,0.42489531796827096,0.0,0.0,0.0,0.14601748146322757
C001516,4,0.0,0.0,0.0,0.0,0.0,0.0,0.05138443596130238,0.9486155640386976
C001517,2,0.0,0.162116915400488,0.08576510589996689,0.0,0.0,0.6847919667978523,0.00916265184361941,0.05816336005807343
C001520,2,0.0,0.3021773426550609,0.0,0.0,0.0,0.5157279464933777,0.0,0.18209471085156137
C001524,1,0.0,0.231745677358365,0.0,0.38022087502301655,0.3647489371859646,0.0,0.0,0.023284510432653893
C001525,4,0.0,0.0,0.0,0.0854418704981337,0.06128350539909397,0.0,0.0,0.8532746241027723
C001526,3,0.0,0.8684396272350179,0.0,0.0,0.0,0.0,0.0,0.13156037276498211
C001527,2,0.4131808590196308,0.02427712013075995,0.0,0.008236366219872034,0.06119362271814514,0.481916543506411,0.0,0.011195488405181031
C001530,4,0.0,0.0,0.0,0.6564713767713257,0.0,0.0,0.0,0.3435286232286743
C001533,3,0.0,0.02837918268299367,0.0,0.2988444731703852,0.0,0.6668389120667679,0.005248039401832723,0.000689392678020484
C001536,0,0.0,0.0,0.0,0.0,0.0,0.8901002514597056,0.0,0.10989974854029438
C001540,0,0.0,0.06809321329831056,0.0,0.6912396460671458,0.0,0.0,0.0,0.24066714063454364
C001548,3,0.06758985028978486,0.0,0.32641200890274236,0.0,0.5053100831924728,0.0,0.03227065756822062,0.06841740004677943
C001549,4,0.0,0.011573058476007385,0.0,0.9143658093435825,0.0,0.0,0.0,0.0740611321804101
C001554,0,0.30477365742475443,0.3126122333211564,0.2838419946743159,0.0,0.0,0.08663658522716304,0.0,0.012135529352610197
C001555,2,0.0,0.0,0.01112891381076674,0.0,0.0,0.02332562244674342,0.0,0.9655454637424898
C001560,2,0.0,0.0,0.528270780094189,0.0,0.0,0.0,0.19420274878688762,0.27752647111892337
C001561,4,0.0,0.0,0.0,0.0,0.0,0.0,0.0,1.0
C001564,4,0.0,0.0,0.892248437108922,0.0,0.0,0.0,0.0,0.10775156289107801
C001567,1,0.0,0.831244131296887,0.043938775992330814,0.0,0.10352148193419432,0.0,0.0,0.021295610776587814
C001569,0,0.0,0.07471953951723742,0.0,0.0,0.8767328834424343,0.0,0.0,0.048547577040328305
C001570,4,0.037264350588864646,0.7060694592762697,0.0,0.0,0.0,0.21592467211319644,0.02285561710610573,0.017885900915563413
C001571,0,0.0,0.1485264569577304,0.0,0.03485175027388307,0.0,0.6946757149409809,0.052663294034193654,0.06928278379321196
C001572,3,0.5144533419361094,0.0,0.0,0.04585170494259402,0.0,0.0,0.0,0.4396949531212966
C001574,4,0.0,0.0,0.0,0.0,0.0,0.06707656387796901,0.0,0.932923436122031
C001575,3,0.06264089144737359,0.0,0.0,0.8193847925855384,0.0,0.0,0.0,0.11797431596708796
C001576,1,0.0,0.0,0.0,0.14070609100129106,0.4861430212393267,0.0,0.0,0.3731508877593823
C001577,3,0.0,0.19841933064940656,0.0,0.0,0.03493286185113367,0.43145135437588156,0.24140847673533197,0.09378797638824632
C001578,2,0.0,0.20191106742566872,0.0,0.0,0.0,0.6780035652001206,0.0,0.1200853673742106
C001581,4,0.02310943418816258,0.0,0.0,0.0,0.0,0.0,0.0,0.9768905658118374
C001582,3,0.08558395038792965,0.5892339873128053,0.0031270515588323966,0.0,0.2988242106145233,0.0,0.0,0.02323080012590939
C001583,2,0.0,0.0,0.0,0.0,0.5130859456520149,0.20646657155968576,0.0,0.28044748278829934
C001584,1,0.0,0.0,0.0,0.0,0.0,0.0,0.054757716550837277,0.9452422834491627
C001585,4,0.0,0.01933872904869877,0.0,0.0,0.023868953276925554,0.6578708003035504,0.17465560345606232,0.12426591391476294
C001587,1,0.0,0.0,0.0,0.03144992500216258,0.0,0.0,0.3932276895553294,0.575322385442508
C001589,0,0.0,0.0,0.04785521449217637,0.5784251012594136,0.0,0.0,0.21197544203785487,0.16174424221055517
C001590,0,0.0,0.0,0.2618939810007948,0.5603656463354737,0.0,0.0,0.0,0.17774037266373144
C001591,4,0.0,0.0,0.8296703129636113,0.006587213598772314,0.03513575230279032,0.0026061886116455894,0.0,0.12600053252318044
C001592,1,0.0,0.0,0.0,0.0,0.1112348782978794,0.0,0.11608541644871084,0.7726797052534098
C001593,0,0.0,0.0,0.6112083438795712,0.0,0.0,0.0,0.033676297161614736,0.3551153589588141
C001594,3,0.01588873511379329,0.0,0.683800097528448,0.0,0.0,0.0,0.0,0.30031116735775876
C001599,3,0.0,0.0,0.0,0.03163688904591265,0.6945229016304446,0.0,0.0,0.2738402093236427
C001600,1,0.023753808296135402,0.0,0.0,0.2718501288248729,0.0,0.0,0.46716967437804774,0.23722638850094402
C001601,3,0.29756417265313206,0.054799899396516805,0.0,0.0,0.0,0.0,0.6135951553256436,0.034040772624707616
C001602,1,0.0,0.0,0.0,0.0,0.0,0.0,0.0,1.0
C001604,2,0.0,0.33383496590582196,0.0,0.0,0.0,0.08852429797659098,0.0,0.577640736117587
C001607,3,0.0,0.7806573683295696,0.0,0.0,0.0,0.0,0.0,0.21934263167043044
C001608,0,0.0,0.8592391360248545,0.0,0.0,0.0,0.0,0.0,0.14076086397514553
C001613,3,0.01397117531371226,0.0,0.3282040583028529,0.0,0.0,0.08637514735196056,0.362711557650426,0.20873806138104833
C001614,2,0.0,0.0,0.9133121471383077,0.0,0.0,0.0,0.05955989044935515,0.02712796241233717
C001615,3,0.0,0.0,0.16868913494529475,0.0,0.7102231303539093,0.06091246612168913,0.0,0.06017526857910682
C001616,3,0.0,0.19091341931769876,0.0,0.1999441702495821,0.0,0.5429597032641429,0.0,0.06618270716857622
C001617,0,0.0,0.0,0.0,0.6465507984015815,0.0,0.17907929996087346,0.15210425870144556,0.02226564293609945
C001618,1,0.0,0.0073957420186132085,0.0,0.046689764779457466,0.0,0.0,0.0,0.9459144932019293
C001621,0,0.0,0.04619000476109086,0.0,0.0,0.3106814044368745,0.0,0.6048061459980477,0.038322444803986944
C001624,1,0.3531052073370762,0.0,0.0,0.0,0.0,0.0,0.07126820164711284,0.5756265910158109
C001625,3,0.0,0.0,0.12476910843817646,0.0,0.0,0.0,0.0,0.8752308915618235
C001626,0,0.0,0.0,0.0,0.0,0.0,0.0,0.0,1.0
C001627,0,0.0,0.0,0.0,0.2783824087537764,0.12549975400828803,0.02975611476932705,0.0,0.5663617224686085
C001631,2,0.0,0.0,0.10557643030545716,0.0,0.0,0.0,0.0,0.8944235696945428
C001634,2,0.16480430533681908,0.0,0.0,0.8002261082518023,0.025988818957080235,0.0,0.0,0.008980767454298322
C001635,0,0.3270243144909187,0.05821182535497472,0.0,0.0,0.0,0.10184793321258616,0.16673684078008752,0.3461790861614329
C001639,0,0.012861169230041988,0.0,0.0,0.0,0.5656086818633375,0.0,0.0,0.42153014890662055
C001640,0,0.0,0.0,0.0,0.09993596677316408,0.0,0.0,0.0,0.9000640332268359
C001641,3,0.0,0.0,0.0,0.0,0.04517842290086682,0.0,0.0,0.9548215770991332
C001642,3,0.0,0.0,0.0,0.0,0.0,0.0,0.0,1.0
C001644,2,0.0,0.0,0.0,0.02240186576401991,0.07877661090200207,0.0,0.0,0.898821523333978
C001645,3,0.0,0.16599375633334776,0.0,0.0,0.0,0.36091916041049354,0.0,0.47308708325615867
C001648,2,0.0,0.0,0.080672239386172,0.0,0.0,0.5479417807954995,0.24341704680759518,0.12796893301073342
C001650,4,0.0,0.11153203602611508,0.7716887927785082,0.0,0.0,0.0,0.0,0.11677917119537673
C001655,0,0.0,0.0,0.0,0.10505751928348712,0.6329932378594261,0.0,0.22710905297816325,0.034840189878923455
C001656,1,0.0,0.3047233485372202,0.6345257233926287,0.0,0.0,0.04999135028749354,0.0,0.010759577782657459
C001660,0,0.0,0.0,0.0,0.5102104937570691,0.0,0.0,0.0,0.48978950624293094
C001662,0,0.1547294619685073,0.0,0.0,0.0,0.732781603713028,0.02636965279555167,0.0,0.08611928152291304
C001664,0,0.0,0.0,0.0,0.0,0.5911980989738095,0.3291415274114937,0.0,0.0796603736146968
C001665,2,0.0,0.0,0.0,0.0,0.0,0.7448692430627979,0.0,0.2551307569372021
C001666,0,0.0,0.0,0.0,0.2029923514942258,0.0,0.0,0.0,0.7970076485057742
C001668,0,0.0,0.0,0.0,0.4888188860264448,0.17087058006202538,0.2675831529635455,0.0,0.07272738094798425
C001670,2,0.0,0.7428126803258183,0.0,0.0,0.0,0.05840964631238376,0.0,0.19877767336179797
C001672,1,0.0,0.0,0.0,0.8632903562240624,0.0,0.0,0.0,0.13670964377593764
C001673,1,0.0,0.0,0.20540337962209076,0.0,0.0,0.0,0.7034678339722139,0.09112878640569533
C001674,0,0.0,0.0,0.08891573520344084,0.14347666174757398,0.7153974994552121,0.0,0.0,0.05221010359377298
C001676,4,0.0,0.0,0.0,0.01875238039392853,0.0,0.28229269514921895,0.3555122430128622,0.34344268144399037
C001678,2,0.0,0.7948730621793327,0.0,0.0,0.0,0.0,0.0,0.20512693782066727
C001680,3,0.1414923794459807,0.2392628642449307,0.0,0.0,0.0,0.0,0.1711768249203004,0.4480679313887882
C001681,0,0.0,0.1436535852807228,0.0,0.0,0.0,0.0,0.4845482021645682,0.371798212554709
C001682,0,0.0,0.0,0.0,0.09001469789333405,0.0,0.0,0.0,0.909985302106666
C001686,0,0.0,0.0,0.009248809488538255,0.0,0.7403927423753375,0.0,0.24905680444666536,0.0013016436894589534
C001692,0,0.0,0.0,0.0,0.0,0.12387759477076545,0.5534748956632017,0.0,0.32264750956603283
C001695,4,0.0,0.0,0.13885735564518709,0.0,0.0,0.0,0.0,0.8611426443548129
C001697,3,0.0,0.0,0.06707942630494168,0.05210501973374703,0.0,0.10688081885511226,0.0,0.773934735106199
C001699,0,0.0,0.030588231399852877,0.21704133302648704,0.10340290623178558,0.0,0.12323237805141174,0.38068410772301314,0.1450510435674497
C001700,2,0.0,0.0,0.0734905631686622,0.0,0.0,0.0,0.0,0.9265094368313378
C001703,0,0.0,0.0,0.886697937903983,0.0,0.0,0.0,0.0,0.11330206209601701
C001704,2,0.0,0.01476531977400845,0.0,0.6260562477138296,0.1965884318894805,0.0,0.0,0.16259000062268147
C001705,3,0.009446900563657787,0.0,0.0,0.0881329946832831,0.0,0.2209612869851088,0.5447425208219807,0.13671629694596965
C001706,1,0.4865443160151517,0.0,0.2228709632358047,0.0,0.0,0.0,0.0,0.2905847207490436
C001707,4,0.0,0.19034033473013434,0.0,0.0,0.7755828143113896,0.0,0.0,0.03407685095847601
C001708,3,0.0,0.0,0.385733082042441,0.3836761696223837,0.0,0.014211867954166242,0.0,0.21637888038100894
C001710,2,0.0,0.012999998733607618,0.08935738748771051,0.0,0.06594633671783208,0.0,0.0,0.8316962770608498
C001712,0,0.0,0.0,0.57756763803901,0.3964890201033995,0.0,0.0,0.0,0.025943341857590507
C001713,4,0.14150230018097726,0.0,0.027705325648980168,0.0,0.011759448567394575,0.0,0.40106648669388834,0.4179664389087596
C001715,2,0.11191703612504078,0.4909158203304518,0.0,0.0,0.1254366035255044,0.2600838737109553,0.0,0.011646666308047782
C001717,1,0.9144743994437295,0.0,0.0,0.0,0.0,0.0,0.0,0.08552560055627045
C001718,4,0.0,0.1966991014676876,0.008976323477586305,0.4101212253226622,0.2964861610183428,0.0,0.0,0.08771718871372103
C001719,3,0.0,0.871186303750345,0.041380684553620956,0.0,0.0,0.0,0.0,0.08743301169603401
C001720,1,0.0,0.0,0.0,0.0,0.7640886936953124,0.0,0.0,0.2359113063046876
C001721,1,0.0,0.0,0.0,0.0,0.0,0.0,0.7857276505260625,0.21427234947393747
C001723,3,0.0,0.0,0.0,0.0,0.0,0.0,0.8354232017370603,0.1645767982629397
C001724,3,0.0,0.6622053490701828,0.0,0.0,0.0,0.0,0.0,0.3377946509298172
C001732,3,0.0,0.009910624082217686,0.016508281235031733,0.0,0.0972474955041396,0.0,0.0,0.876333599178611
C001734,1,0.12667814266422528,0.0,0.0,0.0,0.0,0.0,0.0,0.8733218573357747
C001735,4,0.19712286185532518,0.4304341614229343,0.0,0.0,0.06763769117514272,0.0,0.29966422252297076,0.005141063023627046
C001736,0,0.0,0.0,0.0,0.0,0.7737673165132075,0.025634199841281607,0.0,0.20059848364551092
C001737,1,0.21565941720686146,0.4129514404334656,0.020240917530018346,0.01494584521726195,0.0,0.0,0.05219676221455728,0.28400561739783536
C001740,1,0.6846118604777173,0.0,0.0,0.0,0.04048294973316713,0.0,0.0,0.2749051897891156
C001742,4,0.0,0.0,0.0,0.0,0.0,0.816180632845761,0.0,0.18381936715423897
C001744,4,0.0,0.016871207720523522,0.06736740014335743,0.0,0.0,0.6287826084530438,0.2023825003223119,0.08459628336076341
C001749,1,0.8855278914142761,0.0,0.006334184118521869,0.02963454806449309,0.0,0.0,0.07722344223410887,0.001279934168600061
C001751,3,0.0,0.0,0.2962374244747384,0.0,0.0,0.0,0.5698610547265177,0.13390152079874396
C001753,1,0.0,0.0,0.0886745488267399,0.0,0.0,0.5269555313736125,0.0,0.38436991979964763
C001755,3,0.0,0.0,0.0,0.0,0.26983601790322365,0.0,0.517430340285537,0.21273364181123933
C001757,3,0.4118892558611853,0.0,0.0,0.0,0.3345860698674268,0.0,0.21090667459622497,0.042617999675163
C001758,1,0.6677473487602297,0.0,0.08460144082178477,0.0,0.0,0.02152540396047302,0.0,0.22612580645751257
C001760,1,0.0,0.0,0.0,0.0,0.0,0.0,0.0,1.0
C001762,2,0.40892387429452604,0.0,0.3435161046267274,0.0,0.0,0.0115542564126722,0.0,0.23600576466607437
C001765,4,0.03065162617854224,0.0,0.0,0.0,0.028990072228692338,0.019107398016501267,0.0,0.9212509035762642
C001766,4,0.0,0.490080248095661,0.0,0.0,0.0,0.01892017614021849,0.0,0.49099957576412057
C001768,0,0.0,0.0,0.0,0.0,0.07422199568640792,0.0,0.39216719595117766,0.5336108083624145
C001772,2,0.0240920841508221,0.0,0.0,0.002750715169593588,0.9409853805079035,0.0,0.0,0.032171820171680854
C001773,1,0.3550831308530571,0.0,0.0,0.0,0.0,0.0,0.0,0.6449168691469429
C001778,1,0.08237090498772927,0.051150476016915095,0.0921116992698239,0.0,0.0,0.2787965656455253,0.0,0.4955703540800065
C001779,2,0.0,0.6695375450374321,0.0,0.19792410204162542,0.0,0.013225783625453909,0.0,0.11931256929548861
C001785,1,0.0,0.0,0.0,0.0,0.6003578330377728,0.0,0.20163978498328344,0.19800238197894382
C001787,2,0.272476174292566,0.022492900386641323,0.0,0.04160126494152743,0.0,0.6376848346719841,0.0,0.025744825707281205
C001788,0,0.4903856925742013,0.03582509679683703,0.0,0.0,0.0,0.0,0.0,0.47378921062896173
C001789,2,0.930876011936356,0.0,0.0,0.0,0.0,0.0,0.0,0.06912398806364395
C001791,2,0.0,0.0,0.0,0.9802760866139725,0.0,0.0,0.0,0.019723913386027525
C001792,2,0.0,0.0,0.0,0.0,0.0,0.4749821546149233,0.0,0.5250178453850767
C001793,2,0.20844229092277874,0.0,0.0,0.0,0.14816469876130872,0.622495091738417,0.0,0.020897918577495567
C001794,2,0.008910951018556967,0.0,0.008542413593613274,0.011596026537791897,0.0,0.10147276966638356,0.8653126299138011,0.004165209269853198
C001795,1,0.0,0.0,0.027976187749192766,0.07782755586460266,0.0,0.0,0.4925382404783054,0.4016580159078992
C001797,3,0.0,0.0,0.0,0.410764949181996,0.0,0.0,0.0,0.589235050818004
C001799,2,0.0,0.0,0.0,0.11312770996850594,0.014281847205350574,0.060245708843342176,0.7945061225267543,0.017838611456046927
C001801,1,0.0,0.0,0.0,0.033835431312027237,0.07265553960511774,0.21341832544734352,0.0,0.6800907036355115
C001802,3,0.0,0.0,0.013666785463870216,0.0,0.06436998343313574,0.0,0.0,0.921963231102994
C001806,4,0.0699956570375278,0.0,0.13628178725558182,0.0,0.5096645936304733,0.0,0.0,0.284057962076417
C001809,0,0.27327773540472605,0.12796250168405268,0.1823318481576885,0.06777898389019127,0.0,0.07455991785585331,0.0,0.2740890130074882
C001810,4,0.0,0.5515091447593465,0.0,0.0,0.4125346248950496,0.0,0.0,0.0359562303456038
C001813,2,0.0,0.0,0.8864308566566969,0.0,0.0,0.0,0.0,0.11356914334330315
C001815,4,0.0,0.9409032503500958,0.0,0.0,0.0,0.0,0.0,0.05909674964990419
C001817,0,0.12990925455114333,0.0,0.0,0.0,0.22432764234766261,0.016677275762628643,0.44717978322721624,0.18190604411134914
C001818,0,0.0,0.39219819161581476,0.33112165211115707,0.0,0.03559005898896731,0.0,0.1311082810881329,0.10998181619592795
C001820,4,0.0,0.0,0.8302392025684706,0.0,0.0,0.0,0.0,0.1697607974315294
C001824,1,0.25330328987997486,0.0,0.5188189727065573,0.0,0.0,0.0,0.0,0.22787773741346784
C001826,1,0.0,0.0,0.0,0.0,0.0,0.0,0.30115517232740796,0.698844827672592
C001827,1,0.0,0.5680998112205989,0.0,0.0,0.08886875828963524,0.0,0.0,0.3430314304897658
C001832,3,0.24658524621596511,0.0,0.2792738060217407,0.0,0.05088132981621736,0.0,0.2404581362906993,0.18280148165537757
C001834,3,0.06884877084662273,0.0,0.0,0.501761549409569,0.0,0.0,0.0,0.42938967974380826
C001838,4,0.0,0.4409323957957627,0.0,0.0,0.4810831188607226,0.0,0.0,0.07798448534351476
C001840,2,0.06272638795753402,0.0,0.0,0.0,0.0,0.0,0.06950243604128684,0.8677711760011791
C001841,3,0.0,0.0,0.0,0.0,0.9353730246916624,0.0,0.0,0.06462697530833761
C001843,1,0.0,0.0,0.0,0.014114079285349801,0.0,0.19785387259916964,0.6792926759601007,0.10873937215537988
C001844,1,0.1723324217436753,0.1693935584197532,0.0,0.20648284795937238,0.0,0.0,0.3347345940732897,0.11705657780390943
C001846,1,0.0,0.0,0.6590374596119162,0.0,0.0,0.12233258186751471,0.0,0.2186299585205691
C001848,0,0.09987099679571616,0.06720013573717618,0.0,0.0,0.5789896721962415,0.0,0.0,0.25393919527086606
C001849,1,0.0,0.0,0.0,0.0,0.0,0.0,0.0,1.0
C001850,4,0.42801085010080026,0.0,0.0,0.0,0.0,0.5405831345082344,0.0,0.031406015390965436
C001851,4,0.3377658092769106,0.0,0.0,0.0,0.0,0.0,0.5186649710914918,0.14356921963159763
C001854,2,0.0,0.324427340140056,0.0,0.0,0.06761520066259533,0.0,0.14439072698539582,0.4635667322119529
C001855,0,0.0,0.0,0.07924998352354216,0.0,0.06894576495776289,0.044587887362648945,0.17227124998191967,0.6349451141741262
C001856,3,0.5971179208455775,0.0,0.0,0.08220547989170315,0.0,0.0,0.0,0.3206765992627194
C001857,2,0.0,0.02522983951967837,0.0,0.02090452233490326,0.1354076150654589,0.0,0.8089241816764264,0.009533841403533083
C001859,1,0.12629210922722964,0.0,0.6385063960532783,0.0,0.024529775612088002,0.0,0.0,0.210671719107404
C001860,3,0.0,0.0,0.0,0.0,0.8347482150443902,0.0,0.0,0.16525178495560977
C001863,1,0.0,0.0,0.0,0.918194374263751,0.0,0.026501873072343696,0.0,0.0553037526639053
C001864,2,0.0,0.46694699918797417,0.1668709512594989,0.0,0.012993125731630471,0.0,0.0,0.3531889238208965
C001866,2,0.06935838552445046,0.015127900265130377,0.0,0.0,0.0,0.0,0.0,0.9155137142104192
C001867,2,0.39151642607847087,0.0,0.0,0.04369419604546432,0.0,0.2255597474553243,0.05951952881760134,0.27971010160313914
C001871,4,0.0,0.0,0.0,0.0,0.049071972458793245,0.0,0.0,0.9509280275412068
C001873,2,0.2825092586173825,0.0,0.0,0.0,0.0,0.0,0.0,0.7174907413826175
C001875,4,0.0,0.0,0.5793111438211732,0.0,0.14053135023275598,0.01596745081122247,0.0,0.2641900551348484
C001879,1,0.27897383958041755,0.0,0.3534018326914827,0.0,0.0,0.04041667173945963,0.04228547898493779,0.28492217700370226
C001880,3,0.0,0.0,0.020000563883501438,0.01663459445633472,0.0723025586309682,0.0,0.0,0.8910622830291957
C001881,1,0.0,0.0,0.2095223843485633,0.0,0.0,0.0,0.7796345360450722,0.010843079606364547
C001884,3,0.0,0.0,0.24344171474232695,0.5435676918141124,0.020356972592574154,0.0,0.0,0.19263362085098656
C001886,1,0.0,0.8978625613880997,0.0,0.0,0.046921026812857605,0.0,0.0,0.055216411799042686
C001891,3,0.0,0.526669716881023,0.1722631795857734,0.29395642099316716,0.0,0.0,0.0,0.007110682540036439
C001893,2,0.0,0.0,0.0,0.8246065028799745,0.0,0.0,0.0,0.1753934971200255
C001894,2,0.348647361241136,0.0,0.0,0.15932593875592435,0.0,0.0,0.0,0.4920267000029397
C001896,2,0.19561724849890147,0.3889070840097199,0.09078935118890716,0.0,0.0,0.2694497644149918,0.027136769782521344,0.028099782104958337
C001897,4,0.0,0.018421175564766582,0.05884106342455808,0.0,0.0,0.0,0.5171995253539419,0.4055382356567334
C001898,1,0.013236959436824536,0.2543371740359942,0.0,0.0,0.026791087210724814,0.0,0.6722272274344218,0.0334075518820347
C001900,4,0.0,0.3223604757614342,0.5305917344564118,0.0,0.145500787966631,0.0,0.0,0.0015470018155230303
C001903,0,0.034282180135332276,0.4308896331768406,0.0,0.43273654964322694,0.0,0.0,0.0,0.10209163704460011
C001904,1,0.42138430788039355,0.0,0.3275803098522672,0.0,0.002033616785371636,0.1381026398512447,0.03851056761795964,0.07238855801276323
C001909,2,0.0,0.0,0.8433005987208487,0.0,0.0,0.0,0.0,0.15669940127915127
C001911,4,0.5212980508987364,0.34772518028188376,0.0,0.0,0.0,0.0,0.0899550967346074,0.041021672084772476
C001914,2,0.0,0.0,0.12627636374879864,0.04591911790043387,0.0,0.0,0.5043589331944804,0.3234455851562871
C001921,4,0.0,0.0,0.0,0.037997902733213726,0.011469763870846382,0.0,0.0,0.9505323333959399
C001922,3,0.0,0.0,0.02616399673280875,0.9099856060537812,0.02740493033324776,0.0,0.0,0.03644546688016226
C001923,0,0.0,0.0,0.0,0.0,0.7753035891965856,0.0,0.1678177710512614,0.056878639752153015
C001928,4,0.0,0.0,0.0,0.23415340274100094,0.0,0.0,0.0,0.7658465972589991
C001929,4,0.0,0.0,0.0,0.0,0.8661132875325656,0.0,0.0,0.13388671246743444
C001930,2,0.1595235714701203,0.023655714701508714,0.637506252419063,0.0,0.0,0.0,0.0,0.17931446140930796
C001931,4,0.0,0.0,0.039327429475799175,0.0,0.0,0.0,0.22829866491928436,0.7323739056049164
C001932,0,0.48867247170129396,0.0,0.0,0.005870629214025564,0.0,0.1732546256151325,0.0,0.332202273469548
C001933,0,0.0,0.006519436027863905,0.034672160639089476,0.09145478538277726,0.0,0.7540969050502631,0.10363895369806003,0.009617759201946185
C001934,1,0.041312665634660066,0.0904685987227033,0.018240589529506898,0.0,0.014667934237140872,0.0,0.0,0.8353102118759889
C001935,4,0.0,0.0,0.0,0.0,0.44644086495676355,0.0,0.4732916565092637,0.08026747853397276
C001937,3,0.06069818494250968,0.0,0.7406829753967944,0.0,0.11756351564896182,0.0,0.0,0.0810553240117341
C001939,4,0.27421960112935073,0.0,0.0,0.0,0.0,0.0,0.0,0.7257803988706493
C001940,1,0.0,0.0,0.0,0.6417057140200855,0.0,0.0,0.2781616108669316,0.08013267511298294
C001942,0,0.0,0.23052703409912856,0.12852279740500624,0.0,0.4524500020851731,0.0,0.0,0.188500166410692
C001943,0,0.0,0.18749927748933545,0.6881517569831227,0.0,0.0,0.0,0.08435736468508095,0.039991600842460895
C001947,3,0.05629913447458182,0.0,0.1793172895510699,0.0,0.2811873062923695,0.0,0.0,0.4831962696819788
C001948,4,0.0,0.5240728058076038,0.010702485010596553,0.0,0.0,0.0,0.19900354967599806,0.2662211595058015
C001949,2,0.08282939692777767,0.14327464283507124,0.6543789692972231,0.009472558931310347,0.0,0.0,0.0,0.11004443200861769
C001950,3,0.0,0.8078204667781025,0.0037627276118180684,0.0,0.0,0.18447126042844295,0.0,0.003945545181636478
C001951,2,0.0,0.0,0.0,0.0,0.6743027296350056,0.0,0.0,0.3256972703649944
C001952,3,0.0,0.0,0.0,0.026948180842878422,0.0,0.0,0.0,0.9730518191571216
C001953,3,0.12608210303620104,0.0,0.0,0.0,0.0,0.0,0.0,0.873917896963799
C001955,4,0.2368302185772702,0.0,0.0,0.0,0.15516782277341598,0.5637205910174093,0.0,0.04428136763190449
C001956,3,0.0,0.0,0.17153755876502239,0.014099018501909543,0.06315182002460173,0.0,0.0,0.7512116027084663
C001958,1,0.5559386877539539,0.07718930285865634,0.031000128911330534,0.0,0.09172616770728698,0.013561650409334209,0.0,0.23058406235943807
C001960,3,0.0,0.0,0.12591850181759964,0.553640757645657,0.0,0.0,0.0,0.3204407405367433
C001962,3,0.023415544614994444,0.12321102240182337,0.09508963920333327,0.0,0.0,0.21744129139160476,0.0,0.5408425023882442
C001964,2,0.0,0.0,0.0,0.0,0.0,0.0,0.6879163045382661,0.31208369546173387
C001965,1,0.7751771871405013,0.0,0.0,0.1388012090098318,0.0,0.0,0.0,0.08602160384966684
C001966,4,0.0,0.03454746541758734,0.0,0.0,0.2099205514883531,0.0,0.0,0.7555319830940596
C001968,2,0.0,0.0,0.0,0.0,0.02786719999943032,0.0,0.13323707075984728,0.8388957292407224
C001970,1,0.015874005718340727,0.0,0.0,0.5278618128623702,0.003045510155230282,0.38032457729246866,0.06092817350716925,0.011965920464420798
C001973,0,0.0,0.0,0.0,0.8377487246066211,0.0,0.0,0.0,0.1622512753933789
C001974,0,0.0,0.0,0.0,0.012264563765685457,0.0,0.742224912878214,0.0,0.24551052335610057
C001975,1,0.04639540802381671,0.2593331038462739,0.0,0.036465378764791306,0.0,0.0,0.009630365468171465,0.6481757438969467
C001978,3,0.0,0.0,0.6209830580626402,0.0,0.0,0.22578230967580742,0.0,0.15323463226155232
C001983,4,0.0,0.0,0.0,0.0,0.2529609524450591,0.7432970225884175,0.0,0.0037420249665234273
C001984,1,0.0,0.8297236154467057,0.0,0.0,0.0,0.0,0.0,0.1702763845532943
C001987,2,0.14902148088383743,0.0,0.0,0.10341258598462462,0.0,0.0,0.07387465983023289,0.6736912733013051
C001993,3,0.057424304708119656,0.0,0.0,0.0,0.5122319795893187,0.0,0.0,0.4303437157025617
C001994,0,0.0,0.0,0.0,0.526701677310206,0.0,0.0,0.0,0.473298322689794
C001995,0,0.0,0.12236942011587025,0.12105727465124723,0.08802413422236874,0.24198981382191567,0.0,0.03267635229239541,0.39388300489620276
C001996,4,0.019036828514716612,0.0,0.27435265218696464,0.0,0.02261851886577754,0.0,0.6812827043269752,0.002709296105565917
C001997,0,0.11797549070987097,0.0,0.0,0.0,0.8379097427727471,0.0,0.0,0.04411476651738189
C002000,4,0.8349662315177129,0.0,0.0,0.0,0.0,0.0,0.0,0.16503376848228712
C002002,1,0.0,0.02724806404339931,0.0,0.24199459804758958,0.07784176612718699,0.12526002945116918,0.0,0.5276555423306549
C002003,1,0.0,0.08474611610595886,0.0,0.0,0.0,0.0,0.10101157659046378,0.8142423073035774
C002004,2,0.0,0.0,0.17484383642730467,0.1521203964725164,0.575576652994965,0.0,0.0,0.0974591141052139
C002005,3,0.0,0.0,0.2844871843089905,0.0,0.09087716376943977,0.5707107015774225,0.008873968524271204,0.04505098181987599
C002008,1,0.0,0.11954460808258172,0.44718600676255443,0.0,0.3760668219271723,0.0,0.015563916366857056,0.041638646860834516
C002010,4,0.0,0.0,0.4021039302844304,0.0,0.5732954497141312,0.023671028274618196,0.0,0.000929591726820167
C002012,2,0.0,0.0,0.04415733687980705,0.0,0.0,0.0,0.0,0.955842663120193
C002013,3,0.6903466941598714,0.0,0.0868351934500688,0.0,0.038220707865331466,0.12510919867716305,0.0,0.0594882058475652
C002014,1,0.0,0.08050311655592587,0.41424805239910123,0.024267953781958583,0.0,0.3820410139954987,0.0,0.09893986326751558
C002015,3,0.5353450789789587,0.0,0.054641023490575244,0.0,0.30645279937057446,0.0,0.07543787016237222,0.02812322799751943
C002020,4,0.0,0.5849539579156566,0.0,0.03562014382222988,0.02170280518671974,0.0,0.0,0.35772309307539374
C002021,0,0.2560711314459655,0.0,0.0,0.4033948658367831,0.0,0.0,0.029650215303430993,0.3108837874138204
C002022,1,0.3767027020956364,0.0,0.0,0.0,0.03974424572151761,0.0,0.14247616124490325,0.4410768909379428
C002024,3,0.0,0.14853561392059556,0.0,0.3267042105881219,0.3482875366884792,0.1419935404527205,0.0,0.03447909835008278
C002025,3,0.0,0.48772810064128264,0.0,0.0360802464926498,0.028743078645908995,0.4219803382907995,0.0,0.025468235929359095
C002026,1,0.0,0.0,0.033363627378094965,0.03375578206782658,0.0,0.032301160651122755,0.06653578989373465,0.834043640009221
C002028,1,0.0,0.0,0.027425721102567358,0.0,0.0,0.0,0.0,0.9725742788974326
C002031,0,0.024458959854000456,0.0,0.0,0.015325979142198045,0.0,0.0,0.0,0.9602150610038015
C002033,1,0.0,0.09894538895920937,0.8718483373339431,0.0,0.0,0.0,0.0,0.029206273706847585
C002037,0,0.0,0.3588473514624308,0.0,0.13266869834047693,0.37753501045622245,0.0,0.0,0.13094893974086985
C002039,2,0.0,0.0,0.0,0.0,0.7204603445646167,0.0,0.0,0.2795396554353833
C002040,4,0.0017117985853153288,0.23692607167855984,0.0,0.0,0.7108677485302113,0.0,0.0,0.05049438120591354
C002041,2,0.35968126492081065,0.0,0.0,0.559634635412661,0.0,0.0,0.07259939085552937,0.008084708810998986
C002042,4,0.0,0.0,0.26935689128580464,0.0,0.0,0.5445703077168873,0.0,0.18607280099730805
C002044,3,0.0,0.0,0.0,0.9150317660283607,0.0,0.0,0.0,0.08496823397163933
C002045,3,0.0,0.0,0.0,0.695353289514475,0.0,0.0,0.0,0.30464671048552505
C002046,4,0.0,0.16182917391511478,0.0,0.0,0.0,0.0,0.0,0.8381708260848852
C002049,2,0.0,0.5143018512262031,0.0,0.0,0.004226740040802772,0.0,0.38941022387782354,0.09206118485517056
C002050,2,0.07859038650252015,0.0,0.0,0.0,0.0,0.0,0.0,0.9214096134974799
C002051,4,0.0,0.03165957110743913,0.2242245484696465,0.0,0.0,0.0,0.04271445682292182,0.7014014235999926
C002053,4,0.0,0.0,0.0,0.0,0.0,0.0,0.0,1.0
C002056,0,0.0,0.0,0.0,0.0,0.8509446652310684,0.0,0.0,0.14905533476893162
C002057,2,0.0,0.0,0.004454739728894677,0.04949064171767509,0.8345869442510903,0.0,0.0,0.11146767430233995
C002061,4,0.0,0.0,0.2437848731865258,0.0,0.2953617513124851,0.4362775655970521,0.0,0.02457580990393704
C002064,4,0.4158646459964143,0.0,0.0,0.0,0.0,0.0,0.46202448282561254,0.12211087117797315
C002067,0,0.5220074576667456,0.0,0.3847504476729895,0.02627397181155702,0.0,0.0,0.0,0.0669681228487079
C002068,1,0.0,0.03596377849959628,0.0,0.0,0.0,0.07576228309741062,0.14331681139302105,0.7449571270099721
C002069,2,0.7034448647291532,0.0,0.07705262408938235,0.0,0.09692868124597157,0.042996163445755346,0.0,0.07957766648973752
C002072,2,0.46095528974585,0.4350782279286853,0.0,0.0,0.0,0.0,0.0,0.10396648232546468
C002074,1,0.0,0.0,0.4831808987980567,0.3147912531063197,0.18541287383485336,0.0,0.0,0.016614974260770188
C002075,2,0.0,0.0,0.0,0.0,0.0,0.2916166186563714,0.23568749006126297,0.47269589128236567
C002076,0,0.002308152560080457,0.11264453419313764,0.012321984982002085,0.0,0.0,0.0,0.8393804367172115,0.033344891547568256
C002078,0,0.4217506595630017,0.0,0.30946762905111563,0.029278340963909855,0.0,0.0,0.11373377361034044,0.12576959681163247
C002079,2,0.0,0.07166255498855642,0.05422499137437959,0.0,0.0,0.0,0.8543148319115643,0.019797621725499703
C002081,0,0.0,0.0,0.5339121762421026,0.0,0.2468465176469164,0.0,0.03129713928997428,0.1879441668210068
C002082,0,0.0,0.0,0.015432486659764847,0.0,0.24451652872775906,0.0,0.0,0.7400509846124761
C002084,4,0.010095458280924431,0.0,0.07398911090927135,0.3281720008882295,0.444587054520555,0.04466073261272674,0.0,0.09849564278829293
C002085,2,0.0,0.04742783132273675,0.0,0.0,0.0,0.0,0.0,0.9525721686772632
C002086,1,0.05337873252192738,0.8874491366734035,0.044822394555407166,0.0,0.0,0.0,0.0,0.014349736249261946
C002088,1,0.30273268512163426,0.0,0.014305066259389687,0.11208728474574235,0.0,0.0,0.17185123429539895,0.3990237295778347
C002089,1,0.0,0.0,0.0,0.0,0.8760912756139212,0.0,0.0,0.1239087243860788
C002091,0,0.0,0.4804548653302419,0.23383238789718247,0.05050198721120725,0.20205554201705192,0.0,0.0,0.033155217544316495
C002094,2,0.0,0.0,0.0,0.43715543852211997,0.026211313307009723,0.0,0.5166488026062019,0.019984445564668385
C002095,2,0.0,0.0,0.0,0.0,0.0,0.08243091304117134,0.0,0.9175690869588287
C002097,0,0.0,0.0,0.0,0.0,0.8458866100836099,0.0,0.0,0.15411338991639012
C002098,1,0.0,0.0,0.0,0.0,0.12205083891941651,0.6213366342212752,0.0,0.25661252685930835
C002100,0,0.0,0.0,0.0,0.8968962843241639,0.0,0.022130144617805988,0.0,0.08097357105803016
C002101,1,0.0,0.0,0.0035239125678418353,0.058042908116457445,0.8148507649610677,0.0,0.0,0.12358241435463302
C002103,3,0.0,0.0,0.16058590924692284,0.0,0.32138487729622217,0.0,0.40618011098395057,0.11184910247290447
C002104,0,0.0,0.0,0.0,0.0,0.09147387764283753,0.0,0.0,0.9085261223571625
C002108,3,0.0,0.024316502824449047,0.6159136010254808,0.0,0.0,0.0,0.0,0.35976989615007016
C002111,0,0.0,0.0,0.0,0.07034868024116195,0.48834565651622586,0.0,0.0,0.4413056632426122
C002113,0,0.010685285059542166,0.046496325118537685,0.6071084516481808,0.0,0.013638084885781597,0.0,0.2691051946580523,0.05296665862990535
C002115,1,0.0,0.0,0.0,0.0,0.0,0.0,0.0,1.0
C002116,4,0.44852462789237807,0.0,0.36360288794088025,0.004188306194166034,0.0,0.10034739809292267,0.003528733402397918,0.07980804647725503
C002117,2,0.8786809194976375,0.06226742560165478,0.0,0.0,0.0,0.04405681927940241,0.0,0.014994835621305325
C002118,3,0.0,0.0,0.0,0.0,0.8904444139286891,0.0,0.0,0.10955558607131088
C002119,0,0.21157998039393477,0.0,0.29869627972963386,0.459366401990978,0.0,0.0,0.0,0.03035733788545336
C002121,1,0.46001953139701673,0.0,0.0,0.13245444548013957,0.0,0.19404766274569302,0.0,0.21347836037715062
C002122,0,0.5228135176435059,0.0,0.1154279674580825,0.06538749228097968,0.0,0.0,0.0,0.29637102261743187
C002124,2,0.0,0.0,0.0,0.0,0.054242889428891106,0.03740819730549671,0.0,0.9083489132656122
C002126,3,0.37010756104944115,0.0,0.0,0.3472655545174781,0.028220709989079006,0.0,0.0,0.2544061744440018
C002127,2,0.02892315635347811,0.0,0.0,0.6635761579940304,0.0,0.0,0.0,0.30750068565249156
C002128,0,0.0,0.0,0.0,0.0,0.0,0.0,0.0,1.0
C002129,3,0.0,0.0,0.0,0.02746037489370343,0.17599726608880453,0.0,0.0,0.796542359017492
C002134,2,0.07449839490070405,0.0,0.0,0.0,0.0,0.8276695836808086,0.0,0.09783202141848735
C002136,4,0.0,0.0,0.0,0.0,0.0,0.1929516259946994,0.7274624250465417,0.07958594895875892
C002138,2,0.18936124863035217,0.0,0.0,0.0,0.40164229738140717,0.303396555914713,0.0,0.10559989807352776
C002139,3,0.0,0.0,0.0,0.0,0.0,0.7310558935586288,0.0,0.26894410644137123
C002142,1,0.0,0.2089153732759098,0.0,0.6504294085725086,0.0,0.0,0.0,0.14065521815158155
C002144,0,0.0,0.0,0.0,0.9293700089031869,0.0,0.0,0.0,0.07062999109681312
C002146,1,0.0,0.0,0.050709379343027175,0.0,0.0,0.10235410405501894,0.0,0.8469365166019539
C002147,2,0.0,0.0,0.24556433080563447,0.0,0.4626173427937883,0.0,0.0,0.29181832640057725
C002148,2,0.0,0.0,0.0,0.0,0.23193913886408551,0.23415730507219584,0.0,0.5339035560637186
C002149,4,0.0,0.44939495303943544,0.0,0.4503290084848045,0.0,0.0,0.0,0.10027603847576005
C002150,0,0.07531572230561623,0.0,0.0,0.0,0.0,0.0,0.0,0.9246842776943838
C002151,3,0.0,0.0,0.0,0.0,0.691802537755186,0.0704116147664356,0.0,0.2377858474783784
C002153,0,0.0,0.0,0.0,0.0,0.0,0.7263055715725788,0.0,0.2736944284274212
C002154,0,0.0,0.7547846891054203,0.0,0.0,0.05273356831815161,0.15546089301760255,0.0,0.037020849558825564
C002157,3,0.0,0.0,0.08783521442765235,0.0,0.0,0.0,0.7596427351500689,0.15252205042227884
C002158,4,0.0,0.0,0.0,0.0,0.0,0.0,0.0,1.0
C002160,2,0.0,0.03645814441729098,0.7518328000135454,0.0,0.0,0.0,0.0,0.21170905556916364
C002162,4,0.07334183601004014,0.08600891715225788,0.4126896375612992,0.0,0.0,0.0,0.0,0.42795960927640275
C002163,0,0.0,0.041786030562605325,0.0,0.0,0.0,0.0,0.0,0.9582139694373947
C002165,4,0.08333713274715489,0.10407977469019779,0.0,0.0,0.0,0.3777151834837401,0.0,0.43486790907890716
C002166,3,0.0,0.6981923655191126,0.0,0.0,0.0,0.0,0.09204879139230923,0.20975884308857817
C002167,0,0.0,0.0,0.16232379759944304,0.0,0.0,0.0,0.0,0.837676202400557
C002168,2,0.0,0.11606753183722318,0.0,0.2388177071415853,0.01574702270972212,0.03547288736833967,0.39858764275692804,0.19530720818620173
C002172,3,0.034432738685305844,0.0,0.0,0.06652379738635178,0.35089617034569354,0.0,0.0,0.5481472935826488
C002173,4,0.20483828079677957,0.0,0.0,0.0,0.6541764214309308,0.0,0.0,0.14098529777228963
C002174,4,0.0,0.0,0.0,0.0,0.908817562948091,0.0,0.0,0.09118243705190898
C002175,0,0.0,0.031295229251299884,0.0,0.0,0.02534762906867287,0.014979512806464826,0.550427156174974,0.3779504726985885
C002176,0,0.0,0.0,0.0,0.04580003676030137,0.45715049475150193,0.0,0.4805501374662382,0.01649933102195844
C002177,3,0.0,0.0,0.0,0.0,0.8469038183137797,0.0,0.0,0.1530961816862203
C002183,2,0.0,0.0,0.0,0.5591991426255466,0.3179129443331587,0.0,0.0,0.12288791304129476
C002184,3,0.35459057876123956,0.20304639431679408,0.0,0.33474097731040553,0.0,0.0,0.0,0.10762204961156085
C002187,0,0.0,0.0,0.0,0.8120389454152697,0.17594521711728056,0.0,0.0,0.01201583746744972
C002188,1,0.0,0.0,0.016028260175503777,0.07976043178974952,0.0,0.0,0.0,0.9042113080347467
C002189,0,0.0,0.3744970065502964,0.0858353088414986,0.0,0.0,0.0,0.0,0.539667684608205
C002191,2,0.0,0.5729908009108418,0.07206983570904824,0.0,0.0,0.0,0.034613504628560145,0.32032585875154984
C002194,2,0.0,0.0,0.19961723103285028,0.0,0.305784591958335,0.07713270167825217,0.12732759219191744,0.2901378831386451
C002195,3,0.0,0.6187426482038043,0.0,0.0,0.0,0.0,0.0,0.3812573517961957
C002196,4,0.0,0.6964085224300022,0.0,0.0,0.0,0.0,0.2822720556860026,0.02131942188399516
C002197,4,0.0,0.0,0.0,0.12911400929353992,0.0,0.0,0.0789522620135998,0.7919337286928603
C002198,2,0.0,0.024376777770018652,0.0,0.0,0.0,0.0,0.01676654229146392,0.9588566799385174
C002199,3,0.3511523930699335,0.0,0.0,0.11834469612995509,0.0,0.05179347647200055,0.07600675146559288,0.402702682862518
C002200,1,0.0,0.02878338993765523,0.44360035924050084,0.0,0.0,0.34800537235324286,0.1541756493942245,0.025435229074376453
C002206,1,0.29338207395835786,0.0,0.048715485484132404,0.0,0.0,0.0,0.5604501045715821,0.09745233598592762
C002212,1,0.0,0.0,0.0,0.18968738993213102,0.6320473632976663,0.0,0.0,0.1782652467702026
C002215,2,0.04540307713308517,0.0,0.0,0.0,0.2179578484947915,0.0,0.495082628953025,0.24155644541909838
C002216,1,0.0,0.30337949802174624,0.0,0.28242850070762765,0.0,0.0,0.3016788728447245,0.11251312842590167
C002218,3,0.0,0.5674453664796684,0.0,0.0,0.044932667534654455,0.3534734174997823,0.0,0.03414854848589499
C002222,2,0.10198827415884272,0.0,0.03168809116663407,0.0,0.0,0.0,0.0,0.8663236346745232
C002227,3,0.0,0.0,0.0,0.05108734218461117,0.1349109990098712,0.03437320862033785,0.6449372321355205,0.13469121804965933
C002232,0,0.166781195046544,0.6157886503380912,0.0,0.04810985138152612,0.037679971386974126,0.0,0.0,0.13164033184686463
C002234,2,0.0,0.0,0.009199724856229689,0.0,0.01839255192749909,0.0,0.0,0.9724077232162712
C002235,2,0.0,0.8589576350080028,0.0,0.0,0.0,0.0,0.0,0.14104236499199718
C002236,1,0.0,0.13239082266277524,0.44212017937498543,0.0,0.34478594230413906,0.0,0.0,0.08070305565810032
C002238,4,0.6119613798044902,0.0,0.0,0.04213181927234558,0.0,0.0,0.09783140206906248,0.2480753988541018
C002241,0,0.18644191792817727,0.1083141474303275,0.0,0.0,0.06503390541469924,0.0,0.5348712925799862,0.10533873664680982
C002242,2,0.0,0.0,0.0,0.02610766604600519,0.21216194233329005,0.7069710912470786,0.0,0.054759300373626196
C002243,2,0.0199515592903922,0.0,0.0,0.09497259568047849,0.005091953361701494,0.1587151659200982,0.6849842924393339,0.03628443330799569
C002245,2,0.0,0.0,0.0,0.0,0.0,0.0,0.13749747537077273,0.8625025246292273
C002247,3,0.0,0.04394719407416392,0.15176197648464565,0.0,0.0,0.0,0.2960724640415825,0.508218365399608
C002250,2,0.0,0.18434950804600211,0.21910465458237374,0.044479812848215616,0.03722966025486796,0.0,0.4811931685828974,0.03364319568564311
C002251,1,0.0915158963576816,0.0,0.0,0.0,0.0,0.7530159527849459,0.0,0.15546815085737242
C002256,4,0.09003609587764991,0.0,0.0,0.0,0.0,0.6597171343838707,0.0,0.25024676973847937
C002261,0,0.0,0.38153724923166443,0.0,0.0,0.22026765892281266,0.10511467815011079,0.0,0.29308041369541216
C002265,2,0.0,0.06910969720191673,0.0,0.0,0.0,0.0,0.0,0.9308903027980833
C002266,4,0.0,0.0,0.0,0.0029392618375262505,0.9148178901038673,0.0,0.0,0.08224284805860649
C002274,0,0.0,0.0,0.0,0.12007125692990295,0.0,0.0,0.0,0.879928743070097
C002275,0,0.15488365568389661,0.6645512475165035,0.0,0.0,0.0,0.0,0.0,0.18056509679959987
C002276,2,0.01362147614445521,0.0,0.0,0.005459538561410552,0.0,0.0,0.0,0.9809189852941342
C002277,4,0.0,0.0,0.0,0.0,0.0172362031718236,0.49120033575419125,0.0,0.4915634610739852
C002278,3,0.2010107805681655,0.0,0.0,0.0,0.0,0.0,0.652149826837967,0.14683939259386758
C002280,2,0.0,0.0,0.0,0.0,0.0,0.0,0.0,1.0
C002281,3,0.0,0.059386931240044655,0.09030806520877178,0.0,0.0,0.0,0.0,0.8503050035511835
C002282,2,0.47661772207751574,0.12208706030188338,0.0,0.26930905214216977,0.0,0.0,0.0,0.13198616547843112
C002285,2,0.0,0.06893537500250606,0.056248203826962294,0.0,0.0,0.0,0.03899866921411624,0.8358177519564154
C002286,1,0.0,0.0,0.1093309927682671,0.0,0.047617325915978045,0.514136758270856,0.0,0.3289149230448989
C002288,4,0.08704499260509319,0.29619500745353033,0.0,0.5772398147708132,0.0,0.0,0.0,0.03952018517056333
C002291,1,0.22402338301134048,0.12048550483091194,0.0,0.0,0.0,0.0,0.0,0.6554911121577476
C002292,1,0.0,0.3482704467327062,0.07358812762283864,0.24652740857891825,0.0,0.0,0.0,0.33161401706553684
C002293,3,0.012121030001793529,0.0,0.012136387339680326,0.0,0.0,0.6533948675291231,0.0,0.32234771512940297
C002294,0,0.0,0.755840761846988,0.0,0.0,0.05165517616575955,0.1429900608181942,0.007074365690343739,0.042439635478714544
C002296,4,0.03240079809359453,0.16835128940983723,0.0,0.0,0.0,0.058959125553724616,0.0,0.7402887869428436
C002297,1,0.0,0.0781691783600584,0.0,0.0,0.0,0.0,0.8939064388753418,0.027924382764599742
C002299,0,0.0,0.027582844006359516,0.0,0.0,0.0,0.0,0.7257824734063628,0.24663468258727772
C002300,0,0.7105066875706805,0.0,0.0,0.07297894898287227,0.0,0.19092338371451723,0.0,0.02559097973193003
C002301,2,0.0,0.18548771838246425,0.0,0.5716035791196616,0.0,0.0,0.05179757068322642,0.19111113181464767
C002303,3,0.0,0.0,0.0,0.0,0.0,0.6653241213912705,0.0,0.3346758786087295
C002304,0,0.5457868510056677,0.0,0.0,0.0,0.0,0.0,0.0,0.4542131489943323
C002307,0,0.0,0.0,0.0,0.0,0.0,0.0,0.09919733565272926,0.9008026643472707
C002310,1,0.0,0.0,0.0,0.0,0.0,0.0,0.17380566937060726,0.8261943306293927
C002311,0,0.0,0.0,0.830541257807555,0.0,0.0,0.0,0.0,0.16945874219244506
C002312,1,0.0,0.035512606265815705,0.0,0.11028572210247953,0.0,0.4370716168945489,0.0,0.4171300547371559
C002313,2,0.0,0.0,0.0,0.03436452319178876,0.0,0.04452991525363067,0.0,0.9211055615545806
C002316,3,0.0,0.8573625886419932,0.0,0.0,0.015541163156571603,0.0,0.04147000025997412,0.08562624794146101
C002318,3,0.48523462103215387,0.0,0.0,0.13067332201607945,0.0,0.0,0.0,0.38409205695176674
C002320,1,0.0,0.07242117523677621,0.14063408643784903,0.005688933190630896,0.5305636343958213,0.0,0.17449980540822732,0.07619236533069518
C002321,4,0.0,0.04883044530294415,0.0,0.033738986154517495,0.0,0.0,0.0,0.9174305685425383
C002323,0,0.5953273605440379,0.0,0.0,0.15401043389016267,0.0,0.0,0.0,0.25066220556579943
C002331,4,0.0,0.0,0.0,0.0,0.0,0.9681377893037475,0.0,0.0318622106962525
C002333,3,0.06148528939129287,0.0,0.0,0.0,0.5025842990599885,0.0,0.2591877949435049,0.17674261660521373
C002335,4,0.0,0.0,0.0,0.0,0.0,0.0,0.010275894580169864,0.9897241054198301
C002338,2,0.0,0.0,0.5773437484430309,0.0,0.0,0.0,0.10794232356285102,0.314713927994118
C002346,2,0.03607359111257802,0.0,0.3236958720298012,0.07531742726474247,0.0,0.0,0.0,0.5649131095928783
C002349,1,0.0,0.0,0.0,0.0,0.0,0.0,0.0,1.0
C002351,0,0.0,0.0,0.0,0.0,0.038071651215725706,0.0,0.07802471888628264,0.8839036298979916
C002353,3,0.0,0.0,0.735338183349794,0.0,0.18675414839824583,0.0,0.0,0.07790766825196016
C002354,2,0.0,0.0,0.0,0.0,0.004491458735424276,0.9656117385052658,0.0,0.02989680275930995
C002355,2,0.0,0.0,0.0,0.11330623238662191,0.49552810203425157,0.0,0.3699651809040096,0.021200484675116815
C002358,4,0.0,0.0,0.10685993365207361,0.581363741950542,0.2292797926945027,0.0,0.0,0.08249653170288174
C002360,2,0.08753488988592337,0.0,0.0,0.0,0.8008431564768016,0.0,0.03640487154427012,0.07521708209300493
C002361,1,0.12490586394492864,0.0,0.0,0.0,0.0,0.0,0.0,0.8750941360550714
C002362,0,0.1447730268243073,0.46620046142354965,0.0,0.29514676412234925,0.0,0.0,0.0,0.0938797476297939
C002363,3,0.0,0.0,0.18972189885713328,0.29197881559913585,0.04467476097336337,0.036122770138379987,0.0,0.43750175443198747
C002365,1,0.0,0.0,0.0,0.0,0.6949362767158963,0.03739676267121596,0.01579174129301656,0.2518752193198712
C002366,2,0.3266973056465398,0.0,0.15416177171445974,0.0,0.2955586550191491,0.0,0.0,0.22358226761985134
C002367,1,0.0,0.0,0.0,0.6156787223359327,0.0,0.0,0.3335523392425474,0.05076893842151997
C002368,2,0.5532425782831372,0.0,0.0,0.0,0.41422025541830776,0.0,0.0,0.032537166298555076
C002370,4,0.0,0.0,0.0,0.0,0.9202646028393004,0.0,0.0,0.07973539716069955
C002371,4,0.011675057701363997,0.0,0.0,0.0,0.025816733850301938,0.0,0.0,0.9625082084483341
C002372,4,0.026643815692734704,0.0,0.0,0.0,0.0767582564484584,0.8354576839629803,0.0,0.06114024389582662
C002373,0,0.02713271352867413,0.0,0.17354209801217493,0.0,0.4334079961104124,0.004396160705551543,0.1132937274662342,0.24822730417695282
C002375,3,0.0,0.0,0.0,0.8976867016032442,0.0,0.0,0.0,0.10231329839675585
C002376,1,0.0,0.46162796763501934,0.005402572470771516,0.0,0.0,0.008159052560870836,0.41246463335844014,0.11234577397489809
C002378,4,0.0,0.05829340477574761,0.0,0.0,0.0,0.0,0.14023126632982452,0.8014753288944279
C002379,2,0.0,0.0,0.0,0.0,0.0,0.7896728836551898,0.014086954465781357,0.19624016187902882
C002380,1,0.0,0.0,0.0,0.7187820188406523,0.02623942210707183,0.0,0.0,0.25497855905227584
C002382,2,0.0,0.0,0.0,0.02265557429092108,0.0,0.5266284547503144,0.0,0.4507159709587645
C002386,4,0.0,0.0,0.2582351686634604,0.0,0.0,0.0,0.0,0.7417648313365396
C002388,0,0.0,0.2571948319732647,0.0,0.0,0.0,0.5618122644778243,0.0,0.18099290354891107
C002389,1,0.03568852907012395,0.0,0.031194822640950828,0.29562289786912077,0.0,0.0,0.0,0.6374937504198044
C002394,2,0.0,0.0,0.0,0.2163150016422125,0.1450152464137005,0.0,0.5576806409418331,0.08098911100225381
C002395,0,0.16417683617222836,0.1152359872264568,0.0,0.0,0.07314414173922713,0.30535355500379024,0.27067730064184253,0.07141217921645482
C002397,0,0.0,0.0,0.8825471600648181,0.0,0.0,0.0,0.0,0.11745283993518185
C002398,4,0.32396255733540547,0.0,0.0,0.0,0.0,0.32930995950604364,0.0,0.34672748315855095
C002399,2,0.0,0.0,0.0,0.8276574894010891,0.0,0.0,0.0,0.17234251059891093
C002401,1,0.3690427514911387,0.0,0.0,0.0,0.0,0.0,0.5183086233097547,0.11264862519910657
C002402,3,0.0,0.0,0.06853432030714246,0.0,0.0,0.0,0.0,0.9314656796928575
C002404,2,0.0,0.464902331319072,0.0,0.0,0.0,0.0,0.0,0.535097668680928
C002405,2,0.4866328534121252,0.0,0.022628594259358252,0.47719323915194645,0.0,0.0,0.00811907513765013,0.0054262380389200615
C002406,2,0.0,0.024119069153710593,0.0,0.019233293668996197,0.0,0.7228240829419228,0.0,0.23382355423537038
C002413,4,0.0,0.0,0.14957660947940368,0.0,0.07597505123322998,0.0,0.0,0.7744483392873663
C002414,1,0.0,0.0,0.0,0.0,0.0,0.0,0.0,1.0
C002419,2,0.0,0.0,0.0,0.7077104356665334,0.0,0.0,0.21201189405643,0.0802776702770367
C002421,4,0.12886990057610237,0.0,0.0,0.0,0.0,0.08683003151725494,0.7449348705359303,0.03936519737071231
C002424,1,0.0,0.0,0.0,0.0,0.7063416868631507,0.0,0.0,0.2936583131368493
C002426,1,0.0,0.0,0.0,0.0,0.0,0.0,0.5144427518935547,0.4855572481064453
C002428,0,0.0,0.0,0.0,0.0,0.0,0.0,0.8286664635535047,0.1713335364464953
C002429,4,0.0,0.0,0.7273349660224905,0.10447199265105706,0.15764782151152992,0.0,0.0,0.010545219814922624
C002430,4,0.0,0.5238966501895952,0.0,0.018327186411089044,0.014728763440632807,0.0,0.0,0.44304739995868303
C002431,1,0.9140401095508873,0.0,0.0,0.0,0.0,0.0,0.0,0.08595989044911267
C002438,3,0.0,0.0,0.09221153298472966,0.5279560143451625,0.08804106138371073,0.0,0.007196146858573728,0.28459524442782347
C002439,3,0.0626511482866075,0.0,0.06857482616088577,0.0,0.0,0.012880541889594168,0.5054778337671046,0.35041564989580787
C002441,3,0.0,0.015143782668361675,0.6363569017650449,0.0,0.0,0.25902527947631343,0.0,0.08947403609027993
C002442,1,0.0,0.4519751872272728,0.0,0.16758927266472806,0.0,0.31168603466217576,0.0,0.06874950544582337
C002448,2,0.0,0.1607664232203846,0.0,0.01276599121039798,0.0,0.0,0.0,0.8264675855692174
C002449,3,0.0,0.0,0.0,0.0,0.0,0.9186733583197406,0.030219995382858147,0.05110664629740125
C002450,3,0.03744415533138578,0.06308995438528266,0.07937944724899182,0.0,0.0,0.0,0.0,0.8200864430343398
C002451,0,0.0,0.0,0.14609779572460854,0.031836840897993504,0.0,0.6222681130636634,0.0,0.19979725031373463
C002452,1,0.0,0.014404091578887303,0.6498270815543405,0.12774980407395467,0.0,0.1697096052815988,0.0,0.038309417511218635
C002456,4,0.0,0.0,0.0,0.1508942167892363,0.0,0.5278346027899633,0.0,0.3212711804208004
C002457,3,0.8081962292249016,0.1303125670979748,0.0,0.0,0.0,0.0,0.0,0.061491203677123574
C002458,0,0.0,0.0,0.7229869538372576,0.0,0.0,0.0,0.0,0.27701304616274236
C002460,2,0.0537659624899937,0.0,0.14271677036632274,0.0,0.0,0.0,0.0,0.8035172671436835
C002461,2,0.0,0.0,0.3498428216625784,0.0,0.0,0.15372546733313025,0.13428478343141032,0.36214692757288103
C002462,2,0.0,0.0,0.0,0.6781134146181738,0.0,0.17970038657784418,0.0,0.1421861988039821
C002463,4,0.3247097162294331,0.03265856050547775,0.03959487977466315,0.0016766587035620419,0.051782602481161906,0.4191539959283921,0.0,0.13042358637731
C002474,1,0.0,0.0,0.0,0.854858031979218,0.0,0.0,0.12625361070736837,0.01888835731341365
C002476,0,0.0,0.8465487191501216,0.0,0.0,0.0,0.0,0.0,0.15345128084987836
C002479,4,0.0,0.0,0.0,0.0807950000250569,0.0,0.0,0.0,0.9192049999749431
C002485,3,0.0,0.6047206920858184,0.0,0.0,0.0,0.0,0.05991600580358536,0.3353633021105963
C002488,2,0.0,0.0,0.0,0.0,0.07286813413656279,0.0,0.0,0.9271318658634372
C002490,3,0.0,0.22085880651013517,0.5597159218504152,0.0,0.0,0.015307140963975443,0.19349774742682477,0.010620383248649334
C002491,2,0.5554769348109876,0.0,0.0,0.08340990114024677,0.0,0.0,0.25578465013968743,0.10532851390907827
C002492,2,0.0,0.0,0.0,0.35828769640621505,0.0,0.0,0.3905835546041657,0.25112874898961923
C002493,3,0.0,0.0,0.19188160347459585,0.0,0.0,0.0,0.0,0.8081183965254042
C002495,0,0.29590859684850246,0.0,0.0,0.6793865802099687,0.010650404065046928,0.0,0.0035938922209287493,0.010460526655553193
C002498,3,0.0,0.0,0.0,0.7883081217846991,0.0,0.0,0.0,0.2116918782153009
C002499,2,0.15173600726862743,0.0,0.013432218886528569,0.33228307125809187,0.030320452850358188,0.26979581607275754,0.0,0.20243243366363628
C002500,3,0.0,0.517665449557104,0.0,0.0,0.0,0.07792378220528492,0.0,0.404410768237611
C002501,1,0.04921646987635926,0.0,0.0,0.0,0.1779056454009721,0.04773938878930038,0.027258573644680553,0.6978799222886878
C002503,0,0.0,0.0,0.0,0.06953352630603793,0.022154851741640592,0.034303204393733445,0.0,0.874008417558588
C002512,1,0.3690923697569332,0.2982658962371244,0.0,0.0,0.07622682014368949,0.0,0.14661163235254276,0.10980328150971008
C002514,2,0.0,0.008564192116452912,0.8081663807666272,0.03858607801261878,0.0,0.0,0.0,0.14468334910430114
C002516,3,0.0,0.0,0.0,0.0,0.0,0.6174687075892,0.0,0.3825312924108
C002519,4,0.0,0.0,0.0,0.0,0.0,0.0,0.8939192348696431,0.10608076513035691
C002522,0,0.0,0.0,0.0,0.0,0.3008876153886312,0.6039919127671116,0.0,0.0951204718442572
C002523,2,0.0,0.04210903706783487,0.3355765517195344,0.0,0.44440751539199935,0.16571387773801774,0.0,0.012193018082613638
C002526,4,0.0,0.07023914982394262,0.0,0.2901777909448283,0.26352762600149643,0.2804205267220223,0.04389022308674067,0.051744683420969606
C002527,1,0.17226553524710603,0.0,0.0,0.0,0.0,0.0,0.020422352856620134,0.8073121118962738
C002528,0,0.25701967035197637,0.06304085066799807,0.0,0.06651028743717341,0.33082237220156774,0.024177426765898874,0.06111283726927287,0.1973165553061127
C002530,2,0.16194754224694058,0.0,0.6927888935553481,0.0,0.0,0.09695705039815117,0.0,0.04830651379956019
C002531,2,0.0,0.0,0.0,0.5038207421674974,0.4122328806654836,0.0,0.0,0.08394637716701903
C002533,2,0.0,0.0,0.0,0.0,0.0,0.0,0.0,1.0
C002534,4,0.4111537521211268,0.3510384235101922,0.007043803926318209,0.0,0.0,0.0,0.22979764998355673,0.0009663704588060984
C002539,1,0.0,0.0,0.0,0.0,0.0,0.0,0.14249068859979797,0.857509311400202
C002541,0,0.0,0.02503130370628608,0.1767199734559617,0.0,0.0,0.7239764563608959,0.0,0.07427226647685625
C002542,0,0.0,0.0,0.0,0.0,0.0,0.0,0.9754189676110455,0.024581032388954482
C002544,2,0.0,0.0,0.0,0.1337856560248374,0.0,0.5192415561356443,0.10369928329822611,0.24327350454129226
C002548,1,0.0,0.07486539999724194,0.4715519992185761,0.0,0.0,0.42653801218564885,0.0,0.027044588598533092
C002550,2,0.0,0.0,0.0036459005694053598,0.0,0.0,0.908010768754328,0.0,0.08834333067626665
C002553,3,0.0,0.0,0.761864366908561,0.0,0.08908991456025397,0.0,0.0,0.1490457185311851
C002555,0,0.0,0.16263867899050058,0.7692922020785216,0.0,0.0,0.0,0.0,0.06806911893097789
C002559,0,0.0,0.0,0.5664853793834052,0.0,0.0,0.0,0.0,0.43351462061659485
C002563,4,0.0,0.04498780110369503,0.6676661695684498,0.0,0.032691870917121585,0.0,0.0,0.2546541584107336
C002564,4,0.6280572904369804,0.0,0.019017260873130153,0.02122010317698307,0.0,0.0,0.02928695949327322,0.3024183860196331
C002566,3,0.0,0.0,0.0811392786440176,0.6593745975844836,0.0,0.0,0.02438426899584577,0.23510185477565304
C002567,2,0.08084921823392856,0.0,0.0,0.0,0.0921110710165105,0.0,0.0,0.827039710749561
C002569,4,0.0,0.5429930549851576,0.006138210109422266,0.1760624962385739,0.0,0.011379262083169746,0.16583886986500038,0.09758810671867602
C002571,3,0.8584355224088125,0.0,0.0,0.0,0.09375334783315267,0.0,0.0,0.04781112975803481
C002573,2,0.0,0.03236942659121375,0.5363249155676494,0.08389399785673476,0.0,0.0,0.0,0.34741165998440204
C002581,1,0.040361060247123146,0.0,0.346309528921504,0.0,0.0,0.010145487941483084,0.5870488911344897,0.016135031755400098
C002585,1,0.0,0.0880989798429133,0.09073509182045832,0.0,0.0,0.0,0.10875888253224655,0.7124070458043819
C002587,1,0.0,0.0,0.0,0.10132412481540853,0.6078703455535458,0.2748385422142042,0.0,0.01596698741684155
C002590,1,0.0,0.0,0.12448478750351638,0.6482328553726364,0.0,0.0,0.010072089273557579,0.21721026785028952
C002594,4,0.0,0.0,0.0,0.10854377599073256,0.8538801873400287,0.0,0.0,0.03757603666923881
C002595,2,0.0,0.0,0.0,0.576867453850886,0.0,0.0,0.0,0.423132546149114
C002599,1,0.0,0.0,0.0,0.23513586140935086,0.0,0.22770509128423572,0.0,0.5371590473064134
C002606,0,0.08558254533567605,0.0,0.09629741320779325,0.0,0.44883223601165606,0.0,0.0,0.3692878054448746
C002608,1,0.03989573391568798,0.6434064679491086,0.0,0.0,0.0,0.0,0.0,0.3166977981352034
C002610,4,0.0,0.04418916126959302,0.3789417767450403,0.5643447444067723,0.0,0.0,0.0,0.012524317578594402
C002611,1,0.0,0.790480505964144,0.0,0.03934849211762787,0.019166748230603006,0.0,0.0,0.15100425368762505
C002612,0,0.0,0.0,0.0,0.25384726701161425,0.027204386253322405,0.0,0.0,0.7189483467350634
C002615,1,0.0,0.0,0.0,0.0,0.7905237361157968,0.0,0.18658197538600432,0.022894288498198856
C002617,0,0.026450725773908727,0.016414139485193283,0.0,0.0,0.0,0.0,0.031231019939875135,0.9259041148010229
C002620,0,0.0,0.0,0.0,0.07669688365281258,0.12559561373409547,0.7103548820441312,0.0,0.08735262056896076
C002621,2,0.0,0.2491511898848539,0.21972157964861808,0.21475592388161313,0.0028360249747628307,0.0,0.18778716903022327,0.12574811257992868
C002622,1,0.6124239547703698,0.05378634125700197,0.0,0.0,0.0,0.0,0.2650040703201426,0.06878563365248558
C002623,4,0.0,0.0,0.3225312654027239,0.2311641086107191,0.0,0.0,0.2901361594827835,0.15616846650377347
C002625,0,0.0,0.9252870346327466,0.04569040315897873,0.0,0.0,0.0,0.0,0.029022562208274594
C002626,3,0.0,0.0,0.5785565952769622,0.0,0.0,0.1191491120908193,0.0,0.3022942926322185
C002627,4,0.0,0.051906743075897994,0.0,0.0,0.0,0.0,0.5299395479268268,0.4181537089972751
C002628,2,0.0,0.0,0.0,0.0,0.8509534166380842,0.0,0.0,0.14904658336191579
C002629,0,0.24875411843164102,0.0,0.0,0.0,0.0,0.0,0.05711696538406918,0.6941289161842898
C002634,4,0.020769823557857225,0.0,0.0,0.0,0.011388423380947525,0.09183242664991499,0.0,0.8760093264112803
C002635,3,0.0,0.9265922587081167,0.0,0.0,0.0,0.0,0.0,0.07340774129188332
C002636,3,0.0,0.0,0.009967654756659948,0.0315292586811713,0.0,0.10441906923913821,0.028283635081598504,0.825800382241432
C002637,3,0.0,0.5449121958102708,0.0,0.25707351822059216,0.0536629589188619,0.0,0.0,0.1443513270502751
C002638,4,0.2625120951613178,0.0,0.23039255454970173,0.0,0.0,0.0,0.3317145323033622,0.17538081798561822
C002642,1,0.3200885599553575,0.19563926687423133,0.0,0.21603256825005918,0.0,0.23021585566860803,0.0,0.0380237492517439
C002643,3,0.0,0.0,0.0,0.0,0.03638096764572196,0.0,0.0,0.963619032354278
C002644,0,0.0,0.07229839918190828,0.0,0.0,0.0,0.0,0.0,0.9277016008180917
C002647,2,0.0,0.0,0.0,0.8029420273613062,0.044074943736186395,0.0,0.0,0.15298302890250748
C002649,2,0.0,0.0,0.0,0.0,0.0,0.6706740669094529,0.0,0.32932593309054714
C002650,2,0.0,0.0,0.0,0.0,0.0,0.0,0.2366742630553964,0.7633257369446036
C002653,2,0.0,0.0,0.0,0.0,0.3033574307819182,0.6309501894448245,0.0,0.06569237977325737
C002655,3,0.0,0.0,0.0,0.0,0.6848213812262722,0.2415862426810038,0.0,0.07359237609272395
C002656,2,0.0,0.0,0.0,0.24068809779056533,0.008162615402569028,0.6584177225747622,0.0,0.09273156423210349
C002657,2,0.0,0.0,0.0,0.13488132173805453,0.590983388918606,0.0,0.0,0.2741352893433394
C002660,2,0.1621437207807359,0.5443390785718846,0.0,0.033150164575580184,0.0,0.0,0.0,0.26036703607179934
C002663,1,0.0,0.0,0.0,0.0,0.0,0.0,0.7319618250737903,0.26803817492620974
C002665,2,0.025622806574021408,0.044221498595190145,0.07404458461988156,0.0,0.3067371043890093,0.0,0.0,0.5493740058218975
C002666,0,0.10151154157414953,0.0,0.21282002657075183,0.17629110084723046,0.0,0.0,0.0,0.5093773310078682
C002667,1,0.0,0.8641993218371775,0.0,0.0,0.0,0.0,0.0,0.13580067816282249
C002668,1,0.020505683402781485,0.0,0.0,0.04780300959942721,0.027791075877326914,0.40482780315512,0.0,0.49907242796534435
C002671,0,0.0,0.3338879918510897,0.0,0.0,0.012462581885904829,0.06698843026035046,0.0,0.586660996002655
C002677,1,0.28778313590512666,0.048870657488270346,0.0,0.0,0.34798288236011427,0.0,0.0,0.3153633242464887
C002678,4,0.0,0.0,0.0,0.7950778430310979,0.020768047149807272,0.0,0.0,0.18415410981909486
C002680,2,0.4081933095654703,0.558340770150346,0.004678468626486415,0.0,0.0,0.0,0.0,0.02878745165769725
C002683,4,0.0,0.0,0.0,0.029934427437789433,0.0,0.023256199596700597,0.020712839494883707,0.9260965334706263
C002686,3,0.0,0.6987370672050792,0.0,0.10079246022691866,0.0,0.10385580423330598,0.0,0.09661466833469612
C002687,4,0.26758282320252996,0.0,0.0,0.0,0.0,0.4576610734151996,0.0,0.2747561033822704
C002688,1,0.0,0.0,0.0,0.18546235904228262,0.0,0.0,0.6787191917955697,0.1358184491621477
C002689,2,0.018628315714432377,0.2774055596644778,0.0,0.0,0.6525427417181389,0.0,0.0,0.05142338290295101
C002692,0,0.05814398190713985,0.0,0.04705115155293485,0.0,0.0,0.0661665945105877,0.0,0.8286382720293376
C002694,0,0.0,0.21507863429673396,0.0,0.0,0.0,0.6367886183084592,0.07924392963322373,0.06888881776158318
C002696,0,0.0,0.40603925758942594,0.0,0.1324999677992306,0.0,0.0,0.0,0.4614607746113435
C002697,2,0.0,0.0,0.21828271508115113,0.5449519434451923,0.0,0.0,0.0,0.23676534147365658
C002698,4,0.0,0.0,0.12102417559343226,0.0,0.0,0.0,0.0,0.8789758244065677
C002699,3,0.48568740267956073,0.0,0.0,0.30866808024135345,0.15960811124774177,0.0,0.0,0.04603640583134405
C002700,0,0.12410247587934908,0.0,0.0,0.03154983530001851,0.0,0.07903964176764021,0.0370511302741404,0.7282569167788517
C002703,2,0.0,0.0,0.04812436607521664,0.0,0.0,0.0,0.0,0.9518756339247834
C002705,1,0.7413644004218481,0.0,0.0,0.0,0.0,0.0,0.0,0.25863559957815185
C002707,3,0.5349475878860197,0.0,0.0,0.03834833509078092,0.0,0.0,0.0,0.42670407702319935
C002714,4,0.2878352226028806,0.6474569419061998,0.0,0.0,0.010324369638925392,0.0,0.019793891743574835,0.03458957410841945
C002715,2,0.2590416235480666,0.5019299150964402,0.07909953228314105,0.014610983464280443,0.0,0.006715625944500284,0.045987122613308236,0.09261519705026311
C002719,1,0.17246609359539747,0.0,0.0,0.018013211005308897,0.4659454464949067,0.06508395736478957,0.25021170270821846,0.028279588831378932
C002720,2,0.0,0.7182775274340552,0.1002766057136033,0.0,0.0,0.026819869221956193,0.0,0.15462599763038531
C002721,3,0.0,0.0,0.0,0.0,0.19094010346100365,0.0,0.0,0.8090598965389963
C002725,1,0.0,0.5419974516417789,0.0,0.09646366104294683,0.1814232374449416,0.0,0.0,0.18011564987033268
C002729,4,0.030928333232253125,0.0,0.045546989917514664,0.0,0.0,0.0,0.052179035623459595,0.8713456412267726
C002731,4,0.0,0.03662855908286348,0.0,0.09066665123652357,0.011374729725963258,0.0,0.023765459022874243,0.8375646009317754
C002733,3,0.0,0.0,0.0,0.35045195291474107,0.12861642912177093,0.46149396776226936,0.0,0.059437650201218606
C002734,0,0.09514687465264816,0.0,0.0,0.0,0.38728973907108366,0.3066917203377716,0.0,0.2108716659384966
C002736,1,0.0,0.0,0.7560065962868497,0.0,0.0,0.09388224099574881,0.0,0.15011116271740144
C002737,1,0.0,0.0,0.270153609572619,0.05711110630908148,0.3362022859448908,0.0,0.0,0.33653299817340865
C002738,2,0.10180315821657662,0.8376868882742474,0.0,0.0,0.03108476159905606,0.0,0.0,0.02942519191011994
C002739,2,0.0,0.0,0.0,0.0,0.5945343453410351,0.0,0.0,0.4054656546589649
C002740,1,0.024290199872951366,0.5143532816607711,0.0,0.0,0.0,0.11097481608983872,0.0,0.35038170237643884
C002742,1,0.06351505646493887,0.0,0.0,0.4971352631942211,0.0,0.1178705700516856,0.3119329036721726,0.009546206616982023
C002746,3,0.0,0.0,0.0,0.08455290045610973,0.0,0.0,0.47553660138582016,0.43991049815807015
C002747,0,0.8578814046551395,0.0,0.0,0.0,0.0,0.0,0.0,0.1421185953448605
C002749,2,0.0,0.0,0.0,0.3653307325312648,0.0,0.0,0.2580129502383966,0.37665631723033854
C002751,2,0.0,0.0,0.0,0.07679569571210665,0.0,0.0,0.0,0.9232043042878934
C002753,4,0.0,0.0,0.0,0.48812974778389656,0.0,0.37879716673148334,0.0,0.13307308548462005
C002755,0,0.0,0.05955277530658727,0.0,0.44019478331788414,0.029892479287729985,0.0,0.0489814780555702,0.42137848403222844
C002757,4,0.0,0.058670265715786485,0.0,0.08751466790726112,0.8412576398002902,0.0,0.0,0.012557426576662145
C002758,2,0.0,0.0,0.0,0.0,0.0,0.0,0.0,1.0
C002760,4,0.0,0.0,0.0,0.0,0.3704932048179068,0.4836997364536618,0.004800627984090933,0.14100643074434038
C002762,4,0.49232294589035014,0.0,0.0760018927157732,0.0,0.0,0.0,0.2927437932983323,0.1389313680955444
C002764,1,0.0,0.0,0.13959068754387577,0.0,0.19947971167250858,0.5785316887746871,0.0,0.08239791200892854
C002767,3,0.0,0.0,0.6783141373092004,0.0,0.0,0.0,0.2897291023481684,0.031956760342631174
C002768,3,0.0,0.0,0.0,0.0,0.0,0.0,0.04975147656288781,0.9502485234371122
C002769,4,0.05508353505129778,0.0,0.45704620870786244,0.021914640015284925,0.0,0.0,0.0,0.4659556162255549
C002771,4,0.3262801306467362,0.0,0.6321818999226139,0.0,0.0,0.0290025226346648,0.0,0.012535446795985061
C002772,0,0.0,0.20035250865766582,0.0,0.0,0.016331944664011003,0.0,0.0,0.7833155466783231
C002773,2,0.0,0.0,0.23493736218160824,0.7011212455492369,0.059627942136165034,0.0,0.0,0.004313450132989782
C002775,2,0.0,0.652953737305832,0.051559523849472724,0.010467048878710871,0.0,0.0,0.0,0.2850196899659845
C002779,2,0.5224426070904161,0.0,0.0,0.0039319291333614025,0.0,0.04776164926386461,0.3689045799449302,0.056959234567427686
C002780,3,0.0,0.8710677832267927,0.0,0.0,0.0,0.0,0.0,0.12893221677320732
C002786,1,0.0,0.7979374764312126,0.0,0.0,0.0,0.0,0.0,0.2020625235687874
C002788,1,0.18256253374861994,0.0,0.0,0.0,0.4400273068494863,0.3337155917824517,0.0,0.043694567619442015
C002793,4,0.0,0.0,0.0,0.0,0.0,0.25868896110138245,0.5842323681450161,0.15707867075360138
C002794,2,0.0,0.0,0.03584305966349729,0.0,0.0,0.6630886946353945,0.0,0.30106824570110813
C002795,4,0.30369089248277886,0.0,0.0,0.0,0.0,0.08994106954333042,0.0,0.6063680379738907
C002796,3,0.0,0.0,0.0,0.0,0.837806958306002,0.0,0.0,0.16219304169399795
C002798,0,0.0,0.0,0.46229172359932136,0.0717226075626871,0.15699912151189246,0.0,0.0,0.3089865473260991
C002800,1,0.02591990490228614,0.0,0.6087157939025981,0.0,0.0,0.0,0.0,0.36536430119511576
C002801,4,0.03141260206368696,0.02336878058223853,0.0034642546236278624,0.04645239544890977,0.013810248247793753,0.5711866915221127,0.0,0.31030502751163047
C002802,4,0.0,0.04192830311291892,0.043566742210447276,0.6488601748902396,0.0,0.0,0.13311569803540219,0.1325290817509921
C002804,0,0.025788650288727597,0.0,0.07108203642456502,0.0,0.0,0.08385348263799615,0.0,0.8192758306487112
C002805,3,0.0,0.0,0.0,0.0,0.0,0.0,0.0,1.0
C002808,2,0.0,0.13909160649116037,0.0,0.0,0.0,0.0,0.0,0.8609083935088396
C002809,4,0.0,0.0,0.0,0.6774498077317713,0.0,0.0,0.0,0.3225501922682287
C002810,0,0.0,0.0,0.0,0.21747860874893948,0.0,0.0,0.6501362088826734,0.13238518236838703
C002812,0,0.3121455560366977,0.0,0.17672982780760682,0.0,0.0,0.42865037236057596,0.0,0.08247424379511958
C002813,4,0.25721534290530385,0.0,0.0,0.5252034915706797,0.0,0.0,0.0,0.21758116552401652
C002814,4,0.0,0.05343257164582172,0.0,0.0,0.660478625031482,0.0,0.0,0.28608880332269626
C002816,2,0.0,0.0,0.06924149179529135,0.0,0.43598562366305493,0.059753404094025325,0.0,0.4350194804476284
C002817,1,0.0,0.5982703984742114,0.0,0.0,0.25607760111049577,0.0,0.0,0.1456520004152928
C002820,3,0.315995471771335,0.0,0.0,0.0,0.0,0.4981984875222659,0.0,0.18580604070639906
C002821,2,0.059129049609589396,0.43052647557581597,0.0,0.04218988740783865,0.0,0.4034750460857523,0.0,0.06467954132100373
C002822,4,0.5117469018562915,0.10462861946978254,0.0,0.0,0.0,0.0,0.0,0.383624478673926
C002826,2,0.0,0.0,0.0,0.17955719528651606,0.0,0.17716452156708504,0.62310054159024,0.020177741556158924
C002829,2,0.0318630170861017,0.0,0.0,0.3068299561992154,0.0,0.4218886623467464,0.0,0.2394183643679365
C002834,2,0.0,0.0,0.0,0.0,0.2497671434975042,0.0,0.6485481400643507,0.10168471643814514
C002836,0,0.0,0.0,0.6383733427289271,0.0,0.0,0.0,0.2805751668754736,0.08105149039559922
C002838,0,0.0186792315605108,0.0,0.0,0.0,0.1425822134974711,0.6150775082992972,0.05912871124046778,0.1645323354022531
C002839,1,0.0,0.0,0.06841669592580363,0.0,0.0,0.08880951860149407,0.630038000483923,0.21273578498877932
C002840,2,0.0,0.16740967902828818,0.0,0.0,0.0,0.035794968778120044,0.0,0.7967953521935918
C002842,1,0.0,0.0,0.0,0.0,0.0,0.03676607845704383,0.0,0.9632339215429562
C002843,3,0.39325813351419275,0.1387567990320458,0.0,0.009811335895917782,0.0,0.07468421457813522,0.2529661220531217,0.1305233949265867
C002844,4,0.5821860442394884,0.0,0.0,0.0,0.32968155241551156,0.0,0.0,0.08813240334500005
C002846,2,0.0,0.0,0.0,0.0,0.0,0.0,0.0,1.0
C002847,4,0.0,0.0,0.0,0.0,0.0,0.6525961569968285,0.0,0.3474038430031715
C002849,1,0.0,0.0,0.3178050665820852,0.0,0.0719240996618179,0.026198349336041402,0.0,0.5840724844200555
C002851,3,0.0,0.0,0.0,0.0,0.0628731857541221,0.0,0.019238780202242286,0.9178880340436356
C002852,3,0.0,0.0,0.07853705426649478,0.6067367594195682,0.02380454407302477,0.20742937205560136,0.0,0.08349227018531091
C002853,2,0.0,0.0,0.5307046387256621,0.409466229233715,0.018626850156699636,0.0,0.0,0.041202281883923275
C002855,4,0.03709689017944927,0.20981917398201327,0.0,0.6636993721143685,0.0,0.0,0.0,0.08938456372416903
C002856,1,0.0,0.0,0.038923351094230264,0.0,0.046005191786247346,0.1801613487355517,0.6855460373422559,0.0493640710417147
C002859,2,0.3178549382772452,0.6090408229746404,0.0,0.0,0.0,0.023813882020976784,0.0428108915124475,0.006479465214690117
C002861,4,0.0,0.0,0.0,0.03129486566416895,0.0,0.0,0.0,0.968705134335831
C002862,4,0.0,0.2002833614332245,0.005824435140978963,0.0,0.5519108448672405,0.21302008292562527,0.0,0.028961275632930716
C002863,2,0.0,0.0,0.0,0.0,0.0,0.0,0.0,1.0
C002866,4,0.0,0.4118817265705393,0.14378885245403983,0.0,0.27427344347573296,0.0,0.0,0.17005597749968793
C002869,2,0.0,0.10645075012459192,0.0,0.42185711046172153,0.08416699604746142,0.0,0.27352286540168486,0.11400227796454043
C002870,0,0.5656955769316566,0.0,0.0,0.0,0.0,0.0,0.3894442779648797,0.0448601451034637
C002871,3,0.0,0.0,0.7835231126610911,0.08098119976574336,0.0,0.07882548481978457,0.0,0.05667020275338097
C002876,2,0.0,0.0,0.0769957256893411,0.0,0.0,0.0,0.0,0.9230042743106589
C002877,4,0.0,0.14832358415709693,0.0,0.44378739068962697,0.38471782061310245,0.0,0.0,0.02317120454017363
C002879,2,0.15243719039089462,0.0,0.12188656935142883,0.0,0.0,0.10272542423710004,0.5290005531998321,0.09395026282074437
C002880,3,0.08388090280602956,0.0,0.0,0.0,0.0,0.0,0.0,0.9161190971939704
C002883,0,0.0,0.045923827941939374,0.45540342184534455,0.2154582064227466,0.09662104742076863,0.0,0.0,0.18659349636920086
C002884,1,0.0,0.041807838258438444,0.13550997464207762,0.0,0.06539064310783539,0.7177587530999983,0.0,0.039532790891650293
C002885,2,0.0,0.0,0.8248393630329659,0.0,0.0,0.0,0.0,0.1751606369670341
C002889,1,0.0,0.0,0.0,0.09892623117806015,0.4397917036047988,0.2895885879008703,0.0,0.17169347731627072
C002890,1,0.06801175537533023,0.0,0.0,0.020970634120671544,0.0,0.8901556263173696,0.0031084324104896114,0.01775355177613902
C002891,4,0.3513383269604001,0.08196001028805992,0.49171246977367883,0.0,0.0,0.0,0.0,0.07498919297786111
C002892,1,0.0,0.6307128279209102,0.0,0.0,0.0,0.0,0.0,0.3692871720790898
C002894,2,0.0,0.0,0.0,0.0,0.0,0.0,0.0,1.0
C002895,4,0.7073098467562527,0.0,0.0,0.0,0.0,0.0,0.0,0.29269015324374725
C002896,0,0.0,0.5244270692950899,0.0,0.0,0.1833316282824739,0.0,0.0,0.2922413024224362
C002898,1,0.0,0.2379287487018621,0.0,0.5722591064059642,0.07687679945367289,0.08912375726357155,0.0,0.023811588174929232
C002899,4,0.0,0.0,0.03350037150985763,0.0,0.0,0.0,0.0,0.9664996284901424
C002900,0,0.0,0.0,0.0,0.0,0.3468954549154002,0.6331581067075825,0.0,0.01994643837701726
C002902,4,0.0,0.0,0.8421822380778664,0.0,0.12782566876022158,0.0,0.0,0.02999209316191198
C002903,1,0.20357699535643722,0.0,0.06772999709561456,0.0,0.0,0.048536940232827404,0.0,0.6801560673151208
C002907,2,0.0,0.0,0.0,0.0,0.013745890254856764,0.0,0.09901553155774774,0.8872385781873955
C002908,4,0.0,0.45451119710829324,0.0093195152509565,0.0,0.5088437080478095,0.004494938378418157,0.0,0.022830641214522607
C002909,1,0.0,0.0,0.05091419034429556,0.0,0.0,0.0,0.0,0.9490858096557044
C002910,4,0.0,0.0,0.0,0.0,0.0,0.0,0.7785249327420912,0.22147506725790878
C002912,1,0.0,0.007617803332768502,0.788596379271125,0.0,0.0,0.15513506027437657,0.0,0.04865075712172984
C002913,2,0.08296344320362478,0.13880255901888816,0.0,0.0633469667168508,0.0,0.0,0.0,0.7148870310606362
C002916,0,0.0,0.0,0.22941509633219703,0.0,0.011451163164070367,0.01924173936606168,0.5909165787108622,0.14897542242680872
C002918,2,0.0,0.0,0.0,0.09273220695938272,0.0,0.0,0.5075534657532511,0.3997143272873662
C002919,1,0.046809512653293195,0.07498608290569059,0.0,0.0,0.0,0.0,0.19895954985848388,0.6792448545825324
C002920,4,0.16552301119130525,0.011944520631504769,0.0,0.0,0.7997611732550126,0.0,0.0,0.022771294922177332
C002924,1,0.0,0.0,0.05650235470894221,0.0,0.03623904691569506,0.5284459977391713,0.0,0.3788126006361914
C002926,3,0.0,0.04420159265071577,0.0,0.0,0.022672971031669147,0.03808313215292775,0.0,0.8950423041646873
C002927,3,0.0,0.698100256654199,0.0,0.0,0.1591655231483927,0.0,0.0,0.14273422019740833
C002928,0,0.0,0.0,0.0,0.0,0.0,0.6886828279969797,0.0,0.31131717200302034
C002931,4,0.121706465291128,0.4048760206096108,0.2642048725364577,0.0,0.16859071695923225,0.0,0.0,0.04062192460357128
C002932,3,0.0,0.0,0.0,0.8162085646073066,0.06427820974784838,0.0,0.0,0.11951322564484501
C002934,0,0.18181942510540888,0.04112210270586506,0.0,0.0,0.0,0.034023662646390875,0.10483630927355361,0.6381985002687816
C002935,4,0.0,0.0,0.6821948877140711,0.0,0.27128819016302536,0.005102735063871926,0.0,0.04141418705903166
C002940,4,0.0,0.0,0.0,0.2688572048663953,0.5204624152382257,0.0,0.09297581694084948,0.11770456295452958
C002941,4,0.0,0.3158569009777408,0.0,0.0,0.0,0.5453438400724347,0.11899140459334796,0.019807854356476473
C002942,2,0.08651060493450446,0.0,0.0,0.07038582545905114,0.0,0.5051346304625944,0.23782325022787776,0.1001456889159722
C002943,3,0.0,0.0,0.0,0.0,0.0,0.0,0.0639368934064598,0.9360631065935402
C002948,2,0.013828703332729637,0.0,0.0,0.4643000142632851,0.0,0.0,0.38964444555613864,0.13222683684784664
C002953,3,0.0,0.36574884625631254,0.0,0.21150198653584604,0.1025164404561588,0.0,0.0,0.3202327267516826
C002955,0,0.0,0.0,0.0,0.0,0.013637818414515834,0.0,0.0,0.9863621815854842
C002957,2,0.0,0.0,0.17094827124067855,0.0,0.0,0.0,0.4884734135498868,0.3405783152094346
C002958,1,0.29975441501179173,0.0,0.0,0.0,0.008139175582572678,0.6819049889187346,0.0,0.01020142048690098
C002964,1,0.0,0.7417799206736265,0.0,0.0,0.0,0.0,0.0,0.2582200793263735
C002966,4,0.0,0.0,0.09635427389735915,0.0,0.0,0.6918830898835443,0.15556748824799946,0.05619514797109704
C002967,0,0.02141100604483603,0.0,0.0,0.0,0.1951432306019004,0.0,0.5156358085485131,0.26780995480475045
C002970,0,0.0,0.0,0.013637163983400178,0.4186673523494736,0.0,0.0,0.3122786161528621,0.25541686751426407
C002971,2,0.0,0.0,0.0,0.11843849125738375,0.0,0.15739778093812273,0.0,0.7241637278044935
C002973,2,0.1263273695036377,0.6301656525971393,0.0,0.06912491065528684,0.010730491908970014,0.0,0.0,0.1636515753349661
C002975,2,0.0,0.335295123228373,0.0,0.0,0.0,0.0,0.6014740174034021,0.06323085936822492
C002977,2,0.0,0.0,0.0,0.059302678867638466,0.4065179312610104,0.24641645953871172,0.0,0.28776293033263944
C002987,1,0.6095205069445666,0.0,0.12957675924796017,0.2138944989514823,0.0,0.0,0.0,0.04700823485599093
C002988,1,0.0,0.0,0.0,0.0,0.0,0.43281078588782534,0.40300815070022683,0.16418106341194783
C002989,3,0.0,0.0,0.0,0.4165510769091703,0.0,0.0,0.027018605937612173,0.5564303171532174
C002990,0,0.011514055334986142,0.0,0.0,0.8255415707612299,0.030959858866983894,0.0,0.0,0.13198451503679998
C002994,3,0.0,0.0,0.10857623437806938,0.0,0.0,0.8223904946286615,0.0,0.06903327099326906
C002996,3,0.0,0.0,0.0,0.0,0.0,0.0,0.8584846446594339,0.14151535534056614
C002998,3,0.5973189624718891,0.0,0.0,0.0,0.16584348141575203,0.0,0.0,0.2368375561123589
C002999,4,0.0,0.0,0.0,0.0,0.029948083892054278,0.0,0.0,0.9700519161079457
C003001,0,0.0,0.008966490219234421,0.575219829183129,0.1843377204245947,0.0,0.0,0.03514556653307988,0.19633039363996196
C003004,3,0.0,0.0,0.07421992161743647,0.0,0.04713444509297952,0.0,0.0,0.878645633289584
C003006,4,0.0,0.03701351051077915,0.0,0.786597041423809,0.0,0.0,0.0,0.1763894480654118
C003007,4,0.0,0.25310392139547955,0.053112579895433484,0.0,0.0,0.0,0.0,0.693783498709087
C003008,1,0.2914041353029411,0.0,0.0,0.0,0.46074332146634916,0.0,0.16121342840513006,0.08663911482557962
C003009,3,0.5603684947927631,0.0,0.0,0.05662977450475644,0.08835576734798711,0.0,0.0,0.29464596335449333
C003010,0,0.0,0.0,0.0,0.0,0.0,0.0,0.0,1.0
C003011,4,0.0,0.0,0.47660034923788724,0.042564367985016595,0.3941710586100245,0.0,0.0,0.08666422416707165
C003015,4,0.0,0.0,0.0,0.0,0.0,0.0,0.9364859663275662,0.0635140336724338
C003017,2,0.07117074516211298,0.0,0.0,0.34565584192678095,0.0,0.0,0.0,0.5831734129111061
C003020,0,0.184698341681858,0.0,0.0,0.3802100648985044,0.0,0.35216675597470515,0.0,0.0829248374449324
C003023,3,0.01588427560206253,0.04660190151340239,0.02570072934240267,0.5641678516527562,0.0,0.0,0.01711286362969993,0.3305323782596764
C003024,4,0.0,0.0,0.0,0.2852078908405278,0.14020627362458069,0.4720508196394475,0.0,0.102535015895444
C003025,4,0.0,0.0,0.6422497345557573,0.0,0.0,0.062228368152669924,0.0,0.29552189729157274
C003026,2,0.0,0.011262087384162836,0.5968443302145843,0.03980157894030663,0.0,0.22350010522189964,0.0,0.1285918982390466
C003031,1,0.09437694782720867,0.0,0.0,0.0,0.09056698692430705,0.0,0.0,0.8150560652484843
C003034,2,0.027388201796735727,0.0,0.5552836461477147,0.0,0.22728085723181568,0.0,0.021144965865761065,0.16890232895797275
C003035,1,0.0,0.0,0.2580709366343884,0.0,0.0,0.5058189959527949,0.0,0.2361100674128167
C003037,4,0.07096725895919037,0.0,0.0,0.38857740182598793,0.0,0.3874982217805546,0.0,0.1529571174342671
C003038,0,0.5305187905734864,0.0,0.059849061323808336,0.0,0.0,0.0,0.06127429406237706,0.34835785404032826
C003041,1,0.0,0.0,0.0,0.0,0.0,0.6519200934669716,0.0,0.34807990653302845
C003044,4,0.05933747288605018,0.0,0.0,0.0,0.0,0.0,0.0,0.9406625271139498
C003046,1,0.0,0.0,0.0,0.0,0.0,0.0,0.0,1.0
C003049,2,0.0,0.3432914555510429,0.0,0.3828175146924187,0.0,0.0,0.1295573368091885,0.14433369294735
C003051,1,0.0,0.0,0.0,0.3295292146215799,0.4529932772381061,0.0,0.0,0.21747750814031397
C003054,2,0.0,0.0,0.0,0.0,0.0,0.0,0.0,1.0
C003058,4,0.0,0.5367524423520251,0.0,0.0,0.0,0.0,0.18891012704746454,0.2743374306005103
C003060,0,0.07517212731309245,0.4162360662157595,0.0,0.07869554305676013,0.0,0.1862217114034263,0.0,0.24367455201096155
C003062,4,0.0,0.0,0.044813158478469464,0.6960348298276213,0.0,0.0,0.12997036505885004,0.12918164663505916
C003065,4,0.0,0.0,0.0,0.0,0.8690669303258501,0.014358829439344032,0.0,0.11657424023480578
C003066,0,0.0,0.0,0.0,0.18785140583108995,0.6248780519027377,0.07528418671672997,0.0,0.11198635554944236
C003067,1,0.0,0.0,0.0,0.21916506255551615,0.0,0.42520209535304637,0.08649436939320315,0.2691384726982342
C003071,2,0.17989636769558182,0.628089757603927,0.0,0.0,0.13897721989870507,0.0,0.03243226971029852,0.020604385091487543
C003072,4,0.0,0.0,0.05008668841757266,0.0,0.0,0.0,0.07372734058310619,0.8761859709993212
C003073,4,0.0,0.0,0.0,0.0,0.0,0.0,0.0,1.0
C003075,1,0.0,0.0,0.26544661199506536,0.0,0.17885051352287962,0.4159770142713052,0.0,0.13972586021074984
C003076,2,0.0,0.02275001905259964,0.0,0.5942320157511635,0.18285498501657055,0.0,0.0,0.20016298017966627
C003079,4,0.0,0.24900395125504884,0.5283189370186077,0.0,0.08498619908015295,0.08314552456003008,0.0,0.054545388086160496
C003083,4,0.018128648651195605,0.0,0.15515119051361595,0.07483671468515068,0.0,0.4937055004372751,0.0,0.25817794571276265
C003084,2,0.08412927377407593,0.0,0.0,0.004050940579590109,0.0,0.8335068013279208,0.032032867366913714,0.04628011695149947
C003085,0,0.08741882312701425,0.0,0.0,0.4879262034101224,0.18368956177100595,0.025930720318026523,0.1574561058895866,0.05757858548424433
C003086,3,0.0,0.0,0.24074273746034733,0.0,0.6306120122320196,0.0,0.0,0.12864525030763307
C003095,3,0.04285219783266187,0.0,0.0,0.0,0.0,0.0,0.11271868051057325,0.8444291216567649
C003096,0,0.0,0.0,0.0,0.2959514505608616,0.0,0.0,0.6804219505504558,0.02362659888868257
C003098,1,0.0,0.0,0.0,0.0,0.0,0.0,0.0,1.0
C003099,3,0.0,0.0,0.0,0.360140954250898,0.047905384642141974,0.017245328690793787,0.06929016622741414,0.5054181661887521
C003100,0,0.014233227731432015,0.0,0.049886276379925425,0.0,0.0,0.0,0.04064861584478998,0.8952318800438526
C003106,3,0.0,0.03701569878849342,0.9272696791616679,0.0,0.0,0.0,0.010114221422724392,0.025600400627114217
C003108,3,0.0,0.044380878118595084,0.0,0.4299345446864063,0.1531082219805909,0.2609731265042802,0.0,0.11160322871012751
C003110,2,0.0,0.0,0.8898123055955113,0.0,0.0,0.0,0.0,0.11018769440448872
C003112,0,0.0,0.3874721044335352,0.0,0.0,0.11936150132279882,0.0494297448917696,0.0,0.4437366493518964
C003113,0,0.0,0.0,0.0,0.0,0.0,0.0,0.7791012301048812,0.2208987698951188
C003114,1,0.0,0.0,0.0,0.0,0.0,0.0,0.09745513927085037,0.9025448607291496
C003116,3,0.0,0.0,0.0,0.0,0.41565921133002004,0.0,0.0,0.58434078866998
C003118,2,0.0,0.0,0.0,0.0,0.0,0.5730317186697222,0.0,0.42696828133027775
C003119,2,0.0,0.0,0.0,0.0,0.0,0.6593005976089907,0.0,0.34069940239100927
C003122,2,0.0,0.0,0.0,0.5372260892189473,0.0,0.0,0.0,0.4627739107810527
C003124,4,0.0,0.0,0.0,0.023923383172754775,0.0,0.06439376913909822,0.0,0.911682847688147
C003126,0,0.0,0.0,0.0,0.7904520946844656,0.0,0.0,0.0,0.20954790531553436
C003127,4,0.0,0.0,0.0,0.8386809399263576,0.0,0.07450386141065773,0.0,0.0868151986629846
C003129,0,0.0,0.0,0.47696704040520377,0.0,0.4186444456191613,0.0,0.0,0.10438851397563487
C003132,2,0.0,0.0,0.0,0.0,0.0,0.0,0.5621341886869664,0.4378658113130336
C003138,0,0.2774160945244173,0.0,0.0,0.0,0.0,0.5550594553723722,0.0,0.1675244501032105
C003139,3,0.0,0.2697708944556285,0.0,0.0,0.06478278234056575,0.04732381201850198,0.5881745183396156,0.029947992845688054
C003140,3,0.7622207633251981,0.006709155419876025,0.0,0.0,0.1239287208571696,0.08006296220884737,0.0,0.027078398188908892
C003143,2,0.0,0.0,0.0,0.5944783832911531,0.0,0.0,0.0,0.4055216167088469
C003144,3,0.0,0.08081794301739884,0.49257689566728596,0.17001065874945245,0.055429064575904484,0.1096353960109627,0.0,0.09153004197899561
C003145,2,0.027490474079002635,0.0,0.0,0.015777864975725513,0.0,0.0,0.0,0.9567316609452718
C003146,3,0.0,0.0,0.0,0.09090819715172314,0.05685848279657901,0.0,0.7066659296477822,0.14556739040391564
C003147,0,0.0,0.0,0.06063732727280927,0.07191599707840786,0.0,0.0,0.0,0.8674466756487829
C003148,3,0.03410725061009295,0.0,0.0,0.007639300517680922,0.0,0.41366453424498884,0.0,0.5445889146272374
C003149,0,0.40288687680698637,0.0,0.0,0.0,0.0,0.5614885703325085,0.0,0.03562455286050503
C003150,1,0.5792903582601157,0.0,0.0,0.0,0.0,0.0,0.34275219052771155,0.07795745121217279
C003152,2,0.0,0.17846645563989746,0.0,0.0,0.0,0.0,0.315838194742486,0.5056953496176165
C003153,1,0.18347637439904338,0.09281092193391266,0.4096959014706785,0.0,0.03608897858879441,0.0,0.0823857373011051,0.19554208630646586
C003154,2,0.0,0.057329395305175786,0.0,0.0,0.33355826928959204,0.0,0.4081651035132785,0.20094723189195363
C003155,3,0.0,0.0,0.0,0.0,0.0,0.0,0.0,1.0
C003157,0,0.0,0.3395731915841952,0.0,0.0,0.0,0.0,0.0,0.6604268084158048
C003160,1,0.0,0.40879791015489103,0.020791125877300733,0.0,0.0455283405226117,0.0,0.5086603424533642,0.016222280991832316
C003162,4,0.0,0.0,0.9478018607837195,0.015694893813559204,0.0,0.0,0.012962951614359224,0.023540293788362088
C003163,0,0.061148533420816616,0.0,0.6099444062412501,0.20295459549780265,0.0,0.0,0.0,0.12595246484013067
C003164,0,0.00876864145449634,0.0,0.0,0.0,0.5745321782826592,0.0,0.31265598762769164,0.10404319263515283
C003167,0,0.0,0.0,0.0,0.4707051359990041,0.0,0.0,0.4074959087026815,0.12179895529831442
C003176,0,0.0,0.0,0.0,0.3289934745245004,0.0,0.06960348009699384,0.09347112769455385,0.5079319176839519
C003178,1,0.0,0.0,0.7935193602646834,0.0,0.0756764458288492,0.07582612210698213,0.052263055474975964,0.002715016324509212
C003180,3,0.039354287374113575,0.0,0.920216985429732,0.0,0.0,0.0,0.0,0.040428727196154424
C003184,4,0.29442869671937966,0.0,0.0,0.03667954584866414,0.06833870944120775,0.0,0.5312949640193364,0.06925808397141209
C003185,3,0.10745537317590101,0.0,0.09013279733201174,0.0,0.0,0.0,0.3737079029487658,0.42870392654332146
C003186,1,0.0,0.0,0.0,0.0,0.0,0.0,0.0,1.0
C003188,0,0.0,0.0,0.0,0.0,0.29595712277982633,0.5456414581106137,0.0,0.15840141910955996
C003189,4,0.06298253058934576,0.0,0.0,0.0,0.23270537910495995,0.0,0.0,0.7043120903056943
C003191,3,0.0,0.7644780940440864,0.0,0.0,0.0,0.0,0.1809391879500955,0.05458271800581804
C003194,4,0.0,0.9092773547131361,0.04957807964337582,0.0,0.0026702366570372713,0.0,0.0,0.03847432898645087
C003196,2,0.1497801313675658,0.05207262770434665,0.0,0.011980688511048684,0.0,0.0,0.6766595132611154,0.10950703915592341
C003197,2,0.0,0.0,0.5373994523118846,0.0,0.0,0.0,0.3883256712564756,0.07427487643163988
C003198,2,0.0,0.02923889795300391,0.744157590673364,0.1842670424773654,0.01693521456527137,0.0,0.0,0.025401254330995382
C003201,2,0.0,0.0,0.0,0.0,0.0,0.0,0.0,1.0
C003202,1,0.0,0.0,0.0,0.0,0.815167171045942,0.0,0.0,0.18483282895405795
C003203,2,0.0,0.0,0.0,0.0,0.768613840211217,0.0,0.0,0.23138615978878296
C003205,2,0.05746209389383088,0.2078147784700493,0.2398803647504954,0.0,0.3801619191418935,0.0,0.0,0.114680843743731
C003206,4,0.5075091761962958,0.0,0.0,0.0,0.08688920135509236,0.13580104491066164,0.0,0.26980057753795017
C003210,3,0.0,0.24186231586040813,0.6249289716430164,0.0,0.0,0.0,0.07793330273813512,0.055275409758440364
C003211,0,0.0,0.0,0.0,0.0,0.8471414174662623,0.0,0.0,0.15285858253373774
C003214,4,0.0,0.018480862161358136,0.0,0.0,0.6203409349736577,0.22598710686800055,0.0,0.13519109599698353
C003216,4,0.0,0.23905696157018935,0.0,0.0,0.0,0.0,0.7215458505045544,0.03939718792525615
C003217,0,0.5549410435750626,0.3711300700258074,0.0,0.0,0.0,0.0,0.0,0.07392888639913009
C003218,0,0.0,0.0,0.5933050135095405,0.0,0.367912249546711,0.0,0.0,0.038782736943748564
C003220,3,0.0,0.0,0.0,0.22891112090987292,0.0,0.09485527735433712,0.0,0.67623360173579
C003223,2,0.009550952499064512,0.0,0.0,0.0,0.0,0.0,0.29432980535565373,0.6961192421452818
C003228,1,0.0,0.310603653663669,0.6469824092005549,0.0,0.0,0.0,0.0,0.042413937135776125
C003229,0,0.0,0.0,0.0,0.0,0.0,0.0,0.8874306627201206,0.11256933727987939
C003231,1,0.0,0.0842611256103201,0.17201293237948886,0.311960968766978,0.0,0.07376916257164684,0.0,0.35799581067156616
C003232,2,0.47705548285824845,0.0,0.3379578370877449,0.0,0.0,0.0,0.0,0.18498668005400665
C003233,2,0.012818099600686155,0.0,0.4190962803929985,0.0,0.22961434603627845,0.14587147215749957,0.0,0.19259980181253722
C003234,3,0.0,0.0,0.0,0.0202799560822446,0.710712442288868,0.0,0.0,0.26900760162888737
C003238,4,0.0,0.07605919037362975,0.011155133211396514,0.7723419352034224,0.0,0.0377185577222831,0.05155848371990945,0.05116669976935884
C003240,4,0.0,0.0,0.0,0.0,0.9210517972207043,0.0,0.0,0.0789482027792957
C003242,3,0.0,0.006837557828919448,0.0,0.06271845951538124,0.18630522285722265,0.0,0.4841569950563639,0.25998176474211276
C003243,3,0.0,0.31891733797114485,0.0,0.22429559365640203,0.0,0.4254054071977152,0.0,0.03138166117473795
C003244,0,0.0,0.0,0.4485046786803551,0.0,0.5175467016945465,0.0,0.0,0.03394861962509843
C003246,4,0.0,0.0,0.0,0.0,0.06225120397333929,0.7292121254134821,0.0,0.2085366706131786
C003247,0,0.0,0.0,0.03000074787588795,0.0,0.0,0.0,0.05890509538420992,0.9110941567399021
C003248,2,0.0,0.027941785472662406,0.519983129557702,0.0,0.0,0.2698258749482311,0.0,0.18224921002140437
C003249,4,0.6351439185124452,0.0,0.0,0.0,0.0,0.0,0.30179106522899596,0.06306501625855887
C003250,3,0.0,0.0,0.7686387498015372,0.04151349901628997,0.0,0.0,0.15761614044341823,0.03223161073875458
C003252,2,0.3343103937515071,0.0,0.5696844280969571,0.0,0.0,0.0,0.0,0.09600517815153586
C003254,2,0.0,0.0,0.0,0.6261317775480679,0.0,0.0,0.0,0.3738682224519321
C003256,3,0.009870411714209581,0.2221171612384982,0.05305301072458109,0.0,0.6030048480573814,0.0,0.0,0.11195456826532979
C003257,1,0.0,0.10360517449726536,0.0,0.0,0.0,0.0,0.0,0.8963948255027346
C003259,4,0.0,0.0,0.0,0.0,0.0,0.6595916288101245,0.1405648000513848,0.19984357113849072
C003260,0,0.0,0.0,0.0,0.0,0.0,0.0,0.07992755447514654,0.9200724455248535
C003261,4,0.03046438476107107,0.0,0.17391523247191917,0.10773231985710167,0.0,0.0,0.043005186816149704,0.6448828760937584
C003266,3,0.060689439501342334,0.0,0.27369748512277925,0.0,0.0,0.0,0.6012999001360115,0.0643131752398669
C003268,3,0.0,0.04249845429707392,0.0,0.0,0.034922054460383,0.07437528624811149,0.0,0.8482042049944316
C003270,3,0.0,0.0,0.0,0.15022616475211714,0.0,0.4382105752738192,0.0,0.41156325997406373
C003278,1,0.06337229316407134,0.0,0.0,0.0,0.0,0.0,0.0,0.9366277068359287
C003280,4,0.0,0.0,0.0,0.0,0.0,0.13611394409340483,0.0,0.8638860559065952
C003281,0,0.0,0.07244629403754471,0.0,0.0,0.0,0.12058995248619526,0.0,0.80696375347626
C003282,3,0.0,0.0,0.0,0.0,0.0,0.0,0.0,1.0
C003283,2,0.0,0.33499829912565426,0.0,0.0,0.05668015203213434,0.1848243940862238,0.34102403204452647,0.08247312271146112
C003285,3,0.08966003420708128,0.3289477453466291,0.0,0.0,0.16936668268644983,0.2723520815261346,0.0,0.1396734562337052
C003290,4,0.0,0.38790798936657295,0.04183310514446266,0.0,0.0,0.03362699690322747,0.0,0.536631908585737
C003294,3,0.0,0.0,0.0,0.4454022440401063,0.49820045370785687,0.0,0.0,0.05639730225203676
C003295,2,0.34280148789798115,0.0,0.5676504868400757,0.0,0.0,0.0,0.0,0.08954802526194316
C003299,3,0.0,0.0,0.023794540189009086,0.0,0.599147041232685,0.19957093099973355,0.0,0.17748748757857236
C003301,0,0.0,0.0,0.0,0.11146110251112544,0.0,0.799118977506156,0.0,0.08941991998271859
C003302,1,0.0,0.01115152811424425,0.5398647060233103,0.0,0.21246598100364547,0.0,0.1428563985132652,0.09366138634553489
C003303,2,0.0,0.0,0.11250526949454755,0.0,0.0,0.0,0.0,0.8874947305054525
C003305,2,0.0,0.0,0.02445531730257411,0.6559389134571162,0.035645068976372,0.0,0.0,0.2839607002639377
C003306,2,0.19333199390729638,0.1270461609648758,0.0,0.0,0.0,0.5140231938052353,0.0,0.16559865132259244
C003308,4,0.0,0.0,0.28823613998539804,0.0,0.0,0.0,0.5278965867123749,0.18386727330222707
C003310,2,0.10233001088449142,0.0638869235883326,0.0,0.0,0.0,0.0,0.0,0.833783065527176
C003311,3,0.0,0.0,0.0,0.0,0.7265289045936524,0.0,0.0,0.2734710954063476
C003312,4,0.0,0.0,0.006802104119968809,0.0,0.6353481398367892,0.0,0.01918399694388259,0.33866575909935936
C003313,0,0.0,0.0,0.0,0.0,0.07655257099933721,0.0,0.0,0.9234474290006628
C003315,0,0.0,0.4384378029070392,0.0,0.0,0.0,0.03528503531511792,0.0,0.5262771617778429
C003319,3,0.3507658084591465,0.07710748098094301,0.0,0.0,0.08703592957242531,0.0,0.4454975020027182,0.039593278984766944
C003322,2,0.9263426190915222,0.0,0.0,0.0,0.0,0.0,0.035518816923239147,0.03813856398523874
C003325,3,0.0,0.0,0.0,0.025123926244381662,0.0,0.0,0.05518430120489735,0.919691772550721
C003326,0,0.0,0.036807595623300694,0.0,0.0,0.011899701711300153,0.0,0.5286282471143261,0.422664455551073
C003327,4,0.24277934381443506,0.0,0.0,0.36797726315547014,0.0,0.2615937656913649,0.0,0.12764962733872998
C003330,4,0.07193771368363336,0.0,0.7975033378343449,0.0,0.0,0.0,0.0,0.13055894848202176
C003332,2,0.0,0.0,0.0,0.9661321870916542,0.029096489645446866,0.0,0.0,0.004771323262898974
C003333,3,0.0,0.7586036374422049,0.0,0.0,0.0,0.0,0.2279510428729572,0.013445319684837864
C003334,2,0.0,0.0,0.0,0.17971285595331762,0.0,0.0,0.5539675768515699,0.2663195671951124
C003338,2,0.0,0.0,0.19838218631302806,0.0,0.24283515019553345,0.0,0.0,0.5587826634914385
C003339,3,0.2895633472726252,0.355157536286813,0.2714722467987209,0.0,0.0,0.056392869861345375,0.0,0.027413999780495413
C003340,1,0.0,0.0,0.0,0.0,0.7843524853709989,0.0,0.0,0.2156475146290011
C003342,3,0.011095688654493736,0.7289261791713473,0.0,0.16826473450258791,0.0,0.0,0.0,0.09171339767157105
C003343,4,0.4894157395683244,0.10212279698504748,0.0,0.0,0.0,0.0,0.0,0.40846146344662815
C003345,2,0.0,0.0,0.0,0.0,0.0,0.02066493604686226,0.0,0.9793350639531377
C003346,4,0.0,0.702545628743642,0.0,0.0,0.0,0.0,0.0,0.297454371256358
C003347,0,0.0,0.0,0.0,0.14967018873147597,0.49007655253494325,0.0,0.0,0.3602532587335807
C003348,1,0.010447594015761005,0.003115544801312167,0.0,0.0,0.0,0.09035930249303097,0.882313431868612,0.013764126821283806
C003349,2,0.0,0.7689217209598521,0.0,0.0,0.08566183478637594,0.0,0.0,0.14541644425377198
C003352,1,0.0,0.0,0.0,0.0,0.0,0.0,0.0,1.0
C003354,2,0.03484090142648545,0.0,0.7934631783335211,0.0,0.0,0.0,0.0,0.17169592023999347
C003355,4,0.018447810320022903,0.18689355573999866,0.0,0.0,0.5835553679335016,0.0,0.0,0.2111032660064769
C003356,3,0.0,0.0,0.0,0.41216878322422174,0.0,0.3490963677073534,0.0,0.2387348490684249
C003357,1,0.023289094575678664,0.10217555574243331,0.0,0.0,0.0,0.03336130348784348,0.0,0.8411740461940446
C003359,0,0.0,0.0,0.0,0.0,0.0,0.1005028216856384,0.0,0.8994971783143616
C003361,0,0.0,0.741430969595108,0.0,0.013533206726717345,0.0,0.0,0.0,0.24503582367817467
C003362,2,0.0,0.2202895873316173,0.02161864390322399,0.17294399371865865,0.018767297535600864,0.25003318932641455,0.0,0.31634728818448465
C003364,0,0.0,0.3239631779295251,0.0,0.16849521195532535,0.0,0.0,0.4658999762829529,0.041641633832196656
C003365,0,0.2060917295701408,0.6761081988581426,0.0,0.0,0.06760057623874423,0.04212389471276939,0.0,0.008075600620203072
C003371,2,0.0,0.15290783110434028,0.0,0.2958186874624007,0.0,0.15391781440093658,0.23619979831301546,0.1611558687193071
C003372,1,0.0,0.0,0.7131526606622878,0.0,0.0,0.0,0.09819281773740607,0.18865452160030616
C003373,4,0.08472467082528484,0.0,0.3637182398423632,0.0,0.0,0.40014779125218053,0.0,0.15140929808017145
C003374,3,0.0,0.0,0.0,0.06237865744507932,0.0,0.0,0.0,0.9376213425549207
C003375,4,0.0,0.11828201987198568,0.1740972853379213,0.04144861718963692,0.0,0.6006341422988648,0.0,0.06553793530159124
C003376,4,0.2935892124605038,0.0646462768199294,0.0,0.02608150935364174,0.0,0.10073958817740626,0.3544442895888953,0.1604991235996236
C003378,4,0.2880343527071793,0.017714391217874964,0.685109335851046,0.0,0.0,0.005409621990995802,0.0,0.0037322982329038856
C003381,3,0.0,0.0,0.20881500784584958,0.6992489088317323,0.013374241568824202,0.0,0.0,0.07856184175359393
C003382,4,0.0,0.10592901416549239,0.0,0.0,0.0,0.0,0.0,0.8940709858345076
C003383,4,0.0147238701797401,0.01429046212521294,0.0,0.0,0.8891614648000461,0.0,0.0,0.08182420289500092
C003385,1,0.0,0.8893432821392497,0.0,0.0,0.0,0.0,0.0,0.11065671786075026
C003386,4,0.0,0.0,0.0,0.8278373314137739,0.0,0.0,0.0,0.1721626685862261
C003387,0,0.0,0.0,0.0,0.0,0.0,0.10162571811215998,0.027461297853251417,0.8709129840345886
C003388,4,0.3549254005018459,0.022898893224235328,0.0,0.0,0.5913922191010309,0.0,0.0,0.030783487172887813
C003392,4,0.0,0.0,0.0,0.0,0.7456021585657344,0.04133535083588087,0.005629214058574364,0.20743327653981025
C003393,3,0.0,0.0,0.0,0.0,0.0,0.6857552556591936,0.0229404147160121,0.29130432962479436
C003396,4,0.0,0.0,0.0,0.0,0.0,0.325972258014059,0.5725963305473167,0.10143141143862433
C003398,1,0.0,0.39547493531998856,0.0,0.0,0.0,0.46388682431867734,0.0,0.1406382403613341
C003399,3,0.0776210403416661,0.0,0.02243810661196196,0.0,0.3049838310364935,0.5686622380750896,0.0,0.02629478393478879
C003400,2,0.5440531633726359,0.0,0.0,0.0,0.1728493424458948,0.0,0.0,0.28309749418146934
C003401,3,0.0,0.11100994956655452,0.0,0.0,0.0,0.0,0.0,0.8889900504334455
C003403,0,0.0,0.0,0.0,0.8437293551742682,0.0,0.0,0.0,0.15627064482573183
C003404,4,0.0,0.0,0.58712333649269,0.0,0.2012741511504554,0.0,0.013541214238105883,0.19806129811874873
C003405,3,0.0,0.0,0.18716848291288618,0.0,0.268152508680456,0.0,0.0,0.5446790084066578
C003406,0,0.15376459264367887,0.0,0.0,0.4872349139595555,0.016060267671100813,0.0,0.29588044266761965,0.04705978305804526
C003408,3,0.0,0.0,0.4285089737126875,0.31477487398683707,0.0,0.0,0.0,0.2567161523004755
C003409,3,0.11831057046268594,0.0,0.0,0.2961212503389543,0.0,0.0,0.45615798937366203,0.12941018982469776
C003412,1,0.0,0.0,0.3478996984261402,0.0,0.0,0.0,0.4905004803427877,0.16159982123107208
C003414,4,0.0,0.1452597353714076,0.0,0.0,0.0,0.10943217647509923,0.7278777190737908,0.0174303690797023
C003419,1,0.0,0.7744532422980854,0.0,0.0,0.0,0.0,0.11847137484025498,0.10707538286165963
C003420,0,0.0,0.5892236233707241,0.12662973951202053,0.0,0.012003163247594918,0.0,0.00985573293563575,0.26228774093402474
C003421,2,0.0,0.0,0.0,0.0,0.0,0.0,0.0,1.0
C003422,2,0.0,0.0,0.0,0.0,0.5179658435591269,0.0,0.05359564400791964,0.4284385124329535
C003423,3,0.0,0.0,0.0,0.0,0.0,0.0,0.0838918145885158,0.9161081854114842
C003428,2,0.12847299653246674,0.0,0.0,0.0,0.0,0.6110955824250763,0.0,0.260431421042457
C003430,3,0.0,0.12057787580263762,0.1642221539343006,0.0,0.029692742547082523,0.679513468616506,0.0,0.005993759099473306
C003431,4,0.054820881854252684,0.16468105932120253,0.025146074732554508,0.29238733102477793,0.0,0.0,0.4369250356628266,0.026039617404385762
C003435,1,0.49777880440159666,0.0,0.22532003093861766,0.12108332184934031,0.0,0.0,0.0,0.1558178428104453
C003437,3,0.0,0.0,0.0,0.4363843504332874,0.523597308297474,0.0,0.0,0.040018341269238644
C003446,2,0.2054118164930707,0.6012989069514126,0.0,0.0,0.029900116119838435,0.0,0.0,0.1633891604356782
C003447,0,0.0,0.0,0.0,0.0,0.9545943338920304,0.0,0.0,0.04540566610796959
C003448,3,0.0,0.2960843604028436,0.1695958499618544,0.1517009769228111,0.0,0.0,0.0,0.382618812712491
C003449,1,0.0,0.777550890361869,0.06260725521215338,0.0,0.0,0.0,0.0,0.15984185442597765
C003453,0,0.0,0.0,0.0,0.7407830960099049,0.0,0.006005234478666517,0.0,0.2532116695114286
C003455,2,0.0,0.0,0.0,0.7571045228974526,0.0,0.0,0.0,0.24289547710254744
C003456,4,0.0,0.24094159718915054,0.0,0.0,0.0,0.0,0.7031950408190139,0.055863361991835614
C003457,3,0.0,0.7266906285002549,0.03047547648550064,0.007157889441113446,0.0,0.0,0.0,0.23567600557313106
C003460,1,0.0,0.0,0.0,0.0,0.9526888049784498,0.0,0.0,0.047311195021550234
C003462,0,0.07935992245143472,0.0,0.1332887221421028,0.029140694192016574,0.0,0.0,0.0,0.7582106612144459
C003466,0,0.0,0.0,0.0,0.10334371397696285,0.0,0.0,0.0,0.8966562860230372
C003468,1,0.5325676783471073,0.1685569088308342,0.0,0.0,0.029857607729781445,0.0,0.08784931982800856,0.18116848526426854
C003469,2,0.0,0.0,0.0,0.078019291172664,0.11985165075670044,0.0312950322924103,0.0,0.7708340257782252
C003470,2,0.4103707921048148,0.10747345576011313,0.0,0.0,0.0,0.0,0.0,0.4821557521350721
C003472,1,0.0,0.26786498734919195,0.0,0.0,0.36686439397480275,0.0,0.28480877844779856,0.08046184022820668
C003473,2,0.0,0.0,0.24312108708498342,0.0,0.21521692213102456,0.0,0.4025591089089663,0.13910288187502573
C003474,3,0.06355886119854239,0.05546881428825872,0.0,0.0,0.0,0.0,0.7977205940792154,0.08325173043398348
C003475,4,0.0,0.0231535351765413,0.0,0.7177814289202833,0.0,0.0,0.0,0.2590650359031754
C003478,4,0.04245912339283035,0.0,0.06752810007470678,0.0,0.508139398775766,0.0,0.3538394731173373,0.02803390463935962
C003479,4,0.0,0.574246864505233,0.20653937657387048,0.0,0.0,0.15995676433666836,0.0,0.05925699458422817
C003481,2,0.3364785413789418,0.0,0.5676893954152847,0.0,0.0,0.08021335435173123,0.0,0.015618708854042151
C003482,4,0.020176684118340626,0.0,0.028084648531839257,0.0,0.3549641710255983,0.5707673111759569,0.0,0.026007185148264833
C003484,2,0.07735627803849258,0.0,0.6937378087725874,0.0,0.0,0.18361867213137378,0.0,0.045287241057546224
C003487,0,0.0,0.178217895784048,0.0,0.3333929579181948,0.4211820608479119,0.0,0.0,0.06720708544984533
C003488,4,0.0,0.0,0.3401704280129328,0.019524803628016753,0.0,0.008094567098717904,0.0,0.6322102012603326
C003489,4,0.0,0.0,0.0,0.0,0.6728655775577395,0.0,0.0,0.32713442244226054
C003490,3,0.0,0.0,0.6054598713785346,0.0,0.16001532290136827,0.0,0.0,0.23452480572009704
C003491,4,0.0,0.0,0.2683697951729592,0.0844019788062529,0.0,0.2217729735519927,0.0,0.4254552524687951
C003492,1,0.0,0.0,0.0,0.0,0.05708219268239497,0.17866209878984754,0.0,0.7642557085277575
C003493,4,0.0,0.6810377574477453,0.0,0.0,0.0,0.0,0.0,0.3189622425522547
C003494,4,0.0,0.0,0.574372968002992,0.0,0.0,0.0,0.3811641276375935,0.04446290435941447
C003496,4,0.07095501052296588,0.0,0.0,0.0,0.0,0.0,0.6428236436808078,0.2862213457962264
C003497,1,0.0,0.0,0.0,0.0,0.0,0.07546109213324093,0.0,0.9245389078667591
C003498,2,0.0,0.0,0.0,0.0,0.0,0.0,0.13134805437685382,0.8686519456231462
C003504,3,0.0,0.3001831191584021,0.0,0.0,0.0,0.0,0.0,0.6998168808415979
C003506,1,0.0,0.0,0.0,0.20069925587386644,0.2297683680012409,0.10774943353696802,0.18021294732979865,0.281569995258126
C003507,1,0.0,0.0,0.0,0.20481114515005716,0.07733071494534312,0.5229855440571007,0.0,0.19487259584749905
C003508,4,0.41784247240551736,0.0,0.0,0.0,0.035276879090687434,0.4361628302360924,0.0,0.11071781826770277
C003510,3,0.6256068832119358,0.0,0.0,0.0,0.035560448649213615,0.0,0.2073827619234451,0.13144990621540553
C003514,0,0.0,0.0,0.11953284490239907,0.0,0.07636474832411087,0.0,0.7141321499783415,0.08997025679514858
C003515,1,0.4370956212912553,0.010083477024610377,0.0,0.0,0.05516302391053955,0.0,0.40361774909980613,0.09404012867378864
C003516,2,0.24686619485531242,0.0,0.0,0.04747142297824472,0.02475799296109365,0.0,0.5477436205753811,0.13316076862996806
C003517,1,0.0,0.0,0.0,0.028440732072774484,0.8241083880724157,0.1102316807151032,0.0,0.037219199139706616
C003518,3,0.0,0.39301843264124936,0.0,0.2383492029677073,0.15871071641619408,0.0,0.09487865450280557,0.11504299347204372
C003520,3,0.0,0.0,0.21706818048885462,0.0,0.1628809315305235,0.0,0.019537918954107808,0.6005129690265141
C003521,1,0.03547427665635592,0.0,0.0,0.16503031596532236,0.013035821302293428,0.089878147620922,0.3797017546812627,0.3168796837738437
C003522,1,0.24626624483674364,0.0,0.33878180385637924,0.0,0.0,0.0,0.0,0.4149519513068771
C003526,3,0.020408433265371565,0.0,0.0,0.010440377219952068,0.6195186676062833,0.0,0.0,0.3496325219083931
C003528,1,0.0,0.8256270851421561,0.0,0.0,0.03947880110782839,0.0,0.0,0.13489411375001548
C003529,0,0.004110822793519123,0.0,0.0,0.1962697244061837,0.0,0.0,0.0,0.7996194528002971
C003531,3,0.543301328970616,0.0466236508012734,0.0,0.04968728063039051,0.0,0.0,0.0,0.3603877395977201
C003532,2,0.14958919758588293,0.7487245848049074,0.03763954398377006,0.0,0.0,0.0,0.0,0.06404667362543948
C003534,1,0.3552707879353084,0.0,0.30790809415043946,0.24487416729495565,0.007389744658890108,0.0,0.0,0.08455720596040639
C003537,4,0.029745957717870815,0.8677846979963062,0.0,0.0,0.0,0.0,0.0,0.102469344285823
C003540,1,0.09454536570408517,0.0,0.0,0.0,0.027329006750174266,0.323826523518702,0.0,0.5542991040270385
C003542,2,0.0,0.0,0.0,0.23626291781598616,0.3198601047180618,0.43192796441660847,0.0,0.011949013049343593
C003543,3,0.0,0.0,0.0,0.26057860676419653,0.0,0.18328436568487802,0.0,0.5561370275509254
C003544,2,0.19383082208538296,0.06925173712882628,0.0,0.7165452968783561,0.0,0.0,0.0,0.020372143907434692
C003546,0,0.37892188169140534,0.0,0.3311400454468525,0.0,0.0,0.0,0.18416886453848672,0.10576920832325554
C003549,0,0.0,0.0,0.0,0.0,0.0,0.0,0.0,1.0
C003550,4,0.0,0.0,0.0,0.05664570435862986,0.29636730854702026,0.039050393334741085,0.0,0.6079365937596088
C003553,4,0.0,0.0,0.41221416123390453,0.0,0.4538079133644134,0.0,0.0,0.13397792540168207
C003558,1,0.0,0.974915794969209,0.0,0.0,0.0,0.0,0.0,0.025084205030791007
C003559,3,0.0,0.0,0.8899307878087348,0.0,0.0,0.0,0.0,0.1100692121912652
C003562,3,0.0,0.7108277685846655,0.0,0.0,0.0,0.11192042374441452,0.0,0.17725180767091997
C003563,2,0.0,0.8308555153673066,0.0,0.09177416108658118,0.0,0.029174388280435625,0.023224848835248908,0.02497108643042767
C003567,1,0.0,0.3592203423043671,0.0,0.36901676559322266,0.0,0.0,0.0,0.2717628921024102
C003569,1,0.17578533459496237,0.0,0.0,0.0,0.0,0.0,0.6459698051904277,0.17824486021460995
C003570,0,0.0,0.0,0.0,0.01086389310164335,0.0,0.0,0.9149783513991705,0.07415775549918613
C003573,0,0.0,0.0,0.321473932411694,0.0,0.0,0.5882683958248327,0.0,0.09025767176347332
C003576,0,0.0,0.0,0.8800616053384102,0.0,0.0,0.0,0.0,0.11993839466158984
C003577,3,0.0,0.0,0.0,0.0,0.0,0.0,0.9018706058099495,0.09812939419005051
C003579,3,0.3891804515884736,0.009786542222517234,0.011191236313777858,0.0,0.0,0.45010710001275067,0.0,0.13973466986248062
C003580,2,0.0,0.0,0.789545631464074,0.0,0.0,0.0,0.0,0.21045436853592603
C003585,1,0.0,0.0,0.05269055144652109,0.0,0.0,0.015249085569380118,0.0,0.9320603629840988
C003586,3,0.0,0.0,0.05815303507726332,0.0,0.5383165188997231,0.0,0.0,0.4035304460230136
C003590,4,0.042642046588022745,0.0,0.0,0.4033545383547423,0.0,0.0,0.3072091113593066,0.24679430369792832
C003591,1,0.027429615589998884,0.0,0.01002681644396971,0.04273629884425884,0.0,0.0,0.04642795731249771,0.8733793118092749
C003593,1,0.0,0.0,0.0,0.0,0.0,0.0,0.0,1.0
C003594,1,0.0,0.0,0.0,0.0,0.015281310629828355,0.0,0.547763600917215,0.4369550884529566
C003595,4,0.0,0.0,0.0,0.011198630711583113,0.0,0.0,0.0,0.9888013692884169
C003596,0,0.0,0.4047012889635334,0.0,0.0,0.0,0.5543470205117003,0.0,0.04095169052476633
C003597,0,0.0,0.0,0.0,0.4560028457756062,0.3206553083698145,0.0,0.0,0.22334184585457928
C003598,2,0.0,0.0,0.0,0.0,0.8881361042962467,0.0,0.0,0.11186389570375332
C003599,0,0.0,0.7510842132227791,0.0,0.0,0.0,0.03547723624142826,0.0,0.21343855053579264
C003600,0,0.0,0.0,0.0,0.9134242590351229,0.0,0.04988762271933151,0.0,0.03668811824554552
C003607,4,0.0,0.0,0.0,0.0,0.07380364065804824,0.1642992287646679,0.0,0.7618971305772839
C003609,0,0.0,0.09280068631438942,0.0,0.0,0.017184758439969687,0.0,0.0,0.8900145552456409
C003612,4,0.0,0.0,0.0,0.36979339069599415,0.0,0.0,0.6045460732620789,0.025660536041926973
C003613,2,0.0,0.0,0.0,0.05966165422291747,0.0,0.0,0.0,0.9403383457770825
C003614,1,0.0,0.0,0.07498963255018358,0.0,0.028055246799419908,0.0,0.0,0.8969551206503965
C003617,0,0.34728985132651113,0.014686298562840096,0.0,0.0,0.460792660318144,0.0,0.0,0.17723118979250474
C003619,3,0.0,0.0,0.0,0.46257876175440893,0.30823653592015376,0.0,0.0,0.2291847023254373
C003621,0,0.0,0.0,0.0,0.6350018896144013,0.0,0.0,0.0,0.3649981103855987
C003623,1,0.0,0.0,0.003975197613684652,0.0,0.0,0.5909258444574113,0.09669705858723399,0.30840189934167006
C003624,0,0.0,0.24743489805458316,0.0,0.0,0.0,0.0,0.019894657676969085,0.7326704442684477
C003626,2,0.0,0.0,0.15464296497543661,0.46480868814039816,0.0,0.18636111711568693,0.0,0.19418722976847835
C003629,2,0.0,0.0,0.07710007615858556,0.00920592529045208,0.0,0.0,0.0,0.9136939985509623
C003631,1,0.0,0.42873789534999646,0.0,0.21573149159494132,0.0,0.0,0.03338669218759008,0.3221439208674721
C003634,2,0.0,0.0,0.054651335937804135,0.25545931377479725,0.004516920600887493,0.6024357234912429,0.0,0.08293670619526827
C003635,1,0.1642378264238796,0.2112956830476324,0.5563848760130643,0.0,0.0,0.0,0.0,0.06808161451542372
C003636,3,0.0,0.0,0.0,0.04154322807451763,0.0,0.037149317348772776,0.0,0.9213074545767096
C003638,1,0.6261118927233243,0.0,0.0,0.0,0.0,0.2521747525642525,0.0,0.12171335471242317
C003639,1,0.1848843566774758,0.23062070210059887,0.07980625564130137,0.03728644168546544,0.0,0.0,0.0,0.4674022438951585
C003640,3,0.0,0.26961612497640686,0.0,0.0,0.34842725599652813,0.030221516313063555,0.28073750117453367,0.07099760153946777
C003642,4,0.0,0.0,0.0,0.0,0.0,0.0,0.0,1.0
C003647,2,0.0,0.2793041541418442,0.4995653713214552,0.0,0.0,0.0,0.0,0.22113047453670065
C003648,3,0.17784811988258276,0.0,0.0,0.0,0.0,0.0,0.7211534128909717,0.10099846722644557
C003649,4,0.0,0.0,0.02894867055407984,0.0,0.9524356681326963,0.0,0.0,0.018615661313223897
C003652,3,0.0,0.0,0.0,0.0,0.0,0.6428621608003687,0.0,0.35713783919963127
C003653,0,0.0,0.041753081245382115,0.0,0.34471763024542657,0.0,0.0,0.0,0.6135292885091913
C003654,1,0.0,0.0,0.5065521154309525,0.04380296976579273,0.017567557940213144,0.3718557915979139,0.0,0.0602215652651279
C003658,0,0.0,0.0,0.0,0.0,0.0,0.0,0.022670555008455606,0.9773294449915444
C003659,4,0.2077542318209622,0.0,0.3662969216725126,0.0,0.0,0.36701513374111056,0.020587890406508467,0.038345822358906156
C003660,0,0.0912460032199036,0.0,0.0,0.4510174832560594,0.0,0.0,0.029895960741009385,0.4278405527830276
C003661,2,0.0,0.0,0.0,0.5211443471724676,0.0,0.0,0.37638422681725625,0.10247142601027615
C003662,4,0.1347240444950033,0.0,0.0,0.0,0.0,0.0,0.0,0.8652759555049967
C003663,2,0.052657022470733846,0.2640847933575631,0.0,0.0,0.0,0.0,0.6052500320080186,0.0780081521636844
C003664,3,0.0,0.0,0.0,0.0,0.4096910386347823,0.24491333137454843,0.1667470093280537,0.17864862066261566
C003666,2,0.2092979945120675,0.3765797924394621,0.0,0.0,0.0,0.0,0.32622737136045094,0.08789484168801942
C003667,1,0.498734131876051,0.43809732233968335,0.0,0.0,0.0,0.0,0.0,0.06316854578426567
C003669,2,0.41553873203001407,0.0,0.0,0.0,0.0,0.40872403750153535,0.10677246743845917,0.06896476302999144
C003672,1,0.0,0.0,0.10694655886787835,0.0,0.03090758245653555,0.0,0.0,0.8621458586755861
C003676,1,0.0,0.0801533677743104,0.0,0.2996321333097486,0.0,0.03151977144683567,0.0,0.5886947274691054
C003677,1,0.0012766974585314745,0.018754347119729158,0.009048073473049936,0.28319462962024594,0.12132986871660402,0.0,0.5325660669804804,0.03383031663135916
C003684,4,0.0,0.0,0.7779414883485941,0.010058492805392541,0.0,0.0,0.19625080885374155,0.015749209992271807
C003687,1,0.0,0.0,0.0,0.6674095317482055,0.03822061724025508,0.15448199208244393,0.0,0.1398878589290955
C003689,3,0.0,0.0,0.0,0.0,0.18069805683531082,0.0,0.0,0.8193019431646892
C003690,1,0.0,0.3088648710789667,0.0,0.0,0.0,0.4892363382173612,0.14328061751542795,0.05861817318824414
C003693,0,0.0,0.0,0.0,0.0,0.0,0.0,0.0,1.0
C003696,3,0.0,0.6752679072414968,0.0,0.29900539046823343,0.0,0.0,0.0,0.025726702290269854
C003697,0,0.0,0.0,0.0,0.0,0.0696812846704224,0.0,0.7075195526386748,0.22279916269090272
C003698,3,0.0,0.0,0.0,0.0,0.0,0.40399020101061417,0.29142452169306526,0.30458527729632057
C003699,4,0.13730128598097838,0.025700252787045325,0.7900200919834985,0.0,0.0,0.0,0.0,0.04697836924847776
C003700,4,0.18782586287564237,0.0,0.0,0.0,0.0,0.615200507036058,0.0,0.1969736300882996
C003708,3,0.0,0.0,0.0,0.0,0.0,0.0,0.0,1.0
C003710,3,0.7912072756117433,0.0,0.0,0.05819834884027968,0.0,0.0,0.0,0.15059437554797706
C003715,2,0.4722091544623205,0.12460263138554402,0.32056752446789466,0.0,0.0,0.0,0.0,0.08262068968424074
C003716,1,0.020610513962392864,0.0,0.03045870499668439,0.0,0.0,0.0,0.0596842559960785,0.8892465250448442
C003717,0,0.11124268379961783,0.0,0.018350353662305485,0.40781092061124125,0.0,0.0,0.17077960888338134,0.29181643304345406
C003718,0,0.0,0.0,0.0,0.0,0.8219346256988223,0.0,0.0,0.17806537430117775
C003719,3,0.3587685263914796,0.0,0.5832372868851122,0.0,0.0,0.0,0.009049901879973234,0.04894428484343494
C003722,2,0.0,0.0,0.0,0.0,0.2406788047112598,0.03738588266448073,0.0,0.7219353126242595
C003723,3,0.472308775349291,0.0,0.0,0.0,0.16064714098838975,0.2730145883563434,0.0,0.09402949530597582
C003727,3,0.22689232613923904,0.0,0.0556680403608445,0.34075113154849956,0.0,0.27428030817142296,0.0,0.10240819377999388
C003728,1,0.09710295777633221,0.0,0.0,0.0,0.11723066155791728,0.7002378546760065,0.0,0.08542852598974404
C003733,0,0.039417361161224615,0.0,0.024017014146632182,0.0,0.07013835451657002,0.07308057233574028,0.0,0.7933466978398329
C003734,4,0.12185026731502718,0.0,0.04176896508669367,0.0,0.575981039711538,0.0,0.25276584271800395,0.007633885168737198
C003736,0,0.5605456678290041,0.0,0.0,0.2505786682291638,0.1376744001532986,0.0,0.0,0.05120126378853351
C003738,1,0.0,0.0,0.0,0.24854072344411138,0.3158751792837511,0.0,0.28577546508894514,0.1498086321831924
C003739,0,0.0,0.0,0.04148539310097689,0.0,0.0,0.10088401962679015,0.0,0.857630587272233
C003740,3,0.27238586960454236,0.08886073790965011,0.0,0.0,0.0,0.0,0.38461970400741863,0.2541336884783889
C003741,3,0.0,0.016939665836493655,0.821673650566908,0.0,0.0,0.0,0.0,0.16138668359659836
C003743,1,0.0,0.1882360940997299,0.0,0.7842296180033634,0.0,0.0,0.0,0.027534287896906706
C003745,0,0.01287207457027606,0.03716426702401777,0.0,0.0,0.0,0.15527694829852134,0.0,0.7946867101071848
C003746,3,0.06197612965631131,0.0,0.5002861009398305,0.0,0.0,0.09044278700601248,0.11494271697075961,0.2323522654270861
C003748,1,0.0,0.0,0.37365354143071855,0.37452843129006214,0.0,0.0,0.2328812363038301,0.01893679097538925
C003750,3,0.0,0.0,0.0,0.04516159674097174,0.0,0.0,0.23726809030860171,0.7175703129504265
C003751,4,0.5539214858867446,0.1235214575506398,0.0587535011177896,0.0,0.0,0.2522474217194427,0.0,0.011556133725383222
C003753,0,0.0,0.5619823937068887,0.20009562878800513,0.0,0.0,0.0,0.0,0.23792197750510613
C003754,4,0.0,0.0,0.0,0.0,0.28434443531325554,0.6515995956973607,0.0,0.06405596898938382
C003756,0,0.44415877323604297,0.0,0.0,0.0,0.25394289457400276,0.0,0.024201344571011186,0.277696987618943
C003764,2,0.4191819738737629,0.01339370289473825,0.0,0.0,0.0,0.0,0.0,0.5674243232314988
C003765,1,0.0,0.010861781601750716,0.11674793250949976,0.026748642576367394,0.14425196124806958,0.0,0.6973246701685554,0.004065011895757253
C003766,0,0.06204614026789404,0.0,0.0,0.05313149754220614,0.0,0.0,0.0,0.8848223621898998
C003770,1,0.09881534505629319,0.0,0.8903239519444786,0.0,0.0,0.0,0.0,0.010860702999228256
C003773,1,0.0,0.0,0.13278168712983668,0.0,0.0,0.6407794316143215,0.07273042810129546,0.1537084531545463
C003774,1,0.0,0.0,0.0,0.9088967136824815,0.0,0.0,0.04672856365345587,0.044374722664062616
C003775,4,0.03260115013309581,0.0,0.0,0.0,0.0,0.011861968939888959,0.018078121069380188,0.937458759857635
C003776,1,0.0,0.0,0.6702550614879964,0.0,0.0,0.2401410963127363,0.0,0.08960384219926731
C003778,4,0.5268215692981449,0.0,0.033527540904650224,0.0,0.016163085533519146,0.0,0.0,0.4234878042636856
C003779,4,0.051259591093460434,0.10494650164276789,0.0,0.0,0.025291086634289788,0.0,0.36063532913418483,0.45786749149529704
C003781,4,0.5367915701633504,0.0,0.0,0.0,0.0,0.0,0.0,0.46320842983664956
C003784,1,0.0,0.6630808520229703,0.0,0.025024702389945596,0.0,0.10458583663319096,0.0,0.20730860895389314
C003785,3,0.0,0.0,0.7589645349217226,0.0,0.0,0.20818993114250478,0.0,0.03284553393577272
C003786,3,0.0,0.0,0.40691818149347514,0.04945317513803915,0.4902109743578541,0.01234145959227713,0.0,0.04107620941835444
C003788,1,0.0,0.0,0.07422926733609538,0.0,0.3580621013897383,0.2402074948981654,0.29185247479225196,0.03564866158374902
C003789,1,0.0,0.0,0.0,0.0,0.43216799451935994,0.0,0.15987388689046103,0.40795811859017905
C003790,3,0.0,0.0,0.0,0.6731649712885798,0.0,0.20717131787456938,0.055999745324493755,0.06366396551235698
C003791,4,0.0,0.6516171357614117,0.0,0.0,0.012674154341939973,0.0,0.0,0.33570870989664836
C003792,1,0.0,0.0,0.15102168609274214,0.0,0.18486112544809566,0.0,0.583647938767451,0.08046924969171121
C003793,3,0.0,0.0,0.3850831239084527,0.0,0.09761528421191011,0.0,0.3211325250143199,0.19616906686531732
C003799,1,0.20696084873422863,0.36609815738928364,0.0,0.29377824690025095,0.0,0.0,0.023448615036352687,0.10971413193988422
C003801,0,0.0,0.0,0.0,0.5246572153379844,0.021624755736825478,0.0,0.10887540000706923,0.344842628918121
C003802,1,0.0,0.0,0.48907346282015934,0.0,0.0,0.0,0.3963599693434282,0.1145665678364125
C003805,1,0.40125393365937406,0.0,0.0,0.0,0.0,0.47332678810602297,0.0,0.12541927823460297
C003806,3,0.0,0.08293593390550288,0.0,0.02749778740911186,0.0,0.16257599801237407,0.20720959964620944,0.5197806810268017
C003807,1,0.0,0.0,0.0,0.16833902310946522,0.22283335410339447,0.0,0.536329530321777,0.07249809246536332
C003808,4,0.0,0.0,0.0,0.0,0.0,0.0,0.0,1.0
C003809,0,0.0,0.0,0.0,0.0,0.0,0.1232119392192412,0.7965028381044582,0.08028522267630056
C003811,3,0.0,0.8982481943306706,0.0,0.0,0.0,0.04256384640230665,0.04151872724692689,0.01766923202009596
C003812,0,0.0,0.0,0.0,0.0,0.07230146732912673,0.0,0.7100043369783324,0.2176941956925409
C003813,2,0.0,0.0,0.0,0.12737998054337896,0.0,0.8321534250069291,0.0,0.04046659444969192
C003814,3,0.0,0.0,0.05340816326215178,0.0,0.5886515509727195,0.0,0.0,0.3579402857651287
C003816,4,0.0,0.0,0.2100817318172946,0.0,0.0,0.7087696899359076,0.0,0.08114857824679778
C003817,3,0.8217528439459606,0.0,0.0,0.0,0.0,0.06852801786984147,0.0,0.10971913818419798
C003818,4,0.045230059956139365,0.3334328191699389,0.0,0.0,0.0,0.0209120543562601,0.34116128904350324,0.2592637774741584
C003821,1,0.0,0.0,0.6906586746378087,0.07883145920289537,0.06811882887554595,0.15076964420002348,0.0,0.01162139308372645
C003822,1,0.0,0.0,0.0,0.3483053020999893,0.0,0.5092120826485425,0.0,0.14248261525146821
C003823,1,0.0,0.0,0.10976889135149903,0.0,0.0,0.0,0.0,0.890231108648501
C003824,3,0.0937078057592892,0.0,0.0,0.0,0.643555505458654,0.0,0.0,0.2627366887820568
C003826,1,0.0,0.0,0.0,0.06369651976799029,0.0,0.0,0.0,0.9363034802320097
C003831,0,0.0,0.0,0.0,0.08768348865930621,0.0,0.0,0.03286345224184916,0.8794530590988446
C003838,1,0.0,0.3023365312297731,0.0,0.017541411373414542,0.6768003501050834,0.0,0.0,0.0033217072917288704
C003843,2,0.646072447510858,0.0,0.0,0.0,0.27609494562013936,0.0,0.0,0.07783260686900262
C003846,0,0.003920845453115729,0.0,0.0,0.13593340921518493,0.4474634224301945,0.0,0.32226789623668434,0.09041442666482058
C003848,2,0.0,0.33124316027247763,0.0,0.047799898576736485,0.08385624877651339,0.0,0.0,0.5371006923742725
C003850,0,0.0,0.33412971822567955,0.6303801343201563,0.0,0.0,0.0,0.0,0.035490147454164234
C003852,1,0.0,0.0,0.0,0.0,0.0,0.7984388373883599,0.0,0.20156116261164014
C003854,1,0.0,0.0,0.0,0.0,0.0,0.0,0.7649040546163758,0.23509594538362422
C003856,4,0.0,0.9810385885480072,0.0,0.0,0.0,0.0,0.0,0.018961411451992816
C003858,1,0.0,0.0,0.0,0.1660593519880067,0.14024504854967992,0.5922309959928841,0.0,0.10146460346942932
C003860,4,0.0,0.0,0.006064611618228058,0.0,0.0,0.0,0.15946981040442473,0.8344655779773472
C003862,2,0.0,0.10299364971617159,0.08262881340700517,0.0,0.0,0.0,0.4757006369088742,0.33867689996794903
C003869,4,0.0,0.0,0.0,0.0,0.0,0.5844172006306952,0.07645836073863922,0.33912443863066555
C003870,1,0.016109968953958217,0.6259778806146072,0.0,0.01970176106266137,0.010165262778850178,0.0,0.0,0.3280451265899229
C003872,4,0.0,0.0,0.0,0.0,0.7673803407732132,0.0,0.0,0.23261965922678685
C003873,0,0.0,0.0,0.0,0.7086591642463047,0.0,0.0,0.0,0.2913408357536953
C003877,2,0.0,0.0,0.0,0.0,0.0,0.19848650408945304,0.4647251222942152,0.33678837361633174
C003880,2,0.0412485749842412,0.0,0.0,0.06750048481754076,0.23001125080928703,0.3768340236722315,0.0,0.28440566571669956
C003881,1,0.0,0.4205027602264635,0.0,0.0,0.0,0.0,0.5064751503617152,0.07302208941182131
C003886,1,0.0,0.0,0.0,0.46433089926698445,0.08466463765766298,0.0,0.020159737275359732,0.4308447257999929
C003887,1,0.0,0.8287648372366139,0.0,0.0,0.0,0.0,0.0,0.17123516276338613
C003888,3,0.4346611549186651,0.0,0.0,0.0,0.0,0.02829485458546979,0.3041956063314841,0.23284838416438103
C003889,3,0.6461635636613514,0.0,0.2092395494236336,0.0,0.007948569929998817,0.0,0.0,0.13664831698501612
C003891,0,0.0,0.0,0.0,0.0,0.12140800458526668,0.0,0.0,0.8785919954147333
C003892,3,0.23870691078566206,0.05292565164011025,0.23996751689835832,0.0,0.0,0.0,0.0,0.46839992067586933
C003894,1,0.0,0.4643174227023249,0.0,0.07553375650679406,0.0,0.13947645370145548,0.0,0.3206723670894256
C003898,0,0.09235883832723252,0.0,0.4996289202060931,0.13950391687455121,0.24546832806875613,0.0,0.0,0.023039996523366968
C003901,4,0.5160423790903352,0.0,0.0,0.0,0.0,0.0,0.033556732260772174,0.4504008886488926
C003907,0,0.05263180195449852,0.07581506892565881,0.0,0.18970952611277883,0.0,0.3668086871909656,0.14077177292858417,0.1742631428875141
C003908,2,0.07690719798492186,0.0,0.0,0.0,0.0,0.09993638766316015,0.0,0.823156414351918
C003910,4,0.0,0.0,0.0,0.7357928155325758,0.028426455342252042,0.17083400950938002,0.0,0.06494671961579213
C003912,2,0.2695911603421844,0.0,0.05891496168982642,0.0,0.0,0.03916569886879307,0.28353513534134517,0.34879304375785103
C003918,4,0.012190296452025308,0.0,0.0,0.0066364096028861215,0.7200690981393059,0.0,0.0,0.2611041958057827
C003919,3,0.0,0.03294314051222439,0.0,0.0,0.0,0.1401955355411632,0.0,0.8268613239466124
C003920,0,0.0,0.0,0.0,0.0,0.0,0.0,0.0,1.0
C003921,3,0.03628336347439896,0.6282904463573088,0.014770765747712546,0.0,0.04926050507820518,0.008291871214315884,0.0,0.2631030481280586
C003924,1,0.052241307499034245,0.07556771415814832,0.0,0.019755497764552033,0.05372208868148008,0.0,0.4706110322247839,0.3281023596720014
C003925,3,0.0,0.0,0.3945634695027175,0.0,0.24531397020154777,0.34178802132242897,0.0,0.018334538973305836
C003926,4,0.0,0.0,0.0,0.0,0.0,0.0,0.8749957638500998,0.1250042361499002
C003928,2,0.04892251329871868,0.0,0.33549034961975155,0.0,0.028082919470857903,0.5811180703577624,0.0,0.006386147252909424
C003929,1,0.0,0.0,0.0,0.1362096986653071,0.0,0.0,0.8147300591144119,0.04906024222028105
C003930,1,0.0,0.0,0.0,0.6558807073459549,0.0,0.0,0.06470879873090059,0.27941049392314443
C003931,0,0.0,0.0,0.0,0.0,0.9404870293229507,0.0,0.0284055305327566,0.031107440144292675
C003933,3,0.0,0.0,0.0,0.0,0.0,0.3896811325249876,0.05728069591326633,0.5530381715617461
C003935,0,0.035292451696943596,0.0,0.0,0.0,0.6431344181212469,0.0,0.0,0.32157313018180944
C003936,0,0.0,0.20477910307118494,0.4027167506154631,0.17813106388789265,0.0360198682471182,0.044704925009676336,0.0,0.13364828916866467
C003938,3,0.0,0.0,0.035651641630219486,0.0,0.06718509972907137,0.30587446234857607,0.5495546345753523,0.04173416171678079
C003939,4,0.0,0.0,0.0,0.0,0.0,0.0,0.8940705812552551,0.10592941874474493
C003941,2,0.0,0.9645103029393028,0.0,0.0,0.0,0.0,0.0,0.035489697060697156
C003942,4,0.0,0.0,0.0,0.0,0.2381179447197936,0.0,0.5171835020142859,0.2446985532659205
C003944,4,0.0,0.0,0.1021768087828094,0.0,0.0,0.4945701083942419,0.37413847430311864,0.029114608519830054
C003946,3,0.747020878915331,0.0,0.177334568872351,0.0,0.0,0.0,0.04106842600964248,0.03457612620267558
C003947,3,0.0,0.12779040225635696,0.0,0.609020441892087,0.07095015286167361,0.12511109612406718,0.0,0.06712790686581527
C003949,3,0.0,0.0,0.06998759281133712,0.10724398879466977,0.0,0.37724307726404865,0.0,0.44552534112994446
C003959,4,0.0,0.6468357664818614,0.1329749201543815,0.0,0.0,0.0,0.06213182889452667,0.1580574844692305
C003961,2,0.24250408487138142,0.09455965380313266,0.33954879318754044,0.0,0.0,0.0,0.0,0.3233874681379454
C003963,3,0.0,0.0,0.0,0.0,0.3250184913143639,0.3276350646851666,0.03730827563156931,0.3100381683689001
C003964,3,0.0,0.0,0.0,0.0,0.2583863478765777,0.0683942894110704,0.2835064200670007,0.38971294264535117
C003965,3,0.0,0.271643597448985,0.6678230007869465,0.0,0.04260333492802044,0.0,0.0,0.017930066836048142
C003966,0,0.8236987157650905,0.0,0.0,0.0,0.0,0.1418253907272401,0.0,0.03447589350766944
C003967,1,0.0663955450212723,0.23087185445111208,0.43975738510884976,0.0,0.0,0.24891921609338677,0.0,0.014055999325379154
C003970,3,0.0,0.0,0.044005930764268876,0.0,0.263161147799697,0.567009665049138,0.08060709455752314,0.04521616182937305
C003976,0,0.3827206503335637,0.0,0.0,0.0,0.08469328815037071,0.007041482435470649,0.0,0.525544579080595
C003978,4,0.0,0.0,0.016430407923080658,0.0040397419431683675,0.8260852324497338,0.0,0.062375678385355224,0.091068939298662
C003980,2,0.0,0.08394983297117646,0.0,0.0,0.2167442292161743,0.0,0.2553266335238682,0.44397930428878096
C003981,2,0.3679062729765452,0.0,0.0,0.0,0.0,0.27087688080692823,0.0,0.3612168462165266
C003982,4,0.0,0.0,0.0,0.44253033529055213,0.16949529816214282,0.2023191233176852,0.0,0.1856552432296198
C003985,1,0.0,0.054823668006683056,0.0,0.2916805123081974,0.0,0.0,0.6327255166617688,0.02077030302335081
C003986,2,0.0,0.8536141409473564,0.0,0.0,0.0,0.0,0.0,0.14638585905264356
C003987,1,0.051464487893152125,0.0,0.02604601852472649,0.0,0.0,0.03131368264311649,0.0,0.8911758109390049
C003988,4,0.0,0.0,0.0,0.15728973228504195,0.0,0.5535513357589973,0.0,0.28915893195596076
C003990,1,0.0,0.12248355895406265,0.0,0.0,0.5344312171996265,0.0,0.0,0.3430852238463109
C003991,3,0.0,0.12429298151405499,0.0,0.0,0.0,0.0,0.0,0.875707018485945
C003992,3,0.0,0.0,0.0,0.0,0.0,0.0,0.8394767977118854,0.16052320228811456
C003993,0,0.0,0.0405198792195116,0.22057843984077558,0.0,0.0,0.574703816505218,0.0,0.1641978644344948
C003994,2,0.0,0.0,0.0,0.0,0.0,0.0,0.0,1.0
C003995,2,0.0,0.5952678832323759,0.0,0.0,0.0,0.06336805118984848,0.08740178932096113,0.25396227625681456
C003999,4,0.8042833871159323,0.0,0.0,0.0,0.0,0.0,0.0,0.19571661288406772
