client_id,fold,cloud,gym,insurance,mobile,music,software,streaming,none
C000001,2,0.0,0.27371817764603285,0.3353442310057104,0.17004991396136254,0.0,0.0,0.18074215042749642,0.04014552695939777
C000005,3,0.0,0.263972462210566,0.0,0.46183323224418826,0.0,0.0,0.0,0.2741943055452458
C000007,3,0.7492689472896688,0.0,0.0,0.0,0.0,0.06472339306602015,0.0,0.1860076596443111
C000009,2,0.032061174691646294,0.0,0.0,0.0,0.0,0.4160555707835365,0.5445197008734605,0.007363553651356769
C000012,4,0.0,0.0,0.0,0.0,0.0,0.9427430728492926,0.0,0.057256927150707404
C000014,4,0.38008549485483617,0.0,0.0,0.0,0.0,0.4451777267914126,0.0,0.17473677835375123
C000015,0,0.0,0.0,0.35354437657648174,0.0,0.0,0.0,0.0,0.6464556234235183
C000016,1,0.0,0.02645565441028175,0.7541504033086227,0.0,0.0,0.0,0.0,0.21939394228109554
C000017,3,0.0,0.02681363930424569,0.11017515017149883,0.6300489729004658,0.0,0.0,0.1478563531506776,0.08510588447311207
C000021,1,0.0,0.0,0.0,0.2801632217615217,0.0,0.04548699908705675,0.21871484736842817,0.4556349317829934
C000022,2,0.0,0.0,0.0,0.0,0.0,0.38679934274738653,0.3735435328017401,0.2396571244508734
C000024,1,0.0,0.713460118486508,0.0,0.0,0.022441406750965127,0.04191148215410648,0.0,0.22218699260842034
C000025,0,0.7100529549865708,0.0,0.0,0.09094217504962966,0.018322663312100237,0.06692448364816232,0.0217962371328806,0.09196148587065645
C000026,1,0.0,0.42983811521015636,0.22065203486222978,0.17006909788112035,0.0,0.1039240457851238,0.049430855962416934,0.02608585029895283
C000027,2,0.0,0.014108302500749454,0.0,0.22011329861097254,0.7458124766329898,0.013479283116301756,0.0,0.006486639138986505
C000028,3,0.3231344627922059,0.10816187830175575,0.0,0.0,0.14079005357359914,0.41535707072043343,0.0,0.012556534612005787
C000029,3,0.2511206685495982,0.0,0.0,0.016343148286064698,0.28980732617425153,0.25665277004212467,0.07148171921081833,0.1145943677371426
C000030,3,0.047108186610118716,0.0,0.0,0.0,0.022620463173805967,0.0,0.0,0.9302713502160753
C000033,0,0.08530427511992468,0.0,0.0,0.0,0.0,0.0,0.38907420486775735,0.525621520012318
C000035,2,0.0,0.01787566668439857,0.0,0.33752967154743213,0.030286199673341167,0.0,0.014065084540745953,0.6002433775540822
C000038,3,0.0,0.0,0.0,0.0,0.2482574858483741,0.30642901289530544,0.0,0.4453135012563205
C000039,0,0.0,0.0,0.0,0.0,0.0,0.0,0.0,1.0
C000040,2,0.13884520055243946,0.5329683937524337,0.3044011743042576,0.0,0.0,0.0,0.0,0.0237852313908693
C000041,3,0.0,0.0,0.8782366749508934,0.0,0.07237054263773585,0.0,0.0,0.049392782411370684
C000043,1,0.0,0.0,0.033473513160440255,0.0,0.0,0.0,0.03765979534961379,0.9288666914899459
C000044,1,0.0,0.0,0.0,0.0,0.0,0.0,0.09769937232009818,0.9023006276799018
C000047,2,0.0,0.6046910157888936,0.0,0.0,0.3392996379350017,0.0,0.0,0.056009346276104655
C000053,3,0.15236798703311655,0.5011489347151092,0.0,0.0,0.0,0.0,0.0,0.34648307825177427
C000055,1,0.0,0.0,0.0,0.0,0.0,0.357759662603103,0.0,0.642240337396897
C000060,0,0.0,0.0,0.7279190716095192,0.0,0.0,0.0,0.0,0.2720809283904808
C000062,4,0.07174739099684127,0.0,0.0,0.013841934092569817,0.0,0.0,0.0,0.9144106749105889
C000063,1,0.0,0.0,0.796460544305357,0.0,0.0,0.0,0.0,0.20353945569464305
C000064,1,0.0,0.0,0.3699268064290903,0.006443467988649532,0.0,0.5123231303921634,0.0,0.11130659519009678
C000066,1,0.03045948061278507,0.0,0.0,0.0,0.0,0.0,0.07848118903446784,0.8910593303527471
C000069,3,0.02839004842250734,0.0,0.18208974515132678,0.05055520735050052,0.0,0.0,0.008474026888821828,0.7304909721868436
C000072,1,0.0,0.0,0.0,0.24813670026618462,0.0,0.7035011795242366,0.037886374514893316,0.010475745694685457
C000073,4,0.0,0.0,0.03997114847700384,0.0,0.23430803366086944,0.0,0.0,0.7257208178621267
C000077,4,0.43891531537911954,0.0,0.0,0.046682109367804384,0.0,0.0,0.0,0.5144025752530761
C000078,4,0.0,0.0,0.6086283216529746,0.0,0.334499765282637,0.0,0.028973158287955186,0.02789875477643322
C000079,2,0.0,0.2926547446054746,0.0,0.07986854751535426,0.0,0.4637153139366069,0.1621565214197075,0.0016048725228566818
C000080,2,0.0,0.0,0.0,0.0,0.0,0.0,0.0,1.0
C000084,3,0.0,0.0,0.06944740013292304,0.1113077922876493,0.0,0.0,0.0,0.8192448075794276
C000085,2,0.0,0.0,0.8220310475189078,0.0,0.0,0.0,0.0,0.17796895248109224
C000088,1,0.1427514104907283,0.03556159251454242,0.7956586007039786,0.0,0.0,0.0,0.0,0.0260283962907506
C000093,0,0.5271340603700047,0.0,0.024100713927705505,0.0,0.0,0.0,0.0,0.4487652257022898
C000094,1,0.6569339595279925,0.0,0.13631785540144395,0.0,0.0909096275056402,0.0,0.0,0.11583855756492334
C000095,1,0.08794407293831084,0.0,0.0,0.870233152131689,0.014121446499726471,0.021837434286014635,0.0,0.005863894144259141
C000100,2,0.0970953923352138,0.6584871018545125,0.12911423108348066,0.0,0.0,0.0,0.0,0.11530327472679303
C000101,1,0.0,0.9089751234503357,0.0,0.0,0.0,0.0,0.0,0.09102487654966429
C000102,4,0.0,0.15967006250458812,0.0,0.0,0.0,0.5475517835652668,0.0,0.29277815393014506
C000103,3,0.0,0.0,0.6177534326302612,0.12174714105765023,0.06152728529333784,0.1923406768523317,0.0,0.006631464166419021
C000104,3,0.0,0.0,0.45002890920851346,0.0,0.4390153094136717,0.0,0.0,0.11095578137781481
C000105,4,0.0,0.25423109598598914,0.09395894173026789,0.0,0.0,0.0,0.5600900534817337,0.09171990880200931
C000106,4,0.0,0.0,0.0,0.0,0.0,0.0,0.6739217267702197,0.32607827322978034
C000109,1,0.6495975441220359,0.0,0.0,0.0,0.0,0.32985220447113595,0.0,0.0205502514068282
C000110,1,0.0,0.15488908419330516,0.30824431113587086,0.4551188308248662,0.019678319760073604,0.0,0.015661901052726843,0.046407553033157356
C000111,1,0.0,0.0,0.20903291864640064,0.0,0.0,0.0,0.757415700962027,0.03355138039157235
C000113,0,0.0,0.0,0.0,0.6413008426455672,0.09947551468849704,0.0,0.0,0.2592236426659358
C000115,1,0.16613136197967698,0.0,0.0,0.0,0.021729987963578886,0.24158304296882796,0.22619765401701225,0.344357953070904
C000116,0,0.08239651093134122,0.0,0.7941239157588039,0.0,0.0,0.0,0.07678180025545792,0.04669777305439693
C000117,1,0.0,0.8501805350064817,0.0,0.0,0.0,0.0,0.0,0.14981946499351828
C000119,1,0.29676754181517195,0.0,0.0,0.0,0.0,0.0,0.6338603499253369,0.06937210825949114
C000120,3,0.0,0.5353137721112406,0.0,0.0,0.05077852600791071,0.0,0.08818607665340375,0.32572162522744497
C000122,0,0.1951009631010738,0.0,0.0,0.11283144261379319,0.0,0.0,0.0,0.692067594285133
C000127,3,0.0,0.014121037594941842,0.0,0.0,0.0,0.04360812343980226,0.009122590366731924,0.933148248598524
C000128,1,0.0,0.0,0.9064250913190098,0.0,0.059051107455258,0.0,0.0,0.034523801225732176
C000129,3,0.12388733217306569,0.0,0.0,0.0,0.0,0.7398286298531368,0.009123686112192855,0.12716035186160468
C000130,3,0.0,0.07093542742887107,0.2869165084118492,0.0,0.0,0.0,0.0,0.6421480641592797
C000132,4,0.0,0.0,0.0,0.3705067144283222,0.1331532125994889,0.47693274738027436,0.0,0.019407325591914493
C000134,3,0.1618553250291845,0.0,0.4646199172905647,0.0,0.0,0.0,0.34673739602892933,0.02678736165132145
C000135,3,0.14001227854373932,0.0,0.0,0.13464377117829185,0.018031567531403364,0.0,0.0,0.7073123827465655
C000136,4,0.0,0.0,0.05996798832127341,0.04465278269020919,0.0,0.0,0.03335470187035882,0.8620245271181586
C000137,3,0.07845009706639276,0.0,0.0,0.0,0.10713798002675459,0.0,0.195390282497562,0.6190216404092906
C000140,0,0.0,0.10352861605825685,0.0,0.0,0.0,0.5056420793531733,0.22137063789996977,0.1694586666886001
C000142,4,0.04684240690445961,0.12754691814444324,0.0,0.7309253896189158,0.0,0.0,0.09130489494414475,0.0033803903880366137
C000144,0,0.0,0.0,0.0,0.0,0.0,0.9518233984592823,0.0,0.04817660154071768
C000148,4,0.14288213179762593,0.1719289709822372,0.0,0.026525752041974816,0.0,0.0,0.5180562650439104,0.1406068801342516
C000149,3,0.0,0.0,0.0,0.0,0.0,0.0,0.7166112213011032,0.2833887786988968
C000150,3,0.0,0.0,0.0,0.0,0.0,0.852895874185703,0.09514577247946518,0.051958353334831786
C000152,4,0.8012293659210591,0.0,0.0,0.0,0.01666620414365039,0.0,0.04054135917899612,0.14156307075629437
C000153,3,0.0,0.0,0.0,0.8692067270498463,0.0,0.0,0.0,0.13079327295015375
C000155,2,0.0,0.0,0.0208196214887183,0.0,0.0,0.0,0.0,0.9791803785112817
C000157,0,0.0,0.0,0.0,0.0,0.0,0.0,0.0,1.0
C000159,4,0.0,0.0,0.5767558470741727,0.017223770626995198,0.0,0.0,0.03143937944295533,0.3745810028558767
C000160,4,0.0,0.0,0.0,0.0,0.0,0.0,0.0,1.0
C000162,4,0.03714844262204395,0.0,0.012558607911956303,0.0671232926401718,0.0,0.3272942795924973,0.29873516918068027,0.25714020805265037
C000164,4,0.07939049272297419,0.0,0.3026172876237026,0.0,0.49546440712413836,0.0,0.0,0.12252781252918488
C000168,2,0.0,0.0793130516320187,0.0,0.0,0.0,0.4516715301760228,0.0,0.46901541819195847
C000169,4,0.0,0.05365577222347563,0.0,0.09378267737087384,0.0,0.0,0.41213320253497515,0.4404283478706754
C000171,3,0.0,0.0,0.0,0.03657037221224268,0.0,0.0,0.8257381376944529,0.1376914900933044
C000172,3,0.0,0.0,0.0,0.0,0.0,0.0,0.0,1.0
C000173,3,0.6245588849319536,0.0,0.07907936893414583,0.19765569412373518,0.0,0.0,0.0,0.09870605201016547
C000174,0,0.0,0.0,0.0,0.0,0.0,0.07225326845343094,0.0,0.9277467315465691
C000175,3,0.015966199450797598,0.0,0.3652938570431678,0.0,0.43612380424465413,0.0,0.0,0.18261613926138054
C000177,0,0.0967758539205617,0.0,0.46999252416433857,0.14598984866861278,0.15193537233592228,0.0,0.05458782938916353,0.08071857152140127
C000179,0,0.028119223057334556,0.2739848446767324,0.0,0.04344889652334103,0.5160662949187557,0.0,0.0,0.13838074082383633
C000181,2,0.0,0.09123692091672904,0.0,0.0,0.8316743398000069,0.03747634854116481,0.0,0.03961239074209921
C000183,3,0.0,0.10440592625805255,0.0,0.5128649200644648,0.0,0.0,0.193906047738141,0.1888231059393416
C000185,1,0.15484567560203777,0.750495561708247,0.0,0.0,0.0,0.0,0.0,0.09465876268971518
C000187,0,0.0,0.0,0.47942150507483816,0.0,0.39687706035049475,0.0,0.0,0.12370143457466709
C000189,0,0.034753007328504115,0.0,0.0,0.0,0.020233762430537726,0.5601802913839452,0.038733166902824114,0.34609977195418884
C000190,3,0.8688155313475483,0.0,0.0,0.0,0.0,0.0,0.0,0.1311844686524517
C000191,2,0.0,0.0,0.0,0.40060999450522516,0.19345478410057948,0.0,0.38570716108412156,0.020228060310073737
C000192,3,0.0,0.3217065279777593,0.1341933182862996,0.0,0.3268020027054387,0.15495534408670347,0.0,0.06234280694379901
C000196,4,0.7846030205479593,0.0,0.0,0.0,0.028218782165030945,0.0,0.0,0.1871781972870098
C000197,3,0.0,0.0,0.0,0.0,0.6345934611397477,0.21395856258745385,0.0,0.1514479762727985
C000198,3,0.0,0.0,0.0,0.0,0.0,0.0,0.8432285797296557,0.1567714202703443
C000201,4,0.0,0.8253635435705693,0.0,0.0,0.0,0.0,0.0,0.1746364564294307
C000202,3,0.3441540104572603,0.16623809305199666,0.07307687719211864,0.0,0.0,0.08245682059929131,0.3056908695281367,0.02838332917119657
C000203,4,0.0,0.12476725775317189,0.09069254215567571,0.0,0.0,0.48569264867394657,0.0,0.29884755141720576
C000205,2,0.04326219236600156,0.0,0.0,0.4444633631326186,0.0,0.10356825141985729,0.0,0.40870619308152256
C000206,4,0.0,0.0,0.0,0.014306509145304826,0.6443683929080437,0.2877914616262576,0.0,0.05353363632039376
C000207,2,0.6211392056240573,0.14394386120522515,0.0,0.030617416236143325,0.0,0.0,0.178832568141874,0.025466948792700173
C000210,4,0.31922988543388175,0.06374865908354373,0.08914793254069756,0.36902509901697267,0.0,0.0,0.0,0.15884842392490428
C000212,4,0.5017148895988417,0.21511385487532986,0.12254660414551201,0.12689495564219427,0.0,0.0,0.0,0.03372969573812212
C000214,0,0.0,0.0,0.0,0.04601702333462756,0.01459062576374901,0.0,0.0,0.9393923509016234
C000218,1,0.0,0.004701684926150552,0.5599603552678862,0.0900270361695183,0.0923355501062124,0.0,0.17995543801360545,0.073019935516627
C000219,4,0.2536276402248766,0.032511228376114414,0.0,0.05062365913750849,0.6613278729162744,0.0,0.0,0.001909599345226054
C000222,4,0.0,0.0,0.0,0.014453536284863936,0.0,0.12096236414303746,0.10261741765539659,0.761966681916702
C000223,3,0.6312091523109481,0.0,0.0,0.12497025695213625,0.0,0.0,0.20903857624694727,0.03478201448996843
C000226,1,0.0,0.0,0.8414769997939909,0.0,0.0,0.0,0.0,0.15852300020600907
C000228,4,0.0,0.005387242615356641,0.8879189872069569,0.00046483413145056204,0.10151030738155263,0.0,0.0,0.0047186286646832
C000230,2,0.0,0.02328389231275276,0.28411165156372786,0.0,0.0,0.0,0.0,0.6926044561235194
C000233,1,0.0,0.0,0.2753388870702862,0.0,0.5591588879784737,0.0,0.0,0.16550222495124012
C000234,4,0.031422491939662824,0.0,0.0,0.008003819905210771,0.741118417050174,0.0,0.0,0.21945527110495244
C000235,1,0.0,0.0,0.0,0.7823888189611513,0.0,0.0,0.0,0.2176111810388487
C000236,3,0.0,0.0,0.0,0.6583772885710606,0.030189702770213985,0.0,0.09271112259655889,0.21872188606216658
C000237,0,0.6186694700258323,0.0,0.0,0.0,0.11652059257323855,0.07507439657285137,0.04616319343580257,0.1435723473922753
C000238,1,0.0,0.22777068993611588,0.0,0.1465429127757957,0.49590945359353233,0.0,0.02324060288489751,0.10653634080965857
C000239,3,0.0,0.0,0.0,0.0,0.0,0.7067354926038342,0.1021539202497153,0.19111058714645057
C000240,0,0.0,0.7405499703011837,0.0,0.0,0.0,0.0,0.013928230585478913,0.24552179911333738
C000242,3,0.0,0.06890492369690084,0.0,0.5040895682808605,0.0,0.24485548092292395,0.11037292957199706,0.07177709752731765
C000245,0,0.005222403601853073,0.0,0.0,0.0,0.0,0.0,0.014001060181597448,0.9807765362165495
C000246,4,0.9345368379656167,0.0,0.0,0.0,0.0,0.0,0.0,0.0654631620343833
C000248,4,0.4975010944945254,0.0,0.27014672608836154,0.06961959028318938,0.0,0.0,0.0,0.16273258913392363
C000249,4,0.14238026695077632,0.0,0.0,0.0,0.0,0.0,0.0,0.8576197330492237
C000250,1,0.3778727020041571,0.0,0.0,0.0,0.0,0.3868245111102558,0.0,0.23530278688558703
C000252,1,0.028518188330787553,0.0,0.01730585329421093,0.0,0.0,0.3115153435451912,0.059047339258932637,0.5836132755708776
C000254,0,0.0,0.0,0.024625911720763102,0.0,0.0,0.0,0.045442274654705524,0.9299318136245314
C000257,1,0.43529589108954725,0.0,0.0,0.0,0.2885447745699162,0.0,0.0,0.27615933434053663
C000259,4,0.06850128809215551,0.0,0.24388699154053875,0.0,0.6414528336255262,0.0,0.0,0.04615888674177948
C000261,1,0.0,0.0,0.0,0.0,0.017790140059730543,0.08273350865893518,0.0,0.8994763512813343
C000262,2,0.0,0.0,0.0,0.24578048901938104,0.0,0.0,0.7139169297158766,0.0403025812647424
C000263,4,0.9180373574960059,0.032861691438340786,0.0,0.0,0.023069769811943655,0.0,0.0,0.026031181253709623
C000264,0,0.0,0.3131161713721649,0.0,0.025974926231315584,0.6036117973843513,0.0,0.0,0.057297105012168226
C000265,3,0.06631296722619041,0.0,0.0,0.0,0.0,0.8736305494821676,0.0,0.06005648329164204
C000270,3,0.0,0.0,0.0,0.0,0.864671423967912,0.0,0.0,0.13532857603208803
C000271,0,0.0,0.6551085707230598,0.11080382841338837,0.0,0.0,0.08784572083759162,0.0,0.14624188002596017
C000272,0,0.0,0.7341694306027426,0.0,0.1400824305686033,0.0,0.0,0.0,0.1257481388286541
C000274,4,0.0,0.0,0.0,0.10828006948822917,0.0,0.364560208600496,0.0,0.5271597219112749
C000275,1,0.0,0.0,0.0339754081807364,0.31025849811553663,0.0,0.0,0.0,0.655766093703727
C000276,0,0.07023009098042339,0.0,0.0,0.7819296607445534,0.0,0.10330237827246692,0.0,0.04453787000255627
C000281,0,0.0,0.4600072554964727,0.36569721989805337,0.0,0.0,0.07369685648935485,0.0,0.10059866811611906
C000283,3,0.0,0.0,0.0,0.0,0.0,0.0,0.9318768860898875,0.0681231139101125
C000284,0,0.0,0.0,0.0,0.20021578761594422,0.0,0.5719131028908917,0.0,0.22787110949316403
C000285,1,0.0,0.0,0.0,0.2988022352864918,0.0,0.0,0.41842501593896075,0.2827727487745475
C000286,0,0.0,0.0,0.08189036210476158,0.12951349262817835,0.6884445432872573,0.0,0.0,0.10015160197980277
C000290,1,0.0,0.0,0.0,0.7538757435281541,0.0,0.0,0.0,0.24612425647184588
C000292,2,0.6359139714441817,0.0,0.0,0.0,0.0,0.0,0.018945098142287654,0.34514093041353067
C000295,1,0.0,0.04074107078990985,0.0,0.0,0.0,0.0,0.0,0.9592589292100901
C000296,2,0.0,0.0872696672676099,0.0,0.0,0.40366552422638813,0.0,0.0,0.509064808506002
C000297,1,0.0,0.0,0.06115546074766209,0.0,0.06288601637294122,0.0,0.0,0.8759585228793967
C000302,4,0.0,0.0,0.0,0.0,0.0,0.055617294582585686,0.0,0.9443827054174143
C000306,3,0.20779711106832255,0.0,0.0,0.372392819094876,0.0,0.0,0.0,0.41981006983680147
C000310,1,0.03276988691932109,0.09850587813086868,0.0,0.0,0.0,0.0,0.0,0.8687242349498102
C000311,3,0.2923555176572241,0.0,0.0,0.0,0.0,0.0,0.0,0.7076444823427759
C000313,0,0.18969203029748719,0.0,0.0,0.07237945962760577,0.04574385390607821,0.0,0.5763364572387382,0.11584819893009068
C000319,3,0.295119850958245,0.08198230687717695,0.0,0.5548102032717313,0.0,0.0,0.0,0.06808763889284686
C000322,1,0.060646584067987494,0.03468181076682557,0.0,0.0,0.8536221841221753,0.0,0.0,0.05104942104301169
C000323,4,0.19038251634909006,0.0,0.7535756496236212,0.0,0.0,0.0,0.0,0.056041834027288684
C000324,4,0.0,0.05941453181774864,0.0645872943242775,0.18690155953810952,0.0,0.0,0.0,0.6890966143198644
C000326,3,0.0,0.0,0.0,0.0,0.5897854774417788,0.0,0.0,0.4102145225582212
C000330,0,0.21063320458051,0.0599819749655835,0.11132897147251765,0.0,0.0,0.0,0.5769288179683544,0.0411270310130345
C000332,4,0.0,0.0,0.0,0.8082604439346026,0.0,0.0,0.0,0.1917395560653974
C000336,3,0.0,0.0,0.18203430981218868,0.013366421560978819,0.0,0.0,0.794478110663256,0.010121157963576488
C000338,1,0.47317616229538234,0.03936587599308546,0.07563531582985683,0.0,0.0,0.0,0.0,0.4118226458816754
C000339,4,0.0,0.0,0.0,0.0,0.0,0.8952917138396158,0.0,0.10470828616038419
C000342,0,0.0,0.0,0.0,0.05645221187694552,0.05508089268347046,0.5820301378089688,0.0,0.3064367576306152
C000343,0,0.7898461420043149,0.15837635156205673,0.0,0.00575764759276794,0.0,0.0,0.023070296719298618,0.02294956212156174
C000348,4,0.6455497754971057,0.0,0.1911239467209144,0.0,0.08477484843936209,0.0,0.0,0.07855142934261783
C000350,3,0.25388696501361724,0.0,0.0,0.0,0.19274410700736325,0.20848253604869432,0.0,0.3448863919303251
C000351,3,0.04256036042498815,0.0,0.0,0.0,0.0,0.9129966310553904,0.0,0.04444300851962146
C000352,2,0.0,0.0,0.0,0.0,0.11232469685076654,0.0,0.7985442239875861,0.08913107916164742
C000353,4,0.0,0.0,0.0,0.8163055644769063,0.05870125162352852,0.0,0.0,0.12499318389956515
C000356,4,0.0,0.0,0.1304225702296589,0.8591898507571022,0.0,0.0,0.0,0.010387579013238946
C000358,2,0.11005579140387256,0.0,0.0,0.0,0.06317535176532524,0.16387588911163792,0.0,0.6628929677191643
C000361,0,0.11925505241767163,0.0,0.0321955825230733,0.0,0.012497860603211314,0.7307916048045369,0.06456167302417089,0.04069822662733591
C000363,3,0.1254200832335065,0.0,0.0,0.520932324910142,0.0,0.3290061987355275,0.0,0.02464139312082403
C000364,0,0.0,0.0,0.8179193362781276,0.01373563655769699,0.0,0.0,0.0,0.16834502716417543
C000369,0,0.0,0.07295796482617005,0.09869312726741654,0.0,0.0,0.0,0.09864961107037831,0.7296992968360351
C000372,0,0.0,0.0,0.0,0.0,0.0,0.0,0.8050803377523417,0.19491966224765833
C000375,0,0.0,0.0,0.0,0.0,0.0,0.9427864831535012,0.0,0.05721351684649878
C000376,0,0.0,0.01930042991590236,0.1599914473567501,0.43411395737464237,0.0,0.1304803740558697,0.0,0.2561137912968354
C000381,1,0.11447419993192842,0.0,0.0,0.4919095572845824,0.0,0.02312123012513773,0.0,0.3704950126583514
C000382,4,0.0,0.05558483866609105,0.0,0.5115261644613115,0.09302690686068554,0.27939272928278774,0.0,0.06046936072912401
C000387,0,0.029488516481012562,0.0,0.2883868186242263,0.0,0.0,0.0,0.049525408624764976,0.6325992562699961
C000388,2,0.0,0.04487160330999112,0.2281580357771879,0.0,0.0,0.0,0.0,0.726970360912821
C000389,4,0.0,0.0,0.0,0.0,0.0,0.0,0.21509307127334565,0.7849069287266544
C000390,0,0.0,0.0,0.0,0.0,0.07253719456657795,0.0,0.7731806345503835,0.15428217088303853
C000392,3,0.023281930090834905,0.0,0.0,0.0,0.0,0.0,0.4796715546114281,0.497046515297737
C000394,2,0.0,0.0,0.0,0.0,0.39126877819289874,0.0,0.0,0.6087312218071013
C000400,1,0.0,0.0,0.0,0.04761936016922985,0.0,0.0,0.0,0.9523806398307701
C000401,1,0.24876382363683192,0.0,0.0,0.0,0.0,0.0,0.0,0.7512361763631681
C000403,2,0.0,0.0,0.9240445202963399,0.0,0.0,0.040908159934146045,0.0,0.03504731976951403
C000406,3,0.0,0.0,0.0,0.01883224207785356,0.0,0.0,0.5321684461428587,0.44899931177928765
C000407,3,0.0,0.266327872495356,0.0,0.0,0.0,0.041336460990318936,0.5711725227887575,0.12116314372556758
C000408,3,0.0,0.0,0.26493825448610286,0.0,0.0,0.0,0.0,0.7350617455138971
C000410,4,0.0,0.43468941076030126,0.16294042418851604,0.09505227958190969,0.2455858004297604,0.019766248819687793,0.0,0.04196583621982486
C000414,3,0.0,0.0,0.0,0.05450632207428366,0.0,0.0,0.04155523166603599,0.9039384462596803
C000417,2,0.0,0.0,0.0,0.36078705527793786,0.0,0.0,0.3548951377577975,0.2843178069642647
C000418,1,0.0,0.0,0.0,0.0,0.0,0.15184258051024924,0.0,0.8481574194897508
C000420,3,0.0,0.8487421761027081,0.0,0.03075663374489366,0.0,0.009938786871538366,0.06591805886979814,0.04464434441106169
C000422,3,0.0,0.0,0.05674858832170502,0.0,0.07836074074172927,0.0,0.0,0.8648906709365657
C000424,2,0.0,0.3663410233121372,0.0,0.0,0.0,0.3734158839473381,0.0,0.2602430927405247
C000425,4,0.0,0.0,0.0,0.0,0.0,0.0,0.6868246604934075,0.3131753395065925
C000426,2,0.09176835955100701,0.7777113443197043,0.0,0.0,0.0,0.0,0.0,0.13052029612928862
C000427,1,0.0,0.0,0.0,0.0,0.0,0.28572569721160507,0.32827197478972836,0.38600232799866663
C000428,1,0.0,0.0,0.0,0.0,0.0,0.025065585158425052,0.0,0.974934414841575
C000431,3,0.0,0.9728854077378902,0.0,0.0,0.0,0.0,0.0,0.02711459226210977
C000433,0,0.0,0.0,0.35322737727253667,0.0,0.040983846521731836,0.3364347123816359,0.0,0.26935406382409566
C000434,2,0.0,0.0,0.0,0.0,0.0,0.032804276439117874,0.0,0.9671957235608821
C000436,2,0.5315572371993751,0.09101016380217963,0.09335514164727451,0.023259713475796934,0.0,0.10198899283791754,0.05635700441343315,0.10247174662402314
C000437,2,0.0,0.0,0.0,0.0,0.0,0.0,0.0,1.0
C000438,4,0.031055449260045987,0.015229425813070342,0.0,0.0,0.0,0.0,0.9470306396662879,0.0066844852605958405
C000443,2,0.3322476694309418,0.0,0.5961652923328168,0.0,0.0,0.0,0.0,0.07158703823624135
C000445,3,0.0,0.0,0.0,0.0,0.0,0.0853998602006084,0.0,0.9146001397993916
C000446,3,0.0,0.0,0.6746581116716366,0.0,0.16828785019931727,0.014773993964743295,0.005421404798042263,0.13685863936626053
C000447,0,0.0,0.17059571314608465,0.7191914218020995,0.0,0.0,0.0,0.07037199537190954,0.0398408696799063
C000448,3,0.05613649397663613,0.0,0.0,0.0,0.9414550609386872,0.0,0.0,0.002408445084676636
C000452,1,0.0,0.6107866517933499,0.0,0.0,0.13490165604221332,0.19235301787147785,0.05127256676030825,0.010686107532650757
C000453,3,0.0,0.0,0.17649508233235842,0.22734861858378574,0.10235851738355299,0.0,0.45141510380128247,0.04238267789902039
C000454,4,0.0,0.0,0.31733223307717456,0.0,0.0,0.6402040956830181,0.0,0.04246367123980743
C000455,1,0.2882537941196424,0.26760826806451093,0.0,0.3764387112491781,0.0,0.0,0.0,0.06769922656666849
C000456,2,0.0,0.0,0.0,0.0,0.0,0.08867899919221045,0.5869387460932808,0.32438225471450877
C000457,0,0.39563279271373386,0.23375597291072464,0.27945002738190694,0.0,0.0,0.0,0.0,0.0911612069936345
C000458,1,0.0,0.10992019831996518,0.11495039583634689,0.0,0.473665164168787,0.0,0.0,0.30146424167490093
C000461,2,0.0,0.0,0.8554009803227249,0.0,0.0,0.0,0.0,0.14459901967727506
C000462,2,0.0,0.0,0.011492204259499884,0.0,0.0,0.5856840457630408,0.338604875314931,0.06421887466252829
C000464,1,0.0,0.0,0.0,0.0,0.08804323327861674,0.0,0.0,0.9119567667213833
C000465,2,0.2731390144188783,0.0,0.6239717611543414,0.07270392846112592,0.0,0.0,0.0,0.030185295965654335
C000468,4,0.0,0.0,0.7070133000144989,0.0,0.05715360634432295,0.2276511121265649,0.0,0.008181981514613246
C000469,2,0.0,0.0,0.964017302434285,0.005353720734356608,0.0,0.0,0.0,0.030628976831358457
C000470,2,0.0,0.0,0.9033844475262895,0.0,0.0,0.0,0.0,0.09661555247371045
C000471,0,0.3102496865909976,0.0,0.0,0.0,0.0,0.1006022366384075,0.0,0.5891480767705949
C000472,4,0.0,0.0,0.0,0.0,0.0,0.0,0.0,1.0
C000473,4,0.0,0.24889284277570797,0.0,0.022789249086846194,0.6587058204424617,0.0,0.0,0.06961208769498417
C000475,0,0.0,0.0,0.16716133243891362,0.761424508941255,0.0,0.0,0.0,0.07141415861983136
C000477,0,0.0,0.24189841655395977,0.0,0.0,0.0,0.15442425010891905,0.4967400460105245,0.10693728732659658
C000481,4,0.40727123550585864,0.42634251951507934,0.0,0.0,0.02523419543183339,0.03458104804796419,0.0,0.10657100149926446
C000482,0,0.0,0.01015788909944251,0.0,0.0,0.04662918141059871,0.0,0.6820200831850867,0.26119284630487205
C000484,1,0.0,0.0,0.0,0.03284851427434088,0.0,0.0,0.0,0.9671514857256591
C000492,1,0.093820808848601,0.20507725088328463,0.5382093523675046,0.0,0.01005877887057222,0.01650206677848733,0.09815142090891907,0.03818032134263116
C000493,2,0.0,0.019743390433311074,0.0,0.17713565933209488,0.5987268663772679,0.0,0.1064256572699462,0.09796842658737992
C000497,0,0.0,0.0,0.01658084538077278,0.6965667917897992,0.0,0.05625329539100972,0.04668282354363768,0.18391624389478056
C000498,3,0.27101939738382036,0.0,0.0,0.4025864411108051,0.0,0.0,0.0,0.3263941615053745
C000502,1,0.0,0.0,0.3917922585969905,0.0,0.1309434092579904,0.009219120125550043,0.24800249836261096,0.22004271365685812
C000503,4,0.40530569231856467,0.0,0.3938020801523587,0.0,0.006943854824930845,0.0178511733116502,0.012421560693446519,0.1636756386990491
C000504,2,0.0,0.033814747066851183,0.0,0.0,0.3611268513944603,0.06862061927649893,0.0,0.5364377822621895
C000506,4,0.0,0.0,0.035559102537976346,0.0,0.243521139087182,0.6458421038054021,0.0,0.0750776545694396
C000508,0,0.0,0.15533408076065178,0.0,0.0,0.02496659136522554,0.1337501373798284,0.0,0.6859491904942943
C000509,4,0.0,0.10050174918809011,0.0,0.0,0.0,0.044438246344069135,0.39957854547752936,0.45548145899031134
C000511,4,0.0,0.07881637470645876,0.0,0.20124394279376664,0.020413177529037232,0.5884295143443281,0.009834866904109948,0.10126212372229926
C000512,3,0.0,0.8348238927993843,0.0,0.0,0.0,0.0,0.0,0.1651761072006157
C000513,0,0.0,0.0,0.19824717423899854,0.0,0.0,0.0,0.0,0.8017528257610015
C000516,3,0.0,0.0,0.04208409278792239,0.0,0.2555768915555941,0.0,0.46399296631021736,0.23834604934626613
C000518,3,0.8217312901767476,0.0,0.0,0.038180854181197044,0.05177020569547683,0.05160381400746395,0.0,0.03671383593911448
C000521,3,0.0,0.5225784854561686,0.0,0.0,0.4375599929437103,0.0,0.0,0.03986152160012113
C000523,3,0.8255059584528147,0.10617482092071882,0.0,0.04864689142651557,0.0,0.0,0.0,0.019672329199950878
C000526,0,0.0,0.0,0.0,0.0,0.0,0.037563932349765634,0.14134618364520268,0.8210898840050317
C000529,0,0.6430309602307904,0.0,0.0,0.0,0.0,0.0,0.0,0.3569690397692096
C000531,4,0.0,0.22652683858266245,0.473875211950509,0.0,0.0,0.22382196094728837,0.03104685774905312,0.04472913077048701
C000532,4,0.6270157981855986,0.0,0.0,0.12463404991531477,0.0,0.0,0.0,0.2483501518990866
C000534,2,0.5410843409177047,0.0,0.4169263611703401,0.0,0.03333068437814024,0.0,0.0075639576151222,0.001094655918692733
C000536,0,0.0,0.003118507677084563,0.6312675440048441,0.0,0.0,0.08608229600925871,0.23773341190459818,0.04179824040421454
C000539,3,0.0,0.4562829991120939,0.07009649526403838,0.0934304119281942,0.0,0.0,0.04656858586878567,0.3336215078268878
C000540,4,0.0,0.0,0.2129233282667961,0.0,0.0,0.08297901694652915,0.023286795601627462,0.6808108591850472
C000543,4,0.0,0.22515539671358256,0.0,0.7508655087684271,0.0,0.0,0.0,0.023979094517990407
C000544,4,0.0,0.0,0.0,0.0,0.0,0.0,0.0,1.0
C000548,0,0.0,0.0,0.0,0.2632237398278266,0.354873129151478,0.05097786180345407,0.0,0.3309252692172413
C000549,2,0.07938547333589496,0.0,0.0,0.019307169733729913,0.026955370007213642,0.8699641265940843,0.0,0.004387860329077231
C000550,2,0.0,0.0,0.0,0.0,0.0,0.0,0.0968308513016678,0.9031691486983322
C000551,1,0.0,0.31099185810501906,0.27786416924678775,0.3571324740461568,0.0,0.0,0.0,0.054011498602036356
C000552,0,0.0,0.0,0.0,0.030844206981348935,0.0,0.0,0.0,0.9691557930186511
C000555,3,0.3721879037292538,0.0,0.0,0.0834880733803382,0.0,0.0,0.01391478141509753,0.5304092414753104
C000556,0,0.0,0.0,0.3016435238178833,0.0,0.0,0.47067810954959216,0.0,0.2276783666325246
C000557,2,0.19753669058896675,0.0,0.0,0.23429376419364928,0.0,0.3657921200181948,0.0,0.20237742519918922
C000558,1,0.0,0.0,0.13128354554918864,0.0,0.0,0.0,0.0,0.8687164544508114
C000559,4,0.0,0.0,0.0,0.22240147215589318,0.0,0.4828169025824075,0.14040025467848088,0.15438137058321844
C000561,1,0.0,0.0,0.0,0.0,0.0,0.0,0.0,1.0
C000563,0,0.0,0.0,0.0,0.27835740050469027,0.0,0.6140944136996693,0.0,0.1075481857956404
C000564,1,0.0,0.0,0.0,0.03464412761979517,0.8820042580146055,0.0,0.00893348235883231,0.07441813200676706
C000567,3,0.9399379279021773,0.0,0.0,0.0,0.0,0.0,0.0,0.06006207209782266
C000579,2,0.1297258023012923,0.4343876335067379,0.0,0.04249463505686762,0.0,0.0,0.10108981288244706,0.2923021162526551
C000580,3,0.901311072376177,0.0,0.0,0.02947698561643489,0.06670327257445381,0.0,0.0,0.002508669432934263
C000586,2,0.0,0.0,0.0,0.0,0.021385335737989297,0.0,0.724505225083122,0.25410943917888873
C000587,0,0.0,0.4163180642266471,0.3347611248776049,0.0,0.08933269889623802,0.13381501797597486,0.0,0.025773094023535115
C000588,1,0.48128127984675434,0.0,0.0,0.0,0.0,0.0,0.0,0.5187187201532457
C000592,3,0.0,0.0,0.0,0.23525971850596686,0.5909081832216363,0.1324253707750542,0.0,0.041406727497342644
C000596,3,0.9238941729746953,0.0,0.0,0.0,0.0,0.0,0.0,0.07610582702530466
C000597,4,0.7208585204354931,0.0,0.13906655214299293,0.0,0.0,0.0,0.010593980886456205,0.1294809465350577
C000599,4,0.0,0.0,0.15479957836152122,0.4817993229760689,0.0,0.0,0.0,0.3634010986624099
C000600,2,0.09803949350635349,0.0,0.0,0.0,0.14353408140408888,0.0,0.6630690175590126,0.095357407530545
C000602,2,0.12221024262481987,0.0,0.0,0.0,0.0,0.043084158841104045,0.0,0.8347055985340761
C000605,3,0.4601106286762274,0.0,0.0,0.4093740248554758,0.03900081480124939,0.04104293072999405,0.0,0.050471600937053385
C000606,1,0.0,0.0,0.0,0.0,0.0,0.0,0.8294894893841086,0.1705105106158914
C000607,2,0.8092791730074856,0.0,0.0,0.0,0.0,0.0,0.0,0.19072082699251436
C000609,3,0.6156651736479323,0.0,0.20517577220222624,0.0,0.0,0.0,0.04015587077399044,0.13900318337585105
C000612,2,0.0,0.6756575196384027,0.20288709702376984,0.0,0.0,0.0,0.0,0.12145538333782746
C000615,1,0.0,0.21535885684821282,0.0,0.0,0.0,0.3184748322692105,0.4359180602149953,0.03024825066758141
C000617,1,0.05220514451429365,0.0,0.05479597928795381,0.0,0.0,0.0,0.0,0.8929988761977525
C000618,2,0.0,0.0,0.0,0.0,0.0,0.9223133306042535,0.027504048859143388,0.05018262053660316
C000620,0,0.015325172162955788,0.0,0.6006069320465133,0.0,0.0,0.004395575690444997,0.12301728065053887,0.25665503944954704
C000621,0,0.0,0.0,0.0,0.0,0.0,0.0,0.9066760325977521,0.09332396740224791
C000622,3,0.020934348942384825,0.0,0.008942902501087483,0.2635355795036989,0.3077463441137182,0.0,0.017884602375877533,0.38095622256323314
C000624,1,0.0,0.0,0.0,0.0,0.0,0.0,0.0,1.0
C000626,3,0.24482245598688196,0.0,0.0,0.0,0.0,0.07714001091664423,0.6079270696048138,0.07011046349166006
C000627,2,0.0,0.0,0.0,0.014365793820066128,0.022345149234690623,0.0,0.0,0.9632890569452432
C000629,2,0.9772521506814053,0.013915105267332438,0.0,0.006005703969513661,0.0,0.0,0.0,0.002827040081748722
C000630,0,0.0,0.0,0.0,0.0,0.0,0.03191070198679673,0.1888242780695066,0.7792650199436967
C000633,0,0.0,0.6219376840831216,0.0,0.0,0.05436231228524625,0.0,0.19382329389157973,0.1298767097400525
C000636,1,0.5054717723627127,0.0,0.46893704044511964,0.0,0.0,0.0,0.0,0.025591187192167686
C000638,1,0.07053983299780538,0.20248393684464797,0.0,0.0,0.0,0.7163828451015234,0.0,0.010593385056023252
C000639,1,0.0,0.0,0.011442968371134782,0.5025871594215157,0.1039471323143561,0.0,0.0,0.3820227398929934
C000640,0,0.0,0.0,0.85557716476992,0.0,0.0,0.0,0.0,0.14442283523008004
C000641,3,0.0,0.0015723555445706422,0.00232456946782777,0.06011516823074444,0.28113839432549453,0.0,0.6373413581587684,0.017508154272594223
C000644,2,0.030116083120379358,0.0,0.0,0.0,0.0,0.30292188987650304,0.4669896517835305,0.1999723752195871
C000645,1,0.05665327415720124,0.27831773649222774,0.5170519519661658,0.0,0.0,0.0,0.03794364125515126,0.11003339612925389
C000647,1,0.011047729720753628,0.0,0.11913763564667151,0.46360348685502945,0.0,0.0,0.08466377034850066,0.3215473774290447
C000648,0,0.0,0.3059859736036004,0.0,0.0,0.21184525711315225,0.0,0.013018870513181402,0.46914989877006597
C000649,2,0.0,0.6215943945462443,0.0,0.29209100356846646,0.016436902461206857,0.0,0.04797242862072336,0.02190527080335891
C000651,3,0.0,0.0,0.0,0.0,0.0,0.3598691352858944,0.5974581437412161,0.04267272097288943
C000652,3,0.23123932494190688,0.0,0.2839198604392879,0.05732670617509077,0.0,0.29248919395088996,0.12014219258579628,0.014882721907028329
C000657,2,0.0,0.0,0.0,0.0,0.0,0.0,0.7337584090434369,0.2662415909565631
C000660,4,0.009107058144781351,0.005319683282314119,0.1399548021295303,0.008956312589005026,0.0,0.0,0.0,0.8366621438543692
C000665,1,0.0,0.0,0.0,0.8715025852340962,0.0,0.0,0.0,0.12849741476590382
C000666,1,0.0,0.711597899430387,0.0,0.0,0.0,0.0,0.0,0.288402100569613
C000667,0,0.6482151570323724,0.0,0.036899799586569616,0.29472140024256543,0.0,0.0,0.003412171741945015,0.016751471396547535
C000668,4,0.0,0.0,0.0,0.0,0.748413547192511,0.0,0.15881785512024563,0.09276859768724344
C000669,3,0.0,0.0,0.0,0.05060687107037554,0.5503467370324682,0.0,0.0,0.3990463918971563
C000670,3,0.0,0.0,0.38569589736199295,0.0,0.0,0.0,0.5913116026456879,0.022992499992319115
C000672,4,0.6036833694097044,0.0,0.0,0.0,0.0,0.0,0.12234672589661627,0.27396990469367943
C000675,2,0.0,0.0,0.0,0.0,0.0,0.0,0.3880799269963424,0.6119200730036576
C000677,4,0.0,0.0,0.0,0.0,0.0,0.0,0.0,1.0
C000678,1,0.0,0.0,0.0,0.8282874615556658,0.12569130870919767,0.0,0.0,0.04602122973513656
C000679,2,0.021545948460831674,0.0,0.0,0.33883393176098375,0.0,0.015309315685055122,0.6078351931771007,0.016475610916028782
C000680,4,0.16947889641167507,0.17103319158274122,0.0,0.1950280091537952,0.0,0.3370376037985805,0.0,0.127422299053208
C000681,1,0.10301958177779594,0.0,0.0,0.01067389613954703,0.0,0.0,0.2750599491262232,0.6112465729564338
C000682,0,0.22981714999426173,0.21152325049139575,0.5298975927937936,0.0,0.01985059323069351,0.0,0.0020091689326678505,0.006902244557187576
C000683,3,0.10198643065442797,0.2628663844939025,0.0,0.0,0.0,0.0,0.5916197990870048,0.04352738576466475
C000684,3,0.31982504020084274,0.0058199544146471495,0.0,0.6322412828713728,0.0,0.0,0.0,0.042113722513137275
C000694,4,0.09260047000149753,0.06242472984828683,0.0,0.0,0.0,0.0,0.0,0.8449748001502156
C000696,2,0.0,0.0,0.07659622465530189,0.0,0.9023816405216324,0.0,0.0,0.021022134823065697
C000699,1,0.0,0.030351349792691235,0.0,0.0,0.0,0.0,0.9079410913299373,0.06170755887737145
C000700,3,0.0,0.0,0.25020425998534357,0.0,0.5192164538986576,0.0,0.0,0.23057928611599887
C000701,3,0.025457202499026017,0.4837523074010867,0.0,0.007044432463303438,0.2593820507301191,0.0,0.0,0.22436400690646474
C000702,3,0.0,0.0,0.057031057206648694,0.0,0.0,0.020396144611949715,0.0,0.9225727981814016
C000705,4,0.0,0.11562194563509873,0.0,0.0,0.0,0.0,0.6466017553243919,0.23777629904050934
C000707,0,0.0,0.0,0.0,0.0,0.0,0.8130752078304366,0.0,0.18692479216956337
C000709,1,0.0,0.0,0.4047068828731587,0.0,0.0,0.5608420341826623,0.008825839108822111,0.025625243835356915
C000712,0,0.12244078923864986,0.1535357346760941,0.0,0.0,0.40431008881729885,0.0,0.0,0.31971338726795717
C000713,2,0.0,0.09543106361034687,0.0,0.3807656006305345,0.0326742866355182,0.3483283427341419,0.08229952084988781,0.060501185539570734
C000717,3,0.3101104669999505,0.0,0.5220875177117309,0.0,0.0,0.0,0.0,0.16780201528831862
C000721,1,0.0,0.0,0.0,0.0,0.245968644895152,0.0,0.0,0.754031355104848
C000725,3,0.286238623153647,0.0,0.0,0.0,0.20569573445620012,0.4465353968477537,0.0,0.061530245542399165
C000728,1,0.0,0.2817903649737258,0.6086055788663737,0.06477468260890605,0.0,0.0,0.0,0.04482937355099448
C000732,1,0.03435328768812388,0.0,0.13174904716376798,0.0,0.0,0.0,0.0,0.8338976651481081
C000734,0,0.0,0.0,0.0,0.0,0.0,0.0,0.672463516063026,0.327536483936974
C000735,4,0.0,0.0,0.7464456188310226,0.0,0.0,0.0,0.19106748440398677,0.06248689676499064
C000737,2,0.05419936873997568,0.0,0.26288506243635096,0.0,0.0,0.597146826583939,0.0,0.08576874223973441
C000738,2,0.0,0.0,0.0,0.0,0.0,0.14688864554933,0.0,0.85311135445067
C000743,1,0.049329604099336385,0.049717731577526146,0.0,0.0,0.0,0.0,0.0,0.9009526643231375
C000746,0,0.0,0.0,0.0,0.027742351699561175,0.0,0.0,0.023526016496425724,0.9487316318040131
C000747,1,0.0,0.0,0.518585420017957,0.0,0.0,0.0,0.39182318518250026,0.0895913947995427
C000749,0,0.25643915665660283,0.10024362993122278,0.569933451350624,0.0,0.0,0.0,0.0,0.0733837620615504
C000750,2,0.0,0.0,0.019695688745081208,0.0,0.0,0.0,0.0,0.9803043112549188
C000756,1,0.0,0.0,0.0,0.0,0.8983755064002213,0.0,0.0,0.10162449359977865
C000758,0,0.0,0.0,0.0,0.0,0.03201210733578898,0.008406092697572523,0.0,0.9595817999666385
C000761,1,0.27796840550691315,0.0,0.0,0.3668226788069737,0.0,0.0,0.0,0.3552089156861131
C000763,0,0.4307449083150362,0.0,0.0,0.0,0.0,0.0,0.41291224421077416,0.1563428474741897
C000764,0,0.0,0.0,0.49650634694451684,0.0,0.029273135343922875,0.06154112674949433,0.015616257913968505,0.3970631330480975
C000766,3,0.0,0.0,0.0,0.0,0.0,0.0,0.1288157043929431,0.8711842956070569
C000769,3,0.0,0.0,0.013669716438789566,0.1515531343577192,0.0,0.0,0.0,0.8347771492034912
C000771,3,0.0,0.0,0.0,0.0,0.0,0.0,0.8929355181262814,0.10706448187371864
C000772,0,0.0,0.0,0.6853290684033028,0.1123252308227935,0.0,0.0,0.08762875722165168,0.11471694355225215
C000775,3,0.0,0.0,0.0,0.0,0.0,0.0,0.0,1.0
C000776,1,0.0,0.0032961682122175993,0.0,0.5085901442328952,0.0,0.0,0.30040804310422964,0.18770564445065763
C000778,0,0.31418443169366056,0.03912544532969523,0.0,0.0,0.0,0.33162123252177955,0.0,0.31506889045486464
C000781,1,0.0,0.006051951444709385,0.30283497567673556,0.6672040629173349,0.0,0.004747857009667083,0.0,0.019161152951553073
C000783,1,0.0,0.0,0.0,0.0,0.0,0.0,0.0,1.0
C000787,1,0.0,0.05052295971796826,0.0,0.0,0.8843554373983166,0.0,0.0,0.06512160288371516
C000792,3,0.0,0.6101531469347053,0.0,0.08974133645292383,0.0,0.09038069491890008,0.0,0.20972482169347073
C000793,4,0.0,0.0837853787814784,0.0,0.0928444334065866,0.0,0.0,0.7606711073722415,0.06269908043969341
C000794,4,0.0,0.22572964161961703,0.0,0.0527599576472339,0.6330525369158138,0.0,0.006057754324839178,0.08240010949249621
C000799,0,0.0,0.0,0.0,0.0,0.0,0.0,0.05852320002641797,0.941476799973582
C000800,4,0.05681477748555459,0.0,0.0,0.0,0.38824754137867845,0.34933384456996425,0.0,0.20560383656580272
C000805,3,0.014928061689716466,0.8171030404363808,0.0,0.0,0.06561667130985677,0.0,0.003422455231662885,0.09892977133238312
C000807,2,0.08440769703524811,0.0,0.0,0.0,0.5763465599070703,0.0,0.0,0.3392457430576816
C000808,2,0.0,0.0,0.005383810907265217,0.0,0.018503743051688514,0.430465757343773,0.12977126377491432,0.41587542492235885
C000815,3,0.0,0.0,0.0,0.0,0.0,0.13793398097947385,0.0,0.8620660190205262
C000819,3,0.5691822957211647,0.0,0.34630914597425005,0.0,0.0,0.0,0.0,0.08450855830458526
C000821,1,0.0,0.0,0.12885060843240576,0.8494141303065532,0.0,0.0,0.004265590525156854,0.017469670735884235
C000822,2,0.08204006174732767,0.0,0.0,0.03834182031044554,0.0,0.0,0.0,0.8796181179422268
C000823,2,0.3497489713575584,0.2633040927414483,0.0,0.0,0.0,0.05804673371070195,0.18073249623094692,0.1481677059593446
C000826,0,0.13047887223095153,0.08393041843325277,0.12682529057803804,0.0,0.0,0.6166940764344416,0.0,0.042071342323316
C000827,3,0.0,0.0,0.2734145526411717,0.0,0.0,0.0,0.0,0.7265854473588282
C000829,3,0.0,0.0,0.0,0.0,0.0,0.0,0.0,1.0
C000831,4,0.0,0.006274594403079469,0.7062085476812212,0.007007960736531972,0.0,0.265072630240808,0.006664085876910622,0.008772181061448836
C000832,4,0.20746379788362085,0.0,0.07486138473716489,0.0,0.0,0.0,0.3815057573470769,0.3361690600321373
C000835,0,0.39494697907971915,0.0,0.0,0.176616185256073,0.030166069746326168,0.21483703759257078,0.15433141615309678,0.02910231217221415
C000836,0,0.12511197433220198,0.058601280260148485,0.0,0.0,0.0,0.0,0.8000949466223931,0.01619179878525645
C000837,4,0.0,0.0,0.3356218909716461,0.0,0.2006460059359997,0.41487331584844145,0.02325635967629594,0.02560242756761688
C000840,4,0.0,0.0,0.0,0.0,0.8636979241817179,0.0,0.0,0.13630207581828213
C000841,2,0.4922017933395438,0.18775598851424646,0.0,0.01028003427903316,0.0,0.02535190228122524,0.0,0.2844102815859514
C000842,4,0.0,0.0,0.0,0.3972386635483856,0.032823838563173155,0.3034758516617433,0.0,0.266461646226698
C000843,2,0.0,0.0,0.0,0.0,0.3441402398975997,0.0,0.0,0.6558597601024003
C000844,4,0.1705432493669303,0.08550363298760068,0.0,0.5546611044169117,0.16761842963803292,0.0,0.0,0.021673583590524403
C000850,1,0.0,0.0,0.0,0.7076038373199057,0.0,0.0,0.0,0.2923961626800943
C000851,4,0.0,0.1605785104830333,0.0,0.0,0.05081731531257798,0.7503958411666068,0.0,0.038208333037781816
C000854,0,0.0,0.0784905960830803,0.246318406090721,0.0,0.0,0.460429329906448,0.10325951322217426,0.1115021546975763
C000856,1,0.07440199009576784,0.033603869988862285,0.0,0.0,0.0,0.32332932061360065,0.0,0.5686648193017693
C000857,2,0.2876520461666329,0.13396122402519134,0.0,0.0,0.0,0.0,0.5098892022785079,0.06849752752966787
C000858,3,0.37597842321289854,0.0,0.0,0.49186503306472557,0.0,0.0,0.0,0.13215654372237595
C000859,3,0.0,0.0,0.45593440953732034,0.5098663653458932,0.0,0.0,0.0,0.034199225116786414
C000862,2,0.0,0.0,0.0,0.2463645616026335,0.0,0.6083240453421346,0.0,0.14531139305523189
C000865,2,0.0,0.0,0.03565711880509992,0.0,0.10601332682652485,0.0,0.0,0.8583295543683752
C000868,2,0.0,0.0,0.0,0.02145971705463956,0.0,0.10109804786504929,0.0,0.8774422350803112
C000873,4,0.10685180542854597,0.0,0.0,0.0,0.0,0.0,0.6556667604512868,0.2374814341201672
C000874,2,0.040050676273762284,0.17084204522067356,0.11976864299572741,0.3517015951398352,0.04133688358181285,0.0,0.07500538390239868,0.20129477288579
C000877,1,0.020988682548671127,0.0033892648157359847,0.0,0.0,0.029749969829578393,0.8049806235635899,0.022258986988527275,0.11863247225389739
C000878,1,0.0659960247216688,0.0,0.0,0.002238383505621635,0.0,0.7606392974281888,0.15746994818472776,0.013656346159792943
C000880,1,0.0,0.0,0.0,0.0,0.0,0.0817918462624241,0.8733340755351799,0.04487407820239597
C000883,3,0.0,0.1265498075697394,0.0,0.0,0.0,0.22806270238790738,0.49124648700399187,0.1541410030383613
C000885,0,0.24463823664097983,0.0,0.0,0.25132470993844247,0.2184477573782201,0.2228950653213693,0.0,0.06269423072098834
C000886,0,0.0,0.1531490886863042,0.0,0.0,0.0,0.014822710395721006,0.7831475656719599,0.048880635246014936
C000887,3,0.5768946043353984,0.0,0.41121693630323547,0.0,0.0,0.0,0.0,0.011888459361366177
C000889,0,0.0,0.0,0.09194735876345503,0.0,0.4791391708641563,0.0,0.0,0.4289134703723887
C000891,2,0.03867377813382767,0.13567249449944666,0.4761829876116009,0.023602338017601168,0.0,0.18345557976747856,0.0,0.14241282197004512
C000892,4,0.0,0.0,0.6759982963185932,0.060835102022620186,0.0,0.0,0.0,0.2631666016587866
C000894,3,0.0,0.21627455459301348,0.0,0.028042283250093357,0.0,0.0,0.5128737710644814,0.24280939109241173
C000895,3,0.783828472626398,0.0,0.04094923079509531,0.0,0.0,0.0,0.06167681891145963,0.11354547766704715
C000901,3,0.0,0.0,0.0,0.0,0.0,0.15691403529854017,0.17561800271534667,0.6674679619861131
C000903,2,0.0,0.0,0.6708859781731767,0.0,0.0,0.2833102355238079,0.0,0.045803786303015404
C000904,0,0.0710448028958019,0.0,0.0,0.0,0.0,0.6867703373800165,0.012386343490213872,0.22979851623396774
C000905,2,0.0,0.0,0.07867472241657593,0.0,0.0,0.0,0.0,0.9213252775834241
C000907,2,0.12039403354689762,0.0,0.12303600889135322,0.2743352517871423,0.0,0.30585541895965507,0.0,0.17637928681495174
C000911,0,0.2803512560803125,0.3743860036824059,0.0,0.0,0.08917026823582086,0.0,0.0,0.2560924720014608
C000912,1,0.0,0.037903932515040255,0.13041738611462167,0.0,0.0,0.1589354236857573,0.0,0.6727432576845808
C000914,1,0.0,0.0,0.9633573746282186,0.0,0.0,0.0,0.0,0.03664262537178142
C000916,4,0.1833341830100651,0.0,0.0,0.6551777285371204,0.0,0.0,0.0,0.16148808845281448
C000917,3,0.6589464064526442,0.0,0.0,0.026875679594075573,0.0,0.25528976879776916,0.0,0.058888145155510996
C000920,0,0.0,0.0,0.0,0.0,0.07629413266582791,0.5311417432212515,0.2685080367965211,0.12405608731639939
C000921,0,0.0,0.0,0.0,0.0,0.049452124085651694,0.0,0.5898016669535232,0.3607462089608251
C000922,2,0.09283887411288141,0.029171680468881925,0.0,0.0,0.0,0.0,0.1503295103491561,0.7276599350690806
C000923,1,0.0,0.0,0.0,0.3685260866988704,0.0,0.0,0.5876760850688397,0.04379782823228995
C000926,1,0.11255984372724889,0.7729459605930096,0.08440642333254868,0.0,0.0,0.0,0.0,0.030087772347192843
C000927,2,0.35087174138016747,0.0,0.5402858513268993,0.0632430887026523,0.0,0.0,0.0,0.04559931859028099
C000930,3,0.09448410783887408,0.0,0.0,0.0,0.0,0.4258795169482519,0.0,0.47963637521287406
C000931,2,0.0,0.11955236962221927,0.0,0.0,0.0,0.0,0.0,0.8804476303777807
C000932,2,0.0,0.2960002951360732,0.0,0.0,0.4096280499528336,0.0,0.08632023629326052,0.20805141861783283
C000933,0,0.0,0.9788435943096436,0.0,0.0,0.0,0.004449557327457411,0.0,0.01670684836289893
C000936,4,0.09684878784922153,0.08857943027484275,0.19743946246946045,0.0,0.2004599887633242,0.15616066545725688,0.0,0.2605116651858943
C000938,1,0.13134008226892233,0.36946140689914836,0.0,0.17113027219039606,0.017988466823733444,0.0,0.06558959829861738,0.24449017351918245
C000942,1,0.0,0.05897888747098794,0.0,0.07335923929076704,0.0,0.4821040950298619,0.22030298439928994,0.16525479380909314
C000948,2,0.11872032668647814,0.0,0.04907042457056564,0.4392694558161085,0.0,0.0,0.0,0.39293979292684766
C000949,0,0.028579097616412478,0.0,0.0,0.01725123347441033,0.0,0.0,0.8078592893755708,0.14631037953360637
C000950,3,0.0,0.0,0.0,0.0,0.0,0.0798855853919398,0.021571608403314072,0.8985428062047461
C000951,0,0.37780602909379557,0.0,0.0,0.0,0.5741020707002586,0.0,0.0,0.04809190020594578
C000954,4,0.0,0.5613950912725183,0.0,0.0563102515355477,0.016386528564174826,0.25372598966547244,0.0,0.11218213896228679
C000956,0,0.0,0.0,0.0,0.0,0.0,0.19332995137831388,0.6753205259573795,0.13134952266430666
C000957,2,0.02244076329996214,0.6022103744990874,0.0,0.02542234854083433,0.28939449241362875,0.0,0.0,0.060532021246487266
C000958,1,0.0,0.0,0.0,0.0,0.0,0.7143489445198632,0.0,0.2856510554801368
C000959,4,0.0,0.0,0.0,0.0,0.0,0.0,0.4997937733167974,0.5002062266832026
C000964,4,0.0,0.3262405388061665,0.0,0.0,0.0,0.1843011360249549,0.44723171269267276,0.04222661247620585
C000965,0,0.0,0.0,0.4566023076174445,0.0,0.12920620044279163,0.0,0.0,0.4141914919397638
C000966,1,0.0,0.2559579857227877,0.0,0.04390350098955473,0.0,0.0,0.47267936248705766,0.22745915080059986
C000967,4,0.0,0.8524970727289631,0.0,0.0,0.0,0.0,0.0,0.14750292727103687
C000968,4,0.0,0.0,0.4965434017406465,0.0,0.0,0.0,0.44818272206756443,0.05527387619178903
C000971,3,0.0,0.17617508084620123,0.0,0.0,0.5740510678872887,0.0,0.1314956970481343,0.11827815421837573
C000972,1,0.0,0.0,0.08266706164613817,0.0,0.3697540225176535,0.0,0.13478013048974402,0.4127987853464643
C000974,0,0.4488043726445287,0.2788928823811437,0.12007625840586102,0.0,0.0,0.0,0.0,0.1522264865684666
C000975,4,0.06539247037929205,0.0,0.0,0.0,0.8666093292317968,0.0,0.0,0.06799820038891113
C000977,0,0.0,0.0,0.0,0.0,0.0,0.0,0.9016518134207406,0.09834818657925937
C000980,3,0.0,0.0,0.885971311607468,0.0,0.0,0.04628447414357729,0.0,0.06774421424895471
C000981,0,0.0,0.0,0.05012567043631537,0.0,0.022988585771562934,0.028947462038407878,0.0,0.8979382817537138
C000983,1,0.07963042857887939,0.0,0.03490725607368608,0.0,0.6742282438695422,0.0,0.0,0.21123407147789242
C000985,0,0.0,0.08686525601888552,0.0,0.24037129758940523,0.0,0.0,0.0,0.6727634463917093
C000988,2,0.0,0.0,0.0,0.0,0.4452029325095496,0.0,0.21443615256876508,0.3403609149216853
C000990,0,0.06124408126312704,0.0,0.18566322578179886,0.3268870635463449,0.0,0.20366623085737356,0.0,0.22253939855135563
C000993,4,0.0,0.5289577616199335,0.0,0.0,0.36838630629255203,0.004337072647252466,0.08714926940660749,0.011169590033654475
C000994,4,0.0,0.0,0.0,0.5428505892741762,0.0,0.0,0.06314056242178308,0.3940088483040407
C000996,1,0.01739662738115754,0.05331543156775315,0.0,0.0,0.0,0.9202601174279286,0.0,0.00902782362316068
C000997,3,0.0,0.8945742087564779,0.0,0.0,0.0,0.0,0.0,0.10542579124352214
C000998,4,0.0,0.6512472724236903,0.0,0.0,0.0,0.0,0.0,0.3487527275763097
C000999,0,0.0,0.024775373659759205,0.0,0.0,0.07325933631063757,0.024754117744053575,0.016251757093770688,0.860959415191779
C001000,3,0.0,0.0,0.0937315951930931,0.0,0.0,0.0,0.4421127424218909,0.46415566238501604
C001002,3,0.00446223357210911,0.0,0.0,0.01140024438692592,0.9095308159315311,0.0,0.0,0.07460670610943387
C001004,0,0.0,0.0,0.0,0.6127683968823352,0.0,0.1826415894511963,0.0,0.20459001366646845
C001006,4,0.8114764978115488,0.0,0.0,0.0,0.0,0.0,0.0,0.18852350218845115
C001008,4,0.0,0.7715477526648192,0.0,0.0,0.0,0.0,0.017193888212859155,0.2112583591223216
C001013,0,0.0,0.0,0.0,0.0,0.0,0.007923825380281024,0.0,0.992076174619719
C001018,2,0.0,0.0,0.0,0.0,0.0,0.017125158267399354,0.0,0.9828748417326006
C001020,3,0.0,0.0,0.0,0.0,0.0,0.5341942924994038,0.3452283530715491,0.12057735442904716
C001021,3,0.00404781300883473,0.02814940440746771,0.0,0.0,0.0,0.0,0.0,0.9678027825836976
C001022,4,0.0,0.19309405022447942,0.0,0.0,0.0,0.019117856666251588,0.07517117545482307,0.7126169176544459
C001024,2,0.0,0.0,0.08156623832297406,0.4616076653717385,0.0,0.0,0.2029519841070906,0.2538741121981969
C001027,0,0.0,0.2756528473467703,0.0,0.6338474970350184,0.06817416526374995,0.0,0.0,0.022325490354461297
C001028,1,0.0,0.11506508955442972,0.0,0.0,0.0,0.4450368332954115,0.4200731783448534,0.019824898805305358
C001029,0,0.0,0.3738076171931888,0.0,0.0,0.0,0.46894588159832745,0.03924588600290628,0.11800061520557759
C001030,4,0.0,0.0,0.0,0.0,0.3509828035393452,0.0,0.08065104143202964,0.5683661550286252
C001033,2,0.02325570180548287,0.0,0.0,0.0,0.0,0.0,0.8625922070619785,0.11415209113253866
C001035,1,0.0,0.0,0.42299284824894845,0.0,0.0,0.37793588492492064,0.0,0.19907126682613097
C001037,2,0.0,0.07323180976384934,0.0,0.06858276000505538,0.02565070693757656,0.0,0.0,0.8325347232935187
C001038,2,0.0,0.0,0.0,0.05965273993007897,0.5303665435084876,0.0,0.06422870542752337,0.3457520111339102
C001040,4,0.0,0.0771298060744052,0.16531064075398272,0.007227882428274814,0.0,0.6624533280405754,0.0,0.08787834270276185
C001043,4,0.6746953182936768,0.0,0.0,0.13915147092582586,0.03289077696633187,0.11969585735510628,0.0,0.03356657645905914
C001046,2,0.0,0.8595484009168144,0.0,0.0,0.0074918810536312485,0.0,0.12226036862464894,0.010699349404905356
C001050,3,0.0,0.13751752327221214,0.032441396642278277,0.0,0.17172876442611765,0.05458960516169239,0.0,0.6037227104976997
C001051,1,0.0,0.0,0.0,0.05749802002427093,0.5220133094933418,0.08020422372483665,0.13606341806428685,0.20422102869326375
C001055,2,0.0,0.0,0.0,0.0,0.0,0.0,0.0,1.0
C001056,1,0.0,0.0,0.2900407310014588,0.3286491991637666,0.24577075746716456,0.025639924586724865,0.0,0.10989938778088526
C001060,1,0.0,0.0,0.5115723581023286,0.0,0.0,0.0,0.0,0.4884276418976714
C001061,4,0.04159019091266875,0.0,0.0,0.0,0.07943741608377114,0.0,0.14734900370331802,0.7316233893002421
C001062,0,0.0,0.0,0.0,0.0,0.41506416887478786,0.05295828639014988,0.15480034054545,0.3771772041896122
C001063,4,0.7911470868749373,0.0,0.0,0.0,0.02937826647490299,0.0,0.0,0.17947464665015977
C001064,4,0.0,0.0,0.15862621386080022,0.0,0.0,0.8361317375893736,0.0,0.005242048549826128
C001066,0,0.0,0.0,0.0,0.0,0.5575828922372265,0.0,0.0,0.44241710776277354
C001067,2,0.0,0.010179885201924947,0.0,0.012134227981486419,0.0,0.0,0.0,0.9776858868165886
C001068,2,0.01670337382289728,0.0,0.9533628728538746,0.0,0.0,0.0,0.0,0.02993375332322812
C001072,0,0.35180943780282936,0.4877082325789794,0.0,0.0,0.0,0.0,0.0,0.1604823296181912
C001074,0,0.0,0.0,0.0,0.0,0.0,0.2515783838665276,0.5467505045573312,0.20167111157614115
C001075,0,0.0,0.009906586599190885,0.030981345596039912,0.0,0.0,0.0,0.0,0.9591120678047692
C001077,1,0.00549488361825148,0.17101852048493027,0.0,0.0,0.0,0.0,0.748945835879852,0.0745407600169663
C001080,2,0.4092165091366035,0.0,0.0,0.0,0.21952389417736792,0.0,0.0,0.3712595966860286
C001084,4,0.0,0.0,0.215740335463979,0.0,0.0,0.6289130210267064,0.09198284520767128,0.06336379830164329
C001086,0,0.13110657685501315,0.02705178967593926,0.02518085441645894,0.0,0.0,0.021358947790800397,0.019251807313920243,0.776050023947868
C001088,1,0.08625174473648593,0.11620751207121671,0.0,0.0,0.0,0.0,0.7901337361474696,0.007407007044827774
C001090,4,0.08903632331514598,0.0,0.0,0.0,0.0,0.0,0.0812395507079996,0.8297241259768544
C001092,2,0.0,0.0,0.5109768971413676,0.4475473157335729,0.0,0.0,0.0,0.041475787125059504
C001093,3,0.0,0.0,0.8521838130365161,0.0,0.0,0.0,0.0,0.14781618696348386
C001095,2,0.0,0.7649437821397832,0.0,0.0,0.0,0.0,0.0,0.2350562178602168
C001096,1,0.0,0.0,0.0,0.11635030887648455,0.0,0.7471774762357031,0.0,0.13647221488781236
C001098,3,0.20357081299525856,0.0,0.7234020620161334,0.0,0.0,0.0,0.0,0.07302712498860797
C001100,1,0.0,0.0,0.0,0.0,0.0,0.0,0.7860511458133748,0.21394885418662524
C001102,1,0.31168013156738533,0.0,0.0,0.0,0.0,0.0,0.17695490899980082,0.5113649594328138
C001106,4,0.016136183618308417,0.0,0.7560384653896854,0.18976919402246567,0.02694263025234278,0.0,0.0,0.011113526717197786
C001108,4,0.0,0.8060295991463112,0.0,0.0,0.04827978174895879,0.0,0.0,0.14569061910473002
C001109,0,0.0,0.13371837951486581,0.0,0.0,0.6871368196641207,0.0,0.0,0.17914480082101347
C001110,0,0.2624135611278879,0.19024597229370532,0.0,0.0,0.0,0.0,0.0,0.5473404665784067
C001112,1,0.0,0.17772760270640228,0.0,0.4368211489973163,0.007094331301514948,0.1754187997488076,0.0,0.2029381172459589
C001113,4,0.0,0.0,0.0,0.0,0.7129340269012282,0.0,0.0,0.2870659730987718
C001115,0,0.0,0.0,0.06167990299247658,0.0,0.0,0.0,0.7464979869549009,0.1918221100526225
C001119,4,0.0,0.0,0.0,0.12592680665139633,0.2775064779968255,0.0,0.0,0.5965667153517782
C001120,4,0.0,0.26527169081737917,0.0,0.0,0.0,0.5205627352497493,0.0,0.2141655739328716
C001121,4,0.0,0.11636763986016256,0.18610989386551516,0.13791027188826593,0.0,0.5533660833095261,0.0,0.006246111076530281
C001122,4,0.0,0.0,0.0,0.0,0.0,0.0,0.13438515587433777,0.8656148441256623
C001123,4,0.07923809919211658,0.2308666029870421,0.0,0.49130834478871993,0.0,0.0,0.031109012923438616,0.16747794010868278
C001129,0,0.0,0.0,0.10166249402526659,0.0,0.17138297947368267,0.04139738687544583,0.6404555503940653,0.04510158923153962
C001130,3,0.0,0.0,0.00949803450351126,0.0,0.0,0.0,0.9523955030019078,0.03810646249458094
C001132,4,0.0,0.0,0.0,0.0,0.24258219496260433,0.7104392104895096,0.0,0.046978594547886
C001134,3,0.22329978344468826,0.0,0.6168844358619389,0.0,0.0,0.0,0.14556362258082028,0.014252158112552538
C001135,2,0.0,0.0,0.0,0.018781005836508824,0.022408467086744103,0.0,0.0,0.9588105270767471
C001136,2,0.0,0.0,0.3743373175014845,0.0,0.05762503822216916,0.5425548792513898,0.0,0.0254827650249565
C001138,3,0.0,0.0,0.0,0.5367602697226516,0.4395712627186629,0.0,0.0,0.02366846755868557
C001139,1,0.0,0.0,0.0,0.0,0.0,0.0,0.0,1.0
C001140,1,0.6929462045024406,0.08394602440243787,0.0,0.0,0.0,0.0,0.16128122527761632,0.06182654581750513
C001141,3,0.0,0.0,0.0,0.0,0.0,0.9033529619700582,0.0,0.09664703802994179
C001143,3,0.06504204767189571,0.3265919265633904,0.0,0.08182410339717733,0.0,0.43245977354599524,0.0,0.09408214882154131
C001147,2,0.0,0.0,0.8344235387422784,0.0,0.0,0.0,0.0,0.16557646125772163
C001148,0,0.11246499693406689,0.0,0.0,0.0,0.3684491494600581,0.0,0.0,0.519085853605875
C001149,4,0.0,0.3332142425794159,0.0,0.5145741378191923,0.0,0.0,0.0,0.15221161960139185
C001151,1,0.20640930563727583,0.0,0.0,0.0,0.04540006778015385,0.0,0.0,0.7481906265825703
C001152,0,0.0,0.0,0.0,0.0,0.0,0.6626491107806538,0.19450247269757617,0.14284841652177005
C001153,0,0.0,0.0,0.18219600282311438,0.0,0.1020729555227483,0.12591917573602437,0.0,0.589811865918113
C001154,1,0.0,0.0,0.6178085554728894,0.0,0.34616506650152196,0.0,0.0,0.03602637802558872
C001156,4,0.0,0.0,0.0,0.0,0.0,0.0,0.05444650936320683,0.9455534906367932
C001157,2,0.04507319298118942,0.0,0.0,0.0,0.0,0.0,0.031893845098680845,0.9230329619201297
C001160,0,0.03257902096275314,0.0,0.0,0.0,0.5949493126373251,0.0,0.26642291773385407,0.10604874866606773
C001164,3,0.0,0.0,0.7389977447461016,0.008861880813207055,0.2451816566640544,0.0,0.003131487735825306,0.0038272300408117577
C001165,1,0.9303796798274564,0.0,0.0,0.0,0.0,0.0,0.0,0.0696203201725436
C001168,0,0.0,0.10315393485996978,0.0,0.0,0.0,0.11114648345901403,0.4652504700657506,0.32044911161526557
C001170,3,0.27454772996265225,0.0,0.0,0.0,0.0,0.6544013674515134,0.0,0.07105090258583435
C001171,2,0.11834346868997037,0.0,0.5614961666335135,0.0,0.11549800748824324,0.0,0.0,0.20466235718827286
C001172,2,0.6588490531861804,0.10592397420023524,0.0,0.0,0.10751567619659759,0.0,0.0,0.12771129641698675
C001173,0,0.7503744142695061,0.22246815442638915,0.0,0.0,0.0,0.0,0.0,0.02715743130410475
C001174,0,0.2898602417146618,0.6162405690796783,0.0,0.07273077840328873,0.0,0.0,0.0,0.021168410802371307
C001175,3,0.07901873183411129,0.4605769176458674,0.0,0.0,0.0,0.02532366651618458,0.0,0.4350806840038367
C001176,0,0.9152122742098827,0.0,0.019527877345858972,0.0,0.03306307108966239,0.0,0.010375613528241593,0.02182116382635435
C001181,3,0.0014465693780218345,0.0,0.2913934803367399,0.659715911373956,0.0,0.0,0.0,0.04744403891128224
C001182,0,0.0,0.0,0.0,0.12919371604791607,0.0,0.8188136094466147,0.0,0.05199267450546918
C001183,2,0.0,0.0,0.06066777381651755,0.0,0.2546853647326195,0.2084296326796102,0.0,0.4762172287712527
C001184,0,0.0,0.9535711368343754,0.0,0.0,0.0,0.0,0.0,0.046428863165624557
C001185,0,0.0,0.0,0.0,0.0,0.44749931500252804,0.5317088506824633,0.0,0.02079183431500864
C001188,0,0.0,0.0,0.0,0.0,0.0,0.23926262156016254,0.0,0.7607373784398375
C001191,0,0.0,0.0,0.0,0.0,0.35453690184802517,0.29531881729398396,0.0,0.3501442808579909
C001192,4,0.08198227205839581,0.0,0.0,0.0,0.19401608005557638,0.45808798494860425,0.0,0.2659136629374236
C001194,4,0.0,0.0,0.0,0.1606271826639406,0.12167069881911546,0.11321032984849631,0.0,0.6044917886684475
C001202,3,0.0,0.0,0.0,0.61008745506614,0.0,0.0,0.0,0.38991254493385996
C001203,0,0.029261340067733482,0.0,0.0,0.19022234582118283,0.20041303483557604,0.45867496437409816,0.060431409025863955,0.060996905875545515
C001204,2,0.0,0.0,0.7901084847921411,0.0,0.01946537241434274,0.032051102899918214,0.04334644964586251,0.11502859024773537
C001207,4,0.0,0.0,0.0,0.0,0.0,0.0,0.0,1.0
C001209,4,0.0,0.0,0.08174475554878263,0.0,0.49782698557974886,0.09761348754095091,0.22052254088220458,0.10229223044831304
C001210,0,0.08182651326384885,0.0,0.0,0.13584659464102472,0.0,0.0,0.46827432227365756,0.3140525698214689
C001211,0,0.9065614495244048,0.0,0.0,0.01867370908476775,0.008119704781495242,0.0,0.0,0.06664513660933225
C001214,2,0.0,0.33238838044212426,0.40310776694696354,0.0,0.180765463032335,0.0,0.0,0.08373838957857727
C001216,0,0.0,0.05861852968950832,0.0,0.0,0.0,0.25203154141945,0.5125404113373064,0.1768095175537352
C001220,2,0.4613367428029461,0.2747962788708893,0.0,0.0,0.0,0.0,0.0,0.26386697832616457
C001221,4,0.0,0.0,0.0,0.5391708020596393,0.0,0.0,0.0,0.4608291979403607
C001222,2,0.010776215734150139,0.0,0.3023135968101409,0.0,0.0,0.6852703980705259,0.000523203495234803,0.0011165858899481185
C001223,3,0.0,0.7315772460582145,0.0,0.03093727289155195,0.0,0.0,0.11634679345530902,0.12113868759492452
C001224,0,0.02519357776417209,0.05985910413492554,0.4140744669938917,0.12062094359692771,0.0,0.0,0.0,0.380251907510083
C001225,2,0.0,0.3083332626899881,0.33384387892203454,0.0,0.0,0.1506469865374286,0.0,0.20717587185054875
C001229,4,0.0,0.2246027053940272,0.16269948405357948,0.0,0.598588022577632,0.0,0.0,0.014109787974761367
C001230,3,0.08107875234224336,0.06845451740045963,0.06902748134388748,0.0,0.0,0.0,0.0,0.7814392489134095
C001232,4,0.024700841077998425,0.4042781888433177,0.0,0.0,0.1851384068598562,0.010429153166883183,0.0,0.37545341005194455
C001234,1,0.0,0.0,0.0,0.0,0.0,0.0,0.0,1.0
C001237,0,0.0,0.9052102997727292,0.0,0.0,0.0,0.0,0.0,0.09478970022727085
C001238,0,0.0489971459775979,0.0,0.0,0.08767478810521506,0.46105723444030494,0.0,0.0,0.40227083147688214
C001239,1,0.48087077397957884,0.0,0.0,0.0,0.0,0.0,0.45768055410069797,0.06144867191972314
C001241,1,0.0,0.0,0.0,0.0,0.0,0.8210510316746453,0.0,0.17894896832535467
C001243,1,0.0,0.0,0.0,0.0,0.0,0.7222837985472169,0.0,0.2777162014527831
C001244,1,0.0,0.20574289496360382,0.035757611029514566,0.0,0.0,0.1839084920634525,0.4873785987182913,0.08721240322513779
C001248,4,0.0,0.0,0.0,0.020909831475007155,0.0,0.0193408181018063,0.0,0.9597493504231865
C001249,0,0.049972137698214014,0.0,0.28915921462231287,0.0,0.6083129241638809,0.03164051582470586,0.0,0.020915207690886395
C001252,1,0.3315303279412974,0.0,0.0,0.472554493783885,0.0,0.0,0.0,0.19591517827481764
C001254,1,0.0,0.0,0.0,0.7710713714574614,0.0,0.0,0.0,0.2289286285425386
C001255,0,0.11292787572726087,0.07935068858188045,0.0,0.0,0.7941045952379925,0.0,0.0,0.013616840452866263
C001256,1,0.4194582816551718,0.0,0.06739654439505965,0.0,0.0,0.0,0.26825067752321513,0.24489449642655337
C001258,0,0.0,0.696486526001297,0.0,0.039615977503229316,0.0,0.0,0.0,0.26389749649547367
C001260,2,0.0,0.0,0.0,0.0,0.0,0.5047737836330917,0.09447489449080601,0.4007513218761023
C001265,4,0.0,0.5496816583237982,0.0,0.23293880084016588,0.04069559097072543,0.06440340230859506,0.04371953806260514,0.06856100949411037
C001266,1,0.7820538205199806,0.0,0.0428262669894908,0.007210909452363088,0.0,0.0,0.0,0.16790900303816547
C001267,2,0.0,0.18763172676345705,0.0,0.0,0.012548408960343725,0.0,0.36249319620901777,0.43732666806718146
C001268,3,0.016100106962780424,0.0,0.06363434408831634,0.5821082471459281,0.0,0.22884430564497205,0.0,0.10931299615800305
C001269,3,0.0,0.0,0.0,0.28584574927486783,0.0,0.0,0.0,0.7141542507251322
C001271,2,0.0,0.0,0.0,0.0,0.8674320545077159,0.0,0.0,0.13256794549228412
C001272,1,0.0831464450817222,0.0,0.0,0.0,0.0,0.0,0.05636722045515363,0.8604863344631242
C001275,3,0.0,0.0,0.0,0.0,0.0,0.07468614076984796,0.4909799375976422,0.43433392163250983
C001276,2,0.0,0.0,0.0,0.056695917120776713,0.0,0.6096315059333081,0.0,0.33367257694591523
C001279,4,0.6541726278611109,0.03367610254132051,0.0,0.05553863387279479,0.0,0.0,0.22144042430667826,0.03517221141809568
C001280,0,0.0,0.41777011770868006,0.0,0.0,0.0,0.0,0.3307888106201394,0.25144107167118057
C001283,4,0.0,0.19852784438509574,0.09619026641488392,0.0,0.0,0.0,0.0,0.7052818892000203
C001284,4,0.0,0.0,0.0,0.0,0.0,0.0,0.0,1.0
C001288,3,0.07051631868613217,0.1993093767848224,0.08225131833684479,0.0,0.0,0.5435768989916239,0.0,0.10434608720057681
C001289,4,0.0,0.0,0.0,0.0,0.0,0.0,0.0,1.0
C001290,3,0.0,0.0,0.39119227158586073,0.0,0.0,0.04415347230927582,0.0,0.5646542561048635
C001291,3,0.41441467108499624,0.05064684709591946,0.0,0.46724873096736813,0.0,0.0,0.0,0.06768975085171625
C001292,0,0.0,0.0,0.0,0.0,0.0,0.0,0.9183279395346936,0.0816720604653064
C001293,3,0.199017056462509,0.06973987354582657,0.0,0.0,0.0,0.0,0.568139615158398,0.1631034548332665
C001294,2,0.2963937108405802,0.5623549431739242,0.0,0.0,0.0,0.0,0.0,0.1412513459854956
C001299,0,0.0,0.0,0.5746686859542702,0.18894519774836283,0.0,0.0,0.0,0.23638611629736694
C001301,2,0.09172921718209028,0.035618411350847014,0.0,0.33768286337424225,0.0,0.0,0.3395852583322279,0.19538424976059254
C001306,2,0.0,0.0,0.9450117976573729,0.0,0.0,0.0,0.0,0.054988202342627135
C001307,1,0.0,0.0,0.07206426857891529,0.29429650134482155,0.15590687825127775,0.09277948426375396,0.18276112936895444,0.2021917381922771
C001308,4,0.0,0.0,0.0,0.0,0.0,0.026067473388775794,0.0,0.9739325266112242
C001310,4,0.07093009871327191,0.0,0.05599149261036847,0.18294198200873987,0.6511870632741704,0.0,0.0,0.03894936339344934
C001312,0,0.7247507788155971,0.0,0.0,0.11080137801556283,0.08971663507430494,0.0,0.0,0.07473120809453515
C001316,4,0.0512354321815712,0.04260222028721304,0.019714936881636884,0.0,0.0,0.0,0.5878115783710622,0.29863583227851664
C001317,1,0.0769854652838415,0.0,0.0,0.07364533082853339,0.22633719100462008,0.0,0.0,0.623032012883005
C001318,0,0.0,0.0,0.0,0.0,0.0,0.0,0.0,1.0
C001320,2,0.7349728348506614,0.0,0.0,0.09822475575694353,0.0,0.0,0.0,0.166802409392395
C001321,2,0.7640215653343929,0.0,0.0,0.20104885527310867,0.0,0.0,0.0,0.03492957939249841
C001322,4,0.0,0.011875628450806185,0.0,0.5820075349762576,0.12819263754995552,0.0,0.05052099284164852,0.22740320618133225
C001323,2,0.055132384620009,0.0,0.0,0.009408049222169776,0.758016861078866,0.03746678626795295,0.11852586917699814,0.021450049634004098
C001324,4,0.0,0.0,0.04567048502511156,0.0,0.043435894815186116,0.0,0.0,0.9108936201597023
C001326,0,0.0,0.0,0.0,0.0,0.0,0.8758871685724318,0.0,0.12411283142756824
C001328,0,0.0,0.0,0.0,0.0920463727198343,0.0469634987971148,0.0,0.0,0.8609901284830509
C001331,4,0.036000874999982474,0.10330519560112822,0.06348394719900725,0.0,0.0,0.0,0.39495920414200847,0.40225077805787357
C001335,1,0.5702433208425308,0.0,0.0,0.0,0.0,0.0,0.23652752151571224,0.19322915764175697
C001336,4,0.0,0.0,0.06364351724852697,0.0,0.0,0.0,0.020890385577911938,0.9154660971735611
C001337,1,0.011263065714806775,0.23129311382636417,0.0,0.0,0.33293028184516105,0.39825054379407654,0.0,0.02626299481959149
C001340,1,0.0,0.0,0.0,0.0,0.0,0.0,0.5425767453271022,0.4574232546728978
C001345,1,0.1942732306196414,0.0,0.022056707014982063,0.0,0.0,0.0,0.0,0.7836700623653765
C001347,0,0.03534858819755349,0.0,0.0,0.0,0.0,0.0,0.0,0.9646514118024465
C001348,3,0.0,0.13223887957462033,0.0,0.0,0.0,0.0,0.0,0.8677611204253797
C001351,4,0.0,0.0,0.5862165309484391,0.042122104188383955,0.0,0.19342971788837077,0.0,0.1782316469748062
C001354,3,0.5001218032484565,0.30304115589290215,0.0,0.0,0.00592642063100897,0.0,0.0,0.1909106202276324
C001355,3,0.0,0.0,0.021196970987774535,0.0,0.0,0.0,0.17859862942392354,0.8002043995883019
C001356,2,0.18457741434682287,0.0,0.0,0.7923206533171376,0.0,0.0,0.0,0.02310193233603952
C001359,4,0.0,0.036566663255255996,0.0,0.0,0.0,0.0,0.892300623300109,0.07113271344463501
C001361,0,0.0,0.0,0.0,0.0,0.0,0.0,0.0,1.0
C001364,3,0.0,0.0,0.0,0.5675504983099579,0.27378623176692163,0.0,0.0,0.15866326992312052
C001366,0,0.0,0.0,0.0,0.0,0.0,0.05059552645621069,0.0,0.9494044735437893
C001367,4,0.8691793319329928,0.0,0.0,0.0,0.02028634579348613,0.0,0.0,0.11053432227352111
C001374,2,0.41759158298756294,0.0,0.0,0.0,0.0,0.0,0.0,0.5824084170124371
C001377,3,0.0,0.0,0.0,0.0,0.0,0.0,0.0,1.0
C001378,4,0.3357953767947925,0.010952993012369249,0.5479024615690085,0.0,0.0,0.0,0.0,0.10534916862382981
C001380,2,0.033230860890139755,0.0,0.17347209014240494,0.0,0.0,0.0,0.22104331466405897,0.5722537343033963
C001382,4,0.0,0.0,0.03403318975166144,0.0,0.0,0.039938253702818366,0.0,0.9260285565455202
C001385,2,0.03270391970498169,0.0,0.0,0.0,0.0,0.6991097717076489,0.0,0.26818630858736947
C001386,4,0.0,0.1330725849118566,0.6328597093869349,0.19720838286722503,0.029920497408766657,0.0,0.0,0.0069388254252168435
C001389,4,0.004769754250176443,0.5772203391663113,0.0,0.015910943391768476,0.0,0.0,0.21285107564914377,0.18924788754260002
C001391,4,0.0,0.12573988186202617,0.0,0.0,0.8323033849272456,0.0,0.0,0.041956733210728236
C001397,3,0.46300772632849885,0.0,0.5152419160832584,0.0,0.0,0.0,0.005589527278916281,0.016160830309326468
C001399,3,0.0,0.0,0.0,0.41534578260028104,0.0,0.15352310310140094,0.08976557928817704,0.341365535010141
C001400,1,0.0,0.0,0.0,0.01673738701580326,0.39260315142839636,0.0,0.4775532080061016,0.11310625354969872
C001402,1,0.0,0.0,0.0,0.0,0.038033230481202336,0.0,0.21115014102356508,0.7508166284952326
C001406,1,0.5658600404765451,0.0,0.0,0.0,0.0,0.1370238701415601,0.0,0.2971160893818947
C001408,3,0.008680243752823509,0.02508771042867685,0.0,0.0,0.0,0.0,0.0,0.9662320458184996
C001409,0,0.0,0.0,0.0,0.0,0.0,0.28478205698721293,0.0,0.7152179430127871
C001410,4,0.0,0.0,0.2553683118665162,0.0,0.0,0.07201205515123295,0.6282114501106535,0.044408182871597424
C001413,3,0.1437231176526059,0.004877641389757559,0.660612236452189,0.0,0.0,0.0,0.0025485806505345997,0.18823842385491285
C001414,3,0.0,0.16570919593794226,0.18939231805904339,0.0,0.6056484431870788,0.0,0.023473782393718525,0.015776260422217026
C001415,4,0.3169777838497102,0.03528238603996204,0.0,0.03561283828541257,0.0,0.0,0.0,0.6121269918249153
C001416,1,0.492335066241958,0.0,0.0,0.0,0.0,0.0,0.0,0.507664933758042
C001417,1,0.0,0.6216510590426618,0.0,0.0,0.0,0.0,0.25234807291699946,0.12600086804033872
C001419,0,0.1082266890621801,0.0,0.803497193634095,0.0,0.0,0.0,0.0,0.08827611730372487
C001420,2,0.0,0.0,0.0,0.0,0.579934288506851,0.04974796249679138,0.0,0.3703177489963576
C001421,1,0.4588758351880149,0.010134939146276363,0.0,0.0,0.4542428429137106,0.0,0.0,0.07674638275199808
C001422,0,0.0,0.0,0.200689954287694,0.0,0.7302914647347192,0.0,0.0,0.06901858097758684
C001424,3,0.0,0.0,0.031787428073354114,0.46295549829092797,0.0,0.15658169330139363,0.05756372211086946,0.29111165822345486
C001427,3,0.722496677640569,0.0,0.0,0.0,0.0,0.13060443583957476,0.0,0.14689888651985616
C001428,0,0.009403266659408084,0.12109451087255957,0.8273173152677287,0.0,0.0,0.0,0.03200646575771312,0.010178441442590502
C001433,4,0.0,0.6524212714437811,0.12753138700368655,0.0,0.0,0.0,0.10903746519763984,0.11100987635489257
C001436,3,0.0,0.0,0.4626294302104842,0.0,0.0,0.0,0.41212860000635987,0.12524196978315594
C001437,2,0.44851105797670515,0.0,0.0,0.0,0.025992717121481178,0.0,0.0,0.5254962249018137
C001439,2,0.6188012524487655,0.0,0.0,0.31490232063987705,0.0,0.0,0.0,0.06629642691135751
C001440,2,0.0,0.0,0.0,0.0,0.0,0.0,0.0,1.0
C001441,3,0.0,0.19773280678238966,0.5351141017902052,0.0,0.0,0.23907958988872088,0.0,0.028073501538684154
C001442,0,0.0,0.0,0.7933488120435426,0.0,0.0,0.0,0.0,0.20665118795645743
C001444,0,0.0,0.0,0.0,0.0,0.0,0.06723513972321937,0.0,0.9327648602767806
C001445,1,0.0,0.0,0.0,0.5974395853442834,0.0,0.0,0.0,0.40256041465571657
C001446,0,0.0,0.0,0.0,0.18783823009799994,0.24613292094070488,0.0,0.0,0.5660288489612952
C001448,0,0.0,0.0,0.0,0.7178189759595873,0.0,0.06260343974763125,0.0,0.2195775842927814
C001449,3,0.0,0.1150473000646138,0.6518557966401244,0.0,0.08277902809291256,0.0,0.14541670421601083,0.004901170986338355
C001450,0,0.740855553567364,0.0,0.0,0.0,0.0,0.0,0.0,0.259144446432636
C001451,4,0.0,0.3106879983656789,0.0,0.0,0.0,0.018725970178836007,0.14307300786618998,0.5275130235892951
C001452,2,0.0,0.0,0.0,0.06554168274109849,0.0,0.5972870124369103,0.13381465041542748,0.2033566544065637
C001453,1,0.0,0.0,0.0,0.7705040729552349,0.0,0.0,0.0,0.22949592704476507
C001457,3,0.5298613500059272,0.0,0.08796626328309479,0.0,0.2659840760428848,0.0,0.0,0.11618831066809321
C001458,4,0.6569249905939524,0.0,0.0,0.0,0.0,0.0,0.017667530993266563,0.32540747841278106
C001459,2,0.0987897790887608,0.0,0.0,0.3343496364832856,0.4176092981825677,0.0,0.0,0.14925128624538586
C001460,0,0.07709290123100505,0.0738459848878236,0.0,0.0,0.04538563759476361,0.03261461787561732,0.0,0.7710608584107904
C001461,2,0.0,0.0,0.45991022395883424,0.0,0.09118983396305093,0.0,0.0,0.4488999420781148
C001462,1,0.0,0.0,0.0,0.0,0.5107504169496911,0.13580958776561655,0.31179267379764153,0.04164732148705075
C001463,4,0.0,0.06984421454949807,0.0,0.0,0.0,0.0,0.0,0.9301557854505019
C001467,1,0.7723779946442444,0.0,0.0,0.0,0.0,0.0,0.0,0.2276220053557556
C001469,1,0.0,0.657990319083915,0.10972972332300202,0.014362942227878367,0.0,0.017382319934631858,0.0,0.20053469543057267
C001470,0,0.43378428321563145,0.0,0.18526880261769554,0.0,0.0,0.0,0.23922056231549585,0.1417263518511772
C001472,0,0.0,0.0,0.0,0.02761765485670346,0.024084506694859405,0.029307377035919846,0.0,0.9189904614125173
C001474,0,0.6174761926046417,0.0,0.0,0.0,0.0,0.33074882201048195,0.0,0.05177498538487635
C001475,1,0.0,0.0,0.0,0.7135555935963677,0.0,0.0,0.0,0.28644440640363233
C001484,2,0.0,0.25982069619889264,0.5320922666881551,0.0,0.0,0.0,0.15520854142421234,0.05287849568873981
C001485,3,0.4061644384410473,0.0,0.09884354170021245,0.0,0.0,0.0,0.047182419563497564,0.44780960029524264
C001486,0,0.0,0.0,0.0,0.27906623241363393,0.0,0.0,0.0,0.7209337675863661
C001487,0,0.0,0.3233962332164298,0.09190268381075084,0.0,0.0,0.0,0.5476911668578671,0.03700991611495219
C001492,0,0.0,0.009662141884427329,0.0,0.07828258333803541,0.0,0.2945034872779359,0.0,0.6175517874996014
C001493,1,0.05390435245330599,0.061119030434603976,0.3909005631164051,0.19681280239643453,0.14609972201160812,0.02036114366578003,0.0,0.13080238592186233
C001497,0,0.7623968745270844,0.0,0.13301502301036244,0.0,0.0,0.05256504815964372,0.0,0.052023054302909544
C001498,3,0.4322721816828876,0.0,0.0,0.0,0.21589022854412437,0.1761523917957207,0.0,0.17568519797726723
C001499,3,0.0,0.7859514580489292,0.0,0.0,0.0,0.0,0.1774410169896044,0.03660752496146635
C001500,1,0.0,0.0,0.5458619550893833,0.0,0.0,0.41161684782398983,0.0,0.04252119708662683
C001501,0,0.8554239112034666,0.0,0.0,0.0,0.0,0.0,0.0,0.1445760887965334
C001503,4,0.0,0.0,0.0,0.2308217334825202,0.29762511225853,0.0,0.006527708117314324,0.46502544614163555
C001504,3,0.565596591999747,0.0,0.0,0.16443491290386694,0.0,0.0,0.0,0.2699684950963861
C001506,3,0.0,0.0,0.0,0.3127247467344829,0.0,0.0,0.6040071311071867,0.08326812215833035
C001509,1,0.0,0.05423547871007848,0.03345703017375698,0.7497354075388649,0.0,0.0,0.1521040206122697,0.01046806296503
C001513,2,0.0,0.7003182991185459,0.0,0.0,0.0,0.0,0.0,0.29968170088145407
C001514,2,0.0,0.0,0.29054861131079945,0.6051904398232081,0.0,0.0,0.0,0.10426094886599246
C001516,4,0.0,0.0,0.0,0.0,0.0,0.0,0.058907713679239304,0.9410922863207607
C001517,2,0.0,0.12435883902329954,0.09717291625810036,0.0,0.0,0.6760685384884172,0.010895761139556794,0.0915039450906261
C001520,2,0.0,0.2707478801173265,0.0,0.0,0.0,0.611957069423287,0.0,0.1172950504593866
C001524,1,0.0,0.20885498147071394,0.0,0.3357247904756993,0.42950216519342743,0.0,0.0,0.025918062860159297
C001525,4,0.0,0.0,0.0,0.07647913179625582,0.055397262764478164,0.0,0.0,0.868123605439266
C001526,3,0.0,0.860431138996504,0.0,0.0,0.0,0.0,0.0,0.13956886100349597
C001527,2,0.41588913013325324,0.033174049016793654,0.0,0.008567833115015919,0.05836496370778661,0.4736617217522188,0.0,0.010342302274931825
C001530,4,0.0,0.0,0.0,0.718887748335362,0.0,0.0,0.0,0.28111225166463805
C001533,3,0.0,0.043365773276434524,0.0,0.4022569539980993,0.0,0.544402746044886,0.0062699312683524334,0.0037045954122277847
C001536,0,0.0,0.0,0.0,0.0,0.0,0.8143580225786765,0.0,0.1856419774213235
C001540,0,0.0,0.06400753154699393,0.0,0.7507238457910516,0.0,0.0,0.0,0.18526862266195454
C001548,3,0.025574695169525336,0.0,0.12072026248675065,0.0,0.8189342245815916,0.0,0.012396646371597805,0.02237417139053466
C001549,4,0.0,0.007096701754648336,0.0,0.9711810657779801,0.0,0.0,0.0,0.021722232467371483
C001554,0,0.2816237102733016,0.3546358065940833,0.28326569062443147,0.0,0.0,0.06744093920257524,0.0,0.013033853305608467
C001555,2,0.0,0.0,0.013321309380205587,0.0,0.0,0.060779310537661176,0.0,0.9258993800821332
C001560,2,0.0,0.0,0.6357217866758565,0.0,0.0,0.0,0.23777128873787892,0.12650692458626456
C001561,4,0.0,0.0,0.0,0.0,0.0,0.0,0.0,1.0
C001564,4,0.0,0.0,0.852419989030997,0.0,0.0,0.0,0.0,0.14758001096900297
C001567,1,0.0,0.8078256392694163,0.040236622807551234,0.0,0.10064977455773583,0.0,0.0,0.05128796336529662
C001569,0,0.0,0.04716865414389988,0.0,0.0,0.9298916066255698,0.0,0.0,0.022939739230530276
C001570,4,0.016112082162181695,0.7255387346841151,0.0,0.0,0.0,0.2348075785620561,0.018232639885310768,0.005308964706336239
C001571,0,0.0,0.1372912563436174,0.0,0.038153951022367516,0.0,0.6292628233877162,0.042841220850208486,0.1524507483960904
C001572,3,0.43180561873808315,0.0,0.0,0.07571866380897913,0.0,0.0,0.0,0.4924757174529377
C001574,4,0.0,0.0,0.0,0.0,0.0,0.07433061754754944,0.0,0.9256693824524506
C001575,3,0.04597785084353923,0.0,0.0,0.8931100099186924,0.0,0.0,0.0,0.06091213923776839
C001576,1,0.0,0.0,0.0,0.16370867086680507,0.41025502160002125,0.0,0.0,0.4260363075331737
C001577,3,0.0,0.2003003433472481,0.0,0.0,0.022029576689966683,0.42013033334004524,0.24136284914494463,0.11617689747779525
C001578,2,0.0,0.23498212892964013,0.0,0.0,0.0,0.6317360260957089,0.0,0.133281844974651
C001581,4,0.041581574624528383,0.0,0.0,0.0,0.0,0.0,0.0,0.9584184253754716
C001582,3,0.0739980854493238,0.5582312898416182,0.0035145968616725923,0.0,0.30924700110596665,0.0,0.0,0.05500902674141872
C001583,2,0.0,0.0,0.0,0.0,0.4011669444866016,0.3084258886045088,0.0,0.29040716690888957
C001584,1,0.0,0.0,0.0,0.0,0.0,0.0,0.04322064227057831,0.9567793577294217
C001585,4,0.0,0.05289755880005683,0.0,0.0,0.02853969530935517,0.44242562701589927,0.3133011773509703,0.1628359415237185
C001587,1,0.0,0.0,0.0,0.018855426272930964,0.0,0.0,0.46268805569858634,0.5184565180284827
C001589,0,0.0,0.0,0.08611707338297483,0.5283815314403206,0.0,0.0,0.24285179815912555,0.14264959701757896
C001590,0,0.0,0.0,0.2953208716913696,0.5628366201753463,0.0,0.0,0.0,0.14184250813328414
C001591,4,0.0,0.0,0.7970104318812401,0.013363703534015286,0.024328623366040948,0.002981270093593388,0.0,0.16231597112511031
C001592,1,0.0,0.0,0.0,0.0,0.08939603507014822,0.0,0.08735724409747217,0.8232467208323796
C001593,0,0.0,0.0,0.5172961503642021,0.0,0.0,0.0,0.04374373539133475,0.43896011424446324
C001594,3,0.029791983231758995,0.0,0.7222192344638934,0.0,0.0,0.0,0.0,0.24798878230434762
C001599,3,0.0,0.0,0.0,0.01897973197518853,0.7160739956346095,0.0,0.0,0.26494627239020196
C001600,1,0.024125941450877132,0.0,0.0,0.22305413584251643,0.0,0.0,0.5072347545346113,0.24558516817199516
C001601,3,0.14663574873014193,0.06374420920775246,0.0,0.0,0.0,0.0,0.7637495623764942,0.025870479685611514
C001602,1,0.0,0.0,0.0,0.0,0.0,0.0,0.0,1.0
C001604,2,0.0,0.21139253996266544,0.0,0.0,0.0,0.10318231502024448,0.0,0.6854251450170901
C001607,3,0.0,0.7659845551980343,0.0,0.0,0.0,0.0,0.0,0.23401544480196568
C001608,0,0.0,0.929464118094306,0.0,0.0,0.0,0.0,0.0,0.07053588190569404
C001613,3,0.016158470855754073,0.0,0.26798013979609386,0.0,0.0,0.057981363821209636,0.4524899712740118,0.20539005425293066
C001614,2,0.0,0.0,0.8711304028804675,0.0,0.0,0.0,0.09868280150666812,0.030186795612864414
C001615,3,0.0,0.0,0.2952125777767367,0.0,0.5761329293797243,0.05045923224333249,0.0,0.07819526060020654
C001616,3,0.0,0.162658423825954,0.0,0.1954082362344211,0.0,0.552041767761259,0.0,0.08989157217836585
C001617,0,0.0,0.0,0.0,0.45914770744874744,0.0,0.343124714256805,0.11917739351484341,0.07855018477960418
C001618,1,0.0,0.013601268742302759,0.0,0.04934928134255341,0.0,0.0,0.0,0.9370494499151438
C001621,0,0.0,0.04904150524397194,0.0,0.0,0.3505612346486153,0.0,0.5645544509848996,0.03584280912251314
C001624,1,0.23672132819508176,0.0,0.0,0.0,0.0,0.0,0.10458270477551732,0.6586959670294009
C001625,3,0.0,0.0,0.16043580089875686,0.0,0.0,0.0,0.0,0.8395641991012431
C001626,0,0.0,0.0,0.0,0.0,0.0,0.0,0.0,1.0
C001627,0,0.0,0.0,0.0,0.29908445944883794,0.10445365596753386,0.04585387819282782,0.0,0.5506080063908003
C001631,2,0.0,0.0,0.11806373316793538,0.0,0.0,0.0,0.0,0.8819362668320646
C001634,2,0.10825518036852619,0.0,0.0,0.8419199409614995,0.04581771115506621,0.0,0.0,0.00400716751490815
C001635,0,0.21978370208113593,0.05980673169091604,0.0,0.0,0.0,0.13016706550248686,0.32061589538166324,0.2696266053437979
C001639,0,0.018766492218169815,0.0,0.0,0.0,0.5021396861152495,0.0,0.0,0.47909382166658065
C001640,0,0.0,0.0,0.0,0.06177151676387871,0.0,0.0,0.0,0.9382284832361213
C001641,3,0.0,0.0,0.0,0.0,0.031691161872060336,0.0,0.0,0.9683088381279397
C001642,3,0.0,0.0,0.0,0.0,0.0,0.0,0.0,1.0
C001644,2,0.0,0.0,0.0,0.06948947885054169,0.06559846760049048,0.0,0.0,0.8649120535489678
C001645,3,0.0,0.13125193581378397,0.0,0.0,0.0,0.2812195822384687,0.0,0.5875284819477473
C001648,2,0.0,0.0,0.08801635104174838,0.0,0.0,0.5682821651968767,0.19172029521782627,0.1519811885435487
C001650,4,0.0,0.11329981823317085,0.7177455371222295,0.0,0.0,0.0,0.0,0.16895464464459964
C001655,0,0.0,0.0,0.0,0.09079870940315693,0.555022288093941,0.0,0.3167721440908968,0.037406858412005195
C001656,1,0.0,0.35190448563190374,0.5644384308843243,0.0,0.0,0.07094513886474726,0.0,0.012711944619024695
C001660,0,0.0,0.0,0.0,0.3954436773441201,0.0,0.0,0.0,0.6045563226558799
C001662,0,0.14614249196027898,0.0,0.0,0.0,0.7599344007465193,0.02527978485208314,0.0,0.06864332244111859
C001664,0,0.0,0.0,0.0,0.0,0.46278146357793515,0.49737070214534274,0.0,0.039847834276722116
C001665,2,0.0,0.0,0.0,0.0,0.0,0.5138990180007548,0.0,0.48610098199924523
C001666,0,0.0,0.0,0.0,0.1876566458382777,0.0,0.0,0.0,0.8123433541617223
C001668,0,0.0,0.0,0.0,0.5370668653050785,0.20830095384808084,0.19530745239494027,0.0,0.05932472845190029
C001670,2,0.0,0.7014190963101627,0.0,0.0,0.0,0.045260188012143925,0.0,0.2533207156776933
C001672,1,0.0,0.0,0.0,0.8284838995223359,0.0,0.0,0.0,0.17151610047766408
C001673,1,0.0,0.0,0.15707035999330313,0.0,0.0,0.0,0.800325450494732,0.042604189511964874
C001674,0,0.0,0.0,0.10633516017730794,0.2783054332740908,0.4671579481536517,0.0,0.0,0.14820145839494958
C001676,4,0.0,0.0,0.0,0.03981928408929285,0.0,0.4739656218903934,0.36147092857388535,0.12474416544642852
C001678,2,0.0,0.8530337355556026,0.0,0.0,0.0,0.0,0.0,0.14696626444439742
C001680,3,0.10613462007722359,0.2138004913787076,0.0,0.0,0.0,0.0,0.2981566730246838,0.38190821551938503
C001681,0,0.0,0.14077840298201275,0.0,0.0,0.0,0.0,0.43940851190640795,0.41981308511157933
C001682,0,0.0,0.0,0.0,0.16946760936268945,0.0,0.0,0.0,0.8305323906373105
C001686,0,0.0,0.0,0.015065600064702547,0.0,0.7412894911691357,0.0,0.23816838296931855,0.005476525796843212
C001692,0,0.0,0.0,0.0,0.0,0.15368455924188767,0.5401670796178435,0.0,0.3061483611402689
C001695,4,0.0,0.0,0.151173900179704,0.0,0.0,0.0,0.0,0.848826099820296
C001697,3,0.0,0.0,0.04766470712646478,0.06295474714563673,0.0,0.013285866087027315,0.0,0.8760946796408712
C001699,0,0.0,0.011286407504275517,0.23013858032597964,0.05162949568654721,0.0,0.2005515538965187,0.30326591183834356,0.2031280507483354
C001700,2,0.0,0.0,0.09389323263518956,0.0,0.0,0.0,0.0,0.9061067673648104
C001703,0,0.0,0.0,0.8620877276944833,0.0,0.0,0.0,0.0,0.13791227230551673
C001704,2,0.0,0.03112859020288162,0.0,0.4353339344537353,0.35266017663353116,0.0,0.0,0.18087729870985192
C001705,3,0.015939764249667223,0.0,0.0,0.11171663780688046,0.0,0.18593859340667762,0.5666671055061765,0.11973789903059817
C001706,1,0.5339385081924899,0.0,0.2838241785907306,0.0,0.0,0.0,0.0,0.1822373132167795
C001707,4,0.0,0.16962656811279678,0.0,0.0,0.7918384706229409,0.0,0.0,0.03853496126426237
C001708,3,0.0,0.0,0.3941587856870965,0.38661856707978043,0.0,0.017680302867812168,0.0,0.20154234436531093
C001710,2,0.0,0.02013612081090315,0.10684801276432446,0.0,0.05598802123886975,0.0,0.0,0.8170278451859027
C001712,0,0.0,0.0,0.5021568511706094,0.4549726908222619,0.0,0.0,0.0,0.04287045800712874
C001713,4,0.29579035505015333,0.0,0.02784410685319513,0.0,0.013879457412241964,0.0,0.4151477099464731,0.24733837073793652
C001715,2,0.11656852635775612,0.5079850153727494,0.0,0.0,0.16730704206275032,0.19847876891426322,0.0,0.00966064729248084
C001717,1,0.8186470897855034,0.0,0.0,0.0,0.0,0.0,0.0,0.18135291021449662
C001718,4,0.0,0.13885746438967445,0.007106913137988695,0.43965549582240365,0.3101293690869591,0.0,0.0,0.10425075756297408
C001719,3,0.0,0.8894133954949202,0.03990526255547211,0.0,0.0,0.0,0.0,0.07068134194960773
C001720,1,0.0,0.0,0.0,0.0,0.7300745141139356,0.0,0.0,0.26992548588606435
C001721,1,0.0,0.0,0.0,0.0,0.0,0.0,0.842964733672783,0.15703526632721698
C001723,3,0.0,0.0,0.0,0.0,0.0,0.0,0.872052166800957,0.12794783319904302
C001724,3,0.0,0.5414551315250673,0.0,0.0,0.0,0.0,0.0,0.4585448684749327
C001732,3,0.0,0.009190859739317898,0.021640048302336068,0.0,0.09416655427991863,0.0,0.0,0.8750025376784274
C001734,1,0.21475961260105236,0.0,0.0,0.0,0.0,0.0,0.0,0.7852403873989476
C001735,4,0.30656847110902974,0.3096780761391994,0.0,0.0,0.06210913197903398,0.0,0.31612018735380937,0.005524133418927546
C001736,0,0.0,0.0,0.0,0.0,0.8199129506763032,0.01723734666699036,0.0,0.1628497026567064
C001737,1,0.32526881597087187,0.43348270570878955,0.017597574341952627,0.01651397674024065,0.0,0.0,0.0694739867243426,0.13766294051380268
C001740,1,0.6779625964990298,0.0,0.0,0.0,0.03273760533688412,0.0,0.0,0.28929979816408613
C001742,4,0.0,0.0,0.0,0.0,0.0,0.5632008472960712,0.0,0.4367991527039288
C001744,4,0.0,0.026963828823339354,0.12562712066649434,0.0,0.0,0.5779521915482587,0.21192521028750752,0.05753164867439997
C001749,1,0.8423179846707187,0.0,0.00519094980533142,0.04148033075087512,0.0,0.0,0.10193418941769719,0.009076545355377608
C001751,3,0.0,0.0,0.3208484659656326,0.0,0.0,0.0,0.35223147459192017,0.3269200594424473
C001753,1,0.0,0.0,0.04285031158021245,0.0,0.0,0.6488551128569338,0.0,0.3082945755628538
C001755,3,0.0,0.0,0.0,0.0,0.26760695902248655,0.0,0.47105689044917176,0.2613361505283417
C001757,3,0.44717642208449354,0.0,0.0,0.0,0.26992168677250494,0.0,0.2097206503170434,0.073181240825958
C001758,1,0.8321275768606393,0.0,0.05730878308235551,0.0,0.0,0.018734364308855382,0.0,0.09182927574814981
C001760,1,0.0,0.0,0.0,0.0,0.0,0.0,0.0,1.0
C001762,2,0.23970517195479374,0.0,0.2855122736349069,0.0,0.0,0.01724004596443629,0.0,0.4575425084458631
C001765,4,0.0364301502387855,0.0,0.0,0.0,0.038079631022208175,0.042575207417506235,0.0,0.8829150113215001
C001766,4,0.0,0.46506430510935665,0.0,0.0,0.0,0.02962457762632989,0.0,0.5053111172643134
C001768,0,0.0,0.0,0.0,0.0,0.06043587268373894,0.0,0.27174695702268137,0.6678171702935797
C001772,2,0.025031769309767707,0.0,0.0,0.0039540331156666005,0.9207129300615283,0.0,0.0,0.05030126751303732
C001773,1,0.43513392043552623,0.0,0.0,0.0,0.0,0.0,0.0,0.5648660795644738
C001778,1,0.03366989182097741,0.05867736422301667,0.09830222261835492,0.0,0.0,0.533537644210947,0.0,0.2758128771267041
C001779,2,0.0,0.7369289500474622,0.0,0.15546256241143874,0.0,0.033772529904610264,0.0,0.07383595763648887
C001785,1,0.0,0.0,0.0,0.0,0.3930005684795126,0.0,0.20748626374410883,0.3995131677763786
C001787,2,0.3649699839345792,0.022132976518029413,0.0,0.029819185840174126,0.0,0.5384990975480571,0.0,0.04457875615916018
C001788,0,0.5930770740595698,0.029302173805073693,0.0,0.0,0.0,0.0,0.0,0.3776207521353565
C001789,2,0.9499324436730828,0.0,0.0,0.0,0.0,0.0,0.0,0.05006755632691717
C001791,2,0.0,0.0,0.0,0.9391367963165409,0.0,0.0,0.0,0.0608632036834591
C001792,2,0.0,0.0,0.0,0.0,0.0,0.6742876088281424,0.0,0.3257123911718576
C001793,2,0.1806287887941847,0.0,0.0,0.0,0.1800981466988142,0.6262832382101693,0.0,0.012989826296831763
C001794,2,0.009462884743701263,0.0,0.021137767078460254,0.022879200273515345,0.0,0.14131844719713482,0.797694403877012,0.007507296830176369
C001795,1,0.0,0.0,0.05743893684865899,0.050994898420854994,0.0,0.0,0.4937963542732001,0.3977698104572859
C001797,3,0.0,0.0,0.0,0.08912519522495443,0.0,0.0,0.0,0.9108748047750456
C001799,2,0.0,0.0,0.0,0.1182371176113568,0.013383074030196456,0.04292617685680849,0.8137675002296756,0.011686131271962719
C001801,1,0.0,0.0,0.0,0.015298240995314896,0.1622416141586235,0.16336205604332765,0.0,0.6590980888027339
C001802,3,0.0,0.0,0.018680211070755313,0.0,0.02986624612510516,0.0,0.0,0.9514535428041395
C001806,4,0.07020718631158167,0.0,0.15848288031088925,0.0,0.542909421622153,0.0,0.0,0.228400511755376
C001809,0,0.2038890199757037,0.14548838727115554,0.06263090933531835,0.059018504150163936,0.0,0.12288367362515314,0.0,0.40608950564250534
C001810,4,0.0,0.7213266795934739,0.0,0.0,0.20047200749900557,0.0,0.0,0.07820131290752053
C001813,2,0.0,0.0,0.7251310050175171,0.0,0.0,0.0,0.0,0.27486899498248285
C001815,4,0.0,0.9330995775298087,0.0,0.0,0.0,0.0,0.0,0.06690042247019135
C001817,0,0.0678258075196452,0.0,0.0,0.0,0.19424112845719516,0.014752997117894583,0.6224828058686109,0.1006972610366541
C001818,0,0.0,0.3532202406007423,0.24668022996331945,0.0,0.08974482262953652,0.0,0.15268053281198818,0.1576741739944134
C001820,4,0.0,0.0,0.800536850328222,0.0,0.0,0.0,0.0,0.19946314967177803
C001824,1,0.250661326998037,0.0,0.6404053675904045,0.0,0.0,0.0,0.0,0.10893330541155855
C001826,1,0.0,0.0,0.0,0.0,0.0,0.0,0.39875771106387603,0.601242288936124
C001827,1,0.0,0.5345903788683348,0.0,0.0,0.1608839329581882,0.0,0.0,0.304525688173477
C001832,3,0.1979154217353892,0.0,0.4368716971290468,0.0,0.05550397614345569,0.0,0.18869394311145973,0.12101496188064864
C001834,3,0.03373317884530977,0.0,0.0,0.5556195927075014,0.0,0.0,0.0,0.4106472284471888
C001838,4,0.0,0.49028825049436064,0.0,0.0,0.42657393158235835,0.0,0.0,0.08313781792328101
C001840,2,0.047209346691134954,0.0,0.0,0.0,0.0,0.0,0.06706146169817419,0.8857291916106909
C001841,3,0.0,0.0,0.0,0.0,0.967275970745251,0.0,0.0,0.03272402925474904
C001843,1,0.0,0.0,0.0,0.01629878035905729,0.0,0.20954470729856509,0.6120557514827452,0.16210076085963243
C001844,1,0.18508406477302566,0.1646554530213956,0.0,0.25173246075501754,0.0,0.0,0.3285873556004338,0.06994066585012737
C001846,1,0.0,0.0,0.6190893344601618,0.0,0.0,0.1815782803330506,0.0,0.19933238520678764
C001848,0,0.1058133901445427,0.053166547965352015,0.0,0.0,0.4011574945672921,0.0,0.0,0.43986256732281315
C001849,1,0.0,0.0,0.0,0.0,0.0,0.0,0.0,1.0
C001850,4,0.40040324584819786,0.0,0.0,0.0,0.0,0.5343744401729648,0.0,0.06522231397883738
C001851,4,0.2218177877672172,0.0,0.0,0.0,0.0,0.0,0.6662311116309302,0.11195110060185265
C001854,2,0.0,0.30063291351829713,0.0,0.0,0.04082622799849005,0.0,0.1001070349683246,0.5584338235148882
C001855,0,0.0,0.0,0.050777234104069154,0.0,0.039762347636924156,0.030456164303604115,0.14104278161111847,0.7379614723442841
C001856,3,0.7531673143253951,0.0,0.0,0.16053558910759735,0.0,0.0,0.0,0.08629709656700757
C001857,2,0.0,0.03858485868121262,0.0,0.01784932573077474,0.1037495758813589,0.0,0.8198060885707357,0.020010151135918086
C001859,1,0.17942664113917292,0.0,0.67299975439031,0.0,0.018074801339927497,0.0,0.0,0.1294988031305896
C001860,3,0.0,0.0,0.0,0.0,0.7263515129038502,0.0,0.0,0.27364848709614975
C001863,1,0.0,0.0,0.0,0.9230834962433485,0.0,0.02942310948843273,0.0,0.04749339426821875
C001864,2,0.0,0.3573830896380304,0.33911443299921945,0.0,0.01363446348079413,0.0,0.0,0.28986801388195604
C001866,2,0.09922444614249983,0.015880039912134235,0.0,0.0,0.0,0.0,0.0,0.8848955139453659
C001867,2,0.3220962943753322,0.0,0.0,0.07415903418396258,0.0,0.3539124586428442,0.08286365904624134,0.16696855375161956
C001871,4,0.0,0.0,0.0,0.0,0.030368311886153965,0.0,0.0,0.969631688113846
C001873,2,0.283339783768962,0.0,0.0,0.0,0.0,0.0,0.0,0.716660216231038
C001875,4,0.0,0.0,0.6970913636484863,0.0,0.128079621011968,0.007974945089119561,0.0,0.1668540702504261
C001879,1,0.29272295032874107,0.0,0.41903103864824154,0.0,0.0,0.03870117951697466,0.05008174922118252,0.1994630822848602
C001880,3,0.0,0.0,0.01435189029178244,0.011072394306581102,0.03608819984273182,0.0,0.0,0.9384875155589046
C001881,1,0.0,0.0,0.20615972237062055,0.0,0.0,0.0,0.7819423384899407,0.011897939139438818
C001884,3,0.0,0.0,0.23931216634804853,0.5034109574684824,0.03877270264193264,0.0,0.0,0.2185041735415364
C001886,1,0.0,0.8957372845169871,0.0,0.0,0.04656360431628203,0.0,0.0,0.057699111166730876
C001891,3,0.0,0.468132580662534,0.2110870121455686,0.3135309220346345,0.0,0.0,0.0,0.007249485157262869
C001893,2,0.0,0.0,0.0,0.8870539955143407,0.0,0.0,0.0,0.11294600448565928
C001894,2,0.3505667902284168,0.0,0.0,0.29402465642329506,0.0,0.0,0.0,0.35540855334828814
C001896,2,0.18765783171831388,0.3763064359732252,0.12820996826282774,0.0,0.0,0.2441078667244299,0.029469384064948964,0.03424851325625444
C001897,4,0.0,0.0333728001047395,0.05940206969700171,0.0,0.0,0.0,0.5296721719637407,0.37755295823451807
C001898,1,0.010528973060708918,0.3720701831808465,0.0,0.0,0.029438394840865557,0.0,0.5479334250127378,0.0400290239048412
C001900,4,0.0,0.31245188241866984,0.53344628040823,0.0,0.1502129751902015,0.0,0.0,0.003888861982898728
C001903,0,0.04113956718392924,0.5514921720065641,0.0,0.31562268912270974,0.0,0.0,0.0,0.09174557168679698
C001904,1,0.3751417759647672,0.0,0.28791274843723214,0.0,0.0018096835165135672,0.26825604177792767,0.03518272469950804,0.03169702560405141
C001909,2,0.0,0.0,0.818315829939565,0.0,0.0,0.0,0.0,0.18168417006043502
C001911,4,0.5925232689464832,0.3227702299373172,0.0,0.0,0.0,0.0,0.07169007346022961,0.013016427655969998
C001914,2,0.0,0.0,0.17321907950480273,0.07868661926111041,0.0,0.0,0.5044454235022946,0.24364887773179222
C001921,4,0.0,0.0,0.0,0.03868789922458969,0.03328741587077856,0.0,0.0,0.9280246849046317
C001922,3,0.0,0.0,0.05473948230561975,0.857346498370319,0.047735842090551366,0.0,0.0,0.040178177233509915
C001923,0,0.0,0.0,0.0,0.0,0.7621775283869943,0.0,0.19054212893120978,0.04728034268179593
C001928,4,0.0,0.0,0.0,0.11219588226998267,0.0,0.0,0.0,0.8878041177300173
C001929,4,0.0,0.0,0.0,0.0,0.859882125785364,0.0,0.0,0.14011787421463595
C001930,2,0.13713330561707804,0.05493346066921293,0.5398140861289578,0.0,0.0,0.0,0.0,0.2681191475847513
C001931,4,0.0,0.0,0.06671349762414222,0.0,0.0,0.0,0.18380073951694553,0.7494857628589122
C001932,0,0.46296229252252463,0.0,0.0,0.007434793321123337,0.0,0.21080881774405946,0.0,0.3187940964122926
C001933,0,0.0,0.00382315177087167,0.08313281756913296,0.06337989087310245,0.0,0.7349886324916257,0.112585042106209,0.0020904651890581993
C001934,1,0.03906855622818361,0.10042152995438103,0.016030203102911325,0.0,0.032752716552934394,0.0,0.0,0.8117269941615897
C001935,4,0.0,0.0,0.0,0.0,0.3754015590087971,0.0,0.5704616698161815,0.05413677117502136
C001937,3,0.05487355884163225,0.0,0.772175361072038,0.0,0.09461857308395419,0.0,0.0,0.0783325070023756
C001939,4,0.33451107354210263,0.0,0.0,0.0,0.0,0.0,0.0,0.6654889264578974
C001940,1,0.0,0.0,0.0,0.6097340056714808,0.0,0.0,0.27882437921443776,0.11144161511408135
C001942,0,0.0,0.3111388231565811,0.1185041402398159,0.0,0.4251373343567908,0.0,0.0,0.14521970224681224
C001943,0,0.0,0.2183197104482345,0.6849208277577812,0.0,0.0,0.0,0.05165145122510896,0.04510801056887537
C001947,3,0.06961318148239883,0.0,0.22208421801498893,0.0,0.273376126390749,0.0,0.0,0.43492647411186325
C001948,4,0.0,0.3916014641580349,0.009227545085236521,0.0,0.0,0.0,0.11942106654395149,0.47974992421277707
C001949,2,0.1211600750869042,0.09578761066525919,0.6895260073529147,0.009255990602409139,0.0,0.0,0.0,0.0842703162925128
C001950,3,0.0,0.8396083574665408,0.006605140400431554,0.0,0.0,0.14784275023867274,0.0,0.0059437518943548096
C001951,2,0.0,0.0,0.0,0.0,0.6083015418096742,0.0,0.0,0.3916984581903258
C001952,3,0.0,0.0,0.0,0.058206047859359344,0.0,0.0,0.0,0.9417939521406407
C001953,3,0.12423497036857944,0.0,0.0,0.0,0.0,0.0,0.0,0.8757650296314206
C001955,4,0.24082119292171333,0.0,0.0,0.0,0.17361025842940547,0.5405655449191437,0.0,0.045003003729737534
C001956,3,0.0,0.0,0.11092558856452414,0.007532756101737997,0.03486574349366123,0.0,0.0,0.8466759118400766
C001958,1,0.5998050167550598,0.11368271657581541,0.0287487588394537,0.0,0.0912597842999805,0.011235911515269627,0.0,0.15526781201442097
C001960,3,0.0,0.0,0.10446494693494668,0.34485860030909754,0.0,0.0,0.0,0.5506764527559558
C001962,3,0.0406612667611843,0.1320397329894398,0.09629069935826418,0.0,0.0,0.1535948265868165,0.0,0.5774134743042952
C001964,2,0.0,0.0,0.0,0.0,0.0,0.0,0.888300763806879,0.11169923619312105
C001965,1,0.7315871825593828,0.0,0.0,0.17598386082849754,0.0,0.0,0.0,0.0924289566121197
C001966,4,0.0,0.0478037759794267,0.0,0.0,0.12409364695774334,0.0,0.0,0.82810257706283
C001968,2,0.0,0.0,0.0,0.0,0.024562620073077905,0.0,0.16575617531990325,0.8096812046070189
C001970,1,0.025993774997597207,0.0,0.0,0.5608405284411649,0.0037839346267789717,0.3711004438158372,0.031692150676674746,0.00658916744194693
C001973,0,0.0,0.0,0.0,0.8983586135702316,0.0,0.0,0.0,0.10164138642976839
C001974,0,0.0,0.0,0.0,0.026474523461589607,0.0,0.8184956548002584,0.0,0.15502982173815194
C001975,1,0.05330450175031106,0.29366000657385405,0.0,0.0692307226361921,0.0,0.0,0.028989924806680688,0.5548148442329621
C001978,3,0.0,0.0,0.7357835096854314,0.0,0.0,0.16515318756452962,0.0,0.09906330275003894
C001983,4,0.0,0.0,0.0,0.0,0.2618455083471138,0.7359164381792823,0.0,0.0022380534736039515
C001984,1,0.0,0.8520999405912943,0.0,0.0,0.0,0.0,0.0,0.14790005940870565
C001987,2,0.12001037380938795,0.0,0.0,0.04095923357156645,0.0,0.0,0.030469340884373083,0.8085610517346725
C001993,3,0.01728930716477873,0.0,0.0,0.0,0.1752165007533215,0.0,0.0,0.8074941920818998
C001994,0,0.0,0.0,0.0,0.5511598999891782,0.0,0.0,0.0,0.44884010001082175
C001995,0,0.0,0.16057381070056082,0.1093118895563542,0.08951429715494828,0.34975360892968305,0.0,0.04878753736673015,0.24205885629172352
C001996,4,0.01623643001578608,0.0,0.2746119906545023,0.0,0.033141164566670066,0.0,0.6725988648396103,0.0034115499234312896
C001997,0,0.11843992597901869,0.0,0.0,0.0,0.830393601227165,0.0,0.0,0.051166472793816364
C002000,4,0.8450374841260774,0.0,0.0,0.0,0.0,0.0,0.0,0.15496251587392262
C002002,1,0.0,0.0415628965338115,0.0,0.3281723907724575,0.06818634869407625,0.08227296733527915,0.0,0.4798053966643756
C002003,1,0.0,0.1349768705258385,0.0,0.0,0.0,0.0,0.11364263234719552,0.751380497126966
C002004,2,0.0,0.0,0.20748364009719455,0.10726471211707278,0.578345065732766,0.0,0.0,0.10690658205296666
C002005,3,0.0,0.0,0.3272548901384409,0.0,0.06688769205138867,0.5498277707750977,0.008371777991365957,0.047657869043706835
C002008,1,0.0,0.10072997561621568,0.326959838797802,0.0,0.49524625913363923,0.0,0.008975076610251417,0.06808884984209174
C002010,4,0.0,0.0,0.3771553976219703,0.0,0.6022018251488445,0.019780617812800518,0.0,0.000862159416384789
C002012,2,0.0,0.0,0.07195055018196084,0.0,0.0,0.0,0.0,0.9280494498180392
C002013,3,0.6790921924325855,0.0,0.06748544190726724,0.0,0.054524238915625585,0.1709508294834798,0.0,0.027947297261041837
C002014,1,0.0,0.11511975924664242,0.38715083167646075,0.025329551946730512,0.0,0.4071697246185777,0.0,0.06523013251158871
C002015,3,0.4904455835808767,0.0,0.07809705763885415,0.0,0.24247137859815276,0.0,0.13519997941926365,0.05378600076285267
C002020,4,0.0,0.6723991755677866,0.0,0.03935165006188371,0.03488836155296558,0.0,0.0,0.2533608128173641
C002021,0,0.3311779796587881,0.0,0.0,0.2909496429198671,0.0,0.0,0.029844783150729852,0.348027594270615
C002022,1,0.4529905217006455,0.0,0.0,0.0,0.06698562922800665,0.0,0.18713849933697502,0.29288534973437286
C002024,3,0.0,0.13177078620331464,0.0,0.3045740334941597,0.4137297433449652,0.12428536173883092,0.0,0.025640075218729574
C002025,3,0.0,0.531365623187984,0.0,0.02184971475426951,0.039338115997090174,0.4017041753484518,0.0,0.005742370712204514
C002026,1,0.0,0.0,0.08041548025605635,0.05272992087486019,0.0,0.04687528699125694,0.0832866571226641,0.7366926547551624
C002028,1,0.0,0.0,0.014930269141127162,0.0,0.0,0.0,0.0,0.9850697308588728
C002031,0,0.025580783426603262,0.0,0.0,0.020674059841092093,0.0,0.0,0.0,0.9537451567323046
C002033,1,0.0,0.14495893297154375,0.8313854461942777,0.0,0.0,0.0,0.0,0.023655620834178603
C002037,0,0.0,0.28612206815611535,0.0,0.05522248709427476,0.4312832894653602,0.0,0.0,0.2273721552842497
C002039,2,0.0,0.0,0.0,0.0,0.6311249487900567,0.0,0.0,0.36887505120994335
C002040,4,0.002281606477788108,0.17072162259741702,0.0,0.0,0.7510547392290993,0.0,0.0,0.07594203169569558
C002041,2,0.31179795412011296,0.0,0.0,0.5631794561283076,0.0,0.0,0.09526727365936558,0.029755316092213935
C002042,4,0.0,0.0,0.23775413585437935,0.0,0.0,0.5561528614150417,0.0,0.20609300273057896
C002044,3,0.0,0.0,0.0,0.942629721793616,0.0,0.0,0.0,0.05737027820638396
C002045,3,0.0,0.0,0.0,0.7723204321100415,0.0,0.0,0.0,0.22767956788995847
C002046,4,0.0,0.16078145290346457,0.0,0.0,0.0,0.0,0.0,0.8392185470965354
C002049,2,0.0,0.47772046240344035,0.0,0.0,0.003478322505324701,0.0,0.4561424048331441,0.06265881025809084
C002050,2,0.09118550387013791,0.0,0.0,0.0,0.0,0.0,0.0,0.9088144961298621
C002051,4,0.0,0.06169946752043334,0.3655229643147706,0.0,0.0,0.0,0.017374909711052815,0.5554026584537433
C002053,4,0.0,0.0,0.0,0.0,0.0,0.0,0.0,1.0
C002056,0,0.0,0.0,0.0,0.0,0.8078864915045537,0.0,0.0,0.19211350849544628
C002057,2,0.0,0.0,0.007503229882189108,0.12722332376142387,0.7794265705572317,0.0,0.0,0.08584687579915529
C002061,4,0.0,0.0,0.2672608731974155,0.0,0.29435750898964697,0.396206829843694,0.0,0.042174787969243566
C002064,4,0.44733054095388947,0.0,0.0,0.0,0.0,0.0,0.4734187959315524,0.0792506631145582
C002067,0,0.342351026025011,0.0,0.5248776547063246,0.046400054481883744,0.0,0.0,0.0,0.08637126478678059
C002068,1,0.0,0.039086675666882655,0.0,0.0,0.0,0.056801192166631126,0.10988572571307517,0.794226406453411
C002069,2,0.837640821419333,0.0,0.02003857414177625,0.0,0.07363351409465886,0.05884829419023345,0.0,0.009838796153998408
C002072,2,0.5659439843499936,0.37681674034257845,0.0,0.0,0.0,0.0,0.0,0.057239275307428006
C002074,1,0.0,0.0,0.5766577951005613,0.27382567378059897,0.13062876807601795,0.0,0.0,0.018887763042821804
C002075,2,0.0,0.0,0.0,0.0,0.0,0.2818592501024605,0.2942196022233252,0.4239211476742143
C002076,0,0.0037254919964484984,0.08656817700620104,0.012224586075912154,0.0,0.0,0.0,0.8588364359520533,0.038645308969385006
C002078,0,0.4808509708574736,0.0,0.3500241861124512,0.020644213023485652,0.0,0.0,0.02816704502869468,0.1203135849778949
C002079,2,0.0,0.08750937788422813,0.06799760539375545,0.0,0.0,0.0,0.8246470777059356,0.019845939016080782
C002081,0,0.0,0.0,0.5489207591994499,0.0,0.2872787729745542,0.0,0.04207715761015401,0.12172331021584193
C002082,0,0.0,0.0,0.010015964805020386,0.0,0.4148222305242399,0.0,0.0,0.5751618046707397
C002084,4,0.011170022560879947,0.0,0.06734009037223523,0.1673205308982928,0.5316058849884568,0.03871902876262894,0.0,0.1838444424175063
C002085,2,0.0,0.06045446695930646,0.0,0.0,0.0,0.0,0.0,0.9395455330406935
C002086,1,0.0516472254304988,0.8393922528021894,0.08666280702763748,0.0,0.0,0.0,0.0,0.022297714739674235
C002088,1,0.2077123322512042,0.0,0.0326264543042783,0.16824132191845864,0.0,0.0,0.1612051017759785,0.43021478975008043
C002089,1,0.0,0.0,0.0,0.0,0.9262928831253946,0.0,0.0,0.0737071168746054
C002091,0,0.0,0.4540981673275367,0.26333119270691696,0.05250194866069651,0.20234617220725915,0.0,0.0,0.027722519097590714
C002094,2,0.0,0.0,0.0,0.3192831458160674,0.017767798644543822,0.0,0.6348707106101644,0.02807834492922434
C002095,2,0.0,0.0,0.0,0.0,0.0,0.11278356157966762,0.0,0.8872164384203324
C002097,0,0.0,0.0,0.0,0.0,0.43717630482497705,0.0,0.0,0.562823695175023
C002098,1,0.0,0.0,0.0,0.0,0.11080493054924323,0.6129769221859488,0.0,0.276218147264808
C002100,0,0.0,0.0,0.0,0.8284659715784294,0.0,0.02829994340956035,0.0,0.1432340850120103
C002101,1,0.0,0.0,0.004209933454867904,0.0776622348906337,0.7876913334297669,0.0,0.0,0.13043649822473147
C002103,3,0.0,0.0,0.15432780533590115,0.0,0.3149410747719489,0.0,0.47732779804838343,0.053403321843766505
C002104,0,0.0,0.0,0.0,0.0,0.09513313465977324,0.0,0.0,0.9048668653402268
C002108,3,0.0,0.02672282004971696,0.6889639843713691,0.0,0.0,0.0,0.0,0.284313195578914
C002111,0,0.0,0.0,0.0,0.06748552781012238,0.4365952104538999,0.0,0.0,0.4959192617359778
C002113,0,0.011782938530556541,0.06164761837973643,0.5790436276529516,0.0,0.0169743535374312,0.0,0.2826476948581019,0.047903767041222345
C002115,1,0.0,0.0,0.0,0.0,0.0,0.0,0.0,1.0
C002116,4,0.4552632708008933,0.0,0.36558592249957284,0.00407905042558465,0.0,0.08986421363351652,0.005052720705317627,0.08015482193511514
C002117,2,0.8971579189538564,0.03212165130301571,0.0,0.0,0.0,0.05365899453544484,0.0,0.017061435207682996
C002118,3,0.0,0.0,0.0,0.0,0.9506890035122364,0.0,0.0,0.0493109964877636
C002119,0,0.23288506983121052,0.0,0.31977331476619647,0.38032667680636845,0.0,0.0,0.0,0.06701493859622454
C002121,1,0.42769767496939626,0.0,0.0,0.18490325190397577,0.0,0.1376537614112504,0.0,0.2497453117153775
C002122,0,0.49349585229433773,0.0,0.1360585394775618,0.08643709815812475,0.0,0.0,0.0,0.28400851006997574
C002124,2,0.0,0.0,0.0,0.0,0.06857359322152248,0.04414839974217785,0.0,0.8872780070362997
C002126,3,0.40084256291061865,0.0,0.0,0.3576588329257453,0.028883185620921507,0.0,0.0,0.21261541854271448
C002127,2,0.046984385811426735,0.0,0.0,0.5927554602998082,0.0,0.0,0.0,0.3602601538887651
C002128,0,0.0,0.0,0.0,0.0,0.0,0.0,0.0,1.0
C002129,3,0.0,0.0,0.0,0.06632056066705941,0.27515334772706856,0.0,0.0,0.658526091605872
C002134,2,0.06679316809256776,0.0,0.0,0.0,0.0,0.7981815322209729,0.0,0.13502529968645938
C002136,4,0.0,0.0,0.0,0.0,0.0,0.18094678152413426,0.7913099390718995,0.02774327940396626
C002138,2,0.199207350537256,0.0,0.0,0.0,0.4592139976342143,0.2662056674620175,0.0,0.0753729843665123
C002139,3,0.0,0.0,0.0,0.0,0.0,0.756569588590266,0.0,0.24343041140973398
C002142,1,0.0,0.14732248150654687,0.0,0.7235452647335353,0.0,0.0,0.0,0.12913225375991777
C002144,0,0.0,0.0,0.0,0.8403448626548481,0.0,0.0,0.0,0.1596551373451519
C002146,1,0.0,0.0,0.04478998935785467,0.0,0.0,0.1929744669456525,0.0,0.7622355436964928
C002147,2,0.0,0.0,0.2931590948042055,0.0,0.4585614913990362,0.0,0.0,0.24827941379675833
C002148,2,0.0,0.0,0.0,0.0,0.20545956282607022,0.254608962923689,0.0,0.5399314742502408
C002149,4,0.0,0.4870646777936073,0.0,0.40614556190917145,0.0,0.0,0.0,0.1067897602972212
C002150,0,0.09308263099004455,0.0,0.0,0.0,0.0,0.0,0.0,0.9069173690099555
C002151,3,0.0,0.0,0.0,0.0,0.7026292635995617,0.09246203616415805,0.0,0.20490870023628027
C002153,0,0.0,0.0,0.0,0.0,0.0,0.550771410860642,0.0,0.44922858913935804
C002154,0,0.0,0.7738707862010099,0.0,0.0,0.04566309573016886,0.1485830460740981,0.0,0.03188307199472307
C002157,3,0.0,0.0,0.1146021392636421,0.0,0.0,0.0,0.6858919388020465,0.19950592193431138
C002158,4,0.0,0.0,0.0,0.0,0.0,0.0,0.0,1.0
C002160,2,0.0,0.04444838244191981,0.7456864450609528,0.0,0.0,0.0,0.0,0.20986517249712733
C002162,4,0.07626130912002908,0.13849795917517757,0.5433388403117845,0.0,0.0,0.0,0.0,0.24190189139300888
C002163,0,0.0,0.042297661221962324,0.0,0.0,0.0,0.0,0.0,0.9577023387780377
C002165,4,0.08225743810365309,0.11157788687766394,0.0,0.0,0.0,0.40392323097231964,0.0,0.4022414440463633
C002166,3,0.0,0.5803404459076869,0.0,0.0,0.0,0.0,0.11171843742741416,0.307941116664899
C002167,0,0.0,0.0,0.2337200975271505,0.0,0.0,0.0,0.0,0.7662799024728495
C002168,2,0.0,0.15113057606741317,0.0,0.1816814861121362,0.014450578874652899,0.028607364640473025,0.4214373073610476,0.2026926869442771
C002172,3,0.024293778335482193,0.0,0.0,0.07443897441375592,0.3168248407218263,0.0,0.0,0.5844424065289355
C002173,4,0.13952032770586448,0.0,0.0,0.0,0.8198728060864092,0.0,0.0,0.040606866207726355
C002174,4,0.0,0.0,0.0,0.0,0.8608442199383639,0.0,0.0,0.1391557800616361
C002175,0,0.0,0.056220210646300596,0.0,0.0,0.03280782205731098,0.03355418839258995,0.39665424237196306,0.48076353653183546
C002176,0,0.0,0.0,0.0,0.05248754051640582,0.3876984482780277,0.0,0.5439677610007465,0.01584625020482
C002177,3,0.0,0.0,0.0,0.0,0.8578166329758451,0.0,0.0,0.1421833670241549
C002183,2,0.0,0.0,0.0,0.5757062938723568,0.2417816360206128,0.0,0.0,0.1825120701070304
C002184,3,0.2654797255826301,0.20794452132529867,0.0,0.36227933938765977,0.0,0.0,0.0,0.1642964137044114
C002187,0,0.0,0.0,0.0,0.8402971630728091,0.14095156361597222,0.0,0.0,0.01875127331121873
C002188,1,0.0,0.0,0.02142261002975058,0.13583273347683286,0.0,0.0,0.0,0.8427446564934166
C002189,0,0.0,0.3759018416612898,0.11780319416233309,0.0,0.0,0.0,0.0,0.5062949641763771
C002191,2,0.0,0.5600883644278518,0.053292136493566414,0.0,0.0,0.0,0.030929359009470823,0.3556901400691109
C002194,2,0.0,0.0,0.2044467612312287,0.0,0.3329760513976981,0.09800074495380673,0.15091553108114725,0.2136609113361192
C002195,3,0.0,0.6996024656967987,0.0,0.0,0.0,0.0,0.0,0.30039753430320126
C002196,4,0.0,0.696158603496577,0.0,0.0,0.0,0.0,0.28092202859787746,0.022919367905545496
C002197,4,0.0,0.0,0.0,0.06367060155506961,0.0,0.0,0.026513532458588604,0.9098158659863418
C002198,2,0.0,0.011612945968949295,0.0,0.0,0.0,0.0,0.019999286808882244,0.9683877672221685
C002199,3,0.31220855854202634,0.0,0.0,0.13868986089237242,0.0,0.021416022373767475,0.08188829843241902,0.44579725975941464
C002200,1,0.0,0.026068454093137742,0.4813144637194149,0.0,0.0,0.3552840763745785,0.11287051960173779,0.024462486211131118
C002206,1,0.3583789996902502,0.0,0.08047026027922657,0.0,0.0,0.0,0.47059064900862796,0.09056009102189533
C002212,1,0.0,0.0,0.0,0.18565449136049267,0.5367768979517669,0.0,0.0,0.2775686106877404
C002215,2,0.05207367101877907,0.0,0.0,0.0,0.2581356751176683,0.0,0.48817616157543925,0.20161449228811334
C002216,1,0.0,0.2664848240923504,0.0,0.3753510953085882,0.0,0.0,0.2578357925136198,0.10032828808544147
C002218,3,0.0,0.5445092067952966,0.0,0.0,0.04723694627827416,0.3687491469264153,0.0,0.03950470000001394
C002222,2,0.16271632355958618,0.0,0.05391279848712239,0.0,0.0,0.0,0.0,0.7833708779532914
C002227,3,0.0,0.0,0.0,0.11442206582160651,0.12564242304248502,0.027047484514148987,0.49476201947747467,0.23812600714428478
C002232,0,0.20662429245731156,0.5719169468117807,0.0,0.045070047077375996,0.03289777967370565,0.0,0.0,0.14349093397982615
C002234,2,0.0,0.0,0.01900406224777077,0.0,0.013609066959218007,0.0,0.0,0.9673868707930112
C002235,2,0.0,0.8281913343126057,0.0,0.0,0.0,0.0,0.0,0.17180866568739428
C002236,1,0.0,0.1423677334486348,0.34618687223275424,0.0,0.36530573376952524,0.0,0.0,0.14613966054908567
C002238,4,0.7165632341184036,0.0,0.0,0.020319970634404674,0.0,0.0,0.08934343720836357,0.1737733580388281
C002241,0,0.14252588191425192,0.12811807822363067,0.0,0.0,0.0620368454014567,0.0,0.574880601773455,0.09243859268720567
C002242,2,0.0,0.0,0.0,0.03652692988633923,0.22340280667792198,0.6487897772302658,0.0,0.09128048620547302
C002243,2,0.02897482450350327,0.0,0.0,0.15062265406942088,0.012426157623319044,0.11089951568474199,0.6502693638183149,0.04680748430069992
C002245,2,0.0,0.0,0.0,0.0,0.0,0.0,0.13381799253915883,0.8661820074608412
C002247,3,0.0,0.055408927004785995,0.13297669253552807,0.0,0.0,0.0,0.2606747286144998,0.5509396518451861
C002250,2,0.0,0.14579056269731594,0.2209995396309828,0.028572111423486948,0.04944035551430156,0.0,0.5445358481078243,0.010661582626088517
C002251,1,0.10843098910450073,0.0,0.0,0.0,0.0,0.7639032212363637,0.0,0.12766578965913555
C002256,4,0.06349050671778764,0.0,0.0,0.0,0.0,0.6413908950277131,0.0,0.29511859825449926
C002261,0,0.0,0.39713533770801246,0.0,0.0,0.1520461989002649,0.08883641760019856,0.0,0.36198204579152404
C002265,2,0.0,0.08856221803344522,0.0,0.0,0.0,0.0,0.0,0.9114377819665548
C002266,4,0.0,0.0,0.0,0.004132945999669799,0.8947463654785195,0.0,0.0,0.10112068852181066
C002274,0,0.0,0.0,0.0,0.03903340496063368,0.0,0.0,0.0,0.9609665950393663
C002275,0,0.3072433315160862,0.5626681858144876,0.0,0.0,0.0,0.0,0.0,0.1300884826694262
C002276,2,0.019436297498904888,0.0,0.0,0.015235155045626973,0.0,0.0,0.0,0.9653285474554681
C002277,4,0.0,0.0,0.0,0.0,0.011486058290236358,0.6615983415657326,0.0,0.326915600144031
C002278,3,0.3818625431627516,0.0,0.0,0.0,0.0,0.0,0.3842651374602977,0.23387231937695074
C002280,2,0.0,0.0,0.0,0.0,0.0,0.0,0.0,1.0
C002281,3,0.0,0.09804612193261338,0.1248398997590501,0.0,0.0,0.0,0.0,0.7771139783083365
C002282,2,0.5820524970251878,0.1011145124912185,0.0,0.24468144442302453,0.0,0.0,0.0,0.07215154606056917
C002285,2,0.0,0.09716588732455367,0.05367324867223575,0.0,0.0,0.0,0.05596483281990918,0.7931960311833014
C002286,1,0.0,0.0,0.10067956986726251,0.0,0.07849002233359247,0.46916476324296236,0.0,0.35166564455618265
C002288,4,0.17388788079468462,0.3175206230998252,0.0,0.343122546085091,0.0,0.0,0.0,0.16546895002039919
C002291,1,0.3208868936125966,0.20518036491869987,0.0,0.0,0.0,0.0,0.0,0.47393274146870357
C002292,1,0.0,0.2030124430641316,0.053940405009700335,0.3868989758993308,0.0,0.0,0.0,0.35614817602683724
C002293,3,0.011278667962296318,0.0,0.008977959379662104,0.0,0.0,0.44422667199975274,0.0,0.5355167006582888
C002294,0,0.0,0.654471862819089,0.0,0.0,0.06833277522928327,0.2386307948343551,0.008876509265430895,0.029688057851841698
C002296,4,0.019852434018905775,0.1804598182914455,0.0,0.0,0.0,0.09870112259034675,0.0,0.700986625099302
C002297,1,0.0,0.05121775408765932,0.0,0.0,0.0,0.0,0.9336433183364801,0.015138927575860661
C002299,0,0.0,0.0651236274603766,0.0,0.0,0.0,0.0,0.5236803163967088,0.41119605614291466
C002300,0,0.6658516456211409,0.0,0.0,0.06743058318780576,0.0,0.24585511569515556,0.0,0.02086265549589772
C002301,2,0.0,0.11587970051168689,0.0,0.49818122625391625,0.0,0.0,0.03205174753023093,0.3538873257041659
C002303,3,0.0,0.0,0.0,0.0,0.0,0.5621296489040626,0.0,0.4378703510959374
C002304,0,0.6251535073995675,0.0,0.0,0.0,0.0,0.0,0.0,0.37484649260043246
C002307,0,0.0,0.0,0.0,0.0,0.0,0.0,0.047929687932384946,0.952070312067615
C002310,1,0.0,0.0,0.0,0.0,0.0,0.0,0.18811992422776433,0.8118800757722356
C002311,0,0.0,0.0,0.9054235564033752,0.0,0.0,0.0,0.0,0.09457644359662476
C002312,1,0.0,0.03789296794239682,0.0,0.12595078959148898,0.0,0.3229420479734538,0.0,0.5132141944926604
C002313,2,0.0,0.0,0.0,0.08245144160171199,0.0,0.10920404889451207,0.0,0.808344509503776
C002316,3,0.0,0.8374527116451845,0.0,0.0,0.03135064958323383,0.0,0.04940222412111862,0.081794414650463
C002318,3,0.52739662975342,0.0,0.0,0.1714220199747189,0.0,0.0,0.0,0.301181350271861
C002320,1,0.0,0.08302721431483524,0.21974050030352796,0.012796224074818853,0.4455093034216345,0.0,0.1756008679400248,0.06332588994515864
C002321,4,0.0,0.0345503472360975,0.0,0.04346564305065505,0.0,0.0,0.0,0.9219840097132475
C002323,0,0.7144625511438197,0.0,0.0,0.11277350764218008,0.0,0.0,0.0,0.17276394121400018
C002331,4,0.0,0.0,0.0,0.0,0.0,0.9792499382143385,0.0,0.020750061785661522
C002333,3,0.07113609413467199,0.0,0.0,0.0,0.5184625740794828,0.0,0.29013065331015603,0.12027067847568906
C002335,4,0.0,0.0,0.0,0.0,0.0,0.0,0.01136553656632544,0.9886344634336746
C002338,2,0.0,0.0,0.7066654998503455,0.0,0.0,0.0,0.1220834677274364,0.17125103242221806
C002346,2,0.04709905322690238,0.0,0.24488364339593557,0.05336039118045175,0.0,0.0,0.0,0.6546569121967103
C002349,1,0.0,0.0,0.0,0.0,0.0,0.0,0.0,1.0
C002351,0,0.0,0.0,0.0,0.0,0.032487829183596606,0.0,0.057606931875964426,0.909905238940439
C002353,3,0.0,0.0,0.7416855373745516,0.0,0.197644032589789,0.0,0.0,0.06067043003565942
C002354,2,0.0,0.0,0.0,0.0,0.003737147471676835,0.9555619104828392,0.0,0.04070094204548391
C002355,2,0.0,0.0,0.0,0.11438225168668105,0.5975807796457862,0.0,0.22857022557871431,0.0594667430888185
C002358,4,0.0,0.0,0.15597849668241304,0.488068950521145,0.2932638640374613,0.0,0.0,0.0626886887589807
C002360,2,0.08257123769323735,0.0,0.0,0.0,0.8542093612716036,0.0,0.021693607442554563,0.04152579359260444
C002361,1,0.06401153313170849,0.0,0.0,0.0,0.0,0.0,0.0,0.9359884668682915
C002362,0,0.1076532225528708,0.3698911761816999,0.0,0.4150501659576715,0.0,0.0,0.0,0.10740543530775781
C002363,3,0.0,0.0,0.1894878739718444,0.4273779315080735,0.05046962099485689,0.043949689769381774,0.0,0.28871488375584353
C002365,1,0.0,0.0,0.0,0.0,0.8160647956182324,0.04324978100116191,0.03306698231176753,0.10761844106883811
C002366,2,0.36883736483714225,0.0,0.11594512025898837,0.0,0.17644281257059036,0.0,0.0,0.338774702333279
C002367,1,0.0,0.0,0.0,0.7069402827549904,0.0,0.0,0.259125413726329,0.03393430351868054
C002368,2,0.6059022339454565,0.0,0.0,0.0,0.37036590222047117,0.0,0.0,0.02373186383407233
C002370,4,0.0,0.0,0.0,0.0,0.9139541447060964,0.0,0.0,0.08604585529390363
C002371,4,0.013313310710525822,0.0,0.0,0.0,0.024238966208400773,0.0,0.0,0.9624477230810734
C002372,4,0.04202118654527511,0.0,0.0,0.0,0.07591842016656641,0.8194794538063733,0.0,0.06258093948178511
C002373,0,0.026564008466701584,0.0,0.16588902287862853,0.0,0.41340665912501845,0.010827520409334868,0.09395360181468379,0.2893591873056327
C002375,3,0.0,0.0,0.0,0.7130879985633072,0.0,0.0,0.0,0.2869120014366928
C002376,1,0.0,0.4748315462762853,0.0035327304791272314,0.0,0.0,0.008429659850555202,0.47403321901142426,0.03917284438260804
C002378,4,0.0,0.07941322896078519,0.0,0.0,0.0,0.0,0.16069211780125559,0.7598946532379592
C002379,2,0.0,0.0,0.0,0.0,0.0,0.7424354969435224,0.021192215922801627,0.23637228713367597
C002380,1,0.0,0.0,0.0,0.7578336595619258,0.020653208007094047,0.0,0.0,0.22151313243098014
C002382,2,0.0,0.0,0.0,0.049120984420655045,0.0,0.478997587555665,0.0,0.47188142802367994
C002386,4,0.0,0.0,0.15782522611183458,0.0,0.0,0.0,0.0,0.8421747738881654
C002388,0,0.0,0.23521252611061477,0.0,0.0,0.0,0.6206048809090721,0.0,0.1441825929803131
C002389,1,0.09218242018988765,0.0,0.040081452070303863,0.16621774017856553,0.0,0.0,0.0,0.701518387561243
C002394,2,0.0,0.0,0.0,0.24506719401600158,0.18708943683601797,0.0,0.4867011476412469,0.08114222150673356
C002395,0,0.19220522942157048,0.13224652930118153,0.0,0.0,0.08510361339605108,0.3549230463700641,0.18257039908113576,0.05295118242999708
C002397,0,0.0,0.0,0.8935022186239456,0.0,0.0,0.0,0.0,0.10649778137605437
C002398,4,0.4568289770577885,0.0,0.0,0.0,0.0,0.33017740117596883,0.0,0.2129936217662427
C002399,2,0.0,0.0,0.0,0.735433775803101,0.0,0.0,0.0,0.264566224196899
C002401,1,0.34342539898562646,0.0,0.0,0.0,0.0,0.0,0.49276168157129263,0.16381291944308085
C002402,3,0.0,0.0,0.12300160144043792,0.0,0.0,0.0,0.0,0.8769983985595621
C002404,2,0.0,0.4158069268741833,0.0,0.0,0.0,0.0,0.0,0.5841930731258167
C002405,2,0.5591226428533732,0.0,0.0594848282255939,0.33604929338295625,0.0,0.0,0.028839990560993577,0.01650324497708311
C002406,2,0.0,0.04244581467202206,0.0,0.009937153612880204,0.0,0.679120658347625,0.0,0.2684963733674727
C002413,4,0.0,0.0,0.18088948766676788,0.0,0.12153753103943249,0.0,0.0,0.6975729812937996
C002414,1,0.0,0.0,0.0,0.0,0.0,0.0,0.0,1.0
C002419,2,0.0,0.0,0.0,0.6834072429423081,0.0,0.0,0.1364907043144068,0.18010205274328506
C002421,4,0.11807651502482285,0.0,0.0,0.0,0.0,0.062200716639268475,0.8038597712013938,0.015862997134514778
C002424,1,0.0,0.0,0.0,0.0,0.7100960356439309,0.0,0.0,0.28990396435606913
C002426,1,0.0,0.0,0.0,0.0,0.0,0.0,0.4057184218231111,0.5942815781768889
C002428,0,0.0,0.0,0.0,0.0,0.0,0.0,0.5458793003280233,0.45412069967197666
C002429,4,0.0,0.0,0.7374092219952711,0.10067986363435771,0.14790277276610567,0.0,0.0,0.014008141604265556
C002430,4,0.0,0.6117078991597721,0.0,0.035352994977573375,0.035963957707550016,0.0,0.0,0.3169751481551045
C002431,1,0.897589297954403,0.0,0.0,0.0,0.0,0.0,0.0,0.10241070204559699
C002438,3,0.0,0.0,0.0645490324864723,0.5282113106436468,0.06050438526795251,0.0,0.00842074808134332,0.3383145235205851
C002439,3,0.07347200395604454,0.0,0.07153907032554876,0.0,0.0,0.013733777293920514,0.5279649321111463,0.31329021631334
C002441,3,0.0,0.0194793409629942,0.6207213128572583,0.0,0.0,0.27025321797696816,0.0,0.08954612820277941
C002442,1,0.0,0.48086457259390775,0.0,0.12247928271852529,0.0,0.37456023282558265,0.0,0.02209591186198434
C002448,2,0.0,0.09436779930368486,0.0,0.01246977413203367,0.0,0.0,0.0,0.8931624265642815
C002449,3,0.0,0.0,0.0,0.0,0.0,0.9404037182142333,0.03917203263729635,0.020424249148470297
C002450,3,0.06027938036254045,0.06224188136756127,0.03248977609860214,0.0,0.0,0.0,0.0,0.8449889621712962
C002451,0,0.0,0.0,0.23749858447978944,0.03195527530475214,0.0,0.3966500839886819,0.0,0.33389605622677654
C002452,1,0.0,0.014660793458168111,0.6138760562557066,0.1818582500971538,0.0,0.15493284018807488,0.0,0.03467206000089662
C002456,4,0.0,0.0,0.0,0.09222696548303093,0.0,0.5538595983857799,0.0,0.3539134361311892
C002457,3,0.7582850766697122,0.17589732495355548,0.0,0.0,0.0,0.0,0.0,0.06581759837673229
C002458,0,0.0,0.0,0.8181857206349942,0.0,0.0,0.0,0.0,0.18181427936500583
C002460,2,0.025832818750095413,0.0,0.08180260930256794,0.0,0.0,0.0,0.0,0.8923645719473366
C002461,2,0.0,0.0,0.39950353543092676,0.0,0.0,0.09350470525125475,0.16381721998666138,0.34317453933115716
C002462,2,0.0,0.0,0.0,0.6734714516772763,0.0,0.2390899434563541,0.0,0.08743860486636956
C002463,4,0.2762876937034566,0.0650935410573313,0.06469603743042676,0.0030102635666334663,0.02278134353932959,0.44911807358395395,0.0,0.11901304711886829
C002474,1,0.0,0.0,0.0,0.721413277746864,0.0,0.0,0.2290595163010245,0.049527205952111464
C002476,0,0.0,0.8549604146497124,0.0,0.0,0.0,0.0,0.0,0.1450395853502876
C002479,4,0.0,0.0,0.0,0.10593306968575456,0.0,0.0,0.0,0.8940669303142454
C002485,3,0.0,0.6392284136461144,0.0,0.0,0.0,0.0,0.11680209559917336,0.2439694907547123
C002488,2,0.0,0.0,0.0,0.0,0.0401925260375382,0.0,0.0,0.9598074739624618
C002490,3,0.0,0.26597678698081934,0.4740471538703874,0.0,0.0,0.02490158635081511,0.22459130299611535,0.010483169801862813
C002491,2,0.7153345147565708,0.0,0.0,0.05890716785604539,0.0,0.0,0.18796468005412983,0.037793637333253916
C002492,2,0.0,0.0,0.0,0.4253108561098983,0.0,0.0,0.39708070692640735,0.17760843696369433
C002493,3,0.0,0.0,0.16232678376542498,0.0,0.0,0.0,0.0,0.837673216234575
C002495,0,0.22611720680736097,0.0,0.0,0.7535031730417706,0.007082223161476303,0.0,0.00379808841682001,0.009499308572571974
C002498,3,0.0,0.0,0.0,0.9159371001485603,0.0,0.0,0.0,0.08406289985143967
C002499,2,0.13691540037489366,0.0,0.016934057620316828,0.35501360953348116,0.03420833107448611,0.3444120386568922,0.0,0.11251656273993016
C002500,3,0.0,0.19987220085930743,0.0,0.0,0.0,0.11067162531300145,0.0,0.6894561738276911
C002501,1,0.03712089985251024,0.0,0.0,0.0,0.18685708730508205,0.04722785815029772,0.034964303872039464,0.6938298508200705
C002503,0,0.0,0.0,0.0,0.059468050645540026,0.034320244732191,0.030859807387312106,0.0,0.8753518972349569
C002512,1,0.5088479826299858,0.17953738001920216,0.0,0.0,0.0448896061049044,0.0,0.16318926345605556,0.10353576778985207
C002514,2,0.0,0.01273289108541712,0.7395048708296871,0.10050387668070632,0.0,0.0,0.0,0.14725836140418957
C002516,3,0.0,0.0,0.0,0.0,0.0,0.694699559492993,0.0,0.305300440507007
C002519,4,0.0,0.0,0.0,0.0,0.0,0.0,0.8605263408595705,0.13947365914042953
C002522,0,0.0,0.0,0.0,0.0,0.2201438580986939,0.6740137634404899,0.0,0.10584237846081623
C002523,2,0.0,0.06148992222804165,0.3301708327017974,0.0,0.43175645765091225,0.16250315703289214,0.0,0.014079630386356623
C002526,4,0.0,0.080275197670683,0.0,0.43048653061563874,0.20452880348456265,0.22988573240252355,0.031630215282906354,0.02319352054368573
C002527,1,0.19308168673652007,0.0,0.0,0.0,0.0,0.0,0.022231658893261053,0.7846866543702189
C002528,0,0.2143979609257223,0.10115241626813683,0.0,0.04307185795649966,0.31642134330856675,0.02168699079847751,0.09833248829714551,0.20493694244545158
C002530,2,0.21793151666049684,0.0,0.6237201402720661,0.0,0.0,0.11452336655122947,0.0,0.04382497651620754
C002531,2,0.0,0.0,0.0,0.4617301410951596,0.45862452565584544,0.0,0.0,0.07964533324899503
C002533,2,0.0,0.0,0.0,0.0,0.0,0.0,0.0,1.0
C002534,4,0.43563074971315874,0.34470583725047227,0.008138130957628515,0.0,0.0,0.0,0.20996123372389405,0.00156404835484647
C002539,1,0.0,0.0,0.0,0.0,0.0,0.0,0.047675955721200314,0.9523240442787997
C002541,0,0.0,0.02597198779684256,0.19813376476159789,0.0,0.0,0.7031742742227048,0.0,0.0727199732188547
C002542,0,0.0,0.0,0.0,0.0,0.0,0.0,0.9813045656580789,0.018695434341921113
C002544,2,0.0,0.0,0.0,0.13099277581871813,0.0,0.37699793689486055,0.158234392607344,0.3337748946790773
C002548,1,0.0,0.06187556090394851,0.37152168609324776,0.0,0.0,0.5222226382933812,0.0,0.04438011470942249
C002550,2,0.0,0.0,0.005547937018847785,0.0,0.0,0.8925797859341872,0.0,0.101872277046965
C002553,3,0.0,0.0,0.725875884016862,0.0,0.10294417974576157,0.0,0.0,0.17117993623737648
C002555,0,0.0,0.13233219913390393,0.8126813595627097,0.0,0.0,0.0,0.0,0.05498644130338637
C002559,0,0.0,0.0,0.4909494418572927,0.0,0.0,0.0,0.0,0.5090505581427073
C002563,4,0.0,0.04837416568855961,0.5600951413972627,0.0,0.027421817377576013,0.0,0.0,0.36410887553660176
C002564,4,0.6042266961942878,0.0,0.022210099926463913,0.03414899992583381,0.0,0.0,0.021817942458061866,0.3175962614953526
C002566,3,0.0,0.0,0.09141505588580634,0.6668573253576542,0.0,0.0,0.013590596890610821,0.22813702186592866
C002567,2,0.10807384328685064,0.0,0.0,0.0,0.06463808202474633,0.0,0.0,0.827288074688403
C002569,4,0.0,0.44773544843340907,0.004143815948698721,0.2174074302373806,0.0,0.005336152162157623,0.2486649514805997,0.07671220173775417
C002571,3,0.8959674208793987,0.0,0.0,0.0,0.06494726740843024,0.0,0.0,0.039085311712171
C002573,2,0.0,0.03239001477766146,0.4050805567126401,0.11462039055315994,0.0,0.0,0.0,0.44790903795653847
C002581,1,0.046253986359788106,0.0,0.28760768404468945,0.0,0.0,0.01666097746723468,0.6211914620634222,0.028285890064865482
C002585,1,0.0,0.12791457184236615,0.08655734958397651,0.0,0.0,0.0,0.08332865406620169,0.7021994245074556
C002587,1,0.0,0.0,0.0,0.15088854310757646,0.49290988086558196,0.34579675210618166,0.0,0.01040482392065989
C002590,1,0.0,0.0,0.10868453866004268,0.3850420269113072,0.0,0.0,0.01563010548824195,0.4906433289404082
C002594,4,0.0,0.0,0.0,0.08897404093587674,0.869648553657896,0.0,0.0,0.04137740540622725
C002595,2,0.0,0.0,0.0,0.5814777877568938,0.0,0.0,0.0,0.41852221224310615
C002599,1,0.0,0.0,0.0,0.10233774720040964,0.0,0.23440517662810845,0.0,0.6632570761714819
C002606,0,0.09832901458895661,0.0,0.10214388561723739,0.0,0.5710589608433814,0.0,0.0,0.22846813895042462
C002608,1,0.04975815712025198,0.5553815490845905,0.0,0.0,0.0,0.0,0.0,0.3948602937951575
C002610,4,0.0,0.035691296218374934,0.404514778835905,0.5496904849215176,0.0,0.0,0.0,0.010103440024202492
C002611,1,0.0,0.8240027424169251,0.0,0.014764465817359056,0.007326007250837026,0.0,0.0,0.15390678451487894
C002612,0,0.0,0.0,0.0,0.1242852132947029,0.03696349388834949,0.0,0.0,0.8387512928169476
C002615,1,0.0,0.0,0.0,0.0,0.7195915477649188,0.0,0.16701725840778253,0.11339119382729868
C002617,0,0.02867502603735677,0.025155006007521942,0.0,0.0,0.0,0.0,0.014935794001515753,0.9312341739536055
C002620,0,0.0,0.0,0.0,0.17417988476764254,0.16454652269514106,0.5686770970734982,0.0,0.09259649546371818
C002621,2,0.0,0.12441282447752718,0.24834745352284907,0.2352392526659481,0.006301655894968438,0.0,0.20748735393836037,0.17821145950034678
C002622,1,0.6925287836074818,0.05912723759874104,0.0,0.0,0.0,0.0,0.21634577751917894,0.03199820127459818
C002623,4,0.0,0.0,0.3235165221625796,0.29778568305893444,0.0,0.0,0.27526445954138795,0.10343333523709797
C002625,0,0.0,0.8823371256630523,0.05976953005520439,0.0,0.0,0.0,0.0,0.05789334428174331
C002626,3,0.0,0.0,0.5595736294192074,0.0,0.0,0.11149912117612332,0.0,0.32892724940466933
C002627,4,0.0,0.02601737322732766,0.0,0.0,0.0,0.0,0.5928890255285626,0.38109360124410974
C002628,2,0.0,0.0,0.0,0.0,0.7730018900332433,0.0,0.0,0.22699810996675673
C002629,0,0.3864344054435312,0.0,0.0,0.0,0.0,0.0,0.055455161590112045,0.5581104329663568
C002634,4,0.0350911709143677,0.0,0.0,0.0,0.010343156469125593,0.10000064481865337,0.0,0.8545650277978534
C002635,3,0.0,0.9445377497655151,0.0,0.0,0.0,0.0,0.0,0.05546225023448492
C002636,3,0.0,0.0,0.008901965418409256,0.021213210895510277,0.0,0.06977837663261087,0.011606777695815812,0.8884996693576538
C002637,3,0.0,0.5368758836457209,0.0,0.2170464973256093,0.02834976735922332,0.0,0.0,0.21772785166944641
C002638,4,0.3088781463660657,0.0,0.2006313299088999,0.0,0.0,0.0,0.2735630572316668,0.21692746649336758
C002642,1,0.27631245142082667,0.16522696303154005,0.0,0.17636626798733113,0.0,0.27558877860496067,0.0,0.10650553895534154
C002643,3,0.0,0.0,0.0,0.0,0.01067723711174351,0.0,0.0,0.9893227628882565
C002644,0,0.0,0.025640371628880443,0.0,0.0,0.0,0.0,0.0,0.9743596283711196
C002647,2,0.0,0.0,0.0,0.8624141016378318,0.06683601397398126,0.0,0.0,0.07074988438818686
C002649,2,0.0,0.0,0.0,0.0,0.0,0.695410740273886,0.0,0.30458925972611395
C002650,2,0.0,0.0,0.0,0.0,0.0,0.0,0.158682320587661,0.841317679412339
C002653,2,0.0,0.0,0.0,0.0,0.36914229777407576,0.5456328638246956,0.0,0.08522483840122863
C002655,3,0.0,0.0,0.0,0.0,0.6962517963623204,0.18745670841294684,0.0,0.11629149522473281
C002656,2,0.0,0.0,0.0,0.16419501610379858,0.01992823753176846,0.6644837024659389,0.0,0.15139304389849406
C002657,2,0.0,0.0,0.0,0.0759449231353668,0.6070534824979444,0.0,0.0,0.31700159436668873
C002660,2,0.13679627273701103,0.5462153588040576,0.0,0.03251790438118948,0.0,0.0,0.0,0.2844704640777419
C002663,1,0.0,0.0,0.0,0.0,0.0,0.0,0.7602980020436975,0.23970199795630254
C002665,2,0.025843263196298982,0.045638679311838376,0.0688166578422212,0.0,0.4913872417683829,0.0,0.0,0.36831415788125854
C002666,0,0.1395860957436369,0.0,0.1669479722246331,0.17638000064697182,0.0,0.0,0.0,0.5170859313847582
C002667,1,0.0,0.8479961663542083,0.0,0.0,0.0,0.0,0.0,0.15200383364579173
C002668,1,0.02038864939097842,0.0,0.0,0.06865064503115816,0.049211574190669814,0.3864665465032955,0.0,0.4752825848838982
C002671,0,0.0,0.22035041943928266,0.0,0.0,0.012014372038585483,0.11502577100748154,0.0,0.6526094375146503
C002677,1,0.5152599327828994,0.060506402296282104,0.0,0.0,0.3192897072754596,0.0,0.0,0.10494395764535891
C002678,4,0.0,0.0,0.0,0.7063310078978511,0.023397767610161997,0.0,0.0,0.27027122449198693
C002680,2,0.4260161878189073,0.543638359530434,0.003320482052599113,0.0,0.0,0.0,0.0,0.027024970598059417
C002683,4,0.0,0.0,0.0,0.030194966672377314,0.0,0.04204278258930244,0.018568474353200026,0.9091937763851202
C002686,3,0.0,0.770241910253709,0.0,0.06673715114086974,0.0,0.0935395600225146,0.0,0.0694813785829066
C002687,4,0.3674229143539927,0.0,0.0,0.0,0.0,0.4686559827876911,0.0,0.16392110285831618
C002688,1,0.0,0.0,0.0,0.08924803767015875,0.0,0.0,0.5622884456733068,0.3484635166565344
C002689,2,0.03160333251623633,0.37055524586578564,0.0,0.0,0.48345666158520034,0.0,0.0,0.11438476003277764
C002692,0,0.07341732979246636,0.0,0.06379433762151737,0.0,0.0,0.05190464585926958,0.0,0.8108836867267467
C002694,0,0.0,0.19478105500158743,0.0,0.0,0.0,0.6716042895324802,0.1054681061100785,0.02814654935585381
C002696,0,0.0,0.36587752105893,0.0,0.14247534056212108,0.0,0.0,0.0,0.4916471383789489
C002697,2,0.0,0.0,0.36139522620939696,0.37231398910377167,0.0,0.0,0.0,0.2662907846868314
C002698,4,0.0,0.0,0.10356377468369415,0.0,0.0,0.0,0.0,0.8964362253163058
C002699,3,0.4763066317583122,0.0,0.0,0.32220787241054305,0.13544084191465044,0.0,0.0,0.06604465391649428
C002700,0,0.06639086270768249,0.0,0.0,0.03975457457131638,0.0,0.08226107956865242,0.08714540770979406,0.7244480754425546
C002703,2,0.0,0.0,0.04044905177767267,0.0,0.0,0.0,0.0,0.9595509482223273
C002705,1,0.782993412381136,0.0,0.0,0.0,0.0,0.0,0.0,0.21700658761886404
C002707,3,0.5179527320317814,0.0,0.0,0.07058880678293838,0.0,0.0,0.0,0.4114584611852803
C002714,4,0.3594148047193596,0.5995982677975606,0.0,0.0,0.010444650929925414,0.0,0.014435227931105968,0.01610704862204837
C002715,2,0.29384277791999097,0.46300699043134186,0.11355748684785207,0.014625619028209035,0.0,0.0041472196210397844,0.02822055155924509,0.08259935459232115
C002719,1,0.14984124139933222,0.0,0.0,0.021926139083013968,0.5513929940422346,0.056448851820617846,0.18876240677156286,0.031628366883238446
C002720,2,0.0,0.538482348900421,0.0988219510969719,0.0,0.0,0.03334472286405962,0.0,0.32935097713854744
C002721,3,0.0,0.0,0.0,0.0,0.14680231512557196,0.0,0.0,0.853197684874428
C002725,1,0.0,0.40725244256717197,0.0,0.09273934387412547,0.2683354253146434,0.0,0.0,0.23167278824405924
C002729,4,0.026968748396154697,0.0,0.11162089224921079,0.0,0.0,0.0,0.07979595888286241,0.7816144004717721
C002731,4,0.0,0.05627418226071089,0.0,0.13816586377788953,0.028228678844502475,0.0,0.035017543680586724,0.7423137314363104
C002733,3,0.0,0.0,0.0,0.19249757561247416,0.1439057995183384,0.533545607576372,0.0,0.13005101729281543
C002734,0,0.08418567987451624,0.0,0.0,0.0,0.4809963710668541,0.2575498756538957,0.0,0.17726807340473405
C002736,1,0.0,0.0,0.7273200170147408,0.0,0.0,0.11996647428715838,0.0,0.15271350869810085
C002737,1,0.0,0.0,0.29819063384216077,0.05586110531296512,0.41832144479945,0.0,0.0,0.22762681604542412
C002738,2,0.17885877969922012,0.7509205531302056,0.0,0.0,0.03427941013489742,0.0,0.0,0.035941257035676855
C002739,2,0.0,0.0,0.0,0.0,0.8145314992156134,0.0,0.0,0.1854685007843866
C002740,1,0.012050661468796962,0.6588335366053097,0.0,0.0,0.0,0.09137896987440264,0.0,0.23773683205149065
C002742,1,0.05905286307892746,0.0,0.0,0.5318005222293061,0.0,0.11773466823713802,0.28508443265665,0.006327513797978579
C002746,3,0.0,0.0,0.0,0.06943988190253927,0.0,0.0,0.5902298289798482,0.34033028911761254
C002747,0,0.9264545578379005,0.0,0.0,0.0,0.0,0.0,0.0,0.07354544216209946
C002749,2,0.0,0.0,0.0,0.5147709390427795,0.0,0.0,0.21158225184020307,0.27364680911701744
C002751,2,0.0,0.0,0.0,0.05497297329522821,0.0,0.0,0.0,0.9450270267047718
C002753,4,0.0,0.0,0.0,0.35529386608032304,0.0,0.5142830853241698,0.0,0.13042304859550713
C002755,0,0.0,0.11809589556129915,0.0,0.3881441003728136,0.029519566503104496,0.0,0.045927634995185145,0.4183128025675976
C002757,4,0.0,0.041133967531606926,0.0,0.08544021942052946,0.8492261226866277,0.0,0.0,0.024199690361235926
C002758,2,0.0,0.0,0.0,0.0,0.0,0.0,0.0,1.0
C002760,4,0.0,0.0,0.0,0.0,0.43220600213984284,0.43285245248987897,0.002887129471926441,0.13205441589835176
C002762,4,0.7133281772456126,0.0,0.02649544756104946,0.0,0.0,0.0,0.24798184342806145,0.012194531765276517
C002764,1,0.0,0.0,0.10393788318180792,0.0,0.2831112060394099,0.5253272520352683,0.0,0.08762365874351385
C002767,3,0.0,0.0,0.6477082565000197,0.0,0.0,0.0,0.3160402910148694,0.03625145248511086
C002768,3,0.0,0.0,0.0,0.0,0.0,0.0,0.06855442849847093,0.9314455715015291
C002769,4,0.04930983844134838,0.0,0.5891439269447881,0.026705164310965018,0.0,0.0,0.0,0.33484107030289845
C002771,4,0.28036030814716384,0.0,0.6380653959946779,0.0,0.0,0.06399371041130833,0.0,0.017580585446849928
C002772,0,0.0,0.24289148134022376,0.0,0.0,0.022483537169418383,0.0,0.0,0.7346249814903578
C002773,2,0.0,0.0,0.24103502001294871,0.6869576521816767,0.06658016023295606,0.0,0.0,0.0054271675724184565
C002775,2,0.0,0.7347249077869686,0.0774416685254188,0.005271843890147398,0.0,0.0,0.0,0.18256157979746523
C002779,2,0.5776650826684364,0.0,0.0,0.008905151958097705,0.0,0.03475755105283025,0.3412929578864508,0.03737925643418483
C002780,3,0.0,0.7449789618315856,0.0,0.0,0.0,0.0,0.0,0.25502103816841437
C002786,1,0.0,0.8070962126139763,0.0,0.0,0.0,0.0,0.0,0.19290378738602365
C002788,1,0.23054910006860083,0.0,0.0,0.0,0.3614596562541326,0.3643181083452826,0.0,0.043673135331983914
C002793,4,0.0,0.0,0.0,0.0,0.0,0.4169736995542478,0.4037909632968312,0.17923533714892104
C002794,2,0.0,0.0,0.03750570789022869,0.0,0.0,0.7237040715241545,0.0,0.23879022058561683
C002795,4,0.310036804052457,0.0,0.0,0.0,0.0,0.06876438487840579,0.0,0.6211988110691372
C002796,3,0.0,0.0,0.0,0.0,0.903225432066434,0.0,0.0,0.09677456793356598
C002798,0,0.0,0.0,0.4928741107243707,0.06959331627276308,0.0985573066419151,0.0,0.0,0.3389752663609511
C002800,1,0.030412851891694504,0.0,0.5740936227887383,0.0,0.0,0.0,0.0,0.39549352531956716
C002801,4,0.04795320182384318,0.020340169430557616,0.007496841045355911,0.06301134041870518,0.015702243337276447,0.5947743704980022,0.0,0.25072183344625953
C002802,4,0.0,0.04502124050882235,0.05032225039383009,0.5810536111540547,0.0,0.0,0.1738685292811503,0.14973436866214251
C002804,0,0.01416517467576082,0.0,0.1196063798946383,0.0,0.0,0.03319475113906868,0.0,0.8330336942905322
C002805,3,0.0,0.0,0.0,0.0,0.0,0.0,0.0,1.0
C002808,2,0.0,0.10774161456390585,0.0,0.0,0.0,0.0,0.0,0.8922583854360941
C002809,4,0.0,0.0,0.0,0.7037351634533294,0.0,0.0,0.0,0.2962648365466706
C002810,0,0.0,0.0,0.0,0.301686793425382,0.0,0.0,0.5276245273461053,0.17068867922851272
C002812,0,0.34466865752999504,0.0,0.13280749177536236,0.0,0.0,0.4846289091854452,0.0,0.037894941509197366
C002813,4,0.2566583164378542,0.0,0.0,0.5205824661500424,0.0,0.0,0.0,0.22275921741210336
C002814,4,0.0,0.08349067581545554,0.0,0.0,0.6268605566123645,0.0,0.0,0.28964876757217994
C002816,2,0.0,0.0,0.05017324986594786,0.0,0.498479449820112,0.04304421026041544,0.0,0.4083030900535247
C002817,1,0.0,0.4807336598975234,0.0,0.0,0.3339993176701644,0.0,0.0,0.1852670224323122
C002820,3,0.3311922197926219,0.0,0.0,0.0,0.0,0.4825431373888773,0.0,0.18626464281850086
C002821,2,0.10076064335291737,0.2877173305734417,0.0,0.08827337654826628,0.0,0.4036234575859873,0.0,0.11962519193938737
C002822,4,0.7978019890196626,0.028085391398350975,0.0,0.0,0.0,0.0,0.0,0.17411261958198643
C002826,2,0.0,0.0,0.0,0.15719532968791067,0.0,0.14752719504129574,0.6605681779478914,0.03470929732290218
C002829,2,0.028944190055598267,0.0,0.0,0.1306490974322173,0.0,0.5344093314748283,0.0,0.3059973810373562
C002834,2,0.0,0.0,0.0,0.0,0.250564123437414,0.0,0.6478484927534518,0.10158738380913412
C002836,0,0.0,0.0,0.5978447132418563,0.0,0.0,0.0,0.2661708925551116,0.1359843942030321
C002838,0,0.02601254492189936,0.0,0.0,0.0,0.21170283229819448,0.4843833578258516,0.1313385409349228,0.14656272401913173
C002839,1,0.0,0.0,0.09466109547056409,0.0,0.0,0.07562083124187419,0.5643426157850797,0.26537545750248204
C002840,2,0.0,0.3514930248252969,0.0,0.0,0.0,0.029193880795745482,0.0,0.6193130943789577
C002842,1,0.0,0.0,0.0,0.0,0.0,0.04006845028506634,0.0,0.9599315497149337
C002843,3,0.32800235125313043,0.08323031668189113,0.0,0.02590340990488153,0.0,0.0887521774596296,0.38205181943798927,0.09205992526247797
C002844,4,0.5847906287687363,0.0,0.0,0.0,0.3230935943342043,0.0,0.0,0.0921157768970593
C002846,2,0.0,0.0,0.0,0.0,0.0,0.0,0.0,1.0
C002847,4,0.0,0.0,0.0,0.0,0.0,0.5021399749200347,0.0,0.4978600250799653
C002849,1,0.0,0.0,0.3455455176756205,0.0,0.06744962242116583,0.03127199674412725,0.0,0.5557328631590865
C002851,3,0.0,0.0,0.0,0.0,0.049294659576735525,0.0,0.01187887441202827,0.9388264660112362
C002852,3,0.0,0.0,0.14167361952013774,0.39333255206289663,0.03496374608946067,0.2811599243444047,0.0,0.14887015798310044
C002853,2,0.0,0.0,0.6039716500642661,0.34006396177573933,0.0203058342854892,0.0,0.0,0.03565855387450534
C002855,4,0.04243863235322509,0.35328846031841143,0.0,0.4398582204382658,0.0,0.0,0.0,0.16441468689009775
C002856,1,0.0,0.0,0.05717260172287718,0.0,0.07318238734553155,0.14915676336989073,0.7030310284424556,0.017457219119245027
C002859,2,0.3132818364695107,0.621968233826969,0.0,0.0,0.0,0.02997759471121987,0.03203583936412558,0.0027364956281749064
C002861,4,0.0,0.0,0.0,0.029885134876914354,0.0,0.0,0.0,0.9701148651230856
C002862,4,0.0,0.20625041663532917,0.008513554748236977,0.0,0.5783312536039309,0.16783863661080445,0.0,0.03906613840169848
C002863,2,0.0,0.0,0.0,0.0,0.0,0.0,0.0,1.0
C002866,4,0.0,0.5398596193144312,0.1324820266034183,0.0,0.19219675921006796,0.0,0.0,0.13546159487208254
C002869,2,0.0,0.08519196607348335,0.0,0.215591655969316,0.0992894410433174,0.0,0.44870814804445647,0.15121878886942675
C002870,0,0.5799822654125373,0.0,0.0,0.0,0.0,0.0,0.3772124892146197,0.042805245372843026
C002871,3,0.0,0.0,0.8233890453784,0.0822528608788246,0.0,0.06686821708905848,0.0,0.02748987665371705
C002876,2,0.0,0.0,0.09471328826612833,0.0,0.0,0.0,0.0,0.9052867117338717
C002877,4,0.0,0.11017583885399401,0.0,0.4583286643697717,0.4133272398381828,0.0,0.0,0.018168256938051464
C002879,2,0.15782832417283582,0.0,0.12581792332226166,0.0,0.0,0.09068124852759701,0.5141533074027453,0.11151919657456011
C002880,3,0.12770890481715869,0.0,0.0,0.0,0.0,0.0,0.0,0.8722910951828413
C002883,0,0.0,0.050232118835634436,0.522810652810076,0.19628648786823083,0.05379873099537729,0.0,0.0,0.1768720094906816
C002884,1,0.0,0.03161984570129282,0.1303953340000203,0.0,0.06820667049693149,0.7461767176287752,0.0,0.023601432172980163
C002885,2,0.0,0.0,0.8138287874799124,0.0,0.0,0.0,0.0,0.18617121252008761
C002889,1,0.0,0.0,0.0,0.09702248147144998,0.4716269032430424,0.27234930101894816,0.0,0.1590013142665594
C002890,1,0.09893352871458985,0.0,0.0,0.049135002140096216,0.0,0.8158443117835292,0.00942016273119536,0.026666994630589302
C002891,4,0.449171876421978,0.07482378791943188,0.4230808829568981,0.0,0.0,0.0,0.0,0.052923452701691964
C002892,1,0.0,0.610656539300032,0.0,0.0,0.0,0.0,0.0,0.38934346069996795
C002894,2,0.0,0.0,0.0,0.0,0.0,0.0,0.0,1.0
C002895,4,0.7480946718258428,0.0,0.0,0.0,0.0,0.0,0.0,0.25190532817415723
C002896,0,0.0,0.5918609438569885,0.0,0.0,0.1406658346008355,0.0,0.0,0.267473221542176
C002898,1,0.0,0.35817713850249533,0.0,0.40582902576463525,0.08368974623876504,0.11905073501933218,0.0,0.03325335447477229
C002899,4,0.0,0.0,0.05681682499215036,0.0,0.0,0.0,0.0,0.9431831750078497
C002900,0,0.0,0.0,0.0,0.0,0.31183924198348745,0.6598988771013901,0.0,0.028261880915122495
C002902,4,0.0,0.0,0.6606281006251424,0.0,0.22320635756234083,0.0,0.0,0.1161655418125167
C002903,1,0.08494180732180985,0.0,0.09359478349591041,0.0,0.0,0.04461330717517717,0.0,0.7768501020071026
C002907,2,0.0,0.0,0.0,0.0,0.013562127861854378,0.0,0.04151979552353326,0.9449180766146124
C002908,4,0.0,0.41534126124995385,0.010736857623712074,0.0,0.5421406958654429,0.006001691093566547,0.0,0.025779494167324613
C002909,1,0.0,0.0,0.1052484238451139,0.0,0.0,0.0,0.0,0.8947515761548861
C002910,4,0.0,0.0,0.0,0.0,0.0,0.0,0.8117265795456575,0.18827342045434248
C002912,1,0.0,0.013136889482141235,0.6162898472153161,0.0,0.0,0.29756347946855294,0.0,0.07300978383398982
C002913,2,0.0669600504412981,0.10803749485332845,0.0,0.03641731689198653,0.0,0.0,0.0,0.7885851378133869
C002916,0,0.0,0.0,0.15467063829432948,0.0,0.005688029942780278,0.028511435557645144,0.758618153511224,0.052511742694021146
C002918,2,0.0,0.0,0.0,0.14655756573602194,0.0,0.0,0.6718346885906457,0.18160774567333238
C002919,1,0.03102838115336667,0.10199193105229015,0.0,0.0,0.0,0.0,0.19275737173487803,0.6742223160594651
C002920,4,0.18715974662870621,0.019802017629744404,0.0,0.0,0.7754236445821936,0.0,0.0,0.01761459115935582
C002924,1,0.0,0.0,0.06462971535600066,0.0,0.046196134131739314,0.603793131565629,0.0,0.28538101894663104
C002926,3,0.0,0.06866270026576486,0.0,0.0,0.009022391689780725,0.033385924109650404,0.0,0.888928983934804
C002927,3,0.0,0.6065834633031137,0.0,0.0,0.13308085311113368,0.0,0.0,0.26033568358575254
C002928,0,0.0,0.0,0.0,0.0,0.0,0.6260222074210637,0.0,0.37397779257893626
C002931,4,0.12780550100357446,0.38893523680764075,0.30579658278076166,0.0,0.15811024441991292,0.0,0.0,0.019352434988110234
C002932,3,0.0,0.0,0.0,0.8456679769915016,0.08514586605411846,0.0,0.0,0.06918615695437991
C002934,0,0.13065974361863095,0.05113322634242091,0.0,0.0,0.0,0.023818579340428147,0.12460574633377729,0.6697827043647427
C002935,4,0.0,0.0,0.6108527228652656,0.0,0.3328870188360178,0.00466500019022005,0.0,0.05159525810849652
C002940,4,0.0,0.0,0.0,0.2244336433070274,0.4851890100464212,0.0,0.16508975649056196,0.12528759015598956
C002941,4,0.0,0.30296024276531597,0.0,0.0,0.0,0.5940895654569431,0.09374581550622137,0.009204376271519488
C002942,2,0.07386293788514968,0.0,0.0,0.05920804354670326,0.0,0.45446714470525357,0.24670608137463224,0.16575579248826122
C002943,3,0.0,0.0,0.0,0.0,0.0,0.0,0.035324676650638764,0.9646753233493612
C002948,2,0.019154465797351226,0.0,0.0,0.38205440282709024,0.0,0.0,0.40959739069584594,0.18919374067971262
C002953,3,0.0,0.39835758587500764,0.0,0.13593841688931296,0.14527706401611773,0.0,0.0,0.3204269332195616
C002955,0,0.0,0.0,0.0,0.0,0.025342826676819863,0.0,0.0,0.9746571733231801
C002957,2,0.0,0.0,0.09765993168354824,0.0,0.0,0.0,0.42109484662481483,0.48124522169163697
C002958,1,0.33556136824647204,0.0,0.0,0.0,0.009251501865302436,0.6075550322808283,0.0,0.04763209760739717
C002964,1,0.0,0.9009919325014302,0.0,0.0,0.0,0.0,0.0,0.09900806749856983
C002966,4,0.0,0.0,0.1103421902533384,0.0,0.0,0.6458968513537061,0.15471389496685373,0.0890470634261018
C002967,0,0.018492332066947788,0.0,0.0,0.0,0.2098741094646937,0.0,0.5658584029614782,0.2057751555068803
C002970,0,0.0,0.0,0.0094828043345142,0.524558771692297,0.0,0.0,0.2923674132597258,0.17359101071346295
C002971,2,0.0,0.0,0.0,0.05852938966892613,0.0,0.20551844787941503,0.0,0.7359521624516588
C002973,2,0.12220029595987113,0.62430188740755,0.0,0.10126817945171633,0.016816230018122845,0.0,0.0,0.13541340716273975
C002975,2,0.0,0.3538225290866521,0.0,0.0,0.0,0.0,0.5874872497625416,0.05869022115080624
C002977,2,0.0,0.0,0.0,0.04571239840458559,0.3987852239090573,0.31858300076853463,0.0,0.2369193769178225
C002987,1,0.6374978846168994,0.0,0.06575049249091297,0.22819382665059487,0.0,0.0,0.0,0.06855779624159275
C002988,1,0.0,0.0,0.0,0.0,0.0,0.3705967560047357,0.25064119628856063,0.37876204770670374
C002989,3,0.0,0.0,0.0,0.34950577920173004,0.0,0.0,0.034031178858219754,0.6164630419400502
C002990,0,0.01850919841688133,0.0,0.0,0.6887765824851286,0.08039500076739785,0.0,0.0,0.2123192183305922
C002994,3,0.0,0.0,0.05678347287679694,0.0,0.0,0.7916130149870079,0.0,0.15160351213619516
C002996,3,0.0,0.0,0.0,0.0,0.0,0.0,0.8735571900205223,0.12644280997947765
C002998,3,0.6641451669812823,0.0,0.0,0.0,0.1088777624455116,0.0,0.0,0.22697707057320604
C002999,4,0.0,0.0,0.0,0.0,0.03920418850231533,0.0,0.0,0.9607958114976847
C003001,0,0.0,0.009065749524131542,0.64079868993573,0.1824345308248303,0.0,0.0,0.022919171936533644,0.1447818577787745
C003004,3,0.0,0.0,0.04089543042192444,0.0,0.017966350355606793,0.0,0.0,0.9411382192224688
C003006,4,0.0,0.04299883010864494,0.0,0.7802119935652938,0.0,0.0,0.0,0.17678917632606128
C003007,4,0.0,0.2277763358528438,0.04587370293131224,0.0,0.0,0.0,0.0,0.7263499612158439
C003008,1,0.35960263933235254,0.0,0.0,0.0,0.4517144977310457,0.0,0.12055113661032134,0.0681317263262804
C003009,3,0.5585134268463525,0.0,0.0,0.04139729763826348,0.09513352929110291,0.0,0.0,0.3049557462242811
C003010,0,0.0,0.0,0.0,0.0,0.0,0.0,0.0,1.0
C003011,4,0.0,0.0,0.402760869032044,0.04666749659175173,0.46931799476003466,0.0,0.0,0.0812536396161696
C003015,4,0.0,0.0,0.0,0.0,0.0,0.0,0.8739008917396417,0.1260991082603583
C003017,2,0.06379167729743725,0.0,0.0,0.18763284421406495,0.0,0.0,0.0,0.7485754784884978
C003020,0,0.1880871553940645,0.0,0.0,0.34400861985128955,0.0,0.3873741714703245,0.0,0.08053005328432139
C003023,3,0.013689720942951544,0.042357157981334916,0.037003454374163115,0.5388414792942097,0.0,0.0,0.011256028027128063,0.35685215938021264
C003024,4,0.0,0.0,0.0,0.37786704285889966,0.16124583035535747,0.3555115640896632,0.0,0.10537556269607962
C003025,4,0.0,0.0,0.6460629725717669,0.0,0.0,0.05688301755845738,0.0,0.2970540098697757
C003026,2,0.0,0.017263520518675038,0.5272615824775517,0.05918609925266152,0.0,0.27002456251822243,0.0,0.12626423523288932
C003031,1,0.13470551184025262,0.0,0.0,0.0,0.04116832570023497,0.0,0.0,0.8241261624595124
C003034,2,0.04252285406165812,0.0,0.47669526363030856,0.0,0.2716283505427485,0.0,0.022591357847828012,0.18656217391745678
C003035,1,0.0,0.0,0.24239402909319993,0.0,0.0,0.5831879035535958,0.0,0.1744180673532042
C003037,4,0.009839767200795806,0.0,0.0,0.4221806948103848,0.0,0.5536485147637028,0.0,0.01433102322511659
C003038,0,0.50840147066859,0.0,0.0893079419250986,0.0,0.0,0.0,0.07911916646171878,0.3231714209445926
C003041,1,0.0,0.0,0.0,0.0,0.0,0.3475942588388419,0.0,0.6524057411611581
C003044,4,0.015845425908543542,0.0,0.0,0.0,0.0,0.0,0.0,0.9841545740914565
C003046,1,0.0,0.0,0.0,0.0,0.0,0.0,0.0,1.0
C003049,2,0.0,0.41158281053653106,0.0,0.4385814792982586,0.0,0.0,0.1001777696809156,0.04965794048429473
C003051,1,0.0,0.0,0.0,0.2586652104718714,0.5669221065350911,0.0,0.0,0.17441268299303747
C003054,2,0.0,0.0,0.0,0.0,0.0,0.0,0.0,1.0
C003058,4,0.0,0.48767750561576695,0.0,0.0,0.0,0.0,0.3100764494735302,0.20224604491070286
C003060,0,0.10953170552810468,0.4723292192620272,0.0,0.05480940683506437,0.0,0.16052938126785268,0.0,0.20280028710695108
C003062,4,0.0,0.0,0.09530492429669521,0.48901163512935997,0.0,0.0,0.22173459177663454,0.19394884879731022
C003065,4,0.0,0.0,0.0,0.0,0.9043963757684654,0.010975803711927586,0.0,0.08462782051960693
C003066,0,0.0,0.0,0.0,0.23507619775657268,0.5943888907380982,0.0656983963182851,0.0,0.10483651518704407
C003067,1,0.0,0.0,0.0,0.2720939143700555,0.0,0.39441298153800186,0.08879452993309461,0.2446985741588481
C003071,2,0.1343329368457237,0.5941574929098926,0.0,0.0,0.1950033430916873,0.0,0.046892727558089355,0.029613499594607018
C003072,4,0.0,0.0,0.06169009437207127,0.0,0.0,0.0,0.12281969614167035,0.8154902094862584
C003073,4,0.0,0.0,0.0,0.0,0.0,0.0,0.0,1.0
C003075,1,0.0,0.0,0.21423116990742871,0.0,0.2883076247209549,0.34481347248419686,0.0,0.15264773288741962
C003076,2,0.0,0.018122978998157808,0.0,0.7089321692214078,0.1816092566449712,0.0,0.0,0.09133559513546319
C003079,4,0.0,0.2403619542898275,0.5466532942305646,0.0,0.07672663673618958,0.10361617368457199,0.0,0.03264194105884621
C003083,4,0.04106032751966207,0.0,0.08654754580033441,0.08500274423579456,0.0,0.46791116871469873,0.0,0.31947821372951024
C003084,2,0.0970585864609235,0.0,0.0,0.0016178259287820272,0.0,0.8298961496655283,0.02412271605865335,0.0473047218861129
C003085,0,0.06033146328287045,0.0,0.0,0.687793139583381,0.1386125046277017,0.01907806299683236,0.07647461814415304,0.017710211365061568
C003086,3,0.0,0.0,0.3575115199887254,0.0,0.38843090728221763,0.0,0.0,0.25405757272905705
C003095,3,0.048672306368074125,0.0,0.0,0.0,0.0,0.0,0.12875884414774957,0.8225688494841763
C003096,0,0.0,0.0,0.0,0.2729166382846848,0.0,0.0,0.7017225758454682,0.025360785869847025
C003098,1,0.0,0.0,0.0,0.0,0.0,0.0,0.0,1.0
C003099,3,0.0,0.0,0.0,0.45691628009181895,0.047742536018659416,0.033384499546175214,0.0717923525522098,0.39016433179113663
C003100,0,0.03020122345129503,0.0,0.03072444547945307,0.0,0.0,0.0,0.03043581995423187,0.90863851111502
C003106,3,0.0,0.026622386254317943,0.9456573174847908,0.0,0.0,0.0,0.010787254706445554,0.01693304155444575
C003108,3,0.0,0.03217991036100286,0.0,0.3123477093566402,0.24211136817253187,0.3553567335071128,0.0,0.05800427860271218
C003110,2,0.0,0.0,0.8576551376773279,0.0,0.0,0.0,0.0,0.14234486232267207
C003112,0,0.0,0.4535329616419015,0.0,0.0,0.10958212214799495,0.0454135219320574,0.0,0.3914713942780462
C003113,0,0.0,0.0,0.0,0.0,0.0,0.0,0.5784262229888208,0.42157377701117915
C003114,1,0.0,0.0,0.0,0.0,0.0,0.0,0.162170974774011,0.837829025225989
C003116,3,0.0,0.0,0.0,0.0,0.5585330470899923,0.0,0.0,0.4414669529100077
C003118,2,0.0,0.0,0.0,0.0,0.0,0.5121261186867618,0.0,0.48787388131323817
C003119,2,0.0,0.0,0.0,0.0,0.0,0.7844377792106716,0.0,0.2155622207893284
C003122,2,0.0,0.0,0.0,0.5301133246704776,0.0,0.0,0.0,0.46988667532952244
C003124,4,0.0,0.0,0.0,0.05988873936739673,0.0,0.11469578544824498,0.0,0.8254154751843583
C003126,0,0.0,0.0,0.0,0.6643636591533421,0.0,0.0,0.0,0.33563634084665794
C003127,4,0.0,0.0,0.0,0.6164428655046291,0.0,0.08031510234410544,0.0,0.30324203215126544
C003129,0,0.0,0.0,0.5331293130226353,0.0,0.354771543892434,0.0,0.0,0.11209914308493074
C003132,2,0.0,0.0,0.0,0.0,0.0,0.0,0.7160029027113571,0.28399709728864286
C003138,0,0.28192838468067605,0.0,0.0,0.0,0.0,0.6021200609722969,0.0,0.11595155434702709
C003139,3,0.0,0.30468778616957043,0.0,0.0,0.06837000350548364,0.05843970996296448,0.5434400201081944,0.0250624802537871
C003140,3,0.6953321679396065,0.005056836832440369,0.0,0.0,0.19990175631573115,0.06936198163385532,0.0,0.030347257278366624
C003143,2,0.0,0.0,0.0,0.7578985435553007,0.0,0.0,0.0,0.24210145644469927
C003144,3,0.0,0.08239063867798385,0.47132203046025517,0.12045985530479898,0.06625921594816833,0.17058257031359117,0.0,0.08898568929520256
C003145,2,0.0277875801948037,0.0,0.0,0.04491817486864342,0.0,0.0,0.0,0.9272942449365529
C003146,3,0.0,0.0,0.0,0.047430156485348464,0.057012993422182176,0.0,0.7588978274598971,0.13665902263257224
C003147,0,0.0,0.0,0.12481555744146094,0.09523238174332613,0.0,0.0,0.0,0.779952060815213
C003148,3,0.03223924481266728,0.0,0.0,0.01105624147686649,0.0,0.3502532238836552,0.0,0.6064512898268111
C003149,0,0.4125696826788833,0.0,0.0,0.0,0.0,0.5570283197244557,0.0,0.030401997596661068
C003150,1,0.5091289233663224,0.0,0.0,0.0,0.0,0.0,0.3642817415806023,0.12658933505307535
C003152,2,0.0,0.2035503539583302,0.0,0.0,0.0,0.0,0.4126698196713722,0.3837798263702976
C003153,1,0.16930386339678694,0.08554601246645611,0.4759512030604218,0.0,0.04049028888534123,0.0,0.08031550854743834,0.1483931236435556
C003154,2,0.0,0.05740313959227236,0.0,0.0,0.3583141244639658,0.0,0.3749416183959977,0.20934111754776408
C003155,3,0.0,0.0,0.0,0.0,0.0,0.0,0.0,1.0
C003157,0,0.0,0.377593531226567,0.0,0.0,0.0,0.0,0.0,0.622406468773433
C003160,1,0.0,0.5138222756019734,0.018925455336305793,0.0,0.042659811370971815,0.0,0.3913780366132629,0.03321442107748607
C003162,4,0.0,0.0,0.9296274922240444,0.01412699796916064,0.0,0.0,0.03541241000799067,0.020833099798804322
C003163,0,0.06410407698560669,0.0,0.5492017401831846,0.1787866093845968,0.0,0.0,0.0,0.20790757344661193
C003164,0,0.008775708523381763,0.0,0.0,0.0,0.5029726524054544,0.0,0.3606767688967084,0.12757487017445546
C003167,0,0.0,0.0,0.0,0.3688679598474822,0.0,0.0,0.4238956822801434,0.20723635787237438
C003176,0,0.0,0.0,0.0,0.23874299800753152,0.0,0.0701214324504102,0.13612434097752119,0.5550112285645371
C003178,1,0.0,0.0,0.6745719849010543,0.0,0.16217674901203585,0.08404235847914918,0.07055276750760867,0.008656140100152032
C003180,3,0.039854789169249304,0.0,0.9358128003590929,0.0,0.0,0.0,0.0,0.024332410471657795
C003184,4,0.3249963663975621,0.0,0.0,0.025584568733896862,0.024368402009039124,0.0,0.5486737807802818,0.07637688207922011
C003185,3,0.14355932424909762,0.0,0.049993097893469195,0.0,0.0,0.0,0.2860878715216149,0.5203597063358183
C003186,1,0.0,0.0,0.0,0.0,0.0,0.0,0.0,1.0
C003188,0,0.0,0.0,0.0,0.0,0.31173382124051896,0.5950948421963548,0.0,0.09317133656312626
C003189,4,0.08325106797873144,0.0,0.0,0.0,0.11133030044018372,0.0,0.0,0.8054186315810848
C003191,3,0.0,0.7774454273899721,0.0,0.0,0.0,0.0,0.1377701123154673,0.08478446029456055
C003194,4,0.0,0.8540775238369973,0.07883344693450889,0.0,0.00814761348609988,0.0,0.0,0.05894141574239398
C003196,2,0.15963764418252552,0.04502295776080355,0.0,0.017881505314280576,0.0,0.0,0.6902764269967936,0.08718146574559671
C003197,2,0.0,0.0,0.4343831304219229,0.0,0.0,0.0,0.5154626071347999,0.05015426244327725
C003198,2,0.0,0.02738424451958566,0.7014641030538862,0.21005648026155752,0.02284262680854907,0.0,0.0,0.03825254535642153
C003201,2,0.0,0.0,0.0,0.0,0.0,0.0,0.0,1.0
C003202,1,0.0,0.0,0.0,0.0,0.879754340495282,0.0,0.0,0.120245659504718
C003203,2,0.0,0.0,0.0,0.0,0.7255223726812676,0.0,0.0,0.2744776273187324
C003205,2,0.1087008654845004,0.2628413906508613,0.21827889695725,0.0,0.3263928317278274,0.0,0.0,0.08378601517956086
C003206,4,0.5139414968589769,0.0,0.0,0.0,0.07704307402278772,0.16283591485678256,0.0,0.24617951426145268
C003210,3,0.0,0.29659494232969447,0.6257573949799767,0.0,0.0,0.0,0.041721988123116206,0.03592567456721263
C003211,0,0.0,0.0,0.0,0.0,0.8485097730694957,0.0,0.0,0.1514902269305043
C003214,4,0.0,0.02373715607489225,0.0,0.0,0.6144849165478578,0.22843614886602495,0.0,0.13334177851122508
C003216,4,0.0,0.23505686842884438,0.0,0.0,0.0,0.0,0.7479332797164921,0.017009851854663527
C003217,0,0.45130052350313393,0.47960233317745565,0.0,0.0,0.0,0.0,0.0,0.06909714331941041
C003218,0,0.0,0.0,0.5753617498297,0.0,0.40249918933414686,0.0,0.0,0.022139060836153135
C003220,3,0.0,0.0,0.0,0.23447356655933585,0.0,0.029509513458107265,0.0,0.7360169199825568
C003223,2,0.021528075777514585,0.0,0.0,0.0,0.0,0.0,0.49343160849016837,0.4850403157323171
C003228,1,0.0,0.297898290316175,0.628567095698691,0.0,0.0,0.0,0.0,0.07353461398513406
C003229,0,0.0,0.0,0.0,0.0,0.0,0.0,0.6777553150431153,0.32224468495688474
C003231,1,0.0,0.11795412668820708,0.21431835165968752,0.2998565855627312,0.0,0.04723404835187432,0.0,0.3206368877374999
C003232,2,0.4760965444892485,0.0,0.36850602917627084,0.0,0.0,0.0,0.0,0.15539742633448062
C003233,2,0.013638561728100535,0.0,0.4059225232813174,0.0,0.25496003143845297,0.1340760184642547,0.0,0.19140286508787452
C003234,3,0.0,0.0,0.0,0.010392273566758816,0.6816175360884092,0.0,0.0,0.3079901903448319
C003238,4,0.0,0.09893995921119998,0.027776221538245587,0.6846296921140906,0.0,0.0663180564660691,0.04505998085971379,0.0772760898106809
C003240,4,0.0,0.0,0.0,0.0,0.8653275462455412,0.0,0.0,0.1346724537544588
C003242,3,0.0,0.008972833898262473,0.0,0.023546763142716583,0.02592777560409367,0.0,0.2264803529930119,0.7150722743619153
C003243,3,0.0,0.4013148283999882,0.0,0.16590473724963373,0.0,0.4026407396623135,0.0,0.030139694688064544
C003244,0,0.0,0.0,0.51800667406444,0.0,0.45228226019162865,0.0,0.0,0.029711065743931342
C003246,4,0.0,0.0,0.0,0.0,0.0715451322402346,0.6948336076625545,0.0,0.23362126009721085
C003247,0,0.0,0.0,0.023734022648622274,0.0,0.0,0.0,0.05537266738461661,0.9208933099667611
C003248,2,0.0,0.03192181978711682,0.5812604401573405,0.0,0.0,0.2703835194297572,0.0,0.11643422062578557
C003249,4,0.646190520689361,0.0,0.0,0.0,0.0,0.0,0.3328117457438692,0.020997733566769816
C003250,3,0.0,0.0,0.7456030691851031,0.0458720666449321,0.0,0.0,0.17256643462039484,0.03595842954957007
C003252,2,0.440132475624074,0.0,0.4575917623525803,0.0,0.0,0.0,0.0,0.10227576202334565
C003254,2,0.0,0.0,0.0,0.6424664761993586,0.0,0.0,0.0,0.3575335238006414
C003256,3,0.012533066799819716,0.26688795580516345,0.07007406392597307,0.0,0.5959441569635021,0.0,0.0,0.05456075650554171
C003257,1,0.0,0.13702101285797363,0.0,0.0,0.0,0.0,0.0,0.8629789871420264
C003259,4,0.0,0.0,0.0,0.0,0.0,0.4674105215993872,0.20191184385536953,0.33067763454524335
C003260,0,0.0,0.0,0.0,0.0,0.0,0.0,0.08261044170957955,0.9173895582904205
C003261,4,0.015594038218010392,0.0,0.26865701459279717,0.16118520510421383,0.0,0.0,0.0556154384091764,0.49894830367580223
C003266,3,0.0779070945503864,0.0,0.27945544771423075,0.0,0.0,0.0,0.5442083012415653,0.09842915649381756
C003268,3,0.0,0.045940510418390555,0.0,0.0,0.027419058083820603,0.09228637125551152,0.0,0.8343540602422773
C003270,3,0.0,0.0,0.0,0.19999868045650535,0.0,0.372855580356008,0.0,0.42714573918748666
C003278,1,0.06849958783880472,0.0,0.0,0.0,0.0,0.0,0.0,0.9315004121611953
C003280,4,0.0,0.0,0.0,0.0,0.0,0.11614430788397578,0.0,0.8838556921160242
C003281,0,0.0,0.0858753615014245,0.0,0.0,0.0,0.18376727376136637,0.0,0.7303573647372091
C003282,3,0.0,0.0,0.0,0.0,0.0,0.0,0.0,1.0
C003283,2,0.0,0.34478057040077464,0.0,0.0,0.09004094212773132,0.17119303019116683,0.29557921430852585,0.09840624297180134
C003285,3,0.07943340471034124,0.32776231688294555,0.0,0.0,0.19387007435145376,0.27526616607498927,0.0,0.12366803798027015
C003290,4,0.0,0.3827234029499776,0.04490365166441336,0.0,0.0,0.041108115716724,0.0,0.5312648296688851
C003294,3,0.0,0.0,0.0,0.4764611900654533,0.4728213675221735,0.0,0.0,0.05071744241237319
C003295,2,0.3879438400883637,0.0,0.45763084508304963,0.0,0.0,0.0,0.0,0.15442531482858668
C003299,3,0.0,0.0,0.03332788015792213,0.0,0.5512611991707217,0.11717407278155909,0.0,0.2982368478897971
C003301,0,0.0,0.0,0.0,0.13019374337717887,0.0,0.7644072474387407,0.0,0.1053990091840804
C003302,1,0.0,0.02407461475956776,0.5354297730777305,0.0,0.1976186317613587,0.0,0.1316740731898147,0.11120290721152837
C003303,2,0.0,0.0,0.14995628819714535,0.0,0.0,0.0,0.0,0.8500437118028547
C003305,2,0.0,0.0,0.02103886169156171,0.7043832413106901,0.05207294267353257,0.0,0.0,0.2225049543242157
C003306,2,0.22589379787590486,0.1331458479326463,0.0,0.0,0.0,0.5215300299018383,0.0,0.11943032428961053
C003308,4,0.0,0.0,0.17501519885559488,0.0,0.0,0.0,0.7751329835254637,0.04985181761894142
C003310,2,0.05908848285995478,0.06694491244719385,0.0,0.0,0.0,0.0,0.0,0.8739666046928514
C003311,3,0.0,0.0,0.0,0.0,0.8956324390170729,0.0,0.0,0.1043675609829271
C003312,4,0.0,0.0,0.00830687738450232,0.0,0.7032003075810292,0.0,0.021346968713681636,0.26714584632078675
C003313,0,0.0,0.0,0.0,0.0,0.11020377473496913,0.0,0.0,0.8897962252650309
C003315,0,0.0,0.38622032034703424,0.0,0.0,0.0,0.047243284193102815,0.0,0.566536395459863
C003319,3,0.33098369498115715,0.04261250395086104,0.0,0.0,0.07789717143502943,0.0,0.5261321138783254,0.02237451575462701
C003322,2,0.9483586131376757,0.0,0.0,0.0,0.0,0.0,0.023729589769936988,0.027911797092387336
C003325,3,0.0,0.0,0.0,0.03055721009192901,0.0,0.0,0.06764305152858707,0.9017997383794839
C003326,0,0.0,0.031831697266128826,0.0,0.0,0.012556203402937987,0.0,0.5563305429504419,0.39928155638049123
C003327,4,0.3273898022790245,0.0,0.0,0.33317679241130743,0.0,0.13891698890099868,0.0,0.20051641640866946
C003330,4,0.08080116705520898,0.0,0.7912535637176307,0.0,0.0,0.0,0.0,0.12794526922716032
C003332,2,0.0,0.0,0.0,0.9656879578815719,0.031393022097628565,0.0,0.0,0.0029190200207995787
C003333,3,0.0,0.6755040888085991,0.0,0.0,0.0,0.0,0.31892468443608846,0.005571226755312408
C003334,2,0.0,0.0,0.0,0.2710825128330182,0.0,0.0,0.49256730598222204,0.2363501811847597
C003338,2,0.0,0.0,0.18003864444874312,0.0,0.36184573651590884,0.0,0.0,0.45811561903534803
C003339,3,0.25145390897843295,0.3182279674278803,0.3289719681776279,0.0,0.0,0.05745925022005573,0.0,0.043886905196003134
C003340,1,0.0,0.0,0.0,0.0,0.7941951558204945,0.0,0.0,0.2058048441795055
C003342,3,0.004303698867803138,0.6993142747028472,0.0,0.16189643795355205,0.0,0.0,0.0,0.1344855884757976
C003343,4,0.6191805485650275,0.10728136523439664,0.0,0.0,0.0,0.0,0.0,0.27353808620057585
C003345,2,0.0,0.0,0.0,0.0,0.0,0.013927064173855475,0.0,0.9860729358261445
C003346,4,0.0,0.6094040694240573,0.0,0.0,0.0,0.0,0.0,0.39059593057594266
C003347,0,0.0,0.0,0.0,0.24509075626556306,0.44726920768461137,0.0,0.0,0.3076400360498256
C003348,1,0.0123723314023177,0.0042317275347721305,0.0,0.0,0.0,0.11626238895143773,0.8455846070779256,0.021548945033546874
C003349,2,0.0,0.699571340499486,0.0,0.0,0.07701997003031687,0.0,0.0,0.2234086894701971
C003352,1,0.0,0.0,0.0,0.0,0.0,0.0,0.0,1.0
C003354,2,0.014963691653423566,0.0,0.7688643480955276,0.0,0.0,0.0,0.0,0.2161719602510488
C003355,4,0.029226424997100042,0.17093992314344422,0.0,0.0,0.6134019716938499,0.0,0.0,0.18643168016560585
C003356,3,0.0,0.0,0.0,0.5396863747690301,0.0,0.3792351971620976,0.0,0.08107842806887233
C003357,1,0.023808608551139955,0.05787024561251461,0.0,0.0,0.0,0.028690931146210297,0.0,0.8896302146901351
C003359,0,0.0,0.0,0.0,0.0,0.0,0.08032585533539738,0.0,0.9196741446646026
C003361,0,0.0,0.5782879762999911,0.0,0.031693605858111276,0.0,0.0,0.0,0.3900184178418976
C003362,2,0.0,0.16080830378032226,0.034267657744086036,0.1622585779887154,0.036918249442202664,0.22874896106184178,0.0,0.3769982499828318
C003364,0,0.0,0.36053808148011324,0.0,0.2498672607097863,0.0,0.0,0.24506924670313854,0.14452541110696193
C003365,0,0.16202614252215522,0.7144529188687028,0.0,0.0,0.06580252935757941,0.05046364233725034,0.0,0.007254766914312261
C003371,2,0.0,0.18456051192178732,0.0,0.30339788291464415,0.0,0.14732543926307515,0.24843463466450313,0.11628153123599028
C003372,1,0.0,0.0,0.7103301591961697,0.0,0.0,0.0,0.07563962612259897,0.2140302146812313
C003373,4,0.05474582963201761,0.0,0.3722497454374335,0.0,0.0,0.3883327895235687,0.0,0.18467163540698017
C003374,3,0.0,0.0,0.0,0.08266232559499631,0.0,0.0,0.0,0.9173376744050037
C003375,4,0.0,0.03766168239723459,0.05922899049874763,0.025146172204379993,0.0,0.8685692576489731,0.0,0.009393897250664751
C003376,4,0.3303657991770546,0.09469683466421736,0.0,0.030215752204179075,0.0,0.10343079207725124,0.281511156072449,0.1597796658048487
C003378,4,0.2583637391626853,0.023138555498195375,0.6974660603677267,0.0,0.0,0.007691420698720313,0.0,0.01334022427267223
C003381,3,0.0,0.0,0.2055924963666002,0.7011607780271953,0.017306531874953377,0.0,0.0,0.07594019373125105
C003382,4,0.0,0.07208170938291891,0.0,0.0,0.0,0.0,0.0,0.9279182906170811
C003383,4,0.0192795740103094,0.02150715694862698,0.0,0.0,0.9267923072183086,0.0,0.0,0.032420961822755
C003385,1,0.0,0.8942996892424687,0.0,0.0,0.0,0.0,0.0,0.10570031075753128
C003386,4,0.0,0.0,0.0,0.8879448402503699,0.0,0.0,0.0,0.1120551597496301
C003387,0,0.0,0.0,0.0,0.0,0.0,0.050493980014348475,0.026251474686817978,0.9232545452988336
C003388,4,0.556392614062591,0.026379071399807778,0.0,0.0,0.34231491112058565,0.0,0.0,0.07491340341701558
C003392,4,0.0,0.0,0.0,0.0,0.8471435736134756,0.031139921323978744,0.006134284325444391,0.11558222073710134
C003393,3,0.0,0.0,0.0,0.0,0.0,0.6650388124515311,0.029296748520869893,0.305664439027599
C003396,4,0.0,0.0,0.0,0.0,0.0,0.3099582980760873,0.5845128841553914,0.1055288177685213
C003398,1,0.0,0.42517977331050094,0.0,0.0,0.0,0.4596433160671505,0.0,0.11517691062234858
C003399,3,0.05201950926343956,0.0,0.022938885854826233,0.0,0.22762450093701073,0.6626695727387434,0.0,0.034747531205980065
C003400,2,0.49341735284932126,0.0,0.0,0.0,0.2689262575002676,0.0,0.0,0.23765638965041114
C003401,3,0.0,0.07792152107261452,0.0,0.0,0.0,0.0,0.0,0.9220784789273855
C003403,0,0.0,0.0,0.0,0.713417476946628,0.0,0.0,0.0,0.28658252305337195
C003404,4,0.0,0.0,0.6247885036327572,0.0,0.19134911164124782,0.0,0.027853058431837767,0.1560093262941573
C003405,3,0.0,0.0,0.1335149666483549,0.0,0.4539005507218781,0.0,0.0,0.412584482629767
C003406,0,0.20090644773592314,0.0,0.0,0.49123235766395346,0.019011306289863333,0.0,0.24465805753600223,0.04419183077425781
C003408,3,0.0,0.0,0.37050032491032225,0.34530013699929957,0.0,0.0,0.0,0.2841995380903781
C003409,3,0.053443278145137676,0.0,0.0,0.37324947204686615,0.0,0.0,0.3060941598307309,0.26721308997726534
C003412,1,0.0,0.0,0.21019478484336426,0.0,0.0,0.0,0.618517912259405,0.1712873028972307
C003414,4,0.0,0.13131102245767684,0.0,0.0,0.0,0.15784348951799454,0.7034206553142416,0.0074248327100869815
C003419,1,0.0,0.6741630332773516,0.0,0.0,0.0,0.0,0.21665517195086526,0.10918179477178314
C003420,0,0.0,0.6041831442033074,0.11913869606661306,0.0,0.010845483541009848,0.0,0.01697075174950095,0.24886192443956867
C003421,2,0.0,0.0,0.0,0.0,0.0,0.0,0.0,1.0
C003422,2,0.0,0.0,0.0,0.0,0.39458799113934095,0.0,0.05162819869945475,0.5537838101612043
C003423,3,0.0,0.0,0.0,0.0,0.0,0.0,0.08409069258053514,0.9159093074194649
C003428,2,0.11442536198902688,0.0,0.0,0.0,0.0,0.6812191317477737,0.0,0.20435550626319943
C003430,3,0.0,0.07944249879592441,0.24922050818542252,0.0,0.028143497095236787,0.6393710293055732,0.0,0.0038224666178430233
C003431,4,0.038264623178293475,0.10972929376676638,0.029971687350059867,0.454207352877327,0.0,0.0,0.353854861785551,0.013972181042002374
C003435,1,0.46266940643621945,0.0,0.21163561050970692,0.21078389969210548,0.0,0.0,0.0,0.1149110833619682
C003437,3,0.0,0.0,0.0,0.404590247945217,0.5689345463519974,0.0,0.0,0.02647520570278572
C003446,2,0.15978064918542398,0.517107051405547,0.0,0.0,0.039448149907503754,0.0,0.0,0.2836641495015252
C003447,0,0.0,0.0,0.0,0.0,0.9505525774732114,0.0,0.0,0.049447422526788576
C003448,3,0.0,0.3012146246795819,0.20682051966684972,0.160567098775782,0.0,0.0,0.0,0.3313977568777864
C003449,1,0.0,0.7012145000481723,0.17635791829080896,0.0,0.0,0.0,0.0,0.12242758166101875
C003453,0,0.0,0.0,0.0,0.660531585988549,0.0,0.009954442235072873,0.0,0.3295139717763781
C003455,2,0.0,0.0,0.0,0.8150141470962908,0.0,0.0,0.0,0.18498585290370917
C003456,4,0.0,0.2151887139992612,0.0,0.0,0.0,0.0,0.7333693224195333,0.05144196358120545
C003457,3,0.0,0.6077871825212504,0.05550146236461299,0.006718020277862783,0.0,0.0,0.0,0.3299933348362738
C003460,1,0.0,0.0,0.0,0.0,0.9595119972263513,0.0,0.0,0.040488002773648724
C003462,0,0.05100664914071808,0.0,0.10238253366511303,0.046182071359599196,0.0,0.0,0.0,0.8004287458345697
C003466,0,0.0,0.0,0.0,0.12069752934974765,0.0,0.0,0.0,0.8793024706502524
C003468,1,0.5605709715018676,0.1871187358514737,0.0,0.0,0.028231242452425646,0.0,0.06953320175312419,0.15454584844110886
C003469,2,0.0,0.0,0.0,0.05823184378166588,0.29617421566488533,0.03339476641164796,0.0,0.6121991741418008
C003470,2,0.5829237451067051,0.10949808090116105,0.0,0.0,0.0,0.0,0.0,0.30757817399213383
C003472,1,0.0,0.19611840709845668,0.0,0.0,0.2882452034711398,0.0,0.45125160379197765,0.06438478563842587
C003473,2,0.0,0.0,0.22217735214526932,0.0,0.2428933528997649,0.0,0.4465309231067189,0.08839837184824684
C003474,3,0.09811251253464454,0.06836058867047275,0.0,0.0,0.0,0.0,0.7528167559825434,0.08071014281233935
C003475,4,0.0,0.0909465061331703,0.0,0.6859336418578068,0.0,0.0,0.0,0.22311985200902285
C003478,4,0.030614749301450292,0.0,0.04455218366019618,0.0,0.6296099863415167,0.0,0.27677025194592764,0.018452828750909256
C003479,4,0.0,0.444793506066638,0.266441546883408,0.0,0.0,0.2753350163775355,0.0,0.0134299306724186
C003481,2,0.3944093675539279,0.0,0.5267669135798518,0.0,0.0,0.07074999991379027,0.0,0.00807371895242992
C003482,4,0.02229170948830357,0.0,0.036779811436693254,0.0,0.30677916637325076,0.6117795958780372,0.0,0.022369716823715136
C003484,2,0.06976997594489819,0.0,0.6944312511469702,0.0,0.0,0.19639701992407105,0.0,0.039401752984060456
C003487,0,0.0,0.12053183248902535,0.0,0.3296723128341691,0.5083875602308193,0.0,0.0,0.04140829444598626
C003488,4,0.0,0.0,0.3870659088705196,0.021086960163345637,0.0,0.010443160327129686,0.0,0.5814039706390051
C003489,4,0.0,0.0,0.0,0.0,0.5841820357819343,0.0,0.0,0.4158179642180657
C003490,3,0.0,0.0,0.6017770017072142,0.0,0.14402727895840983,0.0,0.0,0.254195719334376
C003491,4,0.0,0.0,0.31373488254929066,0.07740385337917934,0.0,0.2217353659914724,0.0,0.3871258980800576
C003492,1,0.0,0.0,0.0,0.0,0.059303722702590295,0.23118772212319832,0.0,0.7095085551742114
C003493,4,0.0,0.745667076156973,0.0,0.0,0.0,0.0,0.0,0.25433292384302697
C003494,4,0.0,0.0,0.5520787683020898,0.0,0.0,0.0,0.401639450405859,0.04628178129205118
C003496,4,0.07688325511569591,0.0,0.0,0.0,0.0,0.0,0.6547156561245135,0.2684010887597905
C003497,1,0.0,0.0,0.0,0.0,0.0,0.09366346791554592,0.0,0.9063365320844541
C003498,2,0.0,0.0,0.0,0.0,0.0,0.0,0.17766901851878447,0.8223309814812155
C003504,3,0.0,0.4322148980735554,0.0,0.0,0.0,0.0,0.0,0.5677851019264446
C003506,1,0.0,0.0,0.0,0.16007634402341991,0.16415556851466562,0.1686316715746377,0.12528622822888805,0.38185018765838874
C003507,1,0.0,0.0,0.0,0.2644459483936812,0.06110247507271232,0.4747186358998952,0.0,0.19973294063371128
C003508,4,0.34502511330685715,0.0,0.0,0.0,0.03836773038781492,0.5434277442798764,0.0,0.07317941202545153
C003510,3,0.27874289769386495,0.0,0.0,0.0,0.02814371679276002,0.0,0.36886868931750366,0.3242446961958714
C003514,0,0.0,0.0,0.1418912029131238,0.0,0.09916886065072063,0.0,0.5998516274877037,0.15908830894845183
C003515,1,0.4742538862239972,0.011666125575807285,0.0,0.0,0.07399350362625295,0.0,0.3335220391293518,0.10656444544459065
C003516,2,0.16724278253350025,0.0,0.0,0.03991895132650624,0.017116482241122916,0.0,0.6919226979773878,0.08379908592148277
C003517,1,0.0,0.0,0.0,0.04898981516491305,0.7209476928082227,0.16662448044227054,0.0,0.06343801158459372
C003518,3,0.0,0.492539093577815,0.0,0.17167712315548123,0.16465127539545507,0.0,0.0769694772452203,0.09416303062602838
C003520,3,0.0,0.0,0.3141810293076866,0.0,0.24370822797151176,0.0,0.021244398971262932,0.4208663437495387
C003521,1,0.043720870341536815,0.0,0.0,0.18165470576465115,0.01420117233137803,0.08374458575640305,0.26858482228488034,0.40809384352115063
C003522,1,0.20351813265910218,0.0,0.26575329949776655,0.0,0.0,0.0,0.0,0.5307285678431313
C003526,3,0.02711497977050563,0.0,0.0,0.021827376383264752,0.5596308102908879,0.0,0.0,0.3914268335553417
C003528,1,0.0,0.771469118860838,0.0,0.0,0.046523513655425563,0.0,0.0,0.18200736748373636
C003529,0,0.007311733701989672,0.0,0.0,0.31073053908501913,0.0,0.0,0.0,0.6819577272129912
C003531,3,0.35904559559558313,0.04953100857452126,0.0,0.04968574838484892,0.0,0.0,0.0,0.5417376474450467
C003532,2,0.1391117197693152,0.785519467726664,0.04300747457621293,0.0,0.0,0.0,0.0,0.03236133792780793
C003534,1,0.30694988327834355,0.0,0.312564305255016,0.3313006820961067,0.008948803112766317,0.0,0.0,0.04023632625776752
C003537,4,0.05959172987686652,0.7542008127481391,0.0,0.0,0.0,0.0,0.0,0.18620745737499433
C003540,1,0.09651528297503867,0.0,0.0,0.0,0.036066355478822996,0.41950502555583385,0.0,0.4479133359903045
C003542,2,0.0,0.0,0.0,0.07395166409351533,0.4030945172876924,0.4860517791088575,0.0,0.03690203950993476
C003543,3,0.0,0.0,0.0,0.404962912882743,0.0,0.23667452544932818,0.0,0.3583625616679288
C003544,2,0.1538954000368161,0.07511713779177337,0.0,0.7588381730447743,0.0,0.0,0.0,0.012149289126636265
C003546,0,0.4163893269112759,0.0,0.26464439762520026,0.0,0.0,0.0,0.2416960189965307,0.07727025646699315
C003549,0,0.0,0.0,0.0,0.0,0.0,0.0,0.0,1.0
C003550,4,0.0,0.0,0.0,0.03703109194844124,0.16086628187099639,0.03100518687470234,0.0,0.77109743930586
C003553,4,0.0,0.0,0.48078758924105297,0.0,0.23902115342127375,0.0,0.0,0.28019125733767325
C003558,1,0.0,0.9888840864080715,0.0,0.0,0.0,0.0,0.0,0.011115913591928539
C003559,3,0.0,0.0,0.7494615494300674,0.0,0.0,0.0,0.0,0.2505384505699326
C003562,3,0.0,0.5740640043690673,0.0,0.0,0.0,0.16444261334579152,0.0,0.2614933822851411
C003563,2,0.0,0.7311860864294262,0.0,0.1395062400137165,0.0,0.040022377778346496,0.019790701640054285,0.0694945941384566
C003567,1,0.0,0.3457723576440035,0.0,0.4389946007199028,0.0,0.0,0.0,0.2152330416360937
C003569,1,0.03492522367270576,0.0,0.0,0.0,0.0,0.0,0.10228811905840578,0.8627866572688885
C003570,0,0.0,0.0,0.0,0.014426416593815165,0.0,0.0,0.8873515247577539,0.09822205864843092
C003573,0,0.0,0.0,0.20562510699444506,0.0,0.0,0.7515457947794995,0.0,0.04282909822605552
C003576,0,0.0,0.0,0.875078479360542,0.0,0.0,0.0,0.0,0.12492152063945805
C003577,3,0.0,0.0,0.0,0.0,0.0,0.0,0.8188319555815473,0.1811680444184527
C003579,3,0.4330036233260763,0.008243099696228412,0.00958164005431864,0.0,0.0,0.4614848123950722,0.0,0.08768682452830445
C003580,2,0.0,0.0,0.6988619573528084,0.0,0.0,0.0,0.0,0.3011380426471916
C003585,1,0.0,0.0,0.07034634206975968,0.0,0.0,0.01599365456300935,0.0,0.913660003367231
C003586,3,0.0,0.0,0.09890034573886528,0.0,0.3991697028667392,0.0,0.0,0.5019299513943956
C003590,4,0.057764453071621966,0.0,0.0,0.4386604349148716,0.0,0.0,0.27622140398067774,0.22735370803282873
C003591,1,0.03132053910112022,0.0,0.021923612109245573,0.05785758424822006,0.0,0.0,0.0792293199099767,0.8096689446314375
C003593,1,0.0,0.0,0.0,0.0,0.0,0.0,0.0,1.0
C003594,1,0.0,0.0,0.0,0.0,0.021619414688567686,0.0,0.5934112346228536,0.38496935068857874
C003595,4,0.0,0.0,0.0,0.017005427526099015,0.0,0.0,0.0,0.982994572473901
C003596,0,0.0,0.45816601387819467,0.0,0.0,0.0,0.47738215412646146,0.0,0.06445183199534388
C003597,0,0.0,0.0,0.0,0.5695107572241517,0.2842102143416788,0.0,0.0,0.1462790284341695
C003598,2,0.0,0.0,0.0,0.0,0.8980034045233393,0.0,0.0,0.10199659547666073
C003599,0,0.0,0.810065791138307,0.0,0.0,0.0,0.03452719629018052,0.0,0.15540701257151246
C003600,0,0.0,0.0,0.0,0.8656432240697476,0.0,0.0677624352910261,0.0,0.06659434063922631
C003607,4,0.0,0.0,0.0,0.0,0.11778715142637028,0.23581131473571387,0.0,0.6464015338379159
C003609,0,0.0,0.03816667280743897,0.0,0.0,0.021606097402729615,0.0,0.0,0.9402272297898314
C003612,4,0.0,0.0,0.0,0.3490226559027859,0.0,0.0,0.6404119796037325,0.010565364493481555
C003613,2,0.0,0.0,0.0,0.13927704099191662,0.0,0.0,0.0,0.8607229590080834
C003614,1,0.0,0.0,0.08157028020662425,0.0,0.04360744464845003,0.0,0.0,0.8748222751449257
C003617,0,0.345951788048512,0.02368061929536535,0.0,0.0,0.49106886445685116,0.0,0.0,0.13929872819927147
C003619,3,0.0,0.0,0.0,0.4800058284353512,0.3702289605000805,0.0,0.0,0.1497652110645683
C003621,0,0.0,0.0,0.0,0.6639260055903514,0.0,0.0,0.0,0.3360739944096486
C003623,1,0.0,0.0,0.013738997833123228,0.0,0.0,0.5456785518569036,0.18043026902913423,0.26015218128083895
C003624,0,0.0,0.3013491170148777,0.0,0.0,0.0,0.0,0.041243822491198005,0.6574070604939243
C003626,2,0.0,0.0,0.25095742083418204,0.2887405128622602,0.0,0.13183374404064827,0.0,0.32846832226290945
C003629,2,0.0,0.0,0.0991570720999739,0.011890486470904864,0.0,0.0,0.0,0.8889524414291212
C003631,1,0.0,0.38420471848918175,0.0,0.1920484070610454,0.0,0.0,0.05472225247721891,0.3690246219725539
C003634,2,0.0,0.0,0.058188862324962114,0.3058131465999889,0.009905243000097784,0.48126245995797096,0.0,0.1448302881169803
C003635,1,0.15452928055554557,0.15775188768260195,0.5732065200922084,0.0,0.0,0.0,0.0,0.11451231166964404
C003636,3,0.0,0.0,0.0,0.04608633340098055,0.0,0.06370582785385327,0.0,0.8902078387451662
C003638,1,0.65294446844486,0.0,0.0,0.0,0.0,0.19081751326001523,0.0,0.15623801829512485
C003639,1,0.20373716505027079,0.43737568957241946,0.11216851892101806,0.024030291777015263,0.0,0.0,0.0,0.2226883346792764
C003640,3,0.0,0.2302007666784706,0.0,0.0,0.42100349547943455,0.04024988681239578,0.2603599581447463,0.048185892884952786
C003642,4,0.0,0.0,0.0,0.0,0.0,0.0,0.0,1.0
C003647,2,0.0,0.23331684345084933,0.44615794130895214,0.0,0.0,0.0,0.0,0.3205252152401985
C003648,3,0.22898288992764942,0.0,0.0,0.0,0.0,0.0,0.6610486043916788,0.10996850568067185
C003649,4,0.0,0.0,0.02186911598593771,0.0,0.9479780184395823,0.0,0.0,0.030152865574480048
C003652,3,0.0,0.0,0.0,0.0,0.0,0.8732773195476105,0.0,0.12672268045238955
C003653,0,0.0,0.041272995814427504,0.0,0.4202275551267067,0.0,0.0,0.0,0.5384994490588658
C003654,1,0.0,0.0,0.5133628241349643,0.05819659515755461,0.014963617757551223,0.38493053411911493,0.0,0.02854642883081504
C003658,0,0.0,0.0,0.0,0.0,0.0,0.0,0.01286826947710673,0.9871317305228933
C003659,4,0.17609016791250118,0.0,0.45916201830694126,0.0,0.0,0.3108183659049833,0.025609104478672314,0.028320343396902037
C003660,0,0.09221996462659578,0.0,0.0,0.3878614027997024,0.0,0.0,0.02313199921255566,0.49678663336114615
C003661,2,0.0,0.0,0.0,0.45870478573935725,0.0,0.0,0.4164742437211384,0.12482097053950436
C003662,4,0.08323622964442656,0.0,0.0,0.0,0.0,0.0,0.0,0.9167637703555734
C003663,2,0.06586184648190674,0.27157023758191,0.0,0.0,0.0,0.0,0.5952304694315496,0.06733744650463369
C003664,3,0.0,0.0,0.0,0.0,0.4637403833297098,0.22349310110533643,0.14084929265295082,0.17191722291200295
C003666,2,0.149142206313026,0.4423045682563187,0.0,0.0,0.0,0.0,0.3325136029616185,0.07603962246903673
C003667,1,0.3434401412565101,0.5786470709260977,0.0,0.0,0.0,0.0,0.0,0.07791278781739219
C003669,2,0.34741793299449575,0.0,0.0,0.0,0.0,0.4939414422949833,0.11496776398420086,0.04367286072632015
C003672,1,0.0,0.0,0.09538322511487185,0.0,0.02371005115097925,0.0,0.0,0.8809067237341489
C003676,1,0.0,0.15587742648025582,0.0,0.24309153951945742,0.0,0.0288585608679079,0.0,0.572172473132379
C003677,1,0.002847017530203785,0.045162955934594545,0.02443911083438949,0.27210216016630756,0.074045261470751,0.0,0.5406924014549488,0.04071109260880479
C003684,4,0.0,0.0,0.7708992191325146,0.02835556731897906,0.0,0.0,0.1830283334686813,0.01771688007982508
C003687,1,0.0,0.0,0.0,0.5705072693226537,0.034172421924172525,0.1795351301632691,0.0,0.21578517858990476
C003689,3,0.0,0.0,0.0,0.0,0.20436277365750566,0.0,0.0,0.7956372263424943
C003690,1,0.0,0.19491118029128057,0.0,0.0,0.0,0.47969172022707585,0.11530656175494244,0.21009053772670105
C003693,0,0.0,0.0,0.0,0.0,0.0,0.0,0.0,1.0
C003696,3,0.0,0.6719147855798304,0.0,0.25265212143033605,0.0,0.0,0.0,0.07543309298983347
C003697,0,0.0,0.0,0.0,0.0,0.06397118924155405,0.0,0.7185291051138395,0.2174997056446064
C003698,3,0.0,0.0,0.0,0.0,0.0,0.5438684471170774,0.2340057546840672,0.22212579819885536
C003699,4,0.16915813932749948,0.03359185564792636,0.7514927967981888,0.0,0.0,0.0,0.0,0.04575720822638529
C003700,4,0.20403290613401484,0.0,0.0,0.0,0.0,0.686730955470533,0.0,0.10923613839545221
C003708,3,0.0,0.0,0.0,0.0,0.0,0.0,0.0,1.0
C003710,3,0.646385289996418,0.0,0.0,0.07400844051563986,0.0,0.0,0.0,0.2796062694879422
C003715,2,0.42637718513555256,0.1223635821067685,0.38489639492134414,0.0,0.0,0.0,0.0,0.06636283783633479
C003716,1,0.02887419682449358,0.0,0.02221395042183337,0.0,0.0,0.0,0.07891038749974309,0.87000146525393
C003717,0,0.15658188973799847,0.0,0.029680288793235914,0.3013902546747598,0.0,0.0,0.20630011983717916,0.3060474469568266
C003718,0,0.0,0.0,0.0,0.0,0.805392253083627,0.0,0.0,0.19460774691637295
C003719,3,0.3314113632929576,0.0,0.5869421433804677,0.0,0.0,0.0,0.006097518155761326,0.07554897517081338
C003722,2,0.0,0.0,0.0,0.0,0.15710669553756199,0.041249503634291265,0.0,0.8016438008281468
C003723,3,0.5133509791662513,0.0,0.0,0.0,0.14282261077088887,0.2803462241956445,0.0,0.06348018586721538
C003727,3,0.3161487534518805,0.0,0.06373361630132282,0.3153072060277209,0.0,0.1780424282566046,0.0,0.12676799596247124
C003728,1,0.11139344855406812,0.0,0.0,0.0,0.14813635046155013,0.7028266620973252,0.0,0.037643538887056516
C003733,0,0.03775821694203073,0.0,0.020134903412017752,0.0,0.0328551248669857,0.0387766600973566,0.0,0.8704750946816092
C003734,4,0.1132229626519104,0.0,0.04209992480856884,0.0,0.5962780026448132,0.0,0.24247931626086458,0.005919793633842985
C003736,0,0.7052673273066772,0.0,0.0,0.23384214274879778,0.05122947050978355,0.0,0.0,0.009661059434741492
C003738,1,0.0,0.0,0.0,0.30142796267731964,0.26389229372229756,0.0,0.25429956846664864,0.18038017513373417
C003739,0,0.0,0.0,0.04523850612353874,0.0,0.0,0.27010583171868763,0.0,0.6846556621577736
C003740,3,0.2844049042861397,0.10671366337463872,0.0,0.0,0.0,0.0,0.44734465641719195,0.16153677592202964
C003741,3,0.0,0.021234672842680758,0.8138408705758305,0.0,0.0,0.0,0.0,0.1649244565814887
C003743,1,0.0,0.09969542409223273,0.0,0.8868707452973792,0.0,0.0,0.0,0.013433830610388053
C003745,0,0.019221658857500826,0.0386147624318051,0.0,0.0,0.0,0.09766481895195187,0.0,0.8444987597587422
C003746,3,0.07081691929607782,0.0,0.6305532199336298,0.0,0.0,0.07130425320835877,0.1274506603893597,0.09987494717257395
C003748,1,0.0,0.0,0.3254271860961679,0.40066236092459173,0.0,0.0,0.25499876028789686,0.018911692691343518
C003750,3,0.0,0.0,0.0,0.03166168380824609,0.0,0.0,0.16392210992783215,0.8044162062639217
C003751,4,0.43492940341941383,0.17124460238934228,0.10869092509011874,0.0,0.0,0.2462326934874406,0.0,0.03890237561368459
C003753,0,0.0,0.48095572269367415,0.14017740829471073,0.0,0.0,0.0,0.0,0.37886686901161515
C003754,4,0.0,0.0,0.0,0.0,0.33868497937677206,0.5466945509588158,0.0,0.1146204696644122
C003756,0,0.5209959401023494,0.0,0.0,0.0,0.26951262789062735,0.0,0.0453998854558305,0.16409154655119274
C003764,2,0.32410411323234195,0.039461696063590894,0.0,0.0,0.0,0.0,0.0,0.6364341907040671
C003765,1,0.0,0.008299369265226232,0.0680582085650106,0.014843614887440364,0.19097453904769132,0.0,0.7149788786285267,0.002845389606104698
C003766,0,0.10118325148277743,0.0,0.0,0.03474956986493947,0.0,0.0,0.0,0.8640671786522831
C003770,1,0.10544332360815391,0.0,0.8841236161701597,0.0,0.0,0.0,0.0,0.010433060221686441
C003773,1,0.0,0.0,0.1308805731502622,0.0,0.0,0.7484559990644327,0.07003766736448201,0.05062576042082312
C003774,1,0.0,0.0,0.0,0.8503081956796473,0.0,0.0,0.05097832215404685,0.09871348216630582
C003775,4,0.013480882766437266,0.0,0.0,0.0,0.0,0.009307962678068885,0.011255142512337899,0.965956012043156
C003776,1,0.0,0.0,0.5965923941015081,0.0,0.0,0.2802018313902024,0.0,0.12320577450828951
C003778,4,0.28412361842656136,0.0,0.023070739210566172,0.0,0.012138233952879008,0.0,0.0,0.6806674084099935
C003779,4,0.04505557289311404,0.0824598812928644,0.0,0.0,0.01890735469269093,0.0,0.30249178157248774,0.5510854095488429
C003781,4,0.49140882223846427,0.0,0.0,0.0,0.0,0.0,0.0,0.5085911777615357
C003784,1,0.0,0.4939356917791826,0.0,0.04021377917347829,0.0,0.20478123292302847,0.0,0.2610692961243106
C003785,3,0.0,0.0,0.7578518052435275,0.0,0.0,0.2203586192291297,0.0,0.02178957552734284
C003786,3,0.0,0.0,0.3313954601256877,0.0572905494822801,0.5041695477777736,0.017406194074193276,0.0,0.08973824854006529
C003788,1,0.0,0.0,0.08742859681147226,0.0,0.32644429498930566,0.23508237438578916,0.31362509707048664,0.03741963674294624
C003789,1,0.0,0.0,0.0,0.0,0.3525024916906745,0.0,0.08321905177060417,0.5642784565387213
C003790,3,0.0,0.0,0.0,0.7695428846363773,0.0,0.11487293791638035,0.0821881914454485,0.03339598600179383
C003791,4,0.0,0.5862269181104227,0.0,0.0,0.020571602965117453,0.0,0.0,0.3932014789244598
C003792,1,0.0,0.0,0.20993800871287074,0.0,0.15283812379900574,0.0,0.5191728726418476,0.1180509948462759
C003793,3,0.0,0.0,0.5325150511847999,0.0,0.05943301361036512,0.0,0.24351962851701348,0.16453230668782148
C003799,1,0.11081675896406502,0.5467412593064749,0.0,0.1302401122312981,0.0,0.0,0.055010630993289046,0.15719123850487293
C003801,0,0.0,0.0,0.0,0.27894910641485915,0.05315867045589052,0.0,0.14174161062857155,0.5261506125006787
C003802,1,0.0,0.0,0.550577439043817,0.0,0.0,0.0,0.34082112973843603,0.10860143121774701
C003805,1,0.3159887768649183,0.0,0.0,0.0,0.0,0.5756930941605213,0.0,0.1083181289745605
C003806,3,0.0,0.12049966536034572,0.0,0.03303129063399135,0.0,0.23245484548824227,0.3016991579274188,0.3123150405900019
C003807,1,0.0,0.0,0.0,0.20294880922815633,0.2478542292577756,0.0,0.4575859157583704,0.09161104575569767
C003808,4,0.0,0.0,0.0,0.0,0.0,0.0,0.0,1.0
C003809,0,0.0,0.0,0.0,0.0,0.0,0.09261160393743473,0.8036472208802798,0.10374117518228543
C003811,3,0.0,0.9031531392133302,0.0,0.0,0.0,0.023129686544084427,0.04340796295535182,0.03030921128723363
C003812,0,0.0,0.0,0.0,0.0,0.08023204948121898,0.0,0.6810345355544076,0.2387334149643734
C003813,2,0.0,0.0,0.0,0.05638442521998527,0.0,0.898344351661001,0.0,0.04527122311901377
C003814,3,0.0,0.0,0.0872667152130445,0.0,0.15583402369364663,0.0,0.0,0.7568992610933089
C003816,4,0.0,0.0,0.09292944095533245,0.0,0.0,0.8853262547476449,0.0,0.021744304297022676
C003817,3,0.7755348584201929,0.0,0.0,0.0,0.0,0.06076408745279132,0.0,0.16370105412701585
C003818,4,0.03937458742847465,0.22737793555158026,0.0,0.0,0.0,0.021225344112279,0.4462216013687702,0.2658005315388958
C003821,1,0.0,0.0,0.5851983692693237,0.13634151556766014,0.04348189517019457,0.2112533858113955,0.0,0.023724834181426124
C003822,1,0.0,0.0,0.0,0.4679606536109242,0.0,0.45403278274706255,0.0,0.0780065636420133
C003823,1,0.0,0.0,0.13308828704318454,0.0,0.0,0.0,0.0,0.8669117129568155
C003824,3,0.10157666572059637,0.0,0.0,0.0,0.6245126779406353,0.0,0.0,0.2739106563387683
C003826,1,0.0,0.0,0.0,0.05834419964965066,0.0,0.0,0.0,0.9416558003503493
C003831,0,0.0,0.0,0.0,0.11099695293998302,0.0,0.0,0.08452976170108006,0.8044732853589369
C003838,1,0.0,0.2517265119705875,0.0,0.019331299592047744,0.6924855398564781,0.0,0.0,0.0364566485808866
C003843,2,0.6120369530359878,0.0,0.0,0.0,0.27958218108072724,0.0,0.0,0.108380865883285
C003846,0,0.003577632826058639,0.0,0.0,0.16720942679611384,0.4137513412492163,0.0,0.32297737103500296,0.09248422809360823
C003848,2,0.0,0.4358761705260425,0.0,0.05361481385399813,0.07289794486470998,0.0,0.0,0.4376110707552494
C003850,0,0.0,0.30158179710676664,0.6550019837461069,0.0,0.0,0.0,0.0,0.04341621914712657
C003852,1,0.0,0.0,0.0,0.0,0.0,0.9288968716510942,0.0,0.07110312834890575
C003854,1,0.0,0.0,0.0,0.0,0.0,0.0,0.7397840174472508,0.26021598255274925
C003856,4,0.0,0.9564470102283366,0.0,0.0,0.0,0.0,0.0,0.04355298977166344
C003858,1,0.0,0.0,0.0,0.14224145609052524,0.1669897984850627,0.48556610822203217,0.0,0.20520263720237986
C003860,4,0.0,0.0,0.018537179347177055,0.0,0.0,0.0,0.18746883639734022,0.7939939842554827
C003862,2,0.0,0.09336663057820241,0.07533536913280194,0.0,0.0,0.0,0.6661075364347638,0.16519046385423186
C003869,4,0.0,0.0,0.0,0.0,0.0,0.5810942045190648,0.06441731860005845,0.3544884768808767
C003870,1,0.04209264183621605,0.7597695685288102,0.0,0.01201754454529216,0.008031490147401642,0.0,0.0,0.17808875494227994
C003872,4,0.0,0.0,0.0,0.0,0.7695151821244577,0.0,0.0,0.2304848178755423
C003873,0,0.0,0.0,0.0,0.6864149615837747,0.0,0.0,0.0,0.3135850384162253
C003877,2,0.0,0.0,0.0,0.0,0.0,0.24021667286776321,0.5305005090220093,0.22928281811022755
C003880,2,0.05268199636762664,0.0,0.0,0.04107522268885186,0.14824317439347603,0.43770899689784837,0.0,0.32029060965219713
C003881,1,0.0,0.43906528258088595,0.0,0.0,0.0,0.0,0.5207744280339068,0.040160289385207215
C003886,1,0.0,0.0,0.0,0.46120650456552975,0.10394177184169646,0.0,0.01312705095781262,0.42172467263496116
C003887,1,0.0,0.8463752577454452,0.0,0.0,0.0,0.0,0.0,0.1536247422545548
C003888,3,0.398185767599517,0.0,0.0,0.0,0.0,0.019844344175546653,0.2004153841531496,0.3815545040717867
C003889,3,0.5740282057007438,0.0,0.2242698935169527,0.0,0.01033876710444935,0.0,0.0,0.19136313367785418
C003891,0,0.0,0.0,0.0,0.0,0.1486812668212194,0.0,0.0,0.8513187331787806
C003892,3,0.29192330491470386,0.07130746212830526,0.19848358346802208,0.0,0.0,0.0,0.0,0.43828564948896886
C003894,1,0.0,0.37174422925059836,0.0,0.09938925254297862,0.0,0.17100711487408582,0.0,0.35785940333233723
C003898,0,0.06728536581532492,0.0,0.41781637228049817,0.12499465870330516,0.38043581316272895,0.0,0.0,0.009467790038142798
C003901,4,0.4854382376752425,0.0,0.0,0.0,0.0,0.0,0.031250554701949006,0.48331120762280844
C003907,0,0.05945598551383783,0.0757967882902758,0.0,0.19425092550804182,0.0,0.4009977515701067,0.13745028453322333,0.13204826458451446
C003908,2,0.039440086478800346,0.0,0.0,0.0,0.0,0.12516972602724735,0.0,0.8353901874939523
C003910,4,0.0,0.0,0.0,0.783913025729903,0.027414233519927167,0.14695157083077803,0.0,0.04172116991939179
C003912,2,0.258631827334274,0.0,0.06656149183456742,0.0,0.0,0.030722351928793207,0.27142290973161504,0.37266141917075035
C003918,4,0.025371279644367525,0.0,0.0,0.011931008662513365,0.5680223387369866,0.0,0.0,0.39467537295613253
C003919,3,0.0,0.04411150072455142,0.0,0.0,0.0,0.22983489585105574,0.0,0.7260536034243928
C003920,0,0.0,0.0,0.0,0.0,0.0,0.0,0.0,1.0
C003921,3,0.01824863725815862,0.74980496544466,0.014626508769435432,0.0,0.05237850858065986,0.013093373499547187,0.0,0.15184800644753893
C003924,1,0.05308131551607617,0.1260825742994368,0.0,0.02199328311855566,0.05290432735331352,0.0,0.40446945284261415,0.3414690468700037
C003925,3,0.0,0.0,0.32990200394057806,0.0,0.09428944934483967,0.5709080775190793,0.0,0.00490046919550291
C003926,4,0.0,0.0,0.0,0.0,0.0,0.0,0.8937025828877543,0.10629741711224572
C003928,2,0.04759141624113226,0.0,0.41903796837873486,0.0,0.023298898757311327,0.5041821548378561,0.0,0.005889561784965469
C003929,1,0.0,0.0,0.0,0.14907425399917518,0.0,0.0,0.7870321417778214,0.06389360422300339
C003930,1,0.0,0.0,0.0,0.5628737207000063,0.0,0.0,0.07162349045427827,0.3655027888457154
C003931,0,0.0,0.0,0.0,0.0,0.9399342311419803,0.0,0.021047886405069247,0.03901788245295046
C003933,3,0.0,0.0,0.0,0.0,0.0,0.4330430963348231,0.03409402372207036,0.5328628799431065
C003935,0,0.08037591023884914,0.0,0.0,0.0,0.5990647504795364,0.0,0.0,0.3205593392816144
C003936,0,0.0,0.21302367480149692,0.3559450876041034,0.1925298998236195,0.038008550489430304,0.05016700086826705,0.0,0.1503257864130827
C003938,3,0.0,0.0,0.06022138042205967,0.0,0.08464968698454922,0.2965123834844279,0.49938680933849255,0.059229739770470635
C003939,4,0.0,0.0,0.0,0.0,0.0,0.0,0.8881397935164396,0.11186020648356043
C003941,2,0.0,0.94315231186835,0.0,0.0,0.0,0.0,0.0,0.056847688131649976
C003942,4,0.0,0.0,0.0,0.0,0.26822623163889925,0.0,0.6002512602142559,0.13152250814684485
C003944,4,0.0,0.0,0.09791371954258689,0.0,0.0,0.5453050029247517,0.33745463220208727,0.019326645330574155
C003946,3,0.6929542477474562,0.0,0.16614406959956826,0.0,0.0,0.0,0.06340229196679775,0.07749939068617784
C003947,3,0.0,0.08896907504738548,0.0,0.7750752561035855,0.04468107295947168,0.07437067133201376,0.0,0.016903924557543526
C003949,3,0.0,0.0,0.06635780625449383,0.10701503266904461,0.0,0.39384650675665367,0.0,0.43278065431980783
C003959,4,0.0,0.519936839403791,0.17657331425279316,0.0,0.0,0.0,0.13858162410200495,0.164908222241411
C003961,2,0.24663884196202515,0.11856148879953218,0.353720036394479,0.0,0.0,0.0,0.0,0.28107963284396364
C003963,3,0.0,0.0,0.0,0.0,0.22241761048508762,0.3157208027989846,0.053413751834302636,0.40844783488162506
C003964,3,0.0,0.0,0.0,0.0,0.20522964829176807,0.10158980970761838,0.11721128963378225,0.5759692523668313
C003965,3,0.0,0.27817663270886167,0.6834898730772614,0.0,0.019510941491018043,0.0,0.0,0.01882255272285882
C003966,0,0.7977379975351212,0.0,0.0,0.0,0.0,0.1630608902411482,0.0,0.03920111222373057
C003967,1,0.05126422842793187,0.18717250823109413,0.5816996843011016,0.0,0.0,0.16446619413483504,0.0,0.015397384905037281
C003970,3,0.0,0.0,0.030939310435825006,0.0,0.2342915918272745,0.5444028017191076,0.070528669853278,0.11983762616451499
C003976,0,0.38641130637279686,0.0,0.0,0.0,0.07499292691147154,0.010951957050356313,0.0,0.5276438096653753
C003978,4,0.0,0.0,0.021674754654521698,0.0077733178477705405,0.7530357745746178,0.0,0.08532468840163197,0.13219146452145802
C003980,2,0.0,0.06459754565476913,0.0,0.0,0.20498497288860337,0.0,0.18335246758892665,0.5470650138677009
C003981,2,0.6037180702686,0.0,0.0,0.0,0.0,0.218037993654465,0.0,0.178243936076935
C003982,4,0.0,0.0,0.0,0.43712911482263167,0.250712952369244,0.17315277164391552,0.0,0.1390051611642088
C003985,1,0.0,0.06789184733981546,0.0,0.3305964915870917,0.0,0.0,0.5851560997675759,0.016355561305516964
C003986,2,0.0,0.7891106684193225,0.0,0.0,0.0,0.0,0.0,0.21088933158067746
C003987,1,0.07347346682863003,0.0,0.033800993201783015,0.0,0.0,0.03656250731404858,0.0,0.8561630326555384
C003988,4,0.0,0.0,0.0,0.26936453651031905,0.0,0.36280302943373927,0.0,0.3678324340559417
C003990,1,0.0,0.07849721203012233,0.0,0.0,0.6759323095474149,0.0,0.0,0.24557047842246282
C003991,3,0.0,0.17606512520975037,0.0,0.0,0.0,0.0,0.0,0.8239348747902496
C003992,3,0.0,0.0,0.0,0.0,0.0,0.0,0.8598518866293641,0.14014811337063593
C003993,0,0.0,0.049008751655601215,0.24503124286416683,0.0,0.0,0.5819636742170362,0.0,0.12399633126319576
C003994,2,0.0,0.0,0.0,0.0,0.0,0.0,0.0,1.0
C003995,2,0.0,0.5808310816553807,0.0,0.0,0.0,0.05838469725104742,0.08666979588964414,0.2741144252039277
C003999,4,0.7437301347217037,0.0,0.0,0.0,0.0,0.0,0.0,0.2562698652782963
