client_id,fold,cloud,gym,insurance,mobile,music,software,streaming,none
C000001,2,0.0,0.19147046609236457,0.42498806577506754,0.06123711530617522,0.0,0.0,0.2866069654530874,0.0356973873733053
C000005,3,0.0,0.2495361560462728,0.0,0.553685161719166,0.0,0.0,0.0,0.1967786822345612
C000007,3,0.3706441519713604,0.0,0.0,0.0,0.0,0.14992886461326582,0.0,0.4794269834153737
C000009,2,0.05605601753485727,0.0,0.0,0.0,0.0,0.6038600977098109,0.3059083591656397,0.03417552558969228
C000012,4,0.0,0.0,0.0,0.0,0.0,0.9447988744366492,0.0,0.05520112556335077
C000014,4,0.29464448778395014,0.0,0.0,0.0,0.0,0.5401607129848499,0.0,0.16519479923119995
C000015,0,0.0,0.0,0.42521347002930515,0.0,0.0,0.0,0.0,0.5747865299706949
C000016,1,0.0,0.021838187704676503,0.6617153855423271,0.0,0.0,0.0,0.0,0.3164464267529964
C000017,3,0.0,0.00412306443328534,0.13895966913453467,0.7041507437561502,0.0,0.0,0.08236880346523096,0.07039771921079896
C000021,1,0.0,0.0,0.0,0.6651854673090561,0.0,0.018732953570703148,0.1150498226572002,0.2010317564630405
C000022,2,0.0,0.0,0.0,0.0,0.0,0.5283193662279391,0.25702649344871265,0.21465414032334829
C000024,1,0.0,0.815295489724514,0.0,0.0,0.030751571837502465,0.033544883429722394,0.0,0.12040805500826113
C000025,0,0.6918365108834903,0.0,0.0,0.0060011437074036405,0.03730844609645126,0.18658963749072238,0.001565789463337706,0.07669847235859473
C000026,1,0.0,0.4836515744645007,0.35033159936204294,0.022507583026856556,0.0,0.03152346468005512,0.09525029112917738,0.016735487337367405
C000027,2,0.0,0.0034184907381262335,0.0,0.13141871837918095,0.8404284868179928,0.01245347580721906,0.0,0.012280828257481113
C000028,3,0.3517294454355416,0.02685391752781131,0.0,0.0,0.10047892738759966,0.4915888051583517,0.0,0.029348904490695826
C000029,3,0.4479570384798203,0.0,0.0,0.015261587189339211,0.19484648103525343,0.10669679813377422,0.10956903757458289,0.1256690575872299
C000030,3,0.06662605358294454,0.0,0.0,0.0,0.02455046867557114,0.0,0.0,0.9088234777414843
C000033,0,0.05196466103851101,0.0,0.0,0.0,0.0,0.0,0.3437551287601099,0.6042802102013791
C000035,2,0.0,0.014831223229848504,0.0,0.3796352848101481,0.01283520759263568,0.0,0.01963731390994688,0.5730609704574209
C000038,3,0.0,0.0,0.0,0.0,0.23518332979181575,0.2730258081921524,0.0,0.49179086201603184
C000039,0,0.0,0.0,0.0,0.0,0.0,0.0,0.0,1.0
C000040,2,0.04984873666909825,0.7040650537634694,0.2266036685857056,0.0,0.0,0.0,0.0,0.019482540981726748
C000041,3,0.0,0.0,0.8448637757026018,0.0,0.10218206046940688,0.0,0.0,0.05295416382799123
C000043,1,0.0,0.0,0.02550378989137593,0.0,0.0,0.0,0.08591861485425764,0.8885775952543664
C000044,1,0.0,0.0,0.0,0.0,0.0,0.0,0.048453341223989185,0.9515466587760109
C000047,2,0.0,0.5314023443095531,0.0,0.0,0.3726399705238823,0.0,0.0,0.09595768516656455
C000053,3,0.07572188039827443,0.4544405117252538,0.0,0.0,0.0,0.0,0.0,0.4698376078764718
C000055,1,0.0,0.0,0.0,0.0,0.0,0.1898957418951808,0.0,0.8101042581048192
C000060,0,0.0,0.0,0.8580670666728392,0.0,0.0,0.0,0.0,0.14193293332716084
C000062,4,0.06706976579523369,0.0,0.0,0.02873114444996875,0.0,0.0,0.0,0.9041990897547976
C000063,1,0.0,0.0,0.8291867155134537,0.0,0.0,0.0,0.0,0.1708132844865463
C000064,1,0.0,0.0,0.5968823312609028,0.009470421789169393,0.0,0.2374235683763358,0.0,0.15622367857359198
C000066,1,0.024054554036077862,0.0,0.0,0.0,0.0,0.0,0.05830040633918471,0.9176450396247374
C000069,3,0.023101413713323953,0.0,0.45172967415384085,0.018122911726077436,0.0,0.0,0.011360017183678895,0.4956859832230789
C000072,1,0.0,0.0,0.0,0.12918079919769934,0.0,0.8025290390294805,0.038191478942175346,0.030098682830644874
C000073,4,0.0,0.0,0.051653771816684034,0.0,0.21998156962535034,0.0,0.0,0.7283646585579656
C000077,4,0.4028787772704041,0.0,0.0,0.03678782579992008,0.0,0.0,0.0,0.5603333969296758
C000078,4,0.0,0.0,0.3883500021118413,0.0,0.5315302138404122,0.0,0.04140013759404372,0.03871964645370285
C000079,2,0.0,0.14691077874550584,0.0,0.006846149210654852,0.0,0.7359008776281324,0.10473817216796291,0.005604022247744034
C000080,2,0.0,0.0,0.0,0.0,0.0,0.0,0.0,1.0
C000084,3,0.0,0.0,0.03339970614085879,0.05331225175229697,0.0,0.0,0.0,0.9132880421068442
C000085,2,0.0,0.0,0.7804687845114093,0.0,0.0,0.0,0.0,0.21953121548859067
C000088,1,0.09945069225858086,0.00503003363138546,0.8050983012495039,0.0,0.0,0.0,0.0,0.09042097286052986
C000093,0,0.4283692356340475,0.0,0.016455934899437762,0.0,0.0,0.0,0.0,0.5551748294665148
C000094,1,0.6475190038353829,0.0,0.20527165175822995,0.0,0.08506276520159205,0.0,0.0,0.06214657920479516
C000095,1,0.07330283866730289,0.0,0.0,0.8812180742401725,0.004285068201958506,0.029343584213218466,0.0,0.011850434677347588
C000100,2,0.05492150698004738,0.6199652293552168,0.05306817304634954,0.0,0.0,0.0,0.0,0.2720450906183862
C000101,1,0.0,0.8888983023976957,0.0,0.0,0.0,0.0,0.0,0.11110169760230426
C000102,4,0.0,0.1545135911936988,0.0,0.0,0.0,0.47437852329748437,0.0,0.3711078855088168
C000103,3,0.0,0.0,0.5764457698512867,0.13503905631539828,0.03493114329508624,0.2302082964221067,0.0,0.023375734116122038
C000104,3,0.0,0.0,0.4127340473924595,0.0,0.4421747487906677,0.0,0.0,0.1450912038168728
C000105,4,0.0,0.12052749843798494,0.07233608417554097,0.0,0.0,0.0,0.7210033946731437,0.08613302271333045
C000106,4,0.0,0.0,0.0,0.0,0.0,0.0,0.8454363805261762,0.1545636194738238
C000109,1,0.4755426989278853,0.0,0.0,0.0,0.0,0.4890476855844116,0.0,0.03540961548770305
C000110,1,0.0,0.18423798374370384,0.24911501482543155,0.42217464464911825,0.03956788227435979,0.0,0.03676504113186797,0.06813943337551853
C000111,1,0.0,0.0,0.1809834831078446,0.0,0.0,0.0,0.751467313655404,0.0675492032367514
C000113,0,0.0,0.0,0.0,0.6558036862191432,0.07031728469387291,0.0,0.0,0.2738790290869839
C000115,1,0.07309985213788456,0.0,0.0,0.0,0.019483399317056473,0.16665099077141163,0.5047060618177746,0.23605969595587273
C000116,0,0.030976666496299588,0.0,0.8986111755156391,0.0,0.0,0.0,0.05321676362129363,0.017195394366767758
C000117,1,0.0,0.9339398026783753,0.0,0.0,0.0,0.0,0.0,0.06606019732162471
C000119,1,0.27830953099710487,0.0,0.0,0.0,0.0,0.0,0.6719911998457098,0.049699269157185366
C000120,3,0.0,0.5559074695290469,0.0,0.0,0.040126374946378426,0.0,0.06711066403273352,0.33685549149184113
C000122,0,0.17890770244368875,0.0,0.0,0.040068331033688565,0.0,0.0,0.0,0.7810239665226226
C000127,3,0.0,0.052358314985179,0.0,0.0,0.0,0.11632539842040465,0.01937619803162367,0.8119400885627928
C000128,1,0.0,0.0,0.9131242022649828,0.0,0.04782097699414398,0.0,0.0,0.039054820740873186
C000129,3,0.10952175075370608,0.0,0.0,0.0,0.0,0.6238652255214175,0.009467239533960526,0.2571457841909158
C000130,3,0.0,0.05522317927240809,0.1880108455839696,0.0,0.0,0.0,0.0,0.7567659751436223
C000132,4,0.0,0.0,0.0,0.3518543657572573,0.0699512015873858,0.5622804000569397,0.0,0.01591403259841717
C000134,3,0.5014082341052316,0.0,0.4557620643724591,0.0,0.0,0.0,0.03921305756716465,0.003616643955144716
C000135,3,0.11889005842946515,0.0,0.0,0.0937847607791504,0.036232684644098324,0.0,0.0,0.7510924961472861
C000136,4,0.0,0.0,0.09820096523348218,0.07678997839045365,0.0,0.0,0.03517516491723064,0.7898338914588335
C000137,3,0.06332622611088456,0.0,0.0,0.0,0.36706752848621704,0.0,0.308835333741369,0.2607709116615293
C000140,0,0.0,0.07783654595759583,0.0,0.0,0.0,0.48228690704690674,0.23775114653279508,0.20212540046270233
C000142,4,0.0191486396919162,0.21059042143495604,0.0,0.7333043299624343,0.0,0.0,0.03239220154635188,0.004564407364341494
C000144,0,0.0,0.0,0.0,0.0,0.0,0.9258361594921621,0.0,0.07416384050783786
C000148,4,0.13263466945889965,0.22389313373838432,0.0,0.014189441222994335,0.0,0.0,0.5306199283565344,0.09866282722318731
C000149,3,0.0,0.0,0.0,0.0,0.0,0.0,0.731216303628136,0.26878369637186394
C000150,3,0.0,0.0,0.0,0.0,0.0,0.7163025259828565,0.2589292526082517,0.02476822140889179
C000152,4,0.6097063909576087,0.0,0.0,0.0,0.020318243616859535,0.0,0.08975375583268536,0.2802216095928465
C000153,3,0.0,0.0,0.0,0.8503832840039713,0.0,0.0,0.0,0.14961671599602866
C000155,2,0.0,0.0,0.02963866695205135,0.0,0.0,0.0,0.0,0.9703613330479487
C000157,0,0.0,0.0,0.0,0.0,0.0,0.0,0.0,1.0
C000159,4,0.0,0.0,0.46629862210872774,0.03168377743893209,0.0,0.0,0.05166125792386288,0.45035634252847734
C000160,4,0.0,0.0,0.0,0.0,0.0,0.0,0.0,1.0
C000162,4,0.014283815502381931,0.0,0.003155805051007785,0.16830036812002805,0.0,0.444867204367497,0.183264338299837,0.18612846865924826
C000164,4,0.06775139825012985,0.0,0.1658690625883175,0.0,0.601607188702864,0.0,0.0,0.16477235045868865
C000168,2,0.0,0.07265798731823872,0.0,0.0,0.0,0.6179531690527945,0.0,0.3093888436289668
C000169,4,0.0,0.05528416114584926,0.0,0.06195946289575217,0.0,0.0,0.42156132941142443,0.4611950465469741
C000171,3,0.0,0.0,0.0,0.005977631989437907,0.0,0.0,0.9419272786999775,0.0520950893105846
C000172,3,0.0,0.0,0.0,0.0,0.0,0.0,0.0,1.0
C000173,3,0.6666830109814392,0.0,0.04816116842227096,0.22308833544944237,0.0,0.0,0.0,0.062067485146847456
C000174,0,0.0,0.0,0.0,0.0,0.0,0.09344734889381452,0.0,0.9065526511061854
C000175,3,0.009634578952889944,0.0,0.34121069990776787,0.0,0.42474505472725965,0.0,0.0,0.2244096664120825
C000177,0,0.11637620181360805,0.0,0.4139201933589307,0.23086999080391346,0.16228404673762162,0.0,0.022537296749455857,0.054012270536470286
C000179,0,0.0052914809693259636,0.26827140043352005,0.0,0.09040691116588463,0.5424202840342294,0.0,0.0,0.09360992339704
C000181,2,0.0,0.06594457460585743,0.0,0.0,0.5581375707925212,0.35295917103161356,0.0,0.022958683570007743
C000183,3,0.0,0.11406683413161144,0.0,0.5033140631072016,0.0,0.0,0.27827584542185785,0.10434325733932903
C000185,1,0.26673254058762363,0.6420292169747968,0.0,0.0,0.0,0.0,0.0,0.09123824243757961
C000187,0,0.0,0.0,0.2868427657392935,0.0,0.6220608506914423,0.0,0.0,0.0910963835692642
C000189,0,0.01097491448978146,0.0,0.0,0.0,0.023860222032953717,0.6636697323286922,0.025830984366321884,0.2756641467822507
C000190,3,0.7477092018945997,0.0,0.0,0.0,0.0,0.0,0.0,0.25229079810540034
C000191,2,0.0,0.0,0.0,0.7073215387770763,0.03189534089384007,0.0,0.24265955821202354,0.01812356211706012
C000192,3,0.0,0.3660271525991424,0.058759328176120444,0.0,0.35737528828163584,0.18535627476854613,0.0,0.03248195617455518
C000196,4,0.6610439897466821,0.0,0.0,0.0,0.12667334319023607,0.0,0.0,0.21228266706308185
C000197,3,0.0,0.0,0.0,0.0,0.6896133200256276,0.16799186818506756,0.0,0.1423948117893048
C000198,3,0.0,0.0,0.0,0.0,0.0,0.0,0.9232203729335124,0.07677962706648755
C000201,4,0.0,0.6519377536407737,0.0,0.0,0.0,0.0,0.0,0.34806224635922633
C000202,3,0.40865232043596206,0.08137038220865435,0.026324709240456497,0.0,0.0,0.026763164339578416,0.43252491924054975,0.02436450453479888
C000203,4,0.0,0.16094281613770817,0.054628321072702615,0.0,0.0,0.46020990623029423,0.0,0.324218956559295
C000205,2,0.08059191786269854,0.0,0.0,0.34480751828961814,0.0,0.07071654788724728,0.0,0.5038840159604361
C000206,4,0.0,0.0,0.0,0.0007854475428273824,0.8807389660877497,0.08879082124601721,0.0,0.029684765123405676
C000207,2,0.6689774311578576,0.08670110844348321,0.0,0.04179240020914461,0.0,0.0,0.1641319261624699,0.03839713402704459
C000210,4,0.1813242791719118,0.02918261093666686,0.09015306578059504,0.5439450404767031,0.0,0.0,0.0,0.15539500363412317
C000212,4,0.6126866298378978,0.11169155897395028,0.05013150536271785,0.16414097812273135,0.0,0.0,0.0,0.06134932770270274
C000214,0,0.0,0.0,0.0,0.051188025201105186,0.00901099550317946,0.0,0.0,0.9398009792957154
C000218,1,0.0,0.002690668785316685,0.5652876282409827,0.05921825095475296,0.07544022514321255,0.0,0.1146036380861576,0.18275958878957754
C000219,4,0.28030710362069045,0.0619078824101669,0.0,0.024126858545262024,0.6141523036120893,0.0,0.0,0.01950585181179143
C000222,4,0.0,0.0,0.0,0.019061523065106847,0.0,0.14483054451968919,0.1986397797012878,0.6374681527139162
C000223,3,0.8083618638246846,0.0,0.0,0.10221575532715221,0.0,0.0,0.05101554788652864,0.03840683296163461
C000226,1,0.0,0.0,0.7697100350620744,0.0,0.0,0.0,0.0,0.23028996493792564
C000228,4,0.0,0.001506544622397089,0.8831965820191889,0.00028163176418407145,0.10493893785250909,0.0,0.0,0.01007630374172086
C000230,2,0.0,0.03287258130345674,0.27897103025282405,0.0,0.0,0.0,0.0,0.6881563884437192
C000233,1,0.0,0.0,0.27417981225861626,0.0,0.5191982483312905,0.0,0.0,0.2066219394100932
C000234,4,0.011515214826316811,0.0,0.0,0.024235152531228123,0.844508310984272,0.0,0.0,0.11974132165818308
C000235,1,0.0,0.0,0.0,0.8266963104370577,0.0,0.0,0.0,0.1733036895629423
C000236,3,0.0,0.0,0.0,0.7041412856443222,0.009929929540211078,0.0,0.07497867120517583,0.2109501136102908
C000237,0,0.45576814483407496,0.0,0.0,0.0,0.135589208921637,0.10721524326795018,0.029331272912269748,0.2720961300640681
C000238,1,0.0,0.26252058801412137,0.0,0.11353337872846986,0.5479140022285598,0.0,0.03140170037964295,0.04463033064920596
C000239,3,0.0,0.0,0.0,0.0,0.0,0.7511792421951369,0.09911199112293713,0.149708766681926
C000240,0,0.0,0.5909388178139776,0.0,0.0,0.0,0.0,0.024112358188583653,0.3849488239974387
C000242,3,0.0,0.029234981454882875,0.0,0.4607082564205626,0.0,0.23304814309310748,0.12292837060324646,0.15408024842820056
C000245,0,0.004629957590020664,0.0,0.0,0.0,0.0,0.0,0.02029926578251893,0.9750707766274604
C000246,4,0.8264081968729091,0.0,0.0,0.0,0.0,0.0,0.0,0.17359180312709088
C000248,4,0.5748956114967053,0.0,0.23574707440026585,0.08881383390224463,0.0,0.0,0.0,0.10054348020078419
C000249,4,0.07314455616701802,0.0,0.0,0.0,0.0,0.0,0.0,0.926855443832982
C000250,1,0.33932269742448185,0.0,0.0,0.0,0.0,0.381475878087262,0.0,0.27920142448825613
C000252,1,0.031885631699197975,0.0,0.011551052724879877,0.0,0.0,0.5927869496641923,0.03591043803591205,0.3278659278758177
C000254,0,0.0,0.0,0.013558677752342046,0.0,0.0,0.0,0.032955362888926434,0.9534859593587315
C000257,1,0.5378125509232362,0.0,0.0,0.0,0.23408352173237879,0.0,0.0,0.228103927344385
C000259,4,0.0115630638441802,0.0,0.22063971391363577,0.0,0.6740792351070738,0.0,0.0,0.09371798713511026
C000261,1,0.0,0.0,0.0,0.0,0.033292097842642095,0.12486647565910326,0.0,0.8418414264982547
C000262,2,0.0,0.0,0.0,0.13189166923575368,0.0,0.0,0.7661730142943557,0.10193531646989062
C000263,4,0.8935177212513034,0.03526222439919148,0.0,0.0,0.016208205724933405,0.0,0.0,0.05501184862457176
C000264,0,0.0,0.24006665600185217,0.0,0.03208046160064087,0.6845582175867035,0.0,0.0,0.04329466481080346
C000265,3,0.22328129240277117,0.0,0.0,0.0,0.0,0.6597528494300903,0.0,0.11696585816713856
C000270,3,0.0,0.0,0.0,0.0,0.7822016123914068,0.0,0.0,0.21779838760859316
C000271,0,0.0,0.6016879671873088,0.10170602913620455,0.0,0.0,0.08834511776420992,0.0,0.20826088591227676
C000272,0,0.0,0.7344858987149601,0.0,0.10340657302757322,0.0,0.0,0.0,0.16210752825746666
C000274,4,0.0,0.0,0.0,0.07148383458143212,0.0,0.35067833276018334,0.0,0.5778378326583845
C000275,1,0.0,0.0,0.02246537971975716,0.3869860093765115,0.0,0.0,0.0,0.5905486109037313
C000276,0,0.10289195700669203,0.0,0.0,0.7496513732401245,0.0,0.09144660970157127,0.0,0.05601006005161213
C000281,0,0.0,0.7383865909699835,0.15619643810734068,0.0,0.0,0.04638788188441437,0.0,0.05902908903826143
C000283,3,0.0,0.0,0.0,0.0,0.0,0.0,0.9523819435638871,0.04761805643611294
C000284,0,0.0,0.0,0.0,0.22179906556874643,0.0,0.5882391385931303,0.0,0.18996179583812334
C000285,1,0.0,0.0,0.0,0.35726051674340914,0.0,0.0,0.4900060442734287,0.15273343898316216
C000286,0,0.0,0.0,0.09469465953358877,0.08406738040504565,0.7401971349122682,0.0,0.0,0.08104082514909727
C000290,1,0.0,0.0,0.0,0.5830861988258338,0.0,0.0,0.0,0.4169138011741662
C000292,2,0.6494748670436454,0.0,0.0,0.0,0.0,0.0,0.028785612769679718,0.32173952018667484
C000295,1,0.0,0.07937287824101026,0.0,0.0,0.0,0.0,0.0,0.9206271217589898
C000296,2,0.0,0.06091533933762591,0.0,0.0,0.2606042576803378,0.0,0.0,0.6784804029820363
C000297,1,0.0,0.0,0.10059053864219934,0.0,0.046920464252456266,0.0,0.0,0.8524889971053444
C000302,4,0.0,0.0,0.0,0.0,0.0,0.05508437311978806,0.0,0.9449156268802119
C000306,3,0.3194203976951986,0.0,0.0,0.2959710551881981,0.0,0.0,0.0,0.3846085471166033
C000310,1,0.04021376718097545,0.15007657059116195,0.0,0.0,0.0,0.0,0.0,0.8097096622278626
C000311,3,0.17743811617213492,0.0,0.0,0.0,0.0,0.0,0.0,0.8225618838278651
C000313,0,0.10206418720533739,0.0,0.0,0.047428617640386916,0.020616126474546696,0.0,0.6760778816369197,0.15381318704280922
C000319,3,0.13388085807725195,0.020892936361362188,0.0,0.8229036520218277,0.0,0.0,0.0,0.022322553539558143
C000322,1,0.08753399455209872,0.0068234577009138155,0.0,0.0,0.8378860266973855,0.0,0.0,0.06775652104960195
C000323,4,0.14947356992972463,0.0,0.7656071831719737,0.0,0.0,0.0,0.0,0.08491924689830166
C000324,4,0.0,0.05405567733563384,0.05627746216716995,0.17402320118346432,0.0,0.0,0.0,0.7156436593137319
C000326,3,0.0,0.0,0.0,0.0,0.8001735507344863,0.0,0.0,0.19982644926551374
C000330,0,0.16514258556512257,0.20527195501131934,0.18541414186354208,0.0,0.0,0.0,0.41025584454338637,0.03391547301662967
C000332,4,0.0,0.0,0.0,0.7794385807119767,0.0,0.0,0.0,0.2205614192880233
C000336,3,0.0,0.0,0.24334616597855913,0.012755796531692261,0.0,0.0,0.7272731853370983,0.016624852152650305
C000338,1,0.5035735052311042,0.03748897858251138,0.06609177329577635,0.0,0.0,0.0,0.0,0.39284574289060814
C000339,4,0.0,0.0,0.0,0.0,0.0,0.7986511901475105,0.0,0.20134880985248949
C000342,0,0.0,0.0,0.0,0.03945181118598648,0.1608116316181774,0.5082497581547001,0.0,0.29148679904113606
C000343,0,0.9158063702318185,0.02571107305930289,0.0,0.004082821350212139,0.0,0.0,0.024827150925604332,0.02957258443306221
C000348,4,0.7106043777403523,0.0,0.10589499386084288,0.0,0.08259767496403618,0.0,0.0,0.10090295343476863
C000350,3,0.10605413470317056,0.0,0.0,0.0,0.6601151013161212,0.1397577987195139,0.0,0.09407296526119435
C000351,3,0.153474436970183,0.0,0.0,0.0,0.0,0.8043803837726606,0.0,0.04214517925715633
C000352,2,0.0,0.0,0.0,0.0,0.18981867104368638,0.0,0.6322779597820347,0.17790336917427885
C000353,4,0.0,0.0,0.0,0.9474221712917364,0.030150838556792604,0.0,0.0,0.022426990151470982
C000356,4,0.0,0.0,0.0770534338324002,0.9182298378871476,0.0,0.0,0.0,0.00471672828045222
C000358,2,0.058762705972447954,0.0,0.0,0.0,0.07390362864235339,0.07143387015458157,0.0,0.795899795230617
C000361,0,0.061390070163049,0.0,0.027222909711572558,0.0,0.0045088048947702925,0.8688592943053232,0.016902682077342388,0.02111623884794267
C000363,3,0.33034574959724944,0.0,0.0,0.4345782921643586,0.0,0.2146567122362882,0.0,0.020419246002103653
C000364,0,0.0,0.0,0.5505687819147072,0.06865496095316866,0.0,0.0,0.0,0.38077625713212415
C000369,0,0.0,0.0495344595282278,0.09429725965481765,0.0,0.0,0.0,0.06864360436469903,0.7875246764522555
C000372,0,0.0,0.0,0.0,0.0,0.0,0.0,0.7444507586949659,0.2555492413050341
C000375,0,0.0,0.0,0.0,0.0,0.0,0.9344735160611731,0.0,0.06552648393882687
C000376,0,0.0,0.01703773769032191,0.10552233426723902,0.24508679873841963,0.0,0.12389759371457817,0.0,0.5084555355894412
C000381,1,0.07395319317827784,0.0,0.0,0.5849592596447681,0.0,0.006134452387675844,0.0,0.33495309478927815
C000382,4,0.0,0.03034670658639072,0.0,0.38784627108932773,0.3416175531837002,0.17381540440211926,0.0,0.06637406473846208
C000387,0,0.022088079739587416,0.0,0.2822380308545913,0.0,0.0,0.0,0.024207423360845713,0.6714664660449756
C000388,2,0.0,0.03006726516848317,0.09463401703623947,0.0,0.0,0.0,0.0,0.8752987177952773
C000389,4,0.0,0.0,0.0,0.0,0.0,0.0,0.27449749890493197,0.725502501095068
C000390,0,0.0,0.0,0.0,0.0,0.05815860391148524,0.0,0.7488038853257633,0.19303751076275155
C000392,3,0.04709934376745818,0.0,0.0,0.0,0.0,0.0,0.6489962015023533,0.30390445473018857
C000394,2,0.0,0.0,0.0,0.0,0.6521426108706766,0.0,0.0,0.3478573891293234
C000400,1,0.0,0.0,0.0,0.09657165163655457,0.0,0.0,0.0,0.9034283483634454
C000401,1,0.252633845893626,0.0,0.0,0.0,0.0,0.0,0.0,0.7473661541063741
C000403,2,0.0,0.0,0.9444158992907682,0.0,0.0,0.024392254148347947,0.0,0.031191846560883807
C000406,3,0.0,0.0,0.0,0.054794748305089944,0.0,0.0,0.6240264987592165,0.32117875293569365
C000407,3,0.0,0.311075705874823,0.0,0.0,0.0,0.017665808681192028,0.5873681518090432,0.0838903336349417
C000408,3,0.0,0.0,0.4168751479936824,0.0,0.0,0.0,0.0,0.5831248520063176
C000410,4,0.0,0.4979263202152443,0.13395110142211633,0.11430807114050273,0.17142175519899036,0.0116371645952122,0.0,0.07075558742793409
C000414,3,0.0,0.0,0.0,0.022558822718598735,0.0,0.0,0.018802959937234857,0.9586382173441664
C000417,2,0.0,0.0,0.0,0.39406733809693173,0.0,0.0,0.43483876817494216,0.1710938937281261
C000418,1,0.0,0.0,0.0,0.0,0.0,0.09160231797255597,0.0,0.908397682027444
C000420,3,0.0,0.8155368183395555,0.0,0.017926225762948448,0.0,0.0026671644931655484,0.13948206513861344,0.024387726265717058
C000422,3,0.0,0.0,0.05295437023143797,0.0,0.061847422552087604,0.0,0.0,0.8851982072164745
C000424,2,0.0,0.2236455243903755,0.0,0.0,0.0,0.673961723637445,0.0,0.10239275197217945
C000425,4,0.0,0.0,0.0,0.0,0.0,0.0,0.6782829304263419,0.3217170695736581
C000426,2,0.2127616840994269,0.6503352029801254,0.0,0.0,0.0,0.0,0.0,0.13690311292044777
C000427,1,0.0,0.0,0.0,0.0,0.0,0.49754856980403955,0.19604846824644293,0.30640296194951755
C000428,1,0.0,0.0,0.0,0.0,0.0,0.040551010953016234,0.0,0.9594489890469837
C000431,3,0.0,0.9720844501445669,0.0,0.0,0.0,0.0,0.0,0.027915549855433097
C000433,0,0.0,0.0,0.4157692530808005,0.0,0.026437396468945315,0.3476994630538967,0.0,0.21009388739635748
C000434,2,0.0,0.0,0.0,0.0,0.0,0.027276955444635834,0.0,0.9727230445553642
C000436,2,0.5520574794288432,0.08296486110767212,0.11302868034557043,0.05573102382327448,0.0,0.09174153153062276,0.03879559981788651,0.0656808239461305
C000437,2,0.0,0.0,0.0,0.0,0.0,0.0,0.0,1.0
C000438,4,0.03442247580555067,0.030421329072131853,0.0,0.0,0.0,0.0,0.8959203584244398,0.03923583669787767
C000443,2,0.1715068481282052,0.0,0.7519537030625874,0.0,0.0,0.0,0.0,0.07653944880920749
C000445,3,0.0,0.0,0.0,0.0,0.0,0.07037702333471445,0.0,0.9296229766652856
C000446,3,0.0,0.0,0.7151831840088811,0.0,0.14181592548004748,0.017956520186433057,0.014438588468078519,0.11060578185655978
C000447,0,0.0,0.23621968307013935,0.6270413403759518,0.0,0.0,0.0,0.08505917283504047,0.05167980371886838
C000448,3,0.06553105113853198,0.0,0.0,0.0,0.9316898854068464,0.0,0.0,0.002779063454621644
C000452,1,0.0,0.7239073386910985,0.0,0.0,0.042888548749945445,0.21473805810604996,0.011068032072436453,0.007398022380469715
C000453,3,0.0,0.0,0.04676724042536372,0.14179856889461182,0.3482133657543195,0.0,0.4520100814374301,0.011210743488274888
C000454,4,0.0,0.0,0.31372432094392977,0.0,0.0,0.6544214475619474,0.0,0.03185423149412281
C000455,1,0.16602704769315477,0.23264629768892492,0.0,0.5263193478069599,0.0,0.0,0.0,0.07500730681096046
C000456,2,0.0,0.0,0.0,0.0,0.0,0.045301857047861056,0.5966334200008802,0.3580647229512588
C000457,0,0.31083600385343013,0.2740613899812073,0.3535669852231834,0.0,0.0,0.0,0.0,0.061535620942179126
C000458,1,0.0,0.0937415692752563,0.2098114238888008,0.0,0.3440329315743166,0.0,0.0,0.35241407526162627
C000461,2,0.0,0.0,0.7252557916365012,0.0,0.0,0.0,0.0,0.2747442083634988
C000462,2,0.0,0.0,0.002534149603731378,0.0,0.0,0.6076467856971934,0.32734846508459703,0.062470599614478206
C000464,1,0.0,0.0,0.0,0.0,0.06537969588155185,0.0,0.0,0.9346203041184482
C000465,2,0.3356147537868887,0.0,0.5839513576847764,0.045594128651094946,0.0,0.0,0.0,0.03483975987723997
C000468,4,0.0,0.0,0.6570710873503062,0.0,0.08484686177645342,0.15679124091468744,0.0,0.101290809958553
C000469,2,0.0,0.0,0.9686370692079183,0.003727485999707409,0.0,0.0,0.0,0.027635444792374342
C000470,2,0.0,0.0,0.8966855768252125,0.0,0.0,0.0,0.0,0.10331442317478745
C000471,0,0.33113355904739605,0.0,0.0,0.0,0.0,0.024284558784328093,0.0,0.6445818821682758
C000472,4,0.0,0.0,0.0,0.0,0.0,0.0,0.0,1.0
C000473,4,0.0,0.2573114808613115,0.0,0.052141166489809807,0.5961742808771764,0.0,0.0,0.09437307177170229
C000475,0,0.0,0.0,0.16573036621304427,0.6744222550322846,0.0,0.0,0.0,0.15984737875467114
C000477,0,0.0,0.13830736269818913,0.0,0.0,0.0,0.06457625129321588,0.7805501660502594,0.016566219958335626
C000481,4,0.27858476016024303,0.45312199528014124,0.0,0.0,0.08102407992715192,0.09383346877906833,0.0,0.09343569585339562
C000482,0,0.0,0.003336316682086128,0.0,0.0,0.033301932199836445,0.0,0.8603430999338388,0.10301865118423859
C000484,1,0.0,0.0,0.0,0.06801543982757323,0.0,0.0,0.0,0.9319845601724268
C000492,1,0.07741900199062059,0.20222708386381158,0.5001594601595498,0.0,0.005691762927556751,0.04186777859438574,0.09325302244154426,0.07938189002253115
C000493,2,0.0,0.02296100368279692,0.0,0.14640890087121533,0.5634021318269349,0.0,0.075298318368081,0.1919296452509719
C000497,0,0.0,0.0,0.011208370125297098,0.6249449591992219,0.0,0.09305050272270683,0.019622839720885056,0.2511733282318891
C000498,3,0.27960273132594443,0.0,0.0,0.28022132843191294,0.0,0.0,0.0,0.44017594024214257
C000502,1,0.0,0.0,0.4416348925668749,0.0,0.07565024739236842,0.022784332200897355,0.31777904215249975,0.14215148568735958
C000503,4,0.4677482121336528,0.0,0.36988642256365467,0.0,0.009281237267364831,0.040865680565412045,0.029540135274291474,0.08267831219562416
C000504,2,0.0,0.05755455859581403,0.0,0.0,0.5341955922089561,0.03656407782800979,0.0,0.37168577136722014
C000506,4,0.0,0.0,0.021813894880837334,0.0,0.17322226641090183,0.6959536320542065,0.0,0.10901020665405436
C000508,0,0.0,0.24349515966614618,0.0,0.0,0.02917304409250183,0.1599389719081035,0.0,0.5673928243332484
C000509,4,0.0,0.06780561352740255,0.0,0.0,0.0,0.049105856528078085,0.5667379729333132,0.3163505570112062
C000511,4,0.0,0.15083353300275315,0.0,0.15398042733776032,0.0166824072451247,0.49652061187306057,0.0175650830461575,0.16441793749514388
C000512,3,0.0,0.7724290130575485,0.0,0.0,0.0,0.0,0.0,0.22757098694245148
C000513,0,0.0,0.0,0.42187848458746535,0.0,0.0,0.0,0.0,0.5781215154125346
C000516,3,0.0,0.0,0.015244777307177328,0.0,0.19688110787920426,0.0,0.6364269239332004,0.15144719088041803
C000518,3,0.7710956566823104,0.0,0.0,0.028299318187074825,0.12692349644077505,0.05233856689029049,0.0,0.021342961799549198
C000521,3,0.0,0.6794058866718383,0.0,0.0,0.29846093379937066,0.0,0.0,0.022133179528791014
C000523,3,0.7890757086843341,0.11024563200470239,0.0,0.04717903575685556,0.0,0.0,0.0,0.05349962355410798
C000526,0,0.0,0.0,0.0,0.0,0.0,0.03308495329523957,0.1565100507767131,0.8104049959280473
C000529,0,0.5087150065570827,0.0,0.0,0.0,0.0,0.0,0.0,0.4912849934429173
C000531,4,0.0,0.1805431067294934,0.6561738571370338,0.0,0.0,0.06393752130770575,0.059914194990338177,0.039431319835429024
C000532,4,0.437385334213236,0.0,0.0,0.29842138622235637,0.0,0.0,0.0,0.26419327956440763
C000534,2,0.8771515318402944,0.0,0.09838002399423498,0.0,0.015356311207399914,0.0,0.007195334223959941,0.0019167987341108805
C000536,0,0.0,0.003238673591081838,0.631955323905137,0.0,0.0,0.04344713487568393,0.2224544096498543,0.09890445797824288
C000539,3,0.0,0.6660582840332657,0.042530317016645454,0.03131592023978301,0.0,0.0,0.01679612698906093,0.24329935172124484
C000540,4,0.0,0.0,0.3615811264604786,0.0,0.0,0.1332405832790644,0.011440884613081855,0.4937374056473751
C000543,4,0.0,0.018641644425064597,0.0,0.9701667510134577,0.0,0.0,0.0,0.01119160456147772
C000544,4,0.0,0.0,0.0,0.0,0.0,0.0,0.0,1.0
C000548,0,0.0,0.0,0.0,0.23972122623168146,0.45987196229141475,0.043403204751614036,0.0,0.25700360672528977
C000549,2,0.09012862390374228,0.0,0.0,0.0076322074375793835,0.006474394947926851,0.8908898553309903,0.0,0.004874918379761173
C000550,2,0.0,0.0,0.0,0.0,0.0,0.0,0.043759227989428856,0.9562407720105711
C000551,1,0.0,0.1591951134081153,0.21300680064861846,0.5192862210123282,0.0,0.0,0.0,0.108511864930938
C000552,0,0.0,0.0,0.0,0.07907743994844,0.0,0.0,0.0,0.92092256005156
C000555,3,0.24883943077650358,0.0,0.0,0.0692891969060256,0.0,0.0,0.018716787919831623,0.6631545843976392
C000556,0,0.0,0.0,0.20372814999483546,0.0,0.0,0.4924457315682227,0.0,0.30382611843694185
C000557,2,0.1274301024573053,0.0,0.0,0.2637029540568989,0.0,0.354535741753941,0.0,0.25433120173185486
C000558,1,0.0,0.0,0.10202451608312935,0.0,0.0,0.0,0.0,0.8979754839168707
C000559,4,0.0,0.0,0.0,0.2622549824793561,0.0,0.5132118064517988,0.14628017519571124,0.07825303587313392
C000561,1,0.0,0.0,0.0,0.0,0.0,0.0,0.0,1.0
C000563,0,0.0,0.0,0.0,0.23968505615504776,0.0,0.5996195371230706,0.0,0.16069540672188165
C000564,1,0.0,0.0,0.0,0.07323094375123702,0.8595033486574511,0.0,0.007085172250505266,0.060180535340806474
C000567,3,0.9488943940293824,0.0,0.0,0.0,0.0,0.0,0.0,0.05110560597061764
C000579,2,0.10758389684242962,0.32335748901707545,0.0,0.02588672380595449,0.0,0.0,0.18640311870642687,0.3567687716281136
C000580,3,0.8345957682539762,0.0,0.0,0.03534467947283491,0.12726039408887915,0.0,0.0,0.002799158184309758
C000586,2,0.0,0.0,0.0,0.0,0.005384730516256897,0.0,0.7060685868494552,0.28854668263428795
C000587,0,0.0,0.43964119216012065,0.3296145939371857,0.0,0.06677187432054213,0.13524216680746753,0.0,0.028730172774684037
C000588,1,0.6434225718130011,0.0,0.0,0.0,0.0,0.0,0.0,0.3565774281869989
C000592,3,0.0,0.0,0.0,0.09906645461978277,0.7951994643453062,0.0645925581090736,0.0,0.04114152292583739
C000596,3,0.9037908841746167,0.0,0.0,0.0,0.0,0.0,0.0,0.09620911582538327
C000597,4,0.644343625390093,0.0,0.0979011224935267,0.0,0.0,0.0,0.004461299911586059,0.2532939522047942
C000599,4,0.0,0.0,0.15335877812649953,0.16852688817738662,0.0,0.0,0.0,0.6781143336961138
C000600,2,0.09062612487707014,0.0,0.0,0.0,0.18975423190219426,0.0,0.5777184674332966,0.141901175787439
C000602,2,0.0505720068805106,0.0,0.0,0.0,0.0,0.07224362682799934,0.0,0.8771843662914901
C000605,3,0.40570947188606726,0.0,0.0,0.46535347056957177,0.024538318599607836,0.03845455558054657,0.0,0.06594418336420649
C000606,1,0.0,0.0,0.0,0.0,0.0,0.0,0.8843612014281689,0.11563879857183113
C000607,2,0.8855519295267631,0.0,0.0,0.0,0.0,0.0,0.0,0.11444807047323691
C000609,3,0.6399424646121283,0.0,0.1852018798381826,0.0,0.0,0.0,0.010826417088387583,0.16402923846130146
C000612,2,0.0,0.8423524470125003,0.10113457770977656,0.0,0.0,0.0,0.0,0.05651297527772314
C000615,1,0.0,0.2638204117109426,0.0,0.0,0.0,0.34362609164732316,0.3488374464954795,0.04371605014625479
C000617,1,0.039888611638243296,0.0,0.036851036099933,0.0,0.0,0.0,0.0,0.9232603522618237
C000618,2,0.0,0.0,0.0,0.0,0.0,0.9113584728261545,0.013729564618457559,0.07491196255538801
C000620,0,0.02472925347305019,0.0,0.6210821166685423,0.0,0.0,0.0038687953262373665,0.1436160898760651,0.20670374465610497
C000621,0,0.0,0.0,0.0,0.0,0.0,0.0,0.6411967516800515,0.3588032483199485
C000622,3,0.021802534967815215,0.0,0.008027456044155246,0.3352204486265097,0.24635746185605323,0.0,0.05175319105223413,0.33683890745323253
C000624,1,0.0,0.0,0.0,0.0,0.0,0.0,0.0,1.0
C000626,3,0.2609678149322981,0.0,0.0,0.0,0.0,0.08777906465697403,0.4971624812990311,0.15409063911169674
C000627,2,0.0,0.0,0.0,0.006755587570440106,0.05000396981437001,0.0,0.0,0.9432404426151899
C000629,2,0.9732023102951486,0.013985403614362716,0.0,0.004223547487792022,0.0,0.0,0.0,0.00858873860269671
C000630,0,0.0,0.0,0.0,0.0,0.0,0.031842130687093045,0.3824549751908937,0.5857028941220133
C000633,0,0.0,0.5537578715126189,0.0,0.0,0.08966451192810543,0.0,0.11756737202488667,0.23901024453438902
C000636,1,0.5449962612489985,0.0,0.41565678905425557,0.0,0.0,0.0,0.0,0.039346949696746014
C000638,1,0.055501732893771506,0.2393264625079513,0.0,0.0,0.0,0.694220885654129,0.0,0.010950918944148125
C000639,1,0.0,0.0,0.0055603842522922615,0.492495192895051,0.03390376184275807,0.0,0.0,0.4680406610098986
C000640,0,0.0,0.0,0.8958317425643613,0.0,0.0,0.0,0.0,0.10416825743563873
C000641,3,0.0,0.00029241412498561795,0.0004715219429770887,0.013577035261983015,0.06066658080066882,0.0,0.9190398761661398,0.0059525717032457015
C000644,2,0.01604649043607197,0.0,0.0,0.0,0.0,0.26089903466214337,0.5146499283090635,0.20840454659272112
C000645,1,0.05590681831131269,0.5032304834732552,0.3219181605127175,0.0,0.0,0.0,0.0147680833352782,0.10417645436743639
C000647,1,0.006743086763102486,0.0,0.09153656391076408,0.6016650638460735,0.0,0.0,0.07428655818850102,0.22576872729155884
C000648,0,0.0,0.3239528873980415,0.0,0.0,0.2964496092032664,0.0,0.011197193685353355,0.3684003097133387
C000649,2,0.0,0.6328018399384305,0.0,0.14184512120261836,0.027399827694974697,0.0,0.16305759772345976,0.034895613440516615
C000651,3,0.0,0.0,0.0,0.0,0.0,0.6782132699886015,0.29544711012600955,0.02633961988538891
C000652,3,0.16805453463679976,0.0,0.18913439359382656,0.03276245769411617,0.0,0.4227322413893674,0.18103233842352906,0.006284034262361127
C000657,2,0.0,0.0,0.0,0.0,0.0,0.0,0.6141860543428211,0.38581394565717886
C000660,4,0.019154732804991224,0.007803676715931368,0.19207111739387114,0.008249415144463727,0.0,0.0,0.0,0.7727210579407425
C000665,1,0.0,0.0,0.0,0.8424068160090303,0.0,0.0,0.0,0.15759318399096967
C000666,1,0.0,0.8469895534280203,0.0,0.0,0.0,0.0,0.0,0.1530104465719797
C000667,0,0.8730830002309122,0.0,0.040179304412675323,0.06358495477641485,0.0,0.0,0.004137414274133483,0.01901532630586411
C000668,4,0.0,0.0,0.0,0.0,0.694866843582095,0.0,0.16271925068864743,0.1424139057292575
C000669,3,0.0,0.0,0.0,0.04874963778422562,0.6482329701466814,0.0,0.0,0.30301739206909306
C000670,3,0.0,0.0,0.3173463336363066,0.0,0.0,0.0,0.6592422864605042,0.0234113799031892
C000672,4,0.8824995399205664,0.0,0.0,0.0,0.0,0.0,0.07306566885135722,0.044434791228076365
C000675,2,0.0,0.0,0.0,0.0,0.0,0.0,0.38214293933226956,0.6178570606677305
C000677,4,0.0,0.0,0.0,0.0,0.0,0.0,0.0,1.0
C000678,1,0.0,0.0,0.0,0.7518731745861493,0.17085439198146116,0.0,0.0,0.07727243343238954
C000679,2,0.07874932570583833,0.0,0.0,0.19706440460848437,0.0,0.012476415723359049,0.6412836303331839,0.07042622362913431
C000680,4,0.17967668713818744,0.09099076973236529,0.0,0.058188016174966356,0.0,0.3808316426120049,0.0,0.29031288434247604
C000681,1,0.06865896307805097,0.0,0.0,0.008997433674899713,0.0,0.0,0.2668464133780539,0.6554971898689954
C000682,0,0.1213599281444597,0.10362321856381476,0.6875299648918757,0.0,0.025603435303299452,0.0,0.00274127094202803,0.05914218215452238
C000683,3,0.12723052079612826,0.33183783111606985,0.0,0.0,0.0,0.0,0.49413601204594115,0.046795636041860766
C000684,3,0.6284062538975759,0.0022100867040160126,0.0,0.34365960674451224,0.0,0.0,0.0,0.02572405265389588
C000694,4,0.1286642249271368,0.05512940457231613,0.0,0.0,0.0,0.0,0.0,0.8162063705005471
C000696,2,0.0,0.0,0.026636263849284292,0.0,0.95140973352172,0.0,0.0,0.021954002628995717
C000699,1,0.0,0.013491630979345907,0.0,0.0,0.0,0.0,0.8870894573980829,0.09941891162257122
C000700,3,0.0,0.0,0.1505355462960028,0.0,0.7164222566061951,0.0,0.0,0.13304219709780218
C000701,3,0.024145290923605244,0.3714653995599343,0.0,0.006820532063588993,0.4791298723740962,0.0,0.0,0.1184389050787753
C000702,3,0.0,0.0,0.05115868656483005,0.0,0.0,0.040713872107422625,0.0,0.9081274413277474
C000705,4,0.0,0.09851703074833892,0.0,0.0,0.0,0.0,0.5090534620928608,0.3924295071588002
C000707,0,0.0,0.0,0.0,0.0,0.0,0.8087960031472985,0.0,0.1912039968527015
C000709,1,0.0,0.0,0.15337620321231463,0.0,0.0,0.8101064498221917,0.0014219654126586489,0.03509538155283509
C000712,0,0.2369311278776576,0.1409898899446359,0.0,0.0,0.33525076764333284,0.0,0.0,0.2868282145343737
C000713,2,0.0,0.10442022611684337,0.0,0.2612625488636206,0.0535422153053037,0.33480044701993666,0.16068080939042176,0.08529375330387401
C000717,3,0.16659942772634048,0.0,0.6718031726420369,0.0,0.0,0.0,0.0,0.16159739963162256
C000721,1,0.0,0.0,0.0,0.0,0.19376788644240228,0.0,0.0,0.8062321135575977
C000725,3,0.36814809302437135,0.0,0.0,0.0,0.18463292626081085,0.4219471865297202,0.0,0.025271794185097618
C000728,1,0.0,0.41930079462074177,0.5496693006882646,0.015186230264216283,0.0,0.0,0.0,0.015843674426777365
C000732,1,0.016510372450874045,0.0,0.0851293663901474,0.0,0.0,0.0,0.0,0.8983602611589786
C000734,0,0.0,0.0,0.0,0.0,0.0,0.0,0.8846148714477106,0.11538512855228944
C000735,4,0.0,0.0,0.7964757780096424,0.0,0.0,0.0,0.08574104420847953,0.11778317778187808
C000737,2,0.0912064358586594,0.0,0.30925779824768845,0.0,0.0,0.46202337730820675,0.0,0.13751238858544546
C000738,2,0.0,0.0,0.0,0.0,0.0,0.09605982252091637,0.0,0.9039401774790836
C000743,1,0.02763985750964794,0.035417311324993046,0.0,0.0,0.0,0.0,0.0,0.936942831165359
C000746,0,0.0,0.0,0.0,0.032064554344421986,0.0,0.0,0.015942553223628704,0.9519928924319493
C000747,1,0.0,0.0,0.5274731904766603,0.0,0.0,0.0,0.3087854782172104,0.16374133130612933
C000749,0,0.2024845423664527,0.11969447373068108,0.5254316965214568,0.0,0.0,0.0,0.0,0.15238928738140944
C000750,2,0.0,0.0,0.0213190682662437,0.0,0.0,0.0,0.0,0.9786809317337563
C000756,1,0.0,0.0,0.0,0.0,0.8709814302070764,0.0,0.0,0.1290185697929236
C000758,0,0.0,0.0,0.0,0.0,0.09884063759895224,0.008683328995114831,0.0,0.892476033405933
C000761,1,0.5605432302226807,0.0,0.0,0.2604454001135187,0.0,0.0,0.0,0.1790113696638006
C000763,0,0.3080614126400816,0.0,0.0,0.0,0.0,0.0,0.5414856112405737,0.15045297611934472
C000764,0,0.0,0.0,0.6704445882035655,0.0,0.061445609423639795,0.03412107424710745,0.01396235837170916,0.22002636975397827
C000766,3,0.0,0.0,0.0,0.0,0.0,0.0,0.14763452624495169,0.8523654737550483
C000769,3,0.0,0.0,0.023008915811049167,0.15269032662107726,0.0,0.0,0.0,0.8243007575678736
C000771,3,0.0,0.0,0.0,0.0,0.0,0.0,0.872419155190627,0.12758084480937304
C000772,0,0.0,0.0,0.6413031284815659,0.09753810717333755,0.0,0.0,0.19157734199673304,0.06958142234836351
C000775,3,0.0,0.0,0.0,0.0,0.0,0.0,0.0,1.0
C000776,1,0.0,0.003009977437574611,0.0,0.702364853350939,0.0,0.0,0.11244875296742791,0.18217641624405845
C000778,0,0.3616487114599989,0.02384766786005432,0.0,0.0,0.0,0.30734447117310926,0.0,0.30715914950683754
C000781,1,0.0,0.0005476671823378267,0.11434061126982839,0.8686299874736952,0.0,0.0017918768053367994,0.0,0.014689857268801787
C000783,1,0.0,0.0,0.0,0.0,0.0,0.0,0.0,1.0
C000787,1,0.0,0.11531204021765543,0.0,0.0,0.783922387528132,0.0,0.0,0.10076557225421257
C000792,3,0.0,0.5044798040156575,0.0,0.03869703180842997,0.0,0.1153725199950155,0.0,0.341450644180897
C000793,4,0.0,0.060681341486861363,0.0,0.08950109354326821,0.0,0.0,0.6958675980533163,0.15394996691655405
C000794,4,0.0,0.1911168505587978,0.0,0.03488053227556839,0.6522711436799068,0.0,0.007294081194972502,0.11443739229075445
C000799,0,0.0,0.0,0.0,0.0,0.0,0.0,0.07486708569186154,0.9251329143081385
C000800,4,0.014329897052356919,0.0,0.0,0.0,0.6048153437386571,0.2452218404688575,0.0,0.1356329187401285
C000805,3,0.0045133796081325075,0.919994603060879,0.0,0.0,0.05392970383066855,0.0,0.0006060928158212007,0.02095622068449876
C000807,2,0.06918369402418618,0.0,0.0,0.0,0.5746806462090343,0.0,0.0,0.3561356597667795
C000808,2,0.0,0.0,0.0013089643525823944,0.0,0.013162274558060115,0.5255622693669306,0.1604512457511881,0.2995152459712388
C000815,3,0.0,0.0,0.0,0.0,0.0,0.2355376268484011,0.0,0.7644623731515989
C000819,3,0.6899749529451243,0.0,0.2311791777437694,0.0,0.0,0.0,0.0,0.07884586931110626
C000821,1,0.0,0.0,0.18345705335568563,0.7824618440401078,0.0,0.0,0.012886933380394837,0.021194169223811787
C000822,2,0.08936527179608866,0.0,0.0,0.01941461227731013,0.0,0.0,0.0,0.8912201159266012
C000823,2,0.4979237271193662,0.15253890774553366,0.0,0.0,0.0,0.01282469600347244,0.26886489674904007,0.06784777238258766
C000826,0,0.12016455405270737,0.07095243882918802,0.10685326140112665,0.0,0.0,0.6046817414675126,0.0,0.09734800424946533
C000827,3,0.0,0.0,0.1787803793300977,0.0,0.0,0.0,0.0,0.8212196206699023
C000829,3,0.0,0.0,0.0,0.0,0.0,0.0,0.0,1.0
C000831,4,0.0,0.009392313753470645,0.6728047981462546,0.017381538275633445,0.0,0.2569555993174733,0.009812963204521276,0.03365278730264676
C000832,4,0.2668015282813331,0.0,0.08463540175289817,0.0,0.0,0.0,0.31849157436969766,0.3300714955960711
C000835,0,0.48920723371256225,0.0,0.0,0.14636684750119677,0.02482255998965164,0.11123356541180021,0.16020975920963654,0.0681600341751526
C000836,0,0.20269022831347164,0.039037184688669006,0.0,0.0,0.0,0.0,0.7433968352806726,0.014875751717186803
C000837,4,0.0,0.0,0.3785753626130203,0.0,0.07969418961915174,0.48663380299042264,0.008555337446951543,0.046541307330453696
C000840,4,0.0,0.0,0.0,0.0,0.9324566776192543,0.0,0.0,0.06754332238074567
C000841,2,0.652263230526724,0.1197559181464449,0.0,0.014494740597720693,0.0,0.02037773694540215,0.0,0.19310837378370826
C000842,4,0.0,0.0,0.0,0.3252619720412977,0.05780125440455979,0.3810380851736776,0.0,0.2358986883804649
C000843,2,0.0,0.0,0.0,0.0,0.2628584045810427,0.0,0.0,0.7371415954189573
C000844,4,0.12446977089530459,0.06108915693391748,0.0,0.7114730007417039,0.06995036381939776,0.0,0.0,0.03301770760967615
C000850,1,0.0,0.0,0.0,0.7994504974154131,0.0,0.0,0.0,0.20054950258458693
C000851,4,0.0,0.1546403930659147,0.0,0.0,0.15704002720784693,0.663948884370947,0.0,0.02437069535529135
C000854,0,0.0,0.12910771514984035,0.3258136935457999,0.0,0.0,0.3769340846035033,0.08632873680265703,0.08181576989819939
C000856,1,0.05452392980648507,0.020616331090378016,0.0,0.0,0.0,0.26132639101523036,0.0,0.6635333480879065
C000857,2,0.23021687196525678,0.09853490594291422,0.0,0.0,0.0,0.0,0.54916514978462,0.12208307230720894
C000858,3,0.16062739775383827,0.0,0.0,0.8050871264586822,0.0,0.0,0.0,0.034285475787479536
C000859,3,0.0,0.0,0.6429858400302338,0.3135092419406083,0.0,0.0,0.0,0.04350491802915779
C000862,2,0.0,0.0,0.0,0.33647233516783703,0.0,0.5148982491557754,0.0,0.14862941567638754
C000865,2,0.0,0.0,0.027264048199352235,0.0,0.22423684176387162,0.0,0.0,0.7484991100367762
C000868,2,0.0,0.0,0.0,0.021249829542051415,0.0,0.10597172493055147,0.0,0.8727784455273971
C000873,4,0.11371605006940692,0.0,0.0,0.0,0.0,0.0,0.6663263177256052,0.21995763220498787
C000874,2,0.07903373867048682,0.22484824717619636,0.24405618296161097,0.26337114028609604,0.03844124340454068,0.0,0.04048381461684829,0.10976563288422092
C000877,1,0.006432105353616777,0.002475789828422119,0.0,0.0,0.0235458297385611,0.8544880686928483,0.0158665938635449,0.09719161252300679
C000878,1,0.06574643410640031,0.0,0.0,0.0011639254559127083,0.0,0.8154946269572204,0.10828257370591814,0.009312439774548431
C000880,1,0.0,0.0,0.0,0.0,0.0,0.013062706181453524,0.944610734699115,0.042326559119431395
C000883,3,0.0,0.22105071112814956,0.0,0.0,0.0,0.17167009816956408,0.44360802013226663,0.16367117057001979
C000885,0,0.2430702347974485,0.0,0.0,0.268384536799379,0.13101813137054105,0.3177706156126191,0.0,0.03975648142001231
C000886,0,0.0,0.04926612522396579,0.0,0.0,0.0,0.008372337344609826,0.9077208971332557,0.03464064029816871
C000887,3,0.8037587597706293,0.0,0.18365481290332225,0.0,0.0,0.0,0.0,0.012586427326048533
C000889,0,0.0,0.0,0.03784628636682714,0.0,0.6991155301720837,0.0,0.0,0.2630381834610891
C000891,2,0.022326353137784635,0.10712354809322688,0.631122901373621,0.06834817161165677,0.0,0.08251364162641155,0.0,0.0885653841572992
C000892,4,0.0,0.0,0.8524478863198965,0.06312959269456153,0.0,0.0,0.0,0.08442252098554193
C000894,3,0.0,0.16049767035552764,0.0,0.018209311354626424,0.0,0.0,0.7742130836539812,0.047079934635864684
C000895,3,0.7558569373965137,0.0,0.025153740072635055,0.0,0.0,0.0,0.06656387262017617,0.15242544991067508
C000901,3,0.0,0.0,0.0,0.0,0.0,0.143123515376953,0.24267783638542711,0.6141986482376198
C000903,2,0.0,0.0,0.6507542840702975,0.0,0.0,0.2043149852578665,0.0,0.14493073067183604
C000904,0,0.09145385137925897,0.0,0.0,0.0,0.0,0.6419713367679533,0.006592293240964074,0.25998251861182364
C000905,2,0.0,0.0,0.07407574470827605,0.0,0.0,0.0,0.0,0.925924255291724
C000907,2,0.11674315675511461,0.0,0.16911660527080108,0.22125520909119112,0.0,0.36283620122516774,0.0,0.1300488276577254
C000911,0,0.2840998150630023,0.27260894877684577,0.0,0.0,0.06153026032868665,0.0,0.0,0.3817609758314653
C000912,1,0.0,0.04749301477939352,0.10428312388581779,0.0,0.0,0.2357168057286311,0.0,0.6125070556061576
C000914,1,0.0,0.0,0.9522383344750803,0.0,0.0,0.0,0.0,0.04776166552491967
C000916,4,0.25958090371875764,0.0,0.0,0.6704034740748167,0.0,0.0,0.0,0.07001562220642565
C000917,3,0.46524818430530934,0.0,0.0,0.015085093121239214,0.0,0.3422312251316699,0.0,0.17743549744178155
C000920,0,0.0,0.0,0.0,0.0,0.036598695263274944,0.3750131759018324,0.24595121400572845,0.34243691482916416
C000921,0,0.0,0.0,0.0,0.0,0.03487582165638055,0.0,0.6318432588582159,0.3332809194854035
C000922,2,0.13278770818495333,0.04259514384070471,0.0,0.0,0.0,0.0,0.14907997715767565,0.6755371708166663
C000923,1,0.0,0.0,0.0,0.6441811198250147,0.0,0.0,0.30065135085507877,0.05516752931990654
C000926,1,0.07561917142409504,0.7676063606257101,0.1175996595406043,0.0,0.0,0.0,0.0,0.039174808409590645
C000927,2,0.42217160055085307,0.0,0.4474290034435482,0.04489578305794909,0.0,0.0,0.0,0.08550361294764963
C000930,3,0.10515423553577258,0.0,0.0,0.0,0.0,0.36803559170034494,0.0,0.5268101727638825
C000931,2,0.0,0.037467835163852554,0.0,0.0,0.0,0.0,0.0,0.9625321648361475
C000932,2,0.0,0.10326041501675433,0.0,0.0,0.5233346337459761,0.0,0.17158471166236736,0.20182023957490225
C000933,0,0.0,0.9896876549067121,0.0,0.0,0.0,0.0012439196248376573,0.0,0.009068425468450325
C000936,4,0.10389833393550214,0.06305202829268725,0.21525805790083766,0.0,0.45123582247600164,0.09623864177711898,0.0,0.07031711561785248
C000938,1,0.19422705711096763,0.3508925534488987,0.0,0.1453774864840795,0.007770347309903201,0.0,0.059671230323191805,0.2420613253229591
C000942,1,0.0,0.08485522561155048,0.0,0.10391129936089814,0.0,0.5143992535310771,0.17298758938671915,0.1238466321097551
C000948,2,0.10079247262185863,0.0,0.03279079987344156,0.26134605875069467,0.0,0.0,0.0,0.6050706687540052
C000949,0,0.027196486168072485,0.0,0.0,0.01573211352921435,0.0,0.0,0.8640999644856548,0.09297143581705836
C000950,3,0.0,0.0,0.0,0.0,0.0,0.03158404160223676,0.030486722725962197,0.9379292356718011
C000951,0,0.08837004585407224,0.0,0.0,0.0,0.8567959048003998,0.0,0.0,0.054834049345527935
C000954,4,0.0,0.5871554700309876,0.0,0.05788739681407541,0.024318944298675167,0.30289533151102216,0.0,0.027742857345239624
C000956,0,0.0,0.0,0.0,0.0,0.0,0.13619013496574764,0.7756835298261917,0.08812633520806068
C000957,2,0.03083986692725672,0.5543947161074909,0.0,0.018422092199137634,0.37099248066734275,0.0,0.0,0.025350844098771974
C000958,1,0.0,0.0,0.0,0.0,0.0,0.8370766529770923,0.0,0.16292334702290767
C000959,4,0.0,0.0,0.0,0.0,0.0,0.0,0.43283023425294537,0.5671697657470547
C000964,4,0.0,0.20615915289483372,0.0,0.0,0.0,0.11675788995709217,0.6200394296564551,0.057043527491619006
C000965,0,0.0,0.0,0.3720129449026246,0.0,0.3346293270664126,0.0,0.0,0.2933577280309628
C000966,1,0.0,0.11392959259219211,0.0,0.04756980974759627,0.0,0.0,0.5851540397377579,0.25334655792245364
C000967,4,0.0,0.8402190185659488,0.0,0.0,0.0,0.0,0.0,0.15978098143405117
C000968,4,0.0,0.0,0.4277847190525673,0.0,0.0,0.0,0.5365660224106423,0.03564925853679035
C000971,3,0.0,0.10234944275383719,0.0,0.0,0.6111196544272532,0.0,0.19991763584799738,0.0866132669709122
C000972,1,0.0,0.0,0.029916950578665294,0.0,0.6825374318410273,0.0,0.12866095969922953,0.15888465788107786
C000974,0,0.5016447540728607,0.27828341709278726,0.09262934063657027,0.0,0.0,0.0,0.0,0.1274424881977818
C000975,4,0.04835815005584621,0.0,0.0,0.0,0.9153700525836246,0.0,0.0,0.03627179736052921
C000977,0,0.0,0.0,0.0,0.0,0.0,0.0,0.9465699954035078,0.053430004596492164
C000980,3,0.0,0.0,0.9646281282716219,0.0,0.0,0.005829193270178397,0.0,0.02954267845819969
C000981,0,0.0,0.0,0.05670486751051498,0.0,0.020536095874077905,0.02075643899908326,0.0,0.9020025976163238
C000983,1,0.10074910018752563,0.0,0.039730441138662476,0.0,0.7384268610266599,0.0,0.0,0.121093597647152
C000985,0,0.0,0.03683868399859301,0.0,0.5130812383911802,0.0,0.0,0.0,0.4500800776102267
C000988,2,0.0,0.0,0.0,0.0,0.4419661407462586,0.0,0.2231257974370943,0.3349080618166471
C000990,0,0.01644462603867517,0.0,0.06160039212059343,0.691547639775651,0.0,0.1251798219471259,0.0,0.10522752011795444
C000993,4,0.0,0.638289180746437,0.0,0.0,0.285938566399638,0.0008263048917463736,0.06332074833191303,0.011625199630265537
C000994,4,0.0,0.0,0.0,0.6054595844726852,0.0,0.0,0.12021613790755005,0.27432427761976474
C000996,1,0.023083698656601637,0.0819978487393552,0.0,0.0,0.0,0.8581441074590715,0.0,0.036774345144971576
C000997,3,0.0,0.9365783678740457,0.0,0.0,0.0,0.0,0.0,0.06342163212595431
C000998,4,0.0,0.5478734829539464,0.0,0.0,0.0,0.0,0.0,0.45212651704605356
C000999,0,0.0,0.012957291787144158,0.0,0.0,0.21457038378801277,0.013906176746398132,0.022425545833594542,0.7361406018448504
C001000,3,0.0,0.0,0.034483685521410894,0.0,0.0,0.0,0.5477948443231195,0.41772147015546957
C001002,3,0.004785289774303613,0.0,0.0,0.008938898581691026,0.8774288453766548,0.0,0.0,0.10884696626735058
C001004,0,0.0,0.0,0.0,0.485945353682035,0.0,0.14562227843288134,0.0,0.3684323678850836
C001006,4,0.8392225609019316,0.0,0.0,0.0,0.0,0.0,0.0,0.1607774390980684
C001008,4,0.0,0.7117509396468712,0.0,0.0,0.0,0.0,0.021070437648093937,0.2671786227050349
C001013,0,0.0,0.0,0.0,0.0,0.0,0.006744316518012798,0.0,0.9932556834819872
C001018,2,0.0,0.0,0.0,0.0,0.0,0.027200732037545396,0.0,0.9727992679624546
C001020,3,0.0,0.0,0.0,0.0,0.0,0.7175388277181833,0.13168272336395762,0.15077844891785908
C001021,3,0.009149403876248378,0.047575228060164794,0.0,0.0,0.0,0.0,0.0,0.9432753680635868
C001022,4,0.0,0.2555821613142133,0.0,0.0,0.0,0.028374498361248772,0.09240079671804513,0.6236425436064927
C001024,2,0.0,0.0,0.029016904375555895,0.5540726569861532,0.0,0.0,0.24842013517459852,0.16849030346369243
C001027,0,0.0,0.3483130531039122,0.0,0.43078840827716264,0.1338472929104071,0.0,0.0,0.08705124570851808
C001028,1,0.0,0.043955466151100936,0.0,0.0,0.0,0.6264482712659086,0.2925808870513816,0.03701537553160894
C001029,0,0.0,0.340726210423086,0.0,0.0,0.0,0.3635818813738974,0.13036217221168833,0.16532973599132827
C001030,4,0.0,0.0,0.0,0.0,0.3268761239798836,0.0,0.13096268163060323,0.5421611943895132
C001033,2,0.02160936035706839,0.0,0.0,0.0,0.0,0.0,0.5908928619776869,0.38749777766524474
C001035,1,0.0,0.0,0.4079960337935056,0.0,0.0,0.4487493587052489,0.0,0.14325460750124552
C001037,2,0.0,0.08774290483714528,0.0,0.031188614806208013,0.03531004259497722,0.0,0.0,0.8457584377616695
C001038,2,0.0,0.0,0.0,0.09905423977937292,0.4096487060521909,0.0,0.10139900117439941,0.3898980529940368
C001040,4,0.0,0.04912237797384074,0.1736318862609414,0.01273927567251581,0.0,0.6939479981163955,0.0,0.07055846197630655
C001043,4,0.7707542877860628,0.0,0.0,0.05669605310721158,0.027811406454430122,0.12357796111419352,0.0,0.02116029153810195
C001046,2,0.0,0.9548395609665656,0.0,0.0,0.0007569089900413296,0.0,0.037792383936297816,0.006611146107095234
C001050,3,0.0,0.18293664217241806,0.03832102787829113,0.0,0.3750673623853774,0.04078381621729685,0.0,0.36289115134661654
C001051,1,0.0,0.0,0.0,0.03784370005698558,0.5186228303397648,0.058893072568504796,0.0630837534813601,0.32155664355338476
C001055,2,0.0,0.0,0.0,0.0,0.0,0.0,0.0,1.0
C001056,1,0.0,0.0,0.22101403594624924,0.09465890489756193,0.6379397801070782,0.004094574428851824,0.0,0.0422927046202588
C001060,1,0.0,0.0,0.4392610508775431,0.0,0.0,0.0,0.0,0.5607389491224569
C001061,4,0.09776234625023325,0.0,0.0,0.0,0.037342165624631656,0.0,0.12632814477007492,0.7385673433550601
C001062,0,0.0,0.0,0.0,0.0,0.33307508916093376,0.028702976928941047,0.07770818467614592,0.5605137492339793
C001063,4,0.8431236044605166,0.0,0.0,0.0,0.013497049024766205,0.0,0.0,0.14337934651471718
C001064,4,0.0,0.0,0.03350542941905121,0.0,0.0,0.9569531939485305,0.0,0.009541376632418275
C001066,0,0.0,0.0,0.0,0.0,0.7821264124909133,0.0,0.0,0.2178735875090867
C001067,2,0.0,0.010433654276004399,0.0,0.009124416108047264,0.0,0.0,0.0,0.9804419296159483
C001068,2,0.018616206292174423,0.0,0.9524425761934346,0.0,0.0,0.0,0.0,0.028941217514390938
C001072,0,0.28205555149266154,0.5706841976294966,0.0,0.0,0.0,0.0,0.0,0.14726025087784178
C001074,0,0.0,0.0,0.0,0.0,0.0,0.18565942344879005,0.7494326277273684,0.06490794882384154
C001075,0,0.0,0.006535451614142937,0.03539900040825433,0.0,0.0,0.0,0.0,0.9580655479776027
C001077,1,0.006839770090691783,0.18897279624835103,0.0,0.0,0.0,0.0,0.6485055490782868,0.1556818845826704
C001080,2,0.2633972918068534,0.0,0.0,0.0,0.3515654956618255,0.0,0.0,0.38503721253132106
C001084,4,0.0,0.0,0.11432549573331943,0.0,0.0,0.7629696696745746,0.09547698261932024,0.027227851972785766
C001086,0,0.18561490683124474,0.008958140522672454,0.026914181229683996,0.0,0.0,0.013289819786936668,0.012028676025280648,0.7531942756041815
C001088,1,0.16421012289571443,0.16803540669029318,0.0,0.0,0.0,0.0,0.6403413822372773,0.02741308817671506
C001090,4,0.042998090100404146,0.0,0.0,0.0,0.0,0.0,0.08499058618308071,0.8720113237165151
C001092,2,0.0,0.0,0.5028386974797924,0.4369893249367633,0.0,0.0,0.0,0.06017197758344439
C001093,3,0.0,0.0,0.8319780372342434,0.0,0.0,0.0,0.0,0.16802196276575665
C001095,2,0.0,0.773667169461467,0.0,0.0,0.0,0.0,0.0,0.22633283053853304
C001096,1,0.0,0.0,0.0,0.359897718034961,0.0,0.4203430352428139,0.0,0.21975924672222513
C001098,3,0.2615756997081634,0.0,0.68853793198154,0.0,0.0,0.0,0.0,0.04988636831029658
C001100,1,0.0,0.0,0.0,0.0,0.0,0.0,0.8766467775663173,0.12335322243368274
C001102,1,0.50875149162331,0.0,0.0,0.0,0.0,0.0,0.08689062164846106,0.4043578867282289
C001106,4,0.01622699377341336,0.0,0.758342190503136,0.15468982984206492,0.044748332447048136,0.0,0.0,0.025992653434337543
C001108,4,0.0,0.8110986149212903,0.0,0.0,0.033169287301488895,0.0,0.0,0.15573209777722075
C001109,0,0.0,0.10346891623570954,0.0,0.0,0.6790847571562637,0.0,0.0,0.21744632660802676
C001110,0,0.2387717180063245,0.1395326105434005,0.0,0.0,0.0,0.0,0.0,0.621695671450275
C001112,1,0.0,0.1860986312258924,0.0,0.3665567036385601,0.003501215750920648,0.22208501662368035,0.0,0.22175843276094653
C001113,4,0.0,0.0,0.0,0.0,0.8055301084948278,0.0,0.0,0.19446989150517224
C001115,0,0.0,0.0,0.05682014344830158,0.0,0.0,0.0,0.6893234757436423,0.25385638080805617
C001119,4,0.0,0.0,0.0,0.10074455163181538,0.2109787293344906,0.0,0.0,0.688276719033694
C001120,4,0.0,0.26588155124418744,0.0,0.0,0.0,0.584097801833211,0.0,0.15002064692260153
C001121,4,0.0,0.02092013503117725,0.24459327851199433,0.045972599438513485,0.0,0.6716260327114811,0.0,0.016887954306833763
C001122,4,0.0,0.0,0.0,0.0,0.0,0.0,0.29247893731904445,0.7075210626809556
C001123,4,0.07992735015861778,0.1964287366722992,0.0,0.5250922859300472,0.0,0.0,0.017836621524850615,0.18071500571418508
C001129,0,0.0,0.0,0.14775886178269376,0.0,0.10218123863778343,0.03469287206430603,0.6805084532351967,0.03485857428002004
C001130,3,0.0,0.0,0.0007419052152963871,0.0,0.0,0.0,0.9793943507892603,0.019863743995443328
C001132,4,0.0,0.0,0.0,0.0,0.1942921787414282,0.7312030336730106,0.0,0.07450478758556112
C001134,3,0.24017136286060928,0.0,0.622571106685772,0.0,0.0,0.0,0.1037484528547482,0.03350907759887056
C001135,2,0.0,0.0,0.0,0.019353152284440744,0.04229591591096532,0.0,0.0,0.938350931804594
C001136,2,0.0,0.0,0.3316534217983487,0.0,0.01421041248705323,0.6324954438272864,0.0,0.021640721887311587
C001138,3,0.0,0.0,0.0,0.36258683088873755,0.5915628991985135,0.0,0.0,0.04585026991274899
C001139,1,0.0,0.0,0.0,0.0,0.0,0.0,0.0,1.0
C001140,1,0.594470835667512,0.19005414968320536,0.0,0.0,0.0,0.0,0.15865216737797708,0.0568228472713056
C001141,3,0.0,0.0,0.0,0.0,0.0,0.9269699755429107,0.0,0.07303002445708928
C001143,3,0.1766202917471295,0.1729875511576841,0.0,0.019316806376288027,0.0,0.5916961587563182,0.0,0.03937919196258011
C001147,2,0.0,0.0,0.9094784608829619,0.0,0.0,0.0,0.0,0.09052153911703809
C001148,0,0.07598539707690374,0.0,0.0,0.0,0.3047523285937227,0.0,0.0,0.6192622743293735
C001149,4,0.0,0.3880506399772933,0.0,0.4629410254821504,0.0,0.0,0.0,0.1490083345405564
C001151,1,0.13797239684632828,0.0,0.0,0.0,0.04259958392905769,0.0,0.0,0.8194280192246141
C001152,0,0.0,0.0,0.0,0.0,0.0,0.6117063266922855,0.2639408944077348,0.12435277889997964
C001153,0,0.0,0.0,0.2180753966101225,0.0,0.0768654326646511,0.167593836846016,0.0,0.5374653338792104
C001154,1,0.0,0.0,0.6736353824857341,0.0,0.19497639894757027,0.0,0.0,0.1313882185666957
C001156,4,0.0,0.0,0.0,0.0,0.0,0.0,0.045108797478766796,0.9548912025212332
C001157,2,0.05097375760865452,0.0,0.0,0.0,0.0,0.0,0.027920430411855518,0.9211058119794899
C001160,0,0.01688497768360518,0.0,0.0,0.0,0.5608034616015315,0.0,0.30257277176798053,0.11973878894688283
C001164,3,0.0,0.0,0.8995965919715418,0.005360402224978176,0.09223133623026743,0.0,0.0006929669840941542,0.002118702589118393
C001165,1,0.8911296154285773,0.0,0.0,0.0,0.0,0.0,0.0,0.10887038457142273
C001168,0,0.0,0.0321057589270772,0.0,0.0,0.0,0.03763900799251275,0.7608624634002001,0.1693927696802099
C001170,3,0.2847365958978923,0.0,0.0,0.0,0.0,0.6274101335575495,0.0,0.08785327054455827
C001171,2,0.12792534821873394,0.0,0.5350326658535473,0.0,0.10965837226271014,0.0,0.0,0.2273836136650087
C001172,2,0.56999901590186,0.11748654625816021,0.0,0.0,0.13004016015011308,0.0,0.0,0.18247427768986668
C001173,0,0.9388642943860209,0.04476298871634678,0.0,0.0,0.0,0.0,0.0,0.01637271689763231
C001174,0,0.03544811924825055,0.9213205134578786,0.0,0.024764513794580112,0.0,0.0,0.0,0.01846685349929078
C001175,3,0.08744013531571349,0.31731292593103144,0.0,0.0,0.0,0.031095338194409253,0.0,0.5641516005588458
C001176,0,0.8921622684939915,0.0,0.00931960174243389,0.0,0.07426746483000084,0.0,0.004059285592534357,0.02019137934103954
C001181,3,0.0027294315757434378,0.0,0.07605863176967721,0.8898976878316127,0.0,0.0,0.0,0.03131424882296663
C001182,0,0.0,0.0,0.0,0.035281991912545635,0.0,0.9298552736065966,0.0,0.03486273448085775
C001183,2,0.0,0.0,0.03847658651643615,0.0,0.31777835416143113,0.1889286237208836,0.0,0.4548164356012492
C001184,0,0.0,0.975210591681301,0.0,0.0,0.0,0.0,0.0,0.024789408318699024
C001185,0,0.0,0.0,0.0,0.0,0.572847301031643,0.3988452670602357,0.0,0.02830743190812124
C001188,0,0.0,0.0,0.0,0.0,0.0,0.24232923298614664,0.0,0.7576707670138534
C001191,0,0.0,0.0,0.0,0.0,0.27501153549743507,0.5925457805216001,0.0,0.13244268398096481
C001192,4,0.05324931972475556,0.0,0.0,0.0,0.3774477916490542,0.15805718876239233,0.0,0.4112456998637979
C001194,4,0.0,0.0,0.0,0.09626514641238323,0.09869085274797762,0.12556718708633427,0.0,0.6794768137533049
C001202,3,0.0,0.0,0.0,0.7997476703758502,0.0,0.0,0.0,0.20025232962414985
C001203,0,0.021405757443256308,0.0,0.0,0.041345036740005225,0.21713904281430238,0.41397497992293153,0.24803953319936348,0.05809564988014104
C001204,2,0.0,0.0,0.640738857939299,0.0,0.04299748875822546,0.035483263617148125,0.05601415804747409,0.22476623163785325
C001207,4,0.0,0.0,0.0,0.0,0.0,0.0,0.0,1.0
C001209,4,0.0,0.0,0.0343092904857587,0.0,0.47577322087875296,0.050822298920664206,0.3739840677386371,0.06511112197618696
C001210,0,0.07383761515321217,0.0,0.0,0.1116459945844724,0.0,0.0,0.40105556341979187,0.4134608268425235
C001211,0,0.7094584024541442,0.0,0.0,0.047625119969655925,0.03977154093841997,0.0,0.0,0.20314493663778
C001214,2,0.0,0.41155631010641114,0.4013544267062817,0.0,0.13581099245978187,0.0,0.0,0.05127827072752522
C001216,0,0.0,0.10986131892371069,0.0,0.0,0.0,0.318410371629558,0.4444085282364393,0.12731978121029197
C001220,2,0.530979960395193,0.2344520251068504,0.0,0.0,0.0,0.0,0.0,0.2345680144979566
C001221,4,0.0,0.0,0.0,0.4762732361428389,0.0,0.0,0.0,0.5237267638571611
C001222,2,0.007460714665276074,0.0,0.061474175731903793,0.0,0.0,0.9297006200772785,7.808427862574171e-05,0.0012864052469158116
C001223,3,0.0,0.48240325021795916,0.0,0.02086190333993948,0.0,0.0,0.09695451138215157,0.3997803350599497
C001224,0,0.03070925312428736,0.06335427622887178,0.32336962571547495,0.10917540235466151,0.0,0.0,0.0,0.4733914425767044
C001225,2,0.0,0.3908986018061041,0.1751134106490347,0.0,0.0,0.14942373837051431,0.0,0.284564249174347
C001229,4,0.0,0.15269013049439653,0.07603287584475596,0.0,0.7614988935782095,0.0,0.0,0.00977810008263802
C001230,3,0.06806369297851707,0.044979068322645976,0.03887268039452641,0.0,0.0,0.0,0.0,0.8480845583043105
C001232,4,0.017474935474340477,0.35440441769760644,0.0,0.0,0.15153632977356266,0.0072280800858933215,0.0,0.4693562369685971
C001234,1,0.0,0.0,0.0,0.0,0.0,0.0,0.0,1.0
C001237,0,0.0,0.8605172218609479,0.0,0.0,0.0,0.0,0.0,0.13948277813905208
C001238,0,0.032123717684156415,0.0,0.0,0.10761334644043807,0.5250060408982713,0.0,0.0,0.3352568949771342
C001239,1,0.702162444200781,0.0,0.0,0.0,0.0,0.0,0.22448652732828084,0.07335102847093822
C001241,1,0.0,0.0,0.0,0.0,0.0,0.8462352189944644,0.0,0.1537647810055356
C001243,1,0.0,0.0,0.0,0.0,0.0,0.7811917180347934,0.0,0.21880828196520663
C001244,1,0.0,0.18483561323969527,0.021912567834560803,0.0,0.0,0.18214917719304732,0.4951622766901946,0.11594036504250194
C001248,4,0.0,0.0,0.0,0.027169681873126444,0.0,0.022528452755749405,0.0,0.9503018653711242
C001249,0,0.005967989322716462,0.0,0.3847814353851186,0.0,0.5272850217296855,0.04753716813492735,0.0,0.03442838542755211
C001252,1,0.5349494504808797,0.0,0.0,0.28831764160270573,0.0,0.0,0.0,0.1767329079164146
C001254,1,0.0,0.0,0.0,0.7386647613390203,0.0,0.0,0.0,0.26133523866097974
C001255,0,0.0873976224036379,0.0901830040939165,0.0,0.0,0.7756753111161041,0.0,0.0,0.046744062386341545
C001256,1,0.39278958899037386,0.0,0.07398793931501034,0.0,0.0,0.0,0.23662960752966122,0.29659286416495456
C001258,0,0.0,0.6322540811379369,0.0,0.09068099463389376,0.0,0.0,0.0,0.2770649242281693
C001260,2,0.0,0.0,0.0,0.0,0.0,0.5257102451709078,0.08370435221776189,0.39058540261133035
C001265,4,0.0,0.5700410203756379,0.0,0.1462255316380665,0.017767931120714918,0.08165124688700946,0.021795732425781464,0.16251853755278978
C001266,1,0.8086847927553573,0.0,0.030815226915673715,0.005281321624818744,0.0,0.0,0.0,0.1552186587041502
C001267,2,0.0,0.14685419864205934,0.0,0.0,0.02237246300238038,0.0,0.3181233454931651,0.5126499928623951
C001268,3,0.011225422755172548,0.0,0.05012105474513764,0.6816898412842095,0.0,0.08976426179816338,0.0,0.16719941941731697
C001269,3,0.0,0.0,0.0,0.2831189514449675,0.0,0.0,0.0,0.7168810485550325
C001271,2,0.0,0.0,0.0,0.0,0.7025665694113562,0.0,0.0,0.2974334305886438
C001272,1,0.0435434204138282,0.0,0.0,0.0,0.0,0.0,0.05060875361306291,0.9058478259731089
C001275,3,0.0,0.0,0.0,0.0,0.0,0.035278520074106305,0.4682026947349897,0.496518785190904
C001276,2,0.0,0.0,0.0,0.0555948446119022,0.0,0.7087740806435224,0.0,0.23563107474457534
C001279,4,0.618531926181527,0.043863423163382785,0.0,0.04967567039224337,0.0,0.0,0.24606656650649547,0.04186241375635136
C001280,0,0.0,0.30967215937113823,0.0,0.0,0.0,0.0,0.3241686465488921,0.36615919407996966
C001283,4,0.0,0.12037058386725791,0.05575225405050873,0.0,0.0,0.0,0.0,0.8238771620822334
C001284,4,0.0,0.0,0.0,0.0,0.0,0.0,0.0,1.0
C001288,3,0.09825531941139586,0.3687363432578712,0.1155692302023191,0.0,0.0,0.31580097548682257,0.0,0.1016381316415913
C001289,4,0.0,0.0,0.0,0.0,0.0,0.0,0.0,1.0
C001290,3,0.0,0.0,0.5258152574631674,0.0,0.0,0.021669433137111366,0.0,0.4525153093997213
C001291,3,0.42139639891571534,0.050118591968950625,0.0,0.3865698716256352,0.0,0.0,0.0,0.14191513748969875
C001292,0,0.0,0.0,0.0,0.0,0.0,0.0,0.8916393063223034,0.10836069367769663
C001293,3,0.16496593130216655,0.08669728424746065,0.0,0.0,0.0,0.0,0.6136450445965244,0.1346917398538484
C001294,2,0.19935480635655645,0.5758308547582908,0.0,0.0,0.0,0.0,0.0,0.2248143388851528
C001299,0,0.0,0.0,0.6685928579783004,0.21149360333852973,0.0,0.0,0.0,0.1199135386831699
C001301,2,0.02950580449056572,0.009566069841063464,0.0,0.33469385442843963,0.0,0.0,0.4058792935318122,0.22035497770811907
C001306,2,0.0,0.0,0.9343104910715192,0.0,0.0,0.0,0.0,0.0656895089284808
C001307,1,0.0,0.0,0.04792714141813055,0.4164002927853192,0.1905947003308352,0.07237847986502556,0.10231593275107394,0.17038345284961554
C001308,4,0.0,0.0,0.0,0.0,0.0,0.06146703007643063,0.0,0.9385329699235694
C001310,4,0.07785607686910881,0.0,0.04164631801060055,0.2675974021088066,0.5830463819449547,0.0,0.0,0.02985382106652934
C001312,0,0.6842986317340375,0.0,0.0,0.20984879974737453,0.066958694597827,0.0,0.0,0.038893873920761046
C001316,4,0.03384079974934468,0.041675231116572745,0.01720358496139588,0.0,0.0,0.0,0.6272256180108194,0.2800547661618673
C001317,1,0.11327214015278361,0.0,0.0,0.05460858081987506,0.12239222338550927,0.0,0.0,0.709727055641832
C001318,0,0.0,0.0,0.0,0.0,0.0,0.0,0.0,1.0
C001320,2,0.4905154615085622,0.0,0.0,0.02525874919720735,0.0,0.0,0.0,0.48422578929423044
C001321,2,0.9275654191138947,0.0,0.0,0.03212696515155871,0.0,0.0,0.0,0.040307615734546665
C001322,4,0.0,0.0020881246669771855,0.0,0.38792384252709217,0.3774985166656431,0.0,0.11817805241761825,0.11431146372266932
C001323,2,0.05468600775104993,0.0,0.0,0.013194926017392628,0.6827273814374293,0.019725314702711678,0.11711028264068422,0.11255608745073231
C001324,4,0.0,0.0,0.039934800535884524,0.0,0.03861297030924129,0.0,0.0,0.9214522291548741
C001326,0,0.0,0.0,0.0,0.0,0.0,0.4985753415620021,0.0,0.5014246584379979
C001328,0,0.0,0.0,0.0,0.12053217032979767,0.05902255411921845,0.0,0.0,0.8204452755509839
C001331,4,0.021088432161824724,0.04092737686621562,0.16018019156760505,0.0,0.0,0.0,0.4790285536825798,0.29877544572177483
C001335,1,0.6349728774301051,0.0,0.0,0.0,0.0,0.0,0.23865438922720483,0.12637273334269006
C001336,4,0.0,0.0,0.04489756412325242,0.0,0.0,0.0,0.01593824212428946,0.9391641937524581
C001337,1,0.016087399864346527,0.13292302477450624,0.0,0.0,0.2955215228035119,0.5062588737780916,0.0,0.04920917877954367
C001340,1,0.0,0.0,0.0,0.0,0.0,0.0,0.5982228599494012,0.40177714005059884
C001345,1,0.47763396491592675,0.0,0.0321783412258517,0.0,0.0,0.0,0.0,0.4901876938582216
C001347,0,0.030722715151938973,0.0,0.0,0.0,0.0,0.0,0.0,0.9692772848480611
C001348,3,0.0,0.21101976681093687,0.0,0.0,0.0,0.0,0.0,0.7889802331890632
C001351,4,0.0,0.0,0.5702826560430456,0.04922195888616847,0.0,0.277059931759198,0.0,0.10343545331158799
C001354,3,0.4352758249130039,0.34660362242051257,0.0,0.0,0.003986777565020725,0.0,0.0,0.2141337751014628
C001355,3,0.0,0.0,0.039316670198891256,0.0,0.0,0.0,0.18681873600267887,0.7738645937984299
C001356,2,0.3503590648084285,0.0,0.0,0.6056283267998068,0.0,0.0,0.0,0.044012608391764685
C001359,4,0.0,0.026953519437125678,0.0,0.0,0.0,0.0,0.9165824567962757,0.05646402376659865
C001361,0,0.0,0.0,0.0,0.0,0.0,0.0,0.0,1.0
C001364,3,0.0,0.0,0.0,0.5479239835719014,0.2979632778616298,0.0,0.0,0.1541127385664688
C001366,0,0.0,0.0,0.0,0.0,0.0,0.04514570856033054,0.0,0.9548542914396695
C001367,4,0.8533903125778743,0.0,0.0,0.0,0.029226052153313777,0.0,0.0,0.1173836352688119
C001374,2,0.31966397557525295,0.0,0.0,0.0,0.0,0.0,0.0,0.680336024424747
C001377,3,0.0,0.0,0.0,0.0,0.0,0.0,0.0,1.0
C001378,4,0.16781410895423868,0.012936899726860131,0.6483403129260427,0.0,0.0,0.0,0.0,0.1709086783928585
C001380,2,0.04470506298074434,0.0,0.1395067858135895,0.0,0.0,0.0,0.17364800713846607,0.6421401440672001
C001382,4,0.0,0.0,0.09851506776235855,0.0,0.0,0.10971906345335515,0.0,0.7917658687842863
C001385,2,0.024605830602273324,0.0,0.0,0.0,0.0,0.6031315102177275,0.0,0.37226265917999923
C001386,4,0.0,0.14267971438542468,0.7747258028583708,0.028370617568375868,0.009548781426920378,0.0,0.0,0.04467508376090823
C001389,4,0.003048715428697536,0.4667844206575674,0.0,0.04150120297332713,0.0,0.0,0.329414980711877,0.15925068022853084
C001391,4,0.0,0.1208166567067565,0.0,0.0,0.8223580050631875,0.0,0.0,0.05682533823005609
C001397,3,0.12575488559525919,0.0,0.8645236723965837,0.0,0.0,0.0,0.002427423427981373,0.007294018580175754
C001399,3,0.0,0.0,0.0,0.44471646050373026,0.0,0.25460477417776095,0.07002485832031205,0.23065390699819677
C001400,1,0.0,0.0,0.0,0.011281623878567109,0.3516338518902442,0.0,0.5164870419661299,0.12059748226505873
C001402,1,0.0,0.0,0.0,0.0,0.07118685368386157,0.0,0.1578459506181596,0.7709671956979789
C001406,1,0.5613321723909168,0.0,0.0,0.0,0.0,0.2642650597633835,0.0,0.17440276784569964
C001408,3,0.01901929231655511,0.05091844223725952,0.0,0.0,0.0,0.0,0.0,0.9300622654461854
C001409,0,0.0,0.0,0.0,0.0,0.0,0.15616593242527038,0.0,0.8438340675747296
C001410,4,0.0,0.0,0.19957663889003566,0.0,0.0,0.08572545990567808,0.6656136236649122,0.049084277539374055
C001413,3,0.154930964194639,0.005376263612792093,0.6546528057231628,0.0,0.0,0.0,0.0037031954215691176,0.18133677104783696
C001414,3,0.0,0.09589239827536039,0.2342368453213325,0.0,0.6472214840229917,0.0,0.00365327682031713,0.018995995559998202
C001415,4,0.18011933960726426,0.031417930600058444,0.0,0.07470522889647856,0.0,0.0,0.0,0.7137575008961987
C001416,1,0.44793988829605036,0.0,0.0,0.0,0.0,0.0,0.0,0.5520601117039496
C001417,1,0.0,0.4739462281065045,0.0,0.0,0.0,0.0,0.3029539764603797,0.22309979543311576
C001419,0,0.07967832833801583,0.0,0.8626782761031536,0.0,0.0,0.0,0.0,0.05764339555883058
C001420,2,0.0,0.0,0.0,0.0,0.8764818681775646,0.007412125579491148,0.0,0.11610600624294432
C001421,1,0.302068795416053,0.003694482375184686,0.0,0.0,0.5680880533302883,0.0,0.0,0.12614866887847398
C001422,0,0.0,0.0,0.081851543613619,0.0,0.8648182880075009,0.0,0.0,0.05333016837888005
C001424,3,0.0,0.0,0.01157590620394213,0.5137899788949418,0.0,0.1503515990582672,0.045823598163212846,0.27845891767963604
C001427,3,0.6494720624806272,0.0,0.0,0.0,0.0,0.12288334627672279,0.0,0.22764459124265002
C001428,0,0.0020022449932381,0.07756608214122167,0.8916773172252904,0.0,0.0,0.0,0.018425349045259953,0.01032900659498992
C001433,4,0.0,0.838427095573925,0.04589198864210313,0.0,0.0,0.0,0.08977765722235881,0.02590325856161302
C001436,3,0.0,0.0,0.7194467445225663,0.0,0.0,0.0,0.17129845672766586,0.10925479874976785
C001437,2,0.635385523534466,0.0,0.0,0.0,0.023891619493631465,0.0,0.0,0.3407228569719025
C001439,2,0.3305316633031692,0.0,0.0,0.6277781061524822,0.0,0.0,0.0,0.041690230544348617
C001440,2,0.0,0.0,0.0,0.0,0.0,0.0,0.0,1.0
C001441,3,0.0,0.08388466093093831,0.7726725732062485,0.0,0.0,0.10281950478861518,0.0,0.040623261074198114
C001442,0,0.0,0.0,0.8342243563583288,0.0,0.0,0.0,0.0,0.1657756436416712
C001444,0,0.0,0.0,0.0,0.0,0.0,0.07501671626398117,0.0,0.9249832837360188
C001445,1,0.0,0.0,0.0,0.8183882753794566,0.0,0.0,0.0,0.18161172462054342
C001446,0,0.0,0.0,0.0,0.0994542834692976,0.45336767286051716,0.0,0.0,0.4471780436701852
C001448,0,0.0,0.0,0.0,0.6881780348397668,0.0,0.04088543928901339,0.0,0.27093652587121975
C001449,3,0.0,0.1571338855609417,0.6974974090739974,0.0,0.07744974650049753,0.0,0.05571531586673692,0.012203642997826503
C001450,0,0.6575420858878596,0.0,0.0,0.0,0.0,0.0,0.0,0.34245791411214044
C001451,4,0.0,0.3034379461432054,0.0,0.0,0.0,0.012848599325303434,0.13890103563972797,0.5448124188917632
C001452,2,0.0,0.0,0.0,0.06540309009848586,0.0,0.7273750722659349,0.12282048338373935,0.08440135425183981
C001453,1,0.0,0.0,0.0,0.8659588351242055,0.0,0.0,0.0,0.13404116487579454
C001457,3,0.5334447958539028,0.0,0.04615711346034065,0.0,0.2675118097668311,0.0,0.0,0.15288628091892542
C001458,4,0.6718631636469836,0.0,0.0,0.0,0.0,0.0,0.013069606780723202,0.31506722957229316
C001459,2,0.06064274261297963,0.0,0.0,0.3384075015079193,0.5673178188599267,0.0,0.0,0.03363193701917433
C001460,0,0.06672464704430238,0.05405791718426264,0.0,0.0,0.07136925295456319,0.019680804870376083,0.0,0.7881673779464957
C001461,2,0.0,0.0,0.15308323951630312,0.0,0.10207412068032476,0.0,0.0,0.7448426398033721
C001462,1,0.0,0.0,0.0,0.0,0.3502149900885132,0.03738897545501262,0.5897676546213849,0.022628379835089252
C001463,4,0.0,0.0629231569436306,0.0,0.0,0.0,0.0,0.0,0.9370768430563694
C001467,1,0.6154894733712759,0.0,0.0,0.0,0.0,0.0,0.0,0.3845105266287241
C001469,1,0.0,0.6709223298331655,0.09197173960513474,0.014668826121888232,0.0,0.02432245494079371,0.0,0.19811464949901791
C001470,0,0.3573520515609946,0.0,0.22682421037770314,0.0,0.0,0.0,0.20134674797885413,0.21447699008244814
C001472,0,0.0,0.0,0.0,0.017065696264151144,0.02519840164333176,0.03050135398377164,0.0,0.9272345481087454
C001474,0,0.7443885145669281,0.0,0.0,0.0,0.0,0.14220175276823005,0.0,0.11340973266484178
C001475,1,0.0,0.0,0.0,0.6244785601901082,0.0,0.0,0.0,0.37552143980989183
C001484,2,0.0,0.06243588647974197,0.7405634821007829,0.0,0.0,0.0,0.16617149291431274,0.030829138505162335
C001485,3,0.5079255468042981,0.0,0.09230096041443384,0.0,0.0,0.0,0.022085264593352506,0.3776882281879156
C001486,0,0.0,0.0,0.0,0.27401243307455714,0.0,0.0,0.0,0.7259875669254429
C001487,0,0.0,0.25725971028436334,0.11882522118095562,0.0,0.0,0.0,0.5573908472270171,0.06652422130766389
C001492,0,0.0,0.011614591989789737,0.0,0.08394230987430447,0.0,0.4433673689819405,0.0,0.46107572915396533
C001493,1,0.0521806846749968,0.042682823059849814,0.46942139259166776,0.13587103744335466,0.13323504854792373,0.008380171499463417,0.0,0.1582288421827439
C001497,0,0.7007778061767248,0.0,0.07025961238519081,0.0,0.0,0.06123909326549683,0.0,0.16772348817258753
C001498,3,0.39802194312061084,0.0,0.0,0.0,0.26925491731997503,0.25156599463563073,0.0,0.08115714492378334
C001499,3,0.0,0.893271974712811,0.0,0.0,0.0,0.0,0.07313034793035762,0.03359767735683139
C001500,1,0.0,0.0,0.6112980059155082,0.0,0.0,0.3138638102000966,0.0,0.07483818388439523
C001501,0,0.8290701853232274,0.0,0.0,0.0,0.0,0.0,0.0,0.1709298146767726
C001503,4,0.0,0.0,0.0,0.2154515337939294,0.3282717260909035,0.0,0.011269158987995322,0.44500758112717176
C001504,3,0.6839857733304656,0.0,0.0,0.17866075949300508,0.0,0.0,0.0,0.1373534671765293
C001506,3,0.0,0.0,0.0,0.3202869512671663,0.0,0.0,0.6379063535441103,0.041806695188723486
C001509,1,0.0,0.025556865291492585,0.044135740335807576,0.8176420977691742,0.0,0.0,0.06917061975355697,0.04349467684996866
C001513,2,0.0,0.7137125241444694,0.0,0.0,0.0,0.0,0.0,0.2862874758555306
C001514,2,0.0,0.0,0.3832828876148799,0.4916565414902725,0.0,0.0,0.0,0.12506057089484757
C001516,4,0.0,0.0,0.0,0.0,0.0,0.0,0.039757399435512805,0.9602426005644872
C001517,2,0.0,0.057461614427338346,0.09264868598729684,0.0,0.0,0.7901952086542884,0.011935624880293311,0.047758866050783055
C001520,2,0.0,0.28560674894602534,0.0,0.0,0.0,0.5143956920752212,0.0,0.1999975589787535
C001524,1,0.0,0.1772241042505873,0.0,0.5234592819028423,0.2709948262393622,0.0,0.0,0.02832178760720816
C001525,4,0.0,0.0,0.0,0.06430128196410326,0.04941122606232468,0.0,0.0,0.886287491973572
C001526,3,0.0,0.909483515579169,0.0,0.0,0.0,0.0,0.0,0.09051648442083104
C001527,2,0.3197349043098214,0.06304372718941777,0.0,0.011942590622455932,0.10913006795398165,0.4838585979482127,0.0,0.012290111976110518
C001530,4,0.0,0.0,0.0,0.6963317403621989,0.0,0.0,0.0,0.3036682596378011
C001533,3,0.0,0.016659075261103613,0.0,0.12346093199861896,0.0,0.8570483052726924,0.0010336559315189237,0.0017980315360661692
C001536,0,0.0,0.0,0.0,0.0,0.0,0.9124922614385285,0.0,0.08750773856147154
C001540,0,0.0,0.04435150026912087,0.0,0.6650402937456452,0.0,0.0,0.0,0.29060820598523396
C001548,3,0.09674908711571173,0.0,0.4031619941019191,0.0,0.39771275353142316,0.0,0.014883622850664155,0.08749254240028193
C001549,4,0.0,0.018332953976110258,0.0,0.8191238069298427,0.0,0.0,0.0,0.1625432390940471
C001554,0,0.40999704763550376,0.37791080056074694,0.048960604671261086,0.0,0.0,0.15304878861468138,0.0,0.010082758517806822
C001555,2,0.0,0.0,0.007543005771570934,0.0,0.0,0.03944620714714681,0.0,0.9530107870812823
C001560,2,0.0,0.0,0.643527362296256,0.0,0.0,0.0,0.18981099178543054,0.16666164591831345
C001561,4,0.0,0.0,0.0,0.0,0.0,0.0,0.0,1.0
C001564,4,0.0,0.0,0.829360697249258,0.0,0.0,0.0,0.0,0.17063930275074202
C001567,1,0.0,0.7826429597382047,0.040723821709767336,0.0,0.12186455075969232,0.0,0.0,0.05476866779233558
C001569,0,0.0,0.07442550422774567,0.0,0.0,0.8822319238600105,0.0,0.0,0.04334257191224389
C001570,4,0.06259567321259404,0.735562303372716,0.0,0.0,0.0,0.14528828075195954,0.015566832045451447,0.04098691061727899
C001571,0,0.0,0.11849046951000458,0.0,0.019053110687975987,0.0,0.7988262953276991,0.016114456281785604,0.04751566819253461
C001572,3,0.5179299124522374,0.0,0.0,0.06833246048451938,0.0,0.0,0.0,0.41373762706324324
C001574,4,0.0,0.0,0.0,0.0,0.0,0.07383190329311093,0.0,0.926168096706889
C001575,3,0.02526748523584234,0.0,0.0,0.8873393115028462,0.0,0.0,0.0,0.0873932032613115
C001576,1,0.0,0.0,0.0,0.13386756417061252,0.5257684286589857,0.0,0.0,0.3403640071704018
C001577,3,0.0,0.23864961082134384,0.0,0.0,0.0365542593826357,0.2490904803359912,0.41440277498516637,0.061302874474862934
C001578,2,0.0,0.24024163709795213,0.0,0.0,0.0,0.684978402376379,0.0,0.07477996052566893
C001581,4,0.02056747659786816,0.0,0.0,0.0,0.0,0.0,0.0,0.9794325234021318
C001582,3,0.04216451459004699,0.8445048470661717,0.0022912985758271253,0.0,0.0826515853324239,0.0,0.0,0.02838775443553032
C001583,2,0.0,0.0,0.0,0.0,0.5855669696271603,0.14692920520719538,0.0,0.2675038251656443
C001584,1,0.0,0.0,0.0,0.0,0.0,0.0,0.0475955759981374,0.9524044240018626
C001585,4,0.0,0.01066024995215292,0.0,0.0,0.013318489722499997,0.7987606877052587,0.08181918023988549,0.09544139238020288
C001587,1,0.0,0.0,0.0,0.03505213015842401,0.0,0.0,0.40793754355824685,0.5570103262833291
C001589,0,0.0,0.0,0.059451005589469474,0.6189010072721747,0.0,0.0,0.18570460902523572,0.13594337811312007
C001590,0,0.0,0.0,0.17487998880939254,0.6225360990201763,0.0,0.0,0.0,0.20258391217043115
C001591,4,0.0,0.0,0.8342453298366141,0.009874731507246753,0.04206535147784982,0.0024375873707963274,0.0,0.11137699980749294
C001592,1,0.0,0.0,0.0,0.0,0.0838570715684523,0.0,0.0855059444168727,0.830636984014675
C001593,0,0.0,0.0,0.5932949912521532,0.0,0.0,0.0,0.02193685944206437,0.3847681493057824
C001594,3,0.013583557493376119,0.0,0.6469623514445355,0.0,0.0,0.0,0.0,0.33945409106208835
C001599,3,0.0,0.0,0.0,0.018633863564658727,0.7355195831308232,0.0,0.0,0.2458465533045181
C001600,1,0.03601296590604599,0.0,0.0,0.5381116764278078,0.0,0.0,0.31773892385815705,0.10813643380798921
C001601,3,0.3121508461736228,0.03572960145303263,0.0,0.0,0.0,0.0,0.6219114188644592,0.030208133508885293
C001602,1,0.0,0.0,0.0,0.0,0.0,0.0,0.0,1.0
C001604,2,0.0,0.43963860448315495,0.0,0.0,0.0,0.054273277009974405,0.0,0.5060881185068706
C001607,3,0.0,0.784227581686878,0.0,0.0,0.0,0.0,0.0,0.215772418313122
C001608,0,0.0,0.8100234211437657,0.0,0.0,0.0,0.0,0.0,0.1899765788562343
C001613,3,0.01000623999249794,0.0,0.3054614514676319,0.0,0.0,0.08433699742626313,0.38194868355237716,0.2182466275612298
C001614,2,0.0,0.0,0.9393464120812702,0.0,0.0,0.0,0.027173785424223725,0.033479802494505995
C001615,3,0.0,0.0,0.18553517543734369,0.0,0.7309893766414567,0.05797346280958046,0.0,0.025501985111619163
C001616,3,0.0,0.21463366392427172,0.0,0.08712567301306934,0.0,0.6110888296478594,0.0,0.0871518334147996
C001617,0,0.0,0.0,0.0,0.6575393878621779,0.0,0.09852503790334619,0.22290491073877222,0.021030663495703594
C001618,1,0.0,0.009721846495484781,0.0,0.06386132762125626,0.0,0.0,0.0,0.9264168258832589
C001621,0,0.0,0.04869751082173926,0.0,0.0,0.3079319796614584,0.0,0.6188118473469127,0.024558662169889556
C001624,1,0.38500591348846885,0.0,0.0,0.0,0.0,0.0,0.04572109634579183,0.5692729901657393
C001625,3,0.0,0.0,0.09890579317249192,0.0,0.0,0.0,0.0,0.9010942068275081
C001626,0,0.0,0.0,0.0,0.0,0.0,0.0,0.0,1.0
C001627,0,0.0,0.0,0.0,0.35843001873030467,0.04957834220672194,0.026916647195394366,0.0,0.565074991867579
C001631,2,0.0,0.0,0.10087267720156977,0.0,0.0,0.0,0.0,0.8991273227984302
C001634,2,0.13058481950256776,0.0,0.0,0.8255397364502578,0.038074503693625375,0.0,0.0,0.005800940353549056
C001635,0,0.26788678694945095,0.06399805843543505,0.0,0.0,0.0,0.11323238658154992,0.23491197632796854,0.3199707917055955
C001639,0,0.009109335013233855,0.0,0.0,0.0,0.592455204284643,0.0,0.0,0.3984354607021231
C001640,0,0.0,0.0,0.0,0.10738522626194953,0.0,0.0,0.0,0.8926147737380504
C001641,3,0.0,0.0,0.0,0.0,0.04953057040319907,0.0,0.0,0.9504694295968009
C001642,3,0.0,0.0,0.0,0.0,0.0,0.0,0.0,1.0
C001644,2,0.0,0.0,0.0,0.030954541587755284,0.05625384255926572,0.0,0.0,0.912791615852979
C001645,3,0.0,0.13973182786113603,0.0,0.0,0.0,0.29065502753263894,0.0,0.569613144606225
C001648,2,0.0,0.0,0.03343334894009859,0.0,0.0,0.5810431017320222,0.2315473727181927,0.15397617660968643
C001650,4,0.0,0.07407326807443408,0.6791684201380462,0.0,0.0,0.0,0.0,0.24675831178751972
C001655,0,0.0,0.0,0.0,0.09577531037183366,0.5316710874648415,0.0,0.31182834199453496,0.060725260168789985
C001656,1,0.0,0.10434449972689794,0.8295895151582433,0.0,0.0,0.052036795599663455,0.0,0.014029189515195273
C001660,0,0.0,0.0,0.0,0.43517006591060203,0.0,0.0,0.0,0.564829934089398
C001662,0,0.09615036548536975,0.0,0.0,0.0,0.7835884234463601,0.03262632631105623,0.0,0.08763488475721393
C001664,0,0.0,0.0,0.0,0.0,0.4446203391315894,0.49777682863952477,0.0,0.05760283222888585
C001665,2,0.0,0.0,0.0,0.0,0.0,0.7760965824128919,0.0,0.22390341758710808
C001666,0,0.0,0.0,0.0,0.28132623639303866,0.0,0.0,0.0,0.7186737636069613
C001668,0,0.0,0.0,0.0,0.5536493027159298,0.15144023016654515,0.2469087392645443,0.0,0.048001727852980736
C001670,2,0.0,0.7391568346663215,0.0,0.0,0.0,0.04166885071458459,0.0,0.21917431461909387
C001672,1,0.0,0.0,0.0,0.7988356807405975,0.0,0.0,0.0,0.20116431925940248
C001673,1,0.0,0.0,0.23676354165337188,0.0,0.0,0.0,0.6417947833161805,0.12144167503044767
C001674,0,0.0,0.0,0.06976565550783714,0.11371880570469026,0.7768808157718845,0.0,0.0,0.039634723015588125
C001676,4,0.0,0.0,0.0,0.03287410596638677,0.0,0.4595543376908219,0.3258948795419407,0.18167667680085064
C001678,2,0.0,0.8191510007933714,0.0,0.0,0.0,0.0,0.0,0.18084899920662856
C001680,3,0.08949654361841333,0.1902713338930796,0.0,0.0,0.0,0.0,0.3375943252669696,0.38263779722153757
C001681,0,0.0,0.1415706197448121,0.0,0.0,0.0,0.0,0.4980134623559424,0.36041591789924543
C001682,0,0.0,0.0,0.0,0.0647163787994686,0.0,0.0,0.0,0.9352836212005314
C001686,0,0.0,0.0,0.007910289447084719,0.0,0.9333145188426191,0.0,0.05757007673227568,0.0012051149780205606
C001692,0,0.0,0.0,0.0,0.0,0.19026400667097132,0.5633297477538934,0.0,0.24640624557513524
C001695,4,0.0,0.0,0.12981959205883806,0.0,0.0,0.0,0.0,0.8701804079411619
C001697,3,0.0,0.0,0.03019176828376033,0.05160413380622078,0.0,0.09743114419682845,0.0,0.8207729537131905
C001699,0,0.0,0.0705526284118227,0.19351678168367017,0.10501046281621852,0.0,0.13977189782901236,0.3823264657164405,0.10882176354283568
C001700,2,0.0,0.0,0.07272419927962416,0.0,0.0,0.0,0.0,0.9272758007203759
C001703,0,0.0,0.0,0.8839735345928644,0.0,0.0,0.0,0.0,0.11602646540713557
C001704,2,0.0,0.009485956845007542,0.0,0.685657743762216,0.13788336250712846,0.0,0.0,0.16697293688564807
C001705,3,0.011908763467474586,0.0,0.0,0.05222843941455781,0.0,0.20632311537929432,0.5876619636252498,0.14187771811342342
C001706,1,0.53662551169791,0.0,0.24487798879507514,0.0,0.0,0.0,0.0,0.21849649950701489
C001707,4,0.0,0.20864129519334804,0.0,0.0,0.7447851028901388,0.0,0.0,0.04657360191651316
C001708,3,0.0,0.0,0.3087317257111382,0.3811105130770427,0.0,0.022965276726730193,0.0,0.28719248448508894
C001710,2,0.0,0.023710793902908932,0.06644323064581815,0.0,0.04910671618313295,0.0,0.0,0.86073925926814
C001712,0,0.0,0.0,0.7476712156422862,0.22929888780567637,0.0,0.0,0.0,0.023029896552037465
C001713,4,0.27235174970880943,0.0,0.02700573907141527,0.0,0.008416911706917139,0.0,0.3557600362673032,0.3364655632455549
C001715,2,0.026299529306016183,0.8263898128429588,0.0,0.0,0.018183151960091386,0.11590194298555018,0.0,0.013225562905383459
C001717,1,0.8909039686193352,0.0,0.0,0.0,0.0,0.0,0.0,0.10909603138066482
C001718,4,0.0,0.2584496825979636,0.00785481205724019,0.34955817868298966,0.2554220847221522,0.0,0.0,0.12871524193965433
C001719,3,0.0,0.8719746822448893,0.018118167621697455,0.0,0.0,0.0,0.0,0.10990715013341323
C001720,1,0.0,0.0,0.0,0.0,0.6568891166904295,0.0,0.0,0.3431108833095705
C001721,1,0.0,0.0,0.0,0.0,0.0,0.0,0.797003901328353,0.20299609867164703
C001723,3,0.0,0.0,0.0,0.0,0.0,0.0,0.7855609126076568,0.2144390873923432
C001724,3,0.0,0.6008426472489348,0.0,0.0,0.0,0.0,0.0,0.39915735275106523
C001732,3,0.0,0.0052325100920897925,0.014622420502587106,0.0,0.06707885549315092,0.0,0.0,0.9130662139121721
C001734,1,0.137386968030622,0.0,0.0,0.0,0.0,0.0,0.0,0.862613031969378
C001735,4,0.10483844320470445,0.6020681897005157,0.0,0.0,0.06167165080017274,0.0,0.21951721773785693,0.011904498556750132
C001736,0,0.0,0.0,0.0,0.0,0.7030307655034636,0.019525857652788525,0.0,0.27744337684374787
C001737,1,0.3399051009097916,0.3592917523801993,0.011825126231813834,0.0115489387741005,0.0,0.0,0.018868751725361517,0.25856032997873335
C001740,1,0.6440826962887142,0.0,0.0,0.0,0.02661494444129454,0.0,0.0,0.3293023592699913
C001742,4,0.0,0.0,0.0,0.0,0.0,0.8571266499853826,0.0,0.14287335001461743
C001744,4,0.0,0.019310844910059435,0.07949713213561918,0.0,0.0,0.5684140562143706,0.2839634978370959,0.0488144689028549
C001749,1,0.9322167993663197,0.0,0.0029425223715494895,0.013979455178820602,0.0,0.0,0.04732493125144405,0.0035362918318662118
C001751,3,0.0,0.0,0.11883234042253914,0.0,0.0,0.0,0.752762927046042,0.12840473253141893
C001753,1,0.0,0.0,0.05272125322828945,0.0,0.0,0.6471014428687938,0.0,0.30017730390291675
C001755,3,0.0,0.0,0.0,0.0,0.2845260113825608,0.0,0.488024713954814,0.2274492746626252
C001757,3,0.15689563547165547,0.0,0.0,0.0,0.3611919521371666,0.0,0.453375026577882,0.028537385813296012
C001758,1,0.7667888603355826,0.0,0.04212080467764562,0.0,0.0,0.02943401299639484,0.0,0.16165632199037705
C001760,1,0.0,0.0,0.0,0.0,0.0,0.0,0.0,1.0
C001762,2,0.39847082836111264,0.0,0.26857764072372126,0.0,0.0,0.016952218589831505,0.0,0.3159993123253345
C001765,4,0.035291728656037254,0.0,0.0,0.0,0.028523289048731987,0.023266165536193973,0.0,0.9129188167590367
C001766,4,0.0,0.5161277987230869,0.0,0.0,0.0,0.015374787417636265,0.0,0.4684974138592768
C001768,0,0.0,0.0,0.0,0.0,0.03635049615425301,0.0,0.522845929369087,0.44080357447665997
C001772,2,0.012318097721802835,0.0,0.0,0.004948601027578998,0.9511751212287527,0.0,0.0,0.0315581800218655
C001773,1,0.33820810236518917,0.0,0.0,0.0,0.0,0.0,0.0,0.6617918976348108
C001778,1,0.12292332916139327,0.07042232896217965,0.044949438688532184,0.0,0.0,0.3034786919821282,0.0,0.4582262112057667
C001779,2,0.0,0.7518875839596747,0.0,0.15925458842985976,0.0,0.009113989229112069,0.0,0.07974383838135346
C001785,1,0.0,0.0,0.0,0.0,0.5930361206584895,0.0,0.22450781538363407,0.1824560639578764
C001787,2,0.2898097271619884,0.014556663161123787,0.0,0.03610045814584066,0.0,0.6410333759312635,0.0,0.018499775599783552
C001788,0,0.45673991472907616,0.016295036874180296,0.0,0.0,0.0,0.0,0.0,0.5269650483967435
C001789,2,0.9464339496782308,0.0,0.0,0.0,0.0,0.0,0.0,0.0535660503217692
C001791,2,0.0,0.0,0.0,0.9732215501617224,0.0,0.0,0.0,0.026778449838277596
C001792,2,0.0,0.0,0.0,0.0,0.0,0.45486681462069034,0.0,0.5451331853793097
C001793,2,0.22381595336824597,0.0,0.0,0.0,0.08119091999447554,0.6709533590332694,0.0,0.024039767604009166
C001794,2,0.00424681203810493,0.0,0.0021436358139998372,0.013706449508429537,0.0,0.039042489426118064,0.9374217295044303,0.0034388837089174285
C001795,1,0.0,0.0,0.015952754068265892,0.11050369645897062,0.0,0.0,0.6063964895010533,0.2671470599717102
C001797,3,0.0,0.0,0.0,0.3485208960242579,0.0,0.0,0.0,0.6514791039757422
C001799,2,0.0,0.0,0.0,0.2362967740449871,0.002886563005175057,0.03682035565697305,0.7107014587752866,0.013294848517578228
C001801,1,0.0,0.0,0.0,0.020407231987874034,0.04181192539288594,0.27389908647139694,0.0,0.6638817561478431
C001802,3,0.0,0.0,0.01963031913496346,0.0,0.06977882443751407,0.0,0.0,0.9105908564275225
C001806,4,0.06406923652448987,0.0,0.21290909604570027,0.0,0.42712522956671306,0.0,0.0,0.29589643786309683
C001809,0,0.1862842120752577,0.09957071070157059,0.05128468062534809,0.10064685617965236,0.0,0.1618066452818613,0.0,0.40040689513631
C001810,4,0.0,0.6759229283298003,0.0,0.0,0.25466758749600865,0.0,0.0,0.06940948417419102
C001813,2,0.0,0.0,0.8485667368723306,0.0,0.0,0.0,0.0,0.15143326312766936
C001815,4,0.0,0.9442739903044474,0.0,0.0,0.0,0.0,0.0,0.055726009695552636
C001817,0,0.12228620825748106,0.0,0.0,0.0,0.22565608942411347,0.013020827067565872,0.4466895824523742,0.1923472927984654
C001818,0,0.0,0.3834810832759948,0.25414640794115056,0.0,0.0609121729843398,0.0,0.14440530100431945,0.15705503479419536
C001820,4,0.0,0.0,0.6278456726814917,0.0,0.0,0.0,0.0,0.3721543273185083
C001824,1,0.18905073059769667,0.0,0.6245390034219831,0.0,0.0,0.0,0.0,0.18641026598032018
C001826,1,0.0,0.0,0.0,0.0,0.0,0.0,0.291297175512365,0.708702824487635
C001827,1,0.0,0.35129525970542586,0.0,0.0,0.12441315528218125,0.0,0.0,0.5242915850123929
C001832,3,0.26801493309220503,0.0,0.29687048831009893,0.0,0.015869868043110802,0.0,0.337669414065193,0.0815752964893921
C001834,3,0.08363195150656787,0.0,0.0,0.5241351445414097,0.0,0.0,0.0,0.39223290395202237
C001838,4,0.0,0.6854105511486273,0.0,0.0,0.2421171349308105,0.0,0.0,0.0724723139205623
C001840,2,0.042497208624361765,0.0,0.0,0.0,0.0,0.0,0.08557622160094983,0.8719265697746884
C001841,3,0.0,0.0,0.0,0.0,0.8993969740392262,0.0,0.0,0.10060302596077375
C001843,1,0.0,0.0,0.0,0.01825261656457658,0.0,0.32346158950463877,0.4885998834305248,0.16968591050025994
C001844,1,0.2994753844677706,0.131079973958707,0.0,0.2641481946833835,0.0,0.0,0.13481362535276542,0.17048282153737349
C001846,1,0.0,0.0,0.640316952763858,0.0,0.0,0.09610479343506259,0.0,0.26357825380107935
C001848,0,0.10925707321804003,0.05704340370143544,0.0,0.0,0.6060863595421273,0.0,0.0,0.22761316353839722
C001849,1,0.0,0.0,0.0,0.0,0.0,0.0,0.0,1.0
C001850,4,0.13876339049335698,0.0,0.0,0.0,0.0,0.7674024672583134,0.0,0.09383414224832964
C001851,4,0.36152757934186375,0.0,0.0,0.0,0.0,0.0,0.48377980781242147,0.15469261284571478
C001854,2,0.0,0.417037364066538,0.0,0.0,0.049022328456235345,0.0,0.07200603293706351,0.4619342745401631
C001855,0,0.0,0.0,0.039383721466814146,0.0,0.06437195332239085,0.048794773300178736,0.17802725619633,0.6694222957142862
C001856,3,0.619064071700664,0.0,0.0,0.06016334477242505,0.0,0.0,0.0,0.32077258352691096
C001857,2,0.0,0.026733187428567607,0.0,0.008927528281200473,0.07051072264369211,0.0,0.8834830475905198,0.010345514056020022
C001859,1,0.15216945005544677,0.0,0.6221963522718866,0.0,0.02601590716522865,0.0,0.0,0.19961829050743796
C001860,3,0.0,0.0,0.0,0.0,0.8611764424037786,0.0,0.0,0.13882355759622145
C001863,1,0.0,0.0,0.0,0.776771339114061,0.0,0.04884725508541816,0.0,0.17438140580052075
C001864,2,0.0,0.27568304006125594,0.28216692565922186,0.0,0.025801232149940036,0.0,0.0,0.41634880212958214
C001866,2,0.09504440292811489,0.0169892854824123,0.0,0.0,0.0,0.0,0.0,0.8879663115894728
C001867,2,0.39549560506980275,0.0,0.0,0.04756854451523921,0.0,0.18451675925300526,0.0343616121300447,0.33805747903190797
C001871,4,0.0,0.0,0.0,0.0,0.04985727981619699,0.0,0.0,0.950142720183803
C001873,2,0.3652283405130889,0.0,0.0,0.0,0.0,0.0,0.0,0.634771659486911
C001875,4,0.0,0.0,0.38747807080629587,0.0,0.23532426008320262,0.03380582642591909,0.0,0.34339184268458234
C001879,1,0.3054329781950411,0.0,0.28738247810890244,0.0,0.0,0.061863426637764285,0.05130305777000826,0.29401805928828395
C001880,3,0.0,0.0,0.018994136082812054,0.012858625136674427,0.11717868094316237,0.0,0.0,0.8509685578373511
C001881,1,0.0,0.0,0.12582652218706858,0.0,0.0,0.0,0.8643149904060099,0.009858487406921523
C001884,3,0.0,0.0,0.29203957673902864,0.5292786873056544,0.01856308165949741,0.0,0.0,0.16011865429581962
C001886,1,0.0,0.9240285268706059,0.0,0.0,0.019630796963304595,0.0,0.0,0.05634067616608951
C001891,3,0.0,0.5778826456631245,0.02469114036490883,0.39138345679676995,0.0,0.0,0.0,0.006042757175196645
C001893,2,0.0,0.0,0.0,0.7545153756534502,0.0,0.0,0.0,0.24548462434654983
C001894,2,0.40308084860438903,0.0,0.0,0.13751000017942575,0.0,0.0,0.0,0.4594091512161852
C001896,2,0.14138555922369642,0.4286378794244885,0.0955105038322639,0.0,0.0,0.3040541913171964,0.015026037281520646,0.015385828920834066
C001897,4,0.0,0.025258861864249544,0.04856190325218693,0.0,0.0,0.0,0.4266235513628715,0.499555683520692
C001898,1,0.004624792060934533,0.26233171916991554,0.0,0.0,0.02023641274085141,0.0,0.6921824400121623,0.020624636016136177
C001900,4,0.0,0.2561273689568282,0.7220410141928756,0.0,0.01841620518054915,0.0,0.0,0.003415411669747126
C001903,0,0.02935188944695649,0.2999261435162286,0.0,0.5572193511634268,0.0,0.0,0.0,0.11350261587338806
C001904,1,0.20019672278014936,0.0,0.596371691484883,0.0,0.0015770380048860388,0.08474346186965723,0.07118969646949976,0.045921389390924605
C001909,2,0.0,0.0,0.7619946814755866,0.0,0.0,0.0,0.0,0.23800531852441342
C001911,4,0.819988651861477,0.11897093289144561,0.0,0.0,0.0,0.0,0.04231971191650954,0.018720703330567856
C001914,2,0.0,0.0,0.2298306395648226,0.06898074190240985,0.0,0.0,0.3473062808626671,0.35388233767010036
C001921,4,0.0,0.0,0.0,0.08467972142999648,0.021389656936008063,0.0,0.0,0.8939306216339955
C001922,3,0.0,0.0,0.07048265433713545,0.8320717983893192,0.03536235162422492,0.0,0.0,0.06208319564932041
C001923,0,0.0,0.0,0.0,0.0,0.734916169602451,0.0,0.20794078614337175,0.057143044254177267
C001928,4,0.0,0.0,0.0,0.240391531607131,0.0,0.0,0.0,0.759608468392869
C001929,4,0.0,0.0,0.0,0.0,0.8907821368009242,0.0,0.0,0.10921786319907578
C001930,2,0.1438267178854809,0.03737258003955253,0.625116664012507,0.0,0.0,0.0,0.0,0.1936840380624596
C001931,4,0.0,0.0,0.03221714249011187,0.0,0.0,0.0,0.2219477338778674,0.7458351236320208
C001932,0,0.3009778670797665,0.0,0.0,0.00807888530498896,0.0,0.244693087634519,0.0,0.4462501599807256
C001933,0,0.0,0.0076967310259148875,0.05339853250980865,0.05272315378664665,0.0,0.6750167493382696,0.18885833075561675,0.02230650258374345
C001934,1,0.04014243650215037,0.06405418120274403,0.025307873030782097,0.0,0.014354447698193305,0.0,0.0,0.8561410615661302
C001935,4,0.0,0.0,0.0,0.0,0.20558326752152792,0.0,0.7170705578930712,0.07734617458540094
C001937,3,0.02961833824476083,0.0,0.7834952868260981,0.0,0.09414980365190109,0.0,0.0,0.09273657127724
C001939,4,0.18557456722054114,0.0,0.0,0.0,0.0,0.0,0.0,0.8144254327794589
C001940,1,0.0,0.0,0.0,0.7876783415562234,0.0,0.0,0.12453031979278428,0.08779133865099231
C001942,0,0.0,0.16949244782042505,0.13812462538373158,0.0,0.5478550902549136,0.0,0.0,0.1445278365409297
C001943,0,0.0,0.15060428029572892,0.7446265186702957,0.0,0.0,0.0,0.06476725220094637,0.04000194883302899
C001947,3,0.11207993038483575,0.0,0.1599086365360622,0.0,0.2666508793450084,0.0,0.0,0.4613605537340937
C001948,4,0.0,0.5189818032910198,0.015707958538227023,0.0,0.0,0.0,0.24114598782819643,0.22416425034255671
C001949,2,0.047594792081160374,0.08025272483115055,0.7312867757138125,0.011656326541439107,0.0,0.0,0.0,0.1292093808324375
C001950,3,0.0,0.8256090663780334,0.004611622518446102,0.0,0.0,0.15786655822020798,0.0,0.011912752883312394
C001951,2,0.0,0.0,0.0,0.0,0.7583337279378358,0.0,0.0,0.24166627206216418
C001952,3,0.0,0.0,0.0,0.03357175640429778,0.0,0.0,0.0,0.9664282435957022
C001953,3,0.08241663707213776,0.0,0.0,0.0,0.0,0.0,0.0,0.9175833629278622
C001955,4,0.16428927882506145,0.0,0.0,0.0,0.20030387936887906,0.573322382559726,0.0,0.062084459246333434
C001956,3,0.0,0.0,0.16355234324905182,0.013883565431596807,0.06541784194697473,0.0,0.0,0.7571462493723766
C001958,1,0.729535583929164,0.06655175860278033,0.009872082638482757,0.0,0.07270443796484842,0.008028794848309102,0.0,0.11330734201641557
C001960,3,0.0,0.0,0.1459745204445071,0.5115646053856154,0.0,0.0,0.0,0.34246087416987747
C001962,3,0.02246554946105669,0.07038910594468803,0.07925350659226975,0.0,0.0,0.16453473673306268,0.0,0.6633571012689228
C001964,2,0.0,0.0,0.0,0.0,0.0,0.0,0.6727847467325994,0.32721525326740064
C001965,1,0.8877629476127962,0.0,0.0,0.05649010020262127,0.0,0.0,0.0,0.05574695218458259
C001966,4,0.0,0.03588925569780396,0.0,0.0,0.17053704368926423,0.0,0.0,0.7935737006129318
C001968,2,0.0,0.0,0.0,0.0,0.03728130912931588,0.0,0.1331372296499984,0.8295814612206858
C001970,1,0.011588524337972587,0.0,0.0,0.6683089462150885,0.002741155668454196,0.2644937360148452,0.041112629649098995,0.011755008114540444
C001973,0,0.0,0.0,0.0,0.864107760033015,0.0,0.0,0.0,0.13589223996698496
C001974,0,0.0,0.0,0.0,0.013787515675095221,0.0,0.6738320603687014,0.0,0.31238042395620347
C001975,1,0.03496839909362251,0.24793275837089113,0.0,0.030309035857326964,0.0,0.0,0.011771518282083388,0.675018288396076
C001978,3,0.0,0.0,0.6752362150183254,0.0,0.0,0.19937062361630886,0.0,0.1253931613653657
C001983,4,0.0,0.0,0.0,0.0,0.13362804285363405,0.8604832175430015,0.0,0.005888739603364446
C001984,1,0.0,0.8784047622773095,0.0,0.0,0.0,0.0,0.0,0.12159523772269054
C001987,2,0.24100730344087942,0.0,0.0,0.07494000710781912,0.0,0.0,0.09759506881730534,0.5864576206339962
C001993,3,0.06171153927346439,0.0,0.0,0.0,0.48750629386525907,0.0,0.0,0.4507821668612766
C001994,0,0.0,0.0,0.0,0.335218503147291,0.0,0.0,0.0,0.664781496852709
C001995,0,0.0,0.11081670966959173,0.1399522617392479,0.06140108937525348,0.3564791503811719,0.0,0.04939419571961732,0.28195659311511767
C001996,4,0.015425639245726515,0.0,0.06004353257496719,0.0,0.15801319158899024,0.0,0.7631093183343619,0.0034083182559541125
C001997,0,0.11285367705024024,0.0,0.0,0.0,0.8340672545533268,0.0,0.0,0.05307906839643306
C002000,4,0.7690710667299977,0.0,0.0,0.0,0.0,0.0,0.0,0.2309289332700023
C002002,1,0.0,0.05482969596243011,0.0,0.3363029157624594,0.05966878546254604,0.0978635406569128,0.0,0.45133506215565167
C002003,1,0.0,0.07195210909523973,0.0,0.0,0.0,0.0,0.09840241495140695,0.8296454759533534
C002004,2,0.0,0.0,0.09575166918027146,0.08282156364041016,0.723027472885625,0.0,0.0,0.09839929429369343
C002005,3,0.0,0.0,0.06253027513964216,0.0,0.09719048228726654,0.7422101979276231,0.026696582696958484,0.07137246194850966
C002008,1,0.0,0.04798725062042056,0.2085157749764573,0.0,0.6858121112988587,0.0,0.023220330353021096,0.034464532751242394
C002010,4,0.0,0.0,0.15119695843690897,0.0,0.841688010768343,0.006203740766431712,0.0,0.0009112900283163583
C002012,2,0.0,0.0,0.048457974679462085,0.0,0.0,0.0,0.0,0.9515420253205379
C002013,3,0.6612288781766235,0.0,0.1279333374324034,0.0,0.02946602810069405,0.13258324936947238,0.0,0.04878850692080661
C002014,1,0.0,0.05663221692939349,0.5179904279655221,0.017935000846723132,0.0,0.3604463877559267,0.0,0.04699596650243465
C002015,3,0.7189294091870314,0.0,0.03338019644981811,0.0,0.1630076778016754,0.0,0.07027064233043533,0.014412074231039629
C002020,4,0.0,0.5474959263860832,0.0,0.03452123446920818,0.02378373001508874,0.0,0.0,0.39419910912961986
C002021,0,0.2880503366791627,0.0,0.0,0.38823999333138254,0.0,0.0,0.027171891766608607,0.2965377782228462
C002022,1,0.4100078492709381,0.0,0.0,0.0,0.06453930417269899,0.0,0.1390778418248819,0.386375004731481
C002024,3,0.0,0.21255208000630546,0.0,0.24177693731272787,0.3957035008718733,0.09937784367234556,0.0,0.05058963813674788
C002025,3,0.0,0.7431932249744662,0.0,0.018797614842403776,0.003920516638139425,0.19410934149994155,0.0,0.03997930204504907
C002026,1,0.0,0.0,0.02823053826001794,0.0435086036364668,0.0,0.02200533119742792,0.04804850224994688,0.8582070246561404
C002028,1,0.0,0.0,0.019112977756245597,0.0,0.0,0.0,0.0,0.9808870222437545
C002031,0,0.03667651154763603,0.0,0.0,0.017750793130304622,0.0,0.0,0.0,0.9455726953220593
C002033,1,0.0,0.07577532538856563,0.8871174455587453,0.0,0.0,0.0,0.0,0.03710722905268904
C002037,0,0.0,0.369003670659756,0.0,0.2230847819652537,0.24762431518792555,0.0,0.0,0.16028723218706475
C002039,2,0.0,0.0,0.0,0.0,0.7209392556581238,0.0,0.0,0.2790607443418762
C002040,4,0.0028459655879595736,0.16277302859812234,0.0,0.0,0.7755408128195869,0.0,0.0,0.058840192994331186
C002041,2,0.05252084495389172,0.0,0.0,0.8002601352513921,0.0,0.0,0.14149529453810156,0.005723725256614687
C002042,4,0.0,0.0,0.2523395841139938,0.0,0.0,0.5588730630455541,0.0,0.18878735284045212
C002044,3,0.0,0.0,0.0,0.8964946909343605,0.0,0.0,0.0,0.10350530906563948
C002045,3,0.0,0.0,0.0,0.8264594212112794,0.0,0.0,0.0,0.17354057878872065
C002046,4,0.0,0.10197115287422823,0.0,0.0,0.0,0.0,0.0,0.8980288471257718
C002049,2,0.0,0.32630132913947735,0.0,0.0,0.005518747240360746,0.0,0.5849639860425311,0.0832159375776309
C002050,2,0.05057873401132038,0.0,0.0,0.0,0.0,0.0,0.0,0.9494212659886796
C002051,4,0.0,0.025846453465948327,0.3571910545981295,0.0,0.0,0.0,0.0320733559860769,0.5848891359498453
C002053,4,0.0,0.0,0.0,0.0,0.0,0.0,0.0,1.0
C002056,0,0.0,0.0,0.0,0.0,0.8822549265941652,0.0,0.0,0.11774507340583484
C002057,2,0.0,0.0,0.005463943283597024,0.08993634174186248,0.751752159322182,0.0,0.0,0.15284755565235852
C002061,4,0.0,0.0,0.08588637199596172,0.0,0.2477722881413401,0.6293298771220436,0.0,0.03701146274065459
C002064,4,0.5804528775275333,0.0,0.0,0.0,0.0,0.0,0.3839013813859886,0.03564574108647811
C002067,0,0.44933067020696754,0.0,0.45891091963279373,0.03571612170277026,0.0,0.0,0.0,0.05604228845746839
C002068,1,0.0,0.031046573823823812,0.0,0.0,0.0,0.07450411680391707,0.1784698726177907,0.7159794367544684
C002069,2,0.7131077538143498,0.0,0.07723291124318497,0.0,0.1251813811522958,0.025797758748716912,0.0,0.0586801950414525
C002072,2,0.48303347248737566,0.44191694870346,0.0,0.0,0.0,0.0,0.0,0.0750495788091643
C002074,1,0.0,0.0,0.32317688862455807,0.41768759423655294,0.2317340100493201,0.0,0.0,0.02740150708956879
C002075,2,0.0,0.0,0.0,0.0,0.0,0.45819772022705296,0.17060767519112663,0.3711946045818204
C002076,0,0.001922680855199857,0.05864647196540732,0.0020950331880659396,0.0,0.0,0.0,0.9115184096396782,0.0258174043516487
C002078,0,0.38590823269533236,0.0,0.42548637219514723,0.012206920311825176,0.0,0.0,0.03939494541422186,0.13700352938347338
C002079,2,0.0,0.01707552092377753,0.013102502719659695,0.0,0.0,0.0,0.9547692618171709,0.015052714539391832
C002081,0,0.0,0.0,0.5123735851306273,0.0,0.26934788522149544,0.0,0.03351876656393422,0.18475976308394304
C002082,0,0.0,0.0,0.021057340812885024,0.0,0.19740195235473257,0.0,0.0,0.7815407068323824
C002084,4,0.01632573458147159,0.0,0.09669852785387417,0.37454159077920324,0.30715522282987595,0.0685514285368273,0.0,0.13672749541874774
C002085,2,0.0,0.03786620454963644,0.0,0.0,0.0,0.0,0.0,0.9621337954503636
C002086,1,0.04654163658999103,0.8866215180226341,0.03886902390837708,0.0,0.0,0.0,0.0,0.02796782147899779
C002088,1,0.34578826263704915,0.0,0.030023305496662638,0.06094569448100865,0.0,0.0,0.15694993493790296,0.40629280244737653
C002089,1,0.0,0.0,0.0,0.0,0.9030959922780266,0.0,0.0,0.09690400772197338
C002091,0,0.0,0.7241009675747954,0.1308948169943597,0.03481913122384945,0.08731375571442955,0.0,0.0,0.0228713284925659
C002094,2,0.0,0.0,0.0,0.37462662622364973,0.02605897149655963,0.0,0.579254571274222,0.02005983100556863
C002095,2,0.0,0.0,0.0,0.0,0.0,0.07945581303229476,0.0,0.9205441869677052
C002097,0,0.0,0.0,0.0,0.0,0.868167555348715,0.0,0.0,0.13183244465128496
C002098,1,0.0,0.0,0.0,0.0,0.1304943018952095,0.636261565003273,0.0,0.23324413310151748
C002100,0,0.0,0.0,0.0,0.8743930726831561,0.0,0.01705570089772792,0.0,0.10855122641911596
C002101,1,0.0,0.0,0.005143303852870716,0.07616229193459255,0.6634620237889253,0.0,0.0,0.2552323804236114
C002103,3,0.0,0.0,0.0984456681282918,0.0,0.19562154852259903,0.0,0.5581781041760379,0.14775467917307128
C002104,0,0.0,0.0,0.0,0.0,0.06509067626782788,0.0,0.0,0.9349093237321722
C002108,3,0.0,0.02243367486707668,0.5209195512218178,0.0,0.0,0.0,0.0,0.45664677391110553
C002111,0,0.0,0.0,0.0,0.0655113457862115,0.4807975328892503,0.0,0.0,0.45369112132453815
C002113,0,0.003651189269638417,0.04808416707363413,0.5657365749381108,0.0,0.015585570188373345,0.0,0.3037657700057962,0.06317672852444711
C002115,1,0.0,0.0,0.0,0.0,0.0,0.0,0.0,1.0
C002116,4,0.28223744900891146,0.0,0.5771515535123041,0.0021299365840773458,0.0,0.06745909540970974,0.006026237375611667,0.0649957281093857
C002117,2,0.8150986113728279,0.06301658103733687,0.0,0.0,0.0,0.1000063066313694,0.0,0.021878500958465774
C002118,3,0.0,0.0,0.0,0.0,0.8992017355013674,0.0,0.0,0.1007982644986326
C002119,0,0.1780344259369096,0.0,0.15561802229918026,0.637949108453508,0.0,0.0,0.0,0.02839844331040209
C002121,1,0.40429143278144825,0.0,0.0,0.09158782371904678,0.0,0.3070390255987451,0.0,0.1970817179007599
C002122,0,0.5751414509878385,0.0,0.09916525696422626,0.07867479169018865,0.0,0.0,0.0,0.24701850035774653
C002124,2,0.0,0.0,0.0,0.0,0.09776147259752005,0.04539416186896202,0.0,0.856844365533518
C002126,3,0.4363276704210372,0.0,0.0,0.3339656206956761,0.013803912617016873,0.0,0.0,0.21590279626626985
C002127,2,0.03332087580676596,0.0,0.0,0.6283474307546902,0.0,0.0,0.0,0.33833169343854386
C002128,0,0.0,0.0,0.0,0.0,0.0,0.0,0.0,1.0
C002129,3,0.0,0.0,0.0,0.05848234344122694,0.28010822716526984,0.0,0.0,0.6614094293935032
C002134,2,0.07135102592970607,0.0,0.0,0.0,0.0,0.8166977306158915,0.0,0.11195124345440244
C002136,4,0.0,0.0,0.0,0.0,0.0,0.18618149889922594,0.7045424135175596,0.10927608758321439
C002138,2,0.13304053226985263,0.0,0.0,0.0,0.5407919124023426,0.22426462164094907,0.0,0.10190293368685566
C002139,3,0.0,0.0,0.0,0.0,0.0,0.692037961269958,0.0,0.307962038730042
C002142,1,0.0,0.14860428338915857,0.0,0.6125784497179005,0.0,0.0,0.0,0.23881726689294092
C002144,0,0.0,0.0,0.0,0.9197153581099232,0.0,0.0,0.0,0.08028464189007678
C002146,1,0.0,0.0,0.05800576229232086,0.0,0.0,0.12061675012088298,0.0,0.8213774875867962
C002147,2,0.0,0.0,0.3016262803907424,0.0,0.44390051555610666,0.0,0.0,0.254473204053151
C002148,2,0.0,0.0,0.0,0.0,0.1963449984068448,0.2743476741272517,0.0,0.5293073274659035
C002149,4,0.0,0.28223443182113817,0.0,0.5756557743483675,0.0,0.0,0.0,0.14210979383049438
C002150,0,0.0341164198748526,0.0,0.0,0.0,0.0,0.0,0.0,0.9658835801251474
C002151,3,0.0,0.0,0.0,0.0,0.7408254407816207,0.09237090845937723,0.0,0.16680365075900205
C002153,0,0.0,0.0,0.0,0.0,0.0,0.7883312184692357,0.0,0.2116687815307643
C002154,0,0.0,0.7307807742233273,0.0,0.0,0.04480851777642718,0.19597104505776333,0.0,0.028439662942482236
C002157,3,0.0,0.0,0.10732827386099789,0.0,0.0,0.0,0.681550735122217,0.21112099101678516
C002158,4,0.0,0.0,0.0,0.0,0.0,0.0,0.0,1.0
C002160,2,0.0,0.03490862134882742,0.7381609269764271,0.0,0.0,0.0,0.0,0.22693045167474546
C002162,4,0.09128748002684989,0.09345728582229501,0.498753982287512,0.0,0.0,0.0,0.0,0.3165012518633431
C002163,0,0.0,0.0367156800839822,0.0,0.0,0.0,0.0,0.0,0.9632843199160178
C002165,4,0.07616489129562207,0.13031879150660627,0.0,0.0,0.0,0.38287248531463963,0.0,0.410643831883132
C002166,3,0.0,0.6460065787518325,0.0,0.0,0.0,0.0,0.08801475691790699,0.2659786643302605
C002167,0,0.0,0.0,0.21121800069129695,0.0,0.0,0.0,0.0,0.7887819993087031
C002168,2,0.0,0.0944206774835138,0.0,0.2626920150386213,0.04406050591033554,0.02203097208406804,0.3426424336790637,0.23415339580439753
C002172,3,0.02865453884589936,0.0,0.0,0.05992597091405095,0.37376960853934565,0.0,0.0,0.537649881700704
C002173,4,0.10535733351793461,0.0,0.0,0.0,0.7784965557694039,0.0,0.0,0.11614611071266145
C002174,4,0.0,0.0,0.0,0.0,0.9147623411829602,0.0,0.0,0.08523765881703982
C002175,0,0.0,0.04153589243166332,0.0,0.0,0.020505074921439766,0.020952228305748482,0.49526345882442435,0.4217433455167241
C002176,0,0.0,0.0,0.0,0.06410634646685222,0.5929371440534702,0.0,0.3222027844908741,0.020753724988803457
C002177,3,0.0,0.0,0.0,0.0,0.8457435875315243,0.0,0.0,0.15425641246847566
C002183,2,0.0,0.0,0.0,0.7960447159471454,0.10692336078279115,0.0,0.0,0.09703192327006338
C002184,3,0.29725705974476774,0.16587128352126493,0.0,0.40331281506319594,0.0,0.0,0.0,0.13355884167077137
C002187,0,0.0,0.0,0.0,0.7661363455617771,0.2143222993587221,0.0,0.0,0.019541355079500722
C002188,1,0.0,0.0,0.012983852794627852,0.08901482567284469,0.0,0.0,0.0,0.8980013215325274
C002189,0,0.0,0.43327715721385984,0.0730976365730495,0.0,0.0,0.0,0.0,0.4936252062130907
C002191,2,0.0,0.667180718931853,0.07265657220730666,0.0,0.0,0.0,0.04388547540269583,0.21627723345814442
C002194,2,0.0,0.0,0.15932028384374097,0.0,0.4991344784401668,0.03791215780276475,0.07123593284830881,0.23239714706501857
C002195,3,0.0,0.5572128615585156,0.0,0.0,0.0,0.0,0.0,0.44278713844148443
C002196,4,0.0,0.6541526075279342,0.0,0.0,0.0,0.0,0.30575349550716774,0.04009389696489807
C002197,4,0.0,0.0,0.0,0.1486146267033981,0.0,0.0,0.08241243289763302,0.7689729403989689
C002198,2,0.0,0.022390513626365877,0.0,0.0,0.0,0.0,0.02444135939105713,0.953168126982577
C002199,3,0.29773662551000857,0.0,0.0,0.10006909055268966,0.0,0.06569723454308667,0.11326092943572397,0.4232361199584911
C002200,1,0.0,0.009235046130424989,0.3929998175344514,0.0,0.0,0.4001025242880618,0.13097488978554886,0.06668772226151298
C002206,1,0.38287569210918376,0.0,0.06002482600097801,0.0,0.0,0.0,0.4806690812345425,0.07643040065529572
C002212,1,0.0,0.0,0.0,0.15901067074426084,0.5965651794330025,0.0,0.0,0.24442414982273664
C002215,2,0.034739318591690216,0.0,0.0,0.0,0.2756234760157623,0.0,0.5764691016878718,0.11316810370467567
C002216,1,0.0,0.24029480952525087,0.0,0.21356746969826246,0.0,0.0,0.33357988592677235,0.21255783484971436
C002218,3,0.0,0.7840084047647355,0.0,0.0,0.008060580945468292,0.1909244193805973,0.0,0.01700659490919887
C002222,2,0.10254040205943164,0.0,0.040260214578292174,0.0,0.0,0.0,0.0,0.8571993833622762
C002227,3,0.0,0.0,0.0,0.035938627248892234,0.12462082072057837,0.00781785373723128,0.7379358123982069,0.09368688589509122
C002232,0,0.1629555824242422,0.6010142985559096,0.0,0.08232462151544898,0.019632133254133873,0.0,0.0,0.1340733642502654
C002234,2,0.0,0.0,0.005255634620593231,0.0,0.017565634761301303,0.0,0.0,0.9771787306181055
C002235,2,0.0,0.8939418937046573,0.0,0.0,0.0,0.0,0.0,0.10605810629534274
C002236,1,0.0,0.1485523829310329,0.48484849141423214,0.0,0.27655554337506355,0.0,0.0,0.09004358227967146
C002238,4,0.6186836309336877,0.0,0.0,0.024760555335479,0.0,0.0,0.09032041397323863,0.2662353997575946
C002241,0,0.15255138982962788,0.054080817697360756,0.0,0.0,0.03309280677889249,0.0,0.6667765622318368,0.0934984234622821
C002242,2,0.0,0.0,0.0,0.14964408419332184,0.09280542510915556,0.7269858814827169,0.0,0.03056460921480575
C002243,2,0.023878196632743688,0.0,0.0,0.047190994050970936,0.004471634141558308,0.09737783707312365,0.779441939039812,0.04763939906179149
C002245,2,0.0,0.0,0.0,0.0,0.0,0.0,0.12069707491935958,0.8793029250806405
C002247,3,0.0,0.0560759198568475,0.1177408594129652,0.0,0.0,0.0,0.28917435029102395,0.5370088704391633
C002250,2,0.0,0.11802197261748985,0.24235021237288606,0.017988718689353606,0.06749112833907195,0.0,0.5273484841875712,0.0267994837936274
C002251,1,0.08149975837005823,0.0,0.0,0.0,0.0,0.7824364083987232,0.0,0.13606383323121862
C002256,4,0.16388093794087844,0.0,0.0,0.0,0.0,0.47302184547226145,0.0,0.3630972165868601
C002261,0,0.0,0.44337032750691835,0.0,0.0,0.20847086758586936,0.08033134101057904,0.0,0.26782746389663326
C002265,2,0.0,0.050905708872627346,0.0,0.0,0.0,0.0,0.0,0.9490942911273726
C002266,4,0.0,0.0,0.0,0.00497552317067451,0.8152831675646994,0.0,0.0,0.17974130926462606
C002274,0,0.0,0.0,0.0,0.1424300389541064,0.0,0.0,0.0,0.8575699610458936
C002275,0,0.12235784470475695,0.7094347341082955,0.0,0.0,0.0,0.0,0.0,0.16820742118694754
C002276,2,0.010841600259873413,0.0,0.0,0.005021231079263156,0.0,0.0,0.0,0.9841371686608634
C002277,4,0.0,0.0,0.0,0.0,0.029968506166940845,0.5403445712767417,0.0,0.42968692255631746
C002278,3,0.221584869729631,0.0,0.0,0.0,0.0,0.0,0.7066476298929881,0.07176750037738089
C002280,2,0.0,0.0,0.0,0.0,0.0,0.0,0.0,1.0
C002281,3,0.0,0.04559517554592385,0.1147525251891033,0.0,0.0,0.0,0.0,0.8396522992649729
C002282,2,0.5447801261825539,0.0620887940729101,0.0,0.28759306586521205,0.0,0.0,0.0,0.10553801387932393
C002285,2,0.0,0.0783330665433921,0.0375281542738338,0.0,0.0,0.0,0.04784544874468687,0.8362933304380873
C002286,1,0.0,0.0,0.09893927492720864,0.0,0.0694412649785802,0.5926233347274796,0.0,0.23899612536673154
C002288,4,0.07717727545962319,0.1847750551834615,0.0,0.7022851781483697,0.0,0.0,0.0,0.03576249120854569
C002291,1,0.17486695517651413,0.0973765313492177,0.0,0.0,0.0,0.0,0.0,0.7277565134742682
C002292,1,0.0,0.21756929467028296,0.07448949809383047,0.3873022203962286,0.0,0.0,0.0,0.32063898683965797
C002293,3,0.010331354439420628,0.0,0.006665685673578827,0.0,0.0,0.6318098027029128,0.0,0.35119315718408783
C002294,0,0.0,0.701847592172208,0.0,0.0,0.04985905307601241,0.1745134880726332,0.012769047543881197,0.06101081913526507
C002296,4,0.04478913602871788,0.1680308375507298,0.0,0.0,0.0,0.05290836765571018,0.0,0.7342716587648421
C002297,1,0.0,0.055226292268308205,0.0,0.0,0.0,0.0,0.9125468591081765,0.032226848623515325
C002299,0,0.0,0.04275015195032651,0.0,0.0,0.0,0.0,0.6356621947058516,0.3215876533438219
C002300,0,0.5904855766915228,0.0,0.0,0.1278686307899528,0.0,0.23548042856604878,0.0,0.04616536395247561
C002301,2,0.0,0.11038023365097041,0.0,0.6258290851903875,0.0,0.0,0.12035964796195711,0.14343103319668504
C002303,3,0.0,0.0,0.0,0.0,0.0,0.7027654630224741,0.0,0.2972345369775259
C002304,0,0.6358134678632472,0.0,0.0,0.0,0.0,0.0,0.0,0.3641865321367528
C002307,0,0.0,0.0,0.0,0.0,0.0,0.0,0.1291170553603243,0.8708829446396757
C002310,1,0.0,0.0,0.0,0.0,0.0,0.0,0.23007780964264196,0.7699221903573581
C002311,0,0.0,0.0,0.870855672894949,0.0,0.0,0.0,0.0,0.12914432710505097
C002312,1,0.0,0.01972604995242531,0.0,0.10938358059411124,0.0,0.5118191987893308,0.0,0.35907117066413263
C002313,2,0.0,0.0,0.0,0.034776336581260524,0.0,0.0514410714918193,0.0,0.9137825919269202
C002316,3,0.0,0.7923229997581258,0.0,0.0,0.016587531907927472,0.0,0.10167203043005914,0.08941743790388756
C002318,3,0.40975978797471313,0.0,0.0,0.12719233867118077,0.0,0.0,0.0,0.46304787335410613
C002320,1,0.0,0.07946358643866278,0.1870970297393542,0.009268168956043264,0.35986557802578106,0.0,0.2847082942247877,0.07959734261537099
C002321,4,0.0,0.04138621620681905,0.0,0.02326822048877829,0.0,0.0,0.0,0.9353455633044027
C002323,0,0.6408505925178115,0.0,0.0,0.12862319918340068,0.0,0.0,0.0,0.23052620829878778
C002331,4,0.0,0.0,0.0,0.0,0.0,0.9642434080372528,0.0,0.035756591962747164
C002333,3,0.033749623303360406,0.0,0.0,0.0,0.6065717979776599,0.0,0.24013226202932766,0.11954631668965199
C002335,4,0.0,0.0,0.0,0.0,0.0,0.0,0.013149246345761383,0.9868507536542386
C002338,2,0.0,0.0,0.6742358985426167,0.0,0.0,0.0,0.07427576223050533,0.25148833922687797
C002346,2,0.028524808266505632,0.0,0.360708918459114,0.033178934684722,0.0,0.0,0.0,0.5775873385896584
C002349,1,0.0,0.0,0.0,0.0,0.0,0.0,0.0,1.0
C002351,0,0.0,0.0,0.0,0.0,0.052743538216257116,0.0,0.04147433627195456,0.9057821255117884
C002353,3,0.0,0.0,0.7493450075992004,0.0,0.12785544008921554,0.0,0.0,0.12279955231158401
C002354,2,0.0,0.0,0.0,0.0,0.005907421584248686,0.9645012451944712,0.0,0.029591333221280047
C002355,2,0.0,0.0,0.0,0.07327700893739035,0.5687422984646695,0.0,0.3186678224120646,0.03931287018587559
C002358,4,0.0,0.0,0.05177141536081087,0.7918670023666824,0.10739970347916278,0.0,0.0,0.048961878793343905
C002360,2,0.07391781247885293,0.0,0.0,0.0,0.8064967520803601,0.0,0.04420261032028978,0.07538282512049721
C002361,1,0.2846915576052503,0.0,0.0,0.0,0.0,0.0,0.0,0.7153084423947498
C002362,0,0.16805570267526998,0.33969593966949807,0.0,0.33601777300146907,0.0,0.0,0.0,0.15623058465376283
C002363,3,0.0,0.0,0.09517141494659978,0.5773966441848468,0.03304385712222174,0.02747088358617522,0.0,0.2669172001601565
C002365,1,0.0,0.0,0.0,0.0,0.732298746807062,0.034512729136119656,0.01920913581516568,0.21397938824165263
C002366,2,0.2582847932456964,0.0,0.1177968632447922,0.0,0.36796129220032897,0.0,0.0,0.25595705130918245
C002367,1,0.0,0.0,0.0,0.5093336133753724,0.0,0.0,0.43980686573101846,0.05085952089360912
C002368,2,0.541301488351891,0.0,0.0,0.0,0.428319677461885,0.0,0.0,0.030378834186224113
C002370,4,0.0,0.0,0.0,0.0,0.9144615341196407,0.0,0.0,0.0855384658803593
C002371,4,0.01945689292668992,0.0,0.0,0.0,0.020204420356912972,0.0,0.0,0.9603386867163971
C002372,4,0.01639616691323805,0.0,0.0,0.0,0.06479264979154208,0.8303889886749845,0.0,0.08842219462023548
C002373,0,0.019333546625198535,0.0,0.12978610316794592,0.0,0.4618804145402629,0.005032451696274624,0.0940084755357416,0.28995900843457645
C002375,3,0.0,0.0,0.0,0.8806982219189742,0.0,0.0,0.0,0.11930177808102582
C002376,1,0.0,0.4057637519389694,0.004019832977608802,0.0,0.0,0.004185226249376532,0.49047372514925625,0.09555746368478901
C002378,4,0.0,0.04605905833727101,0.0,0.0,0.0,0.0,0.15494463498642166,0.7989963066763073
C002379,2,0.0,0.0,0.0,0.0,0.0,0.6509996959354152,0.013848506233925608,0.3351517978306592
C002380,1,0.0,0.0,0.0,0.6794486638753813,0.014436803877536859,0.0,0.0,0.30611453224708185
C002382,2,0.0,0.0,0.0,0.03735606103260008,0.0,0.37945190078080665,0.0,0.5831920381865933
C002386,4,0.0,0.0,0.1614502789687423,0.0,0.0,0.0,0.0,0.8385497210312577
C002388,0,0.0,0.3431741641744124,0.0,0.0,0.0,0.50532152835491,0.0,0.15150430747067767
C002389,1,0.028459575692470776,0.0,0.046501028285925644,0.48656751404594223,0.0,0.0,0.0,0.43847188197566134
C002394,2,0.0,0.0,0.0,0.16697723697340694,0.08724827284442008,0.0,0.6879594495886997,0.05781504059347331
C002395,0,0.18484616473503765,0.07355819094977939,0.0,0.0,0.0555824984688773,0.36185216447547075,0.2657749325961868,0.05838604877464815
C002397,0,0.0,0.0,0.8893735304872653,0.0,0.0,0.0,0.0,0.1106264695127347
C002398,4,0.40794169514822215,0.0,0.0,0.0,0.0,0.36041570266599177,0.0,0.23164260218578603
C002399,2,0.0,0.0,0.0,0.7882805538708075,0.0,0.0,0.0,0.21171944612919247
C002401,1,0.26983565352133343,0.0,0.0,0.0,0.0,0.0,0.5760025944740192,0.15416175200464732
C002402,3,0.0,0.0,0.06526414386272311,0.0,0.0,0.0,0.0,0.9347358561372769
C002404,2,0.0,0.40048348256586264,0.0,0.0,0.0,0.0,0.0,0.5995165174341374
C002405,2,0.18305439360333647,0.0,0.017191169522784478,0.7881788837897349,0.0,0.0,0.009084868716688826,0.0024906843674553647
C002406,2,0.0,0.02313075370985848,0.0,0.012551018029035698,0.0,0.6392256679593069,0.0,0.3250925603017989
C002413,4,0.0,0.0,0.14052029762285898,0.0,0.06260132094806764,0.0,0.0,0.7968783814290734
C002414,1,0.0,0.0,0.0,0.0,0.0,0.0,0.0,1.0
C002419,2,0.0,0.0,0.0,0.5798365616977631,0.0,0.0,0.3201405590008876,0.10002287930134934
C002421,4,0.12231307323733222,0.0,0.0,0.0,0.0,0.08271664850968706,0.7496133484594522,0.045356929793528566
C002424,1,0.0,0.0,0.0,0.0,0.6601471000059879,0.0,0.0,0.33985289999401214
C002426,1,0.0,0.0,0.0,0.0,0.0,0.0,0.4986712136714093,0.5013287863285907
C002428,0,0.0,0.0,0.0,0.0,0.0,0.0,0.829932438078208,0.17006756192179195
C002429,4,0.0,0.0,0.6516742525343616,0.1135145486889198,0.2108941141861363,0.0,0.0,0.023917084590582283
C002430,4,0.0,0.4308598787700532,0.0,0.024344608857870573,0.024144404910365014,0.0,0.0,0.5206511074617112
C002431,1,0.9286112636817209,0.0,0.0,0.0,0.0,0.0,0.0,0.07138873631827913
C002438,3,0.0,0.0,0.1096660579351933,0.6902235741124044,0.04759046106207911,0.0,0.004344270053830872,0.14817563683649237
C002439,3,0.07427049505801767,0.0,0.033219343709553345,0.0,0.0,0.02847897727683536,0.5363494816581982,0.32768170229739546
C002441,3,0.0,0.012761532377108043,0.6714801852964711,0.0,0.0,0.15349204189692794,0.0,0.16226624042949278
C002442,1,0.0,0.5077812245669117,0.0,0.060334986821523356,0.0,0.3805571182270297,0.0,0.0513266703845352
C002448,2,0.0,0.17719599477476342,0.0,0.009752300771215229,0.0,0.0,0.0,0.8130517044540213
C002449,3,0.0,0.0,0.0,0.0,0.0,0.9233511696220039,0.008251129968181505,0.06839770040981452
C002450,3,0.02739987254276438,0.06371684937165215,0.03188596950202894,0.0,0.0,0.0,0.0,0.8769973085835545
C002451,0,0.0,0.0,0.25801455412587043,0.03225974609671382,0.0,0.5587949674364726,0.0,0.15093073234094312
C002452,1,0.0,0.015212574222698021,0.8151307710454829,0.0719715147249359,0.0,0.046328932533851605,0.0,0.05135620747303149
C002456,4,0.0,0.0,0.0,0.05391426994604214,0.0,0.6548170215191192,0.0,0.29126870853483866
C002457,3,0.7408741682813752,0.16028886981505883,0.0,0.0,0.0,0.0,0.0,0.09883696190356595
C002458,0,0.0,0.0,0.7500945601110173,0.0,0.0,0.0,0.0,0.24990543988898273
C002460,2,0.06028480173785031,0.0,0.0921707623635106,0.0,0.0,0.0,0.0,0.847544435898639
C002461,2,0.0,0.0,0.35919392172910275,0.0,0.0,0.10094543651243935,0.20838490858320527,0.3314757331752526
C002462,2,0.0,0.0,0.0,0.651998714376979,0.0,0.16970566607417606,0.0,0.17829561954884499
C002463,4,0.20649618761862795,0.050280391372922104,0.04800239865423892,0.002857304214263076,0.061673474516004724,0.44849686870439576,0.0,0.18219337491954746
C002474,1,0.0,0.0,0.0,0.8303824835085474,0.0,0.0,0.15388786714755134,0.01572964934390131
C002476,0,0.0,0.8751554642666147,0.0,0.0,0.0,0.0,0.0,0.12484453573338528
C002479,4,0.0,0.0,0.0,0.049348715363216764,0.0,0.0,0.0,0.9506512846367833
C002485,3,0.0,0.47286579173787613,0.0,0.0,0.0,0.0,0.061094806585112536,0.4660394016770113
C002488,2,0.0,0.0,0.0,0.0,0.03914164299083235,0.0,0.0,0.9608583570091677
C002490,3,0.0,0.09890250066585043,0.7667511897087663,0.0,0.0,0.008037615451658056,0.10410469126559038,0.022204002908134735
C002491,2,0.4655195892586674,0.0,0.0,0.12904343161695248,0.0,0.0,0.2837046184047519,0.12173236071962823
C002492,2,0.0,0.0,0.0,0.4128085418901252,0.0,0.0,0.43353097405060104,0.15366048405927368
C002493,3,0.0,0.0,0.28543238907121005,0.0,0.0,0.0,0.0,0.71456761092879
C002495,0,0.24185914395772923,0.0,0.0,0.7378543456340126,0.007150679449947089,0.0,0.002481589873993789,0.010654241084317229
C002498,3,0.0,0.0,0.0,0.8462839654029551,0.0,0.0,0.0,0.15371603459704486
C002499,2,0.13141175777097427,0.0,0.00827736217187508,0.2745018987868927,0.05756343983540668,0.3495869415193128,0.0,0.17865859991553845
C002500,3,0.0,0.3369397570723209,0.0,0.0,0.0,0.11570951786256518,0.0,0.547350725065114
C002501,1,0.04646021260149634,0.0,0.0,0.0,0.17618193527862963,0.04233813093448489,0.02245080682585278,0.7125689143595364
C002503,0,0.0,0.0,0.0,0.04236511709772044,0.05869022321529121,0.04792452333287437,0.0,0.851020136354114
C002512,1,0.4109645911029832,0.16967530116139956,0.0,0.0,0.12288205691344678,0.0,0.2041605174433262,0.0923175333788443
C002514,2,0.0,0.007220148215965639,0.6996120076934701,0.03671521315701475,0.0,0.0,0.0,0.25645263093354953
C002516,3,0.0,0.0,0.0,0.0,0.0,0.6930627757836126,0.0,0.30693722421638736
C002519,4,0.0,0.0,0.0,0.0,0.0,0.0,0.8856670001095209,0.11433299989047907
C002522,0,0.0,0.0,0.0,0.0,0.1911890984465179,0.6742244858196067,0.0,0.13458641573387542
C002523,2,0.0,0.021285912869345915,0.7183633309473622,0.0,0.18612874059846943,0.06727817802153824,0.0,0.006943837563284316
C002526,4,0.0,0.06444907065105451,0.0,0.32084105463815227,0.2889177050756681,0.28175931672540133,0.007489666816704582,0.03654318609301921
C002527,1,0.11272341295826857,0.0,0.0,0.0,0.0,0.0,0.029967209132693618,0.8573093779090378
C002528,0,0.1709179452396558,0.05122262193930313,0.0,0.09145929748657454,0.3412664346340185,0.03676411656942736,0.09536336388539447,0.2130062202456262
C002530,2,0.2463950482462305,0.0,0.688548753039812,0.0,0.0,0.02691227377703598,0.0,0.038143924936921536
C002531,2,0.0,0.0,0.0,0.5563998245263769,0.3044472311982389,0.0,0.0,0.13915294427538416
C002533,2,0.0,0.0,0.0,0.0,0.0,0.0,0.0,1.0
C002534,4,0.7228901064670169,0.2247761188619288,0.009860423516783645,0.0,0.0,0.0,0.04098452325732157,0.001488827896949041
C002539,1,0.0,0.0,0.0,0.0,0.0,0.0,0.1522643812172811,0.847735618782719
C002541,0,0.0,0.012099240386088774,0.08264433116481966,0.0,0.0,0.8620599999566609,0.0,0.04319642849243066
C002542,0,0.0,0.0,0.0,0.0,0.0,0.0,0.9833783920618512,0.01662160793814882
C002544,2,0.0,0.0,0.0,0.1480334816433622,0.0,0.37403641456184133,0.061926383307523945,0.4160037204872725
C002548,1,0.0,0.09074798832125486,0.30549545719867827,0.0,0.0,0.5449895665527359,0.0,0.05876698792733093
C002550,2,0.0,0.0,0.004030717119527299,0.0,0.0,0.8491080836044671,0.0,0.1468611992760056
C002553,3,0.0,0.0,0.8209794208754045,0.0,0.046744431978967944,0.0,0.0,0.13227614714562752
C002555,0,0.0,0.21078834266675217,0.6913362750695645,0.0,0.0,0.0,0.0,0.09787538226368331
C002559,0,0.0,0.0,0.48973374214377546,0.0,0.0,0.0,0.0,0.5102662578562245
C002563,4,0.0,0.055356689288850194,0.7489913049724619,0.0,0.025921471898278325,0.0,0.0,0.1697305338404096
C002564,4,0.6444524702527581,0.0,0.018641482083502886,0.06683686534694991,0.0,0.0,0.010500383733758402,0.2595687985830307
C002566,3,0.0,0.0,0.042868486266390164,0.7865923641389237,0.0,0.0,0.017153917957783597,0.15338523163690243
C002567,2,0.0803990992733869,0.0,0.0,0.0,0.08232547651973564,0.0,0.0,0.8372754242068774
C002569,4,0.0,0.44974796829481956,0.004930598308221287,0.23161628420040725,0.0,0.006974046991484363,0.20576895530355033,0.10096214690151717
C002571,3,0.7501071932256923,0.0,0.0,0.0,0.13770485615551106,0.0,0.0,0.1121879506187966
C002573,2,0.0,0.051575713140059744,0.4499230097471928,0.15157289362895782,0.0,0.0,0.0,0.34692838348378974
C002581,1,0.03755586219799906,0.0,0.1546734908889121,0.0,0.0,0.012235810592510093,0.7638094692549072,0.03172536706567153
C002585,1,0.0,0.09991473469117962,0.07107981970408878,0.0,0.0,0.0,0.09865495526428036,0.7303504903404512
C002587,1,0.0,0.0,0.0,0.06335080411466146,0.6646069129001606,0.260694945222965,0.0,0.011347337762212972
C002590,1,0.0,0.0,0.08581307641570536,0.7490487270993575,0.0,0.0,0.006186946360454723,0.1589512501244824
C002594,4,0.0,0.0,0.0,0.1308927586108534,0.8410556796189695,0.0,0.0,0.02805156177017709
C002595,2,0.0,0.0,0.0,0.7511414321760108,0.0,0.0,0.0,0.24885856782398919
C002599,1,0.0,0.0,0.0,0.35280525919670935,0.0,0.12970288456922724,0.0,0.5174918562340634
C002606,0,0.06555173628860325,0.0,0.07274473676772876,0.0,0.49913925052035546,0.0,0.0,0.36256427642331257
C002608,1,0.0658686991070827,0.493320939159442,0.0,0.0,0.0,0.0,0.0,0.4408103617334753
C002610,4,0.0,0.0327696288186332,0.5221527619120947,0.41853092967771643,0.0,0.0,0.0,0.026546679591555655
C002611,1,0.0,0.6221302074864604,0.0,0.08152409260946346,0.026201117969016696,0.0,0.0,0.2701445819350594
C002612,0,0.0,0.0,0.0,0.2861023335790219,0.0374824716554363,0.0,0.0,0.6764151947655419
C002615,1,0.0,0.0,0.0,0.0,0.8096590477872542,0.0,0.1364063026581802,0.05393464955456562
C002617,0,0.01933434803680105,0.010603869365235268,0.0,0.0,0.0,0.0,0.03491427757709924,0.9351475050208644
C002620,0,0.0,0.0,0.0,0.07245140241268692,0.06156206066485305,0.8170717720539783,0.0,0.048914764868481786
C002621,2,0.0,0.1380917071328825,0.24252757371715689,0.16973512587367023,0.0048571377414500655,0.0,0.3143164020072589,0.1304720535275814
C002622,1,0.6147765635470231,0.04326953321343658,0.0,0.0,0.0,0.0,0.26176644022335266,0.08018746301618762
C002623,4,0.0,0.0,0.39258652380979636,0.3270315575506896,0.0,0.0,0.18777135142957693,0.0926105672099371
C002625,0,0.0,0.8707529173204388,0.07716767436270229,0.0,0.0,0.0,0.0,0.052079408316858866
C002626,3,0.0,0.0,0.6980551953217504,0.0,0.0,0.06502738781206947,0.0,0.23691741686618006
C002627,4,0.0,0.053708337975029725,0.0,0.0,0.0,0.0,0.5182181941758803,0.42807346784908995
C002628,2,0.0,0.0,0.0,0.0,0.8579936710337382,0.0,0.0,0.14200632896626175
C002629,0,0.16678872597219258,0.0,0.0,0.0,0.0,0.0,0.05363311366891745,0.7795781603588899
C002634,4,0.03034290431629653,0.0,0.0,0.0,0.012904355215533821,0.10250872517081405,0.0,0.8542440152973556
C002635,3,0.0,0.93709001902531,0.0,0.0,0.0,0.0,0.0,0.06290998097469003
C002636,3,0.0,0.0,0.012956400439029242,0.020547214449575815,0.0,0.11439268317003065,0.014154018283016927,0.8379496836583473
C002637,3,0.0,0.5519715958864463,0.0,0.24719005420448986,0.08360237081309159,0.0,0.0,0.11723597909597216
C002638,4,0.27191286249752117,0.0,0.16546765212659845,0.0,0.0,0.0,0.4117738736187713,0.1508456117571091
C002642,1,0.2703324217132107,0.24481032504649006,0.0,0.2718372039640462,0.0,0.18490947348081024,0.0,0.02811057579544285
C002643,3,0.0,0.0,0.0,0.0,0.06556412684327509,0.0,0.0,0.9344358731567249
C002644,0,0.0,0.048995536471458094,0.0,0.0,0.0,0.0,0.0,0.951004463528542
C002647,2,0.0,0.0,0.0,0.8183530533253345,0.050818810171833165,0.0,0.0,0.13082813650283232
C002649,2,0.0,0.0,0.0,0.0,0.0,0.6513431075204078,0.0,0.3486568924795922
C002650,2,0.0,0.0,0.0,0.0,0.0,0.0,0.20698912606428196,0.793010873935718
C002653,2,0.0,0.0,0.0,0.0,0.628944849380389,0.32948482043628163,0.0,0.04157033018332945
C002655,3,0.0,0.0,0.0,0.0,0.6826112238692725,0.2408615170948707,0.0,0.07652725903585678
C002656,2,0.0,0.0,0.0,0.2572135123740565,0.005571684662737611,0.6255573867322771,0.0,0.11165741623092873
C002657,2,0.0,0.0,0.0,0.1102065909580769,0.673752226638121,0.0,0.0,0.2160411824038021
C002660,2,0.12126955524017724,0.5674684951852587,0.0,0.018700553521302947,0.0,0.0,0.0,0.29256139605326115
C002663,1,0.0,0.0,0.0,0.0,0.0,0.0,0.7081870482460711,0.29181295175392885
C002665,2,0.02503920042308662,0.05374905737752724,0.06400044726780724,0.0,0.3361220936123372,0.0,0.0,0.5210892013192417
C002666,0,0.121609403148699,0.0,0.21651243779584034,0.1468601617015644,0.0,0.0,0.0,0.5150179973538962
C002667,1,0.0,0.7207767653031573,0.0,0.0,0.0,0.0,0.0,0.27922323469684274
C002668,1,0.02505298560036055,0.0,0.0,0.017025251493203847,0.024731440473143115,0.35111011908872203,0.0,0.5820802033445704
C002671,0,0.0,0.4132974153576938,0.0,0.0,0.021123838457634107,0.08417069933020635,0.0,0.4814080468544657
C002677,1,0.3481725933402345,0.036008346835885434,0.0,0.0,0.37456498534370614,0.0,0.0,0.24125407448017389
C002678,4,0.0,0.0,0.0,0.8707073709404224,0.0074306025345907,0.0,0.0,0.1218620265249869
C002680,2,0.257767916703633,0.7114151759508183,0.0013002848567342,0.0,0.0,0.0,0.0,0.02951662248881448
C002683,4,0.0,0.0,0.0,0.026037090290523875,0.0,0.02359059538185335,0.02379488019002646,0.9265774341375963
C002686,3,0.0,0.6902816390344736,0.0,0.12528800975860863,0.0,0.08516085574178209,0.0,0.09926949546513564
C002687,4,0.2046111930869191,0.0,0.0,0.0,0.0,0.5631878342784015,0.0,0.23220097263467943
C002688,1,0.0,0.0,0.0,0.1919054784571479,0.0,0.0,0.6978631176786723,0.11023140386417984
C002689,2,0.004371529436872144,0.12967875457862887,0.0,0.0,0.8143466473872785,0.0,0.0,0.051603068597220525
C002692,0,0.06292916475519407,0.0,0.026755429931051334,0.0,0.0,0.05067948454106837,0.0,0.8596359207726862
C002694,0,0.0,0.07388616650339602,0.0,0.0,0.0,0.8130453673025475,0.04303212561535884,0.07003634057869756
C002696,0,0.0,0.4322943192760425,0.0,0.10157035363459566,0.0,0.0,0.0,0.4661353270893618
C002697,2,0.0,0.0,0.26439451324439783,0.5422197726620471,0.0,0.0,0.0,0.1933857140935551
C002698,4,0.0,0.0,0.08375508285667713,0.0,0.0,0.0,0.0,0.9162449171433229
C002699,3,0.5456060499793487,0.0,0.0,0.24700541408990304,0.1434251932089983,0.0,0.0,0.06396334272174997
C002700,0,0.08255884792858893,0.0,0.0,0.0378957278869305,0.0,0.12931989912111447,0.03985695352238876,0.7103685715409773
C002703,2,0.0,0.0,0.03700206882063578,0.0,0.0,0.0,0.0,0.9629979311793642
C002705,1,0.7717723627743568,0.0,0.0,0.0,0.0,0.0,0.0,0.2282276372256432
C002707,3,0.5455592485280847,0.0,0.0,0.04622973363128044,0.0,0.0,0.0,0.40821101784063485
C002714,4,0.0902937863115262,0.8695528580425873,0.0,0.0,0.0061106725174363205,0.0,0.010659769960721408,0.02338291316772878
C002715,2,0.2922926149538829,0.4480937476965159,0.05852313633256437,0.03961427705722382,0.0,0.005807465736620582,0.04376808317602649,0.11190067504716583
C002719,1,0.1625723950503853,0.0,0.0,0.010967107802731678,0.6436920550688546,0.013828946533303115,0.1555202663086333,0.013419229236091956
C002720,2,0.0,0.6157266016766397,0.11386673162488119,0.0,0.0,0.03418486853931309,0.0,0.236221798159166
C002721,3,0.0,0.0,0.0,0.0,0.19171579705256248,0.0,0.0,0.8082842029474375
C002725,1,0.0,0.45331632324376187,0.0,0.17113209204652963,0.21341013945796322,0.0,0.0,0.16214144525174534
C002729,4,0.039514566620814665,0.0,0.07953422846428572,0.0,0.0,0.0,0.049255926473375046,0.8316952784415246
C002731,4,0.0,0.03878638269652003,0.0,0.04832530138009519,0.026874245881958168,0.0,0.029289520406896606,0.85672454963453
C002733,3,0.0,0.0,0.0,0.6112134044018448,0.05656685939352647,0.28800856214600706,0.0,0.04421117405862174
C002734,0,0.054442667519872166,0.0,0.0,0.0,0.43037930740356545,0.2853361767607875,0.0,0.22984184831577492
C002736,1,0.0,0.0,0.7515473292487903,0.0,0.0,0.09184938786492708,0.0,0.15660328288628267
C002737,1,0.0,0.0,0.279382339436038,0.09438269791074837,0.38490821574691003,0.0,0.0,0.24132674690630362
C002738,2,0.13017416719914734,0.7463841203772146,0.0,0.0,0.07104102092789287,0.0,0.0,0.05240069149574522
C002739,2,0.0,0.0,0.0,0.0,0.592945002750248,0.0,0.0,0.407054997249752
C002740,1,0.011464902213951248,0.580191825341355,0.0,0.0,0.0,0.10661525676501452,0.0,0.3017280156796792
C002742,1,0.04425875607866391,0.0,0.0,0.3294021190048332,0.0,0.07725322743959565,0.5317742340958387,0.017311663381068598
C002746,3,0.0,0.0,0.0,0.10598658410941095,0.0,0.0,0.5746632261149046,0.3193501897756844
C002747,0,0.8768789990021459,0.0,0.0,0.0,0.0,0.0,0.0,0.12312100099785406
C002749,2,0.0,0.0,0.0,0.45916719603976164,0.0,0.0,0.2119696444029012,0.32886315955733714
C002751,2,0.0,0.0,0.0,0.07422818935874352,0.0,0.0,0.0,0.9257718106412565
C002753,4,0.0,0.0,0.0,0.49691865292379844,0.0,0.35381745251473695,0.0,0.1492638945614646
C002755,0,0.0,0.07491649223364634,0.0,0.3478065194520627,0.02710846336657142,0.0,0.052766131072116106,0.4974023938756035
C002757,4,0.0,0.07109696773650091,0.0,0.11029689614778426,0.7845741999468523,0.0,0.0,0.034031936168862575
C002758,2,0.0,0.0,0.0,0.0,0.0,0.0,0.0,1.0
C002760,4,0.0,0.0,0.0,0.0,0.31830632965023614,0.5560609975251367,0.006578338525598982,0.11905433429902812
C002762,4,0.5395768120321165,0.0,0.011465999821865717,0.0,0.0,0.0,0.3553842344109293,0.09357295373508845
C002764,1,0.0,0.0,0.12823585499224202,0.0,0.20257847181622354,0.6123253141140477,0.0,0.056860359077486766
C002767,3,0.0,0.0,0.7614806885587653,0.0,0.0,0.0,0.20729390049645838,0.031225410944776377
C002768,3,0.0,0.0,0.0,0.0,0.0,0.0,0.03486811317591576,0.9651318868240842
C002769,4,0.046794440463392276,0.0,0.47260269605220706,0.060860434196326973,0.0,0.0,0.0,0.4197424292880736
C002771,4,0.45034520386707977,0.0,0.4763829334463711,0.0,0.0,0.054329599300458706,0.0,0.018942263386090508
C002772,0,0.0,0.2194336631033173,0.0,0.0,0.024808737939089557,0.0,0.0,0.7557575989575931
C002773,2,0.0,0.0,0.16383691555450464,0.8083895853516441,0.024539571202728153,0.0,0.0,0.0032339278911230895
C002775,2,0.0,0.7752500870844923,0.03577973364967124,0.011196122270932434,0.0,0.0,0.0,0.177774056994904
C002779,2,0.6659742175040652,0.0,0.0,0.019445125180415433,0.0,0.05825948385236408,0.18112114481500866,0.07520002864814668
C002780,3,0.0,0.8022182882910498,0.0,0.0,0.0,0.0,0.0,0.1977817117089502
C002786,1,0.0,0.7954571900562936,0.0,0.0,0.0,0.0,0.0,0.20454280994370644
C002788,1,0.08079455668809235,0.0,0.0,0.0,0.4382518035540658,0.4174919399451485,0.0,0.06346169981269334
C002793,4,0.0,0.0,0.0,0.0,0.0,0.11858276257917647,0.7508087580326139,0.13060847938820963
C002794,2,0.0,0.0,0.07258156636691233,0.0,0.0,0.5059716182039298,0.0,0.42144681542915785
C002795,4,0.44430638715972426,0.0,0.0,0.0,0.0,0.0640563470875509,0.0,0.4916372657527248
C002796,3,0.0,0.0,0.0,0.0,0.8614655902694719,0.0,0.0,0.1385344097305281
C002798,0,0.0,0.0,0.4354702275483308,0.07665869042886841,0.20370085087800444,0.0,0.0,0.2841702311447962
C002800,1,0.028668647454197352,0.0,0.6167129280744897,0.0,0.0,0.0,0.0,0.35461842447131287
C002801,4,0.02891158743803756,0.023720573915164467,0.009518486624992972,0.040724333282364786,0.0128234328791238,0.5823318730852184,0.0,0.301969712775098
C002802,4,0.0,0.03602533541239322,0.02387771551612613,0.6215028034473398,0.0,0.0,0.15366542878787479,0.1649287168362661
C002804,0,0.024002950176491292,0.0,0.10412040068356275,0.0,0.0,0.0819323347950179,0.0,0.7899443143449281
C002805,3,0.0,0.0,0.0,0.0,0.0,0.0,0.0,1.0
C002808,2,0.0,0.1288595902093464,0.0,0.0,0.0,0.0,0.0,0.8711404097906537
C002809,4,0.0,0.0,0.0,0.7763653262883177,0.0,0.0,0.0,0.22363467371168233
C002810,0,0.0,0.0,0.0,0.15418750556323582,0.0,0.0,0.686037162487418,0.15977533194934623
C002812,0,0.31408391809373387,0.0,0.1881163150155048,0.0,0.0,0.3848603795103581,0.0,0.11293938738040321
C002813,4,0.2769366361953831,0.0,0.0,0.5093638771551727,0.0,0.0,0.0,0.21369948664944416
C002814,4,0.0,0.10838824643841574,0.0,0.0,0.6294790388089361,0.0,0.0,0.2621327147526482
C002816,2,0.0,0.0,0.048601556780323595,0.0,0.524244298983914,0.042201978179005464,0.0,0.38495216605675686
C002817,1,0.0,0.6342035259740195,0.0,0.0,0.212949647203353,0.0,0.0,0.1528468268226275
C002820,3,0.27310675123637546,0.0,0.0,0.0,0.0,0.5133706863483368,0.0,0.21352256241528766
C002821,2,0.09624110099787678,0.46452879076476744,0.0,0.05277302611325119,0.0,0.30585374212475963,0.0,0.08060333999934488
C002822,4,0.3995419141979137,0.09927860064415076,0.0,0.0,0.0,0.0,0.0,0.5011794851579355
C002826,2,0.0,0.0,0.0,0.20347632286088513,0.0,0.16310373548602589,0.6003964411666418,0.0330235004864472
C002829,2,0.054027355632098456,0.0,0.0,0.2853629409271675,0.0,0.39959875719621607,0.0,0.2610109462445179
C002834,2,0.0,0.0,0.0,0.0,0.30713709618224805,0.0,0.5794196819671282,0.11344322185062372
C002836,0,0.0,0.0,0.6499788628777998,0.0,0.0,0.0,0.2196349657677488,0.1303861713544514
C002838,0,0.012351275028499285,0.0,0.0,0.0,0.11140687018972084,0.6128477038586049,0.060125416905603926,0.20326873401757106
C002839,1,0.0,0.0,0.058590581167002526,0.0,0.0,0.10871415178273114,0.3897932275243517,0.44290203952591467
C002840,2,0.0,0.15469901329475685,0.0,0.0,0.0,0.03469113983270423,0.0,0.8106098468725389
C002842,1,0.0,0.0,0.0,0.0,0.0,0.04512290277529467,0.0,0.9548770972247054
C002843,3,0.5756833172119266,0.0987933791833752,0.0,0.034891251093924235,0.0,0.05296685051666354,0.16921437294032962,0.06845082905378097
C002844,4,0.7493541505060465,0.0,0.0,0.0,0.16361870002338644,0.0,0.0,0.08702714947056711
C002846,2,0.0,0.0,0.0,0.0,0.0,0.0,0.0,1.0
C002847,4,0.0,0.0,0.0,0.0,0.0,0.6836314023141878,0.0,0.31636859768581216
C002849,1,0.0,0.0,0.4232194624682545,0.0,0.15411368850951987,0.01756941431022265,0.0,0.405097434712003
C002851,3,0.0,0.0,0.0,0.0,0.09000646655533608,0.0,0.01769783171996633,0.8922957017246976
C002852,3,0.0,0.0,0.06676276842339801,0.5571873359603178,0.039756219702668356,0.266320987556764,0.0,0.06997268835685189
C002853,2,0.0,0.0,0.4844937578739417,0.41504695124786944,0.029733338918433598,0.0,0.0,0.07072595195975528
C002855,4,0.08188433452079912,0.37609310119316064,0.0,0.3224258423393772,0.0,0.0,0.0,0.21959672194666302
C002856,1,0.0,0.0,0.05188584277572431,0.0,0.02364950586970606,0.09469041687652265,0.7719476594981484,0.057826574979898626
C002859,2,0.08151642261938771,0.855701546603808,0.0,0.0,0.0,0.023956655292195074,0.03452266378538868,0.004302711699220474
C002861,4,0.0,0.0,0.0,0.04469662844964794,0.0,0.0,0.0,0.955303371550352
C002862,4,0.0,0.30032070677443995,0.004031762163292984,0.0,0.5555056733334227,0.07343601978833007,0.0,0.06670583794051432
C002863,2,0.0,0.0,0.0,0.0,0.0,0.0,0.0,1.0
C002866,4,0.0,0.48567471251158745,0.0778030926170793,0.0,0.2253736410838445,0.0,0.0,0.21114855378748876
C002869,2,0.0,0.11949954850334861,0.0,0.42839658780848905,0.1447901388659147,0.0,0.17724542032863333,0.13006830449361428
C002870,0,0.7101607719235952,0.0,0.0,0.0,0.0,0.0,0.20493607054904017,0.08490315752736466
C002871,3,0.0,0.0,0.7330734788414843,0.10163126016317212,0.0,0.08233133987240747,0.0,0.08296392112293605
C002876,2,0.0,0.0,0.13244587756235765,0.0,0.0,0.0,0.0,0.8675541224376424
C002877,4,0.0,0.08017598119697616,0.0,0.7229319791167576,0.18591386776127367,0.0,0.0,0.010978171924992619
C002879,2,0.20233843959071102,0.0,0.1344967303415231,0.0,0.0,0.1230059518512935,0.43168931633386287,0.10846956188260948
C002880,3,0.07204962748163125,0.0,0.0,0.0,0.0,0.0,0.0,0.9279503725183688
C002883,0,0.0,0.06122680716370685,0.47020886213549223,0.11960937673951834,0.08056943962957532,0.0,0.0,0.2683855143317073
C002884,1,0.0,0.015002172803449372,0.146022288910244,0.0,0.12569272778575427,0.6728893203461617,0.0,0.040393490154390754
C002885,2,0.0,0.0,0.8224608325783402,0.0,0.0,0.0,0.0,0.17753916742165976
C002889,1,0.0,0.0,0.0,0.09757433674487435,0.571757691376788,0.1851368904648999,0.0,0.14553108141343774
C002890,1,0.06599651893456925,0.0,0.0,0.020711726416317192,0.0,0.8912429487695785,0.0022387146247446156,0.019810091254790496
C002891,4,0.21002242747640235,0.043170511351348244,0.6741118568698167,0.0,0.0,0.0,0.0,0.0726952043024327
C002892,1,0.0,0.6452157706787653,0.0,0.0,0.0,0.0,0.0,0.35478422932123466
C002894,2,0.0,0.0,0.0,0.0,0.0,0.0,0.0,1.0
C002895,4,0.7011733567428474,0.0,0.0,0.0,0.0,0.0,0.0,0.2988266432571526
C002896,0,0.0,0.4240150588435186,0.0,0.0,0.21662535067626396,0.0,0.0,0.3593595904802175
C002898,1,0.0,0.34185562247467416,0.0,0.5034567174843698,0.06238120299734941,0.06977730691277068,0.0,0.022529150130836006
C002899,4,0.0,0.0,0.030416030432261168,0.0,0.0,0.0,0.0,0.9695839695677388
C002900,0,0.0,0.0,0.0,0.0,0.2602222752694259,0.7352687072439736,0.0,0.004509017486600486
C002902,4,0.0,0.0,0.7647255568005503,0.0,0.16758725656602333,0.0,0.0,0.06768718663342632
C002903,1,0.3087020443347861,0.0,0.057283620289573574,0.0,0.0,0.08344114524561898,0.0,0.5505731901300214
C002907,2,0.0,0.0,0.0,0.0,0.02027229298967112,0.0,0.09210772933760006,0.8876199776727288
C002908,4,0.0,0.566000598771414,0.01104889344106798,0.0,0.3869429873283171,0.004032314472999093,0.0,0.03197520598620185
C002909,1,0.0,0.0,0.05710037305222293,0.0,0.0,0.0,0.0,0.9428996269477771
C002910,4,0.0,0.0,0.0,0.0,0.0,0.0,0.7648572847911036,0.2351427152088964
C002912,1,0.0,0.006122741844339016,0.7518034769510479,0.0,0.0,0.1463927376347346,0.0,0.0956810435698785
C002913,2,0.0943914676884254,0.10579399623813125,0.0,0.07211310530141499,0.0,0.0,0.0,0.7277014307720283
C002916,0,0.0,0.0,0.13109662573199687,0.0,0.006489962169842915,0.014908437033646848,0.7101968451524988,0.13730812991201458
C002918,2,0.0,0.0,0.0,0.08864177506679047,0.0,0.0,0.600288387129788,0.31106983780342146
C002919,1,0.0759874706112363,0.05167367572453575,0.0,0.0,0.0,0.0,0.2550704195573984,0.6172684341068295
C002920,4,0.2098337958721191,0.0284086033219701,0.0,0.0,0.7055874627586035,0.0,0.0,0.056170138047307305
C002924,1,0.0,0.0,0.086436840072482,0.0,0.029590253318208443,0.4956405361025041,0.0,0.38833237050680547
C002926,3,0.0,0.03497014128880549,0.0,0.0,0.032166051301946004,0.05695562313576525,0.0,0.8759081842734833
C002927,3,0.0,0.8499109221965456,0.0,0.0,0.06593901323970706,0.0,0.0,0.0841500645637473
C002928,0,0.0,0.0,0.0,0.0,0.0,0.6606032660583578,0.0,0.33939673394164216
C002931,4,0.09064921769915037,0.46186227038813743,0.20788379887616426,0.0,0.2100782081668913,0.0,0.0,0.02952650486965669
C002932,3,0.0,0.0,0.0,0.740087524832971,0.05981936881116863,0.0,0.0,0.2000931063558603
C002934,0,0.16788937707866664,0.04266306909922142,0.0,0.0,0.0,0.035113600446601084,0.14470876276104894,0.609625190614462
C002935,4,0.0,0.0,0.8550287452391379,0.0,0.09160465243276014,0.003946481666981517,0.0,0.04942012066112045
C002940,4,0.0,0.0,0.0,0.31654784446458273,0.5159672161924934,0.0,0.039190770627922866,0.128294168715001
C002941,4,0.0,0.24797062716148616,0.0,0.0,0.0,0.5997231026600408,0.09374021967753585,0.058566050500937106
C002942,2,0.07515949670332804,0.0,0.0,0.033915897299122526,0.0,0.45317577492887495,0.2874313457054626,0.15031748536321188
C002943,3,0.0,0.0,0.0,0.0,0.0,0.0,0.06471278834354416,0.9352872116564559
C002948,2,0.007258796828425585,0.0,0.0,0.5654175642167015,0.0,0.0,0.28522670829507424,0.14209693065979867
C002953,3,0.0,0.3885643087595337,0.0,0.1446610810052144,0.26109041932512295,0.0,0.0,0.20568419091012902
C002955,0,0.0,0.0,0.0,0.0,0.014072666533558986,0.0,0.0,0.985927333466441
C002957,2,0.0,0.0,0.11117541820631884,0.0,0.0,0.0,0.5737514341694847,0.31507314762419647
C002958,1,0.26827374977808277,0.0,0.0,0.0,0.001144151621617509,0.7011184916618738,0.0,0.02946360693842598
C002964,1,0.0,0.9123508570089356,0.0,0.0,0.0,0.0,0.0,0.08764914299106441
C002966,4,0.0,0.0,0.10275694061596416,0.0,0.0,0.6518391368147523,0.13213424111252148,0.11326968145676208
C002967,0,0.010977413237918027,0.0,0.0,0.0,0.2433298110489849,0.0,0.5320422058996017,0.2136505698134954
C002970,0,0.0,0.0,0.011223794880837485,0.37373420833910864,0.0,0.0,0.35605275198502084,0.25898924479503305
C002971,2,0.0,0.0,0.0,0.09734158153529258,0.0,0.11715930096303272,0.0,0.7854991175016747
C002973,2,0.10338804894521128,0.6738290530591127,0.0,0.051497151174579495,0.01154875261017565,0.0,0.0,0.1597369942109209
C002975,2,0.0,0.4232989470336621,0.0,0.0,0.0,0.0,0.5387510601929836,0.03794999277335431
C002977,2,0.0,0.0,0.0,0.01712631883473418,0.47511987064333977,0.2990824256746102,0.0,0.20867138484731584
C002987,1,0.5070568825605317,0.0,0.1249591584948963,0.28270197858142243,0.0,0.0,0.0,0.08528198036314949
C002988,1,0.0,0.0,0.0,0.0,0.0,0.2829743825093237,0.4787092589635377,0.23831635852713862
C002989,3,0.0,0.0,0.0,0.3421741630288421,0.0,0.0,0.025806153739460564,0.6320196832316973
C002990,0,0.005437242496602178,0.0,0.0,0.6392007015787471,0.11587614059466636,0.0,0.0,0.23948591532998442
C002994,3,0.0,0.0,0.10828344634992854,0.0,0.0,0.7859125926702197,0.0,0.10580396097985179
C002996,3,0.0,0.0,0.0,0.0,0.0,0.0,0.8609739745646783,0.13902602543532172
C002998,3,0.4130376873983737,0.0,0.0,0.0,0.21412753670899157,0.0,0.0,0.3728347758926347
C002999,4,0.0,0.0,0.0,0.0,0.051240721724958686,0.0,0.0,0.9487592782750414
C003001,0,0.0,0.005176858446430813,0.4802023454704234,0.32881082607455725,0.0,0.0,0.03981505130123722,0.14599491870735137
C003004,3,0.0,0.0,0.09146158642558032,0.0,0.0483595390362529,0.0,0.0,0.8601788745381668
C003006,4,0.0,0.009614990742343312,0.0,0.8164379518593504,0.0,0.0,0.0,0.1739470573983063
C003007,4,0.0,0.2378328224811206,0.08996061033750175,0.0,0.0,0.0,0.0,0.6722065671813777
C003008,1,0.3520864087126574,0.0,0.0,0.0,0.46283762948322726,0.0,0.12448456442370062,0.06059139738041475
C003009,3,0.5964170879255885,0.0,0.0,0.07544422394044907,0.05992325837458238,0.0,0.0,0.2682154297593802
C003010,0,0.0,0.0,0.0,0.0,0.0,0.0,0.0,1.0
C003011,4,0.0,0.0,0.4891868406628004,0.06139892843197642,0.394507267059067,0.0,0.0,0.05490696384615612
C003015,4,0.0,0.0,0.0,0.0,0.0,0.0,0.9269537331440194,0.07304626685598059
C003017,2,0.07102299315739609,0.0,0.0,0.3804971519352164,0.0,0.0,0.0,0.5484798549073875
C003020,0,0.27090340226679593,0.0,0.0,0.39010152341512216,0.0,0.2610523448896347,0.0,0.07794272942844716
C003023,3,0.013290478720797921,0.03129908839356471,0.0169357921619363,0.5971072642248861,0.0,0.0,0.02356413966202535,0.3178032368367897
C003024,4,0.0,0.0,0.0,0.2147857802991297,0.044344934758163465,0.6757806698059869,0.0,0.06508861513671982
C003025,4,0.0,0.0,0.64727064137174,0.0,0.0,0.05879260362874266,0.0,0.29393675499951744
C003026,2,0.0,0.002509762822078735,0.6167918419646993,0.08955848487080073,0.0,0.17341692404475842,0.0,0.11772298629766287
C003031,1,0.12634854271570295,0.0,0.0,0.0,0.04660112363519662,0.0,0.0,0.8270503336491004
C003034,2,0.028644142951234845,0.0,0.3102279811369742,0.0,0.4659099966137064,0.0,0.013222772838364365,0.18199510645972017
C003035,1,0.0,0.0,0.1369160191343839,0.0,0.0,0.5646775428037505,0.0,0.2984064380618656
C003037,4,0.0740636701511006,0.0,0.0,0.5880500915782239,0.0,0.24975403336521615,0.0,0.08813220490545937
C003038,0,0.5722354429967998,0.0,0.03973875543826849,0.0,0.0,0.0,0.07773487342416566,0.310290928140766
C003041,1,0.0,0.0,0.0,0.0,0.0,0.7040678644066107,0.0,0.29593213559338927
C003044,4,0.054224479669680255,0.0,0.0,0.0,0.0,0.0,0.0,0.9457755203303198
C003046,1,0.0,0.0,0.0,0.0,0.0,0.0,0.0,1.0
C003049,2,0.0,0.4640472113440685,0.0,0.29207491111765077,0.0,0.0,0.13631343867131787,0.10756443886696287
C003051,1,0.0,0.0,0.0,0.40432553776784663,0.4517250186019463,0.0,0.0,0.14394944363020712
C003054,2,0.0,0.0,0.0,0.0,0.0,0.0,0.0,1.0
C003058,4,0.0,0.4358410942202347,0.0,0.0,0.0,0.0,0.3352924985650927,0.22886640721467266
C003060,0,0.09794950450272477,0.38768177429880546,0.0,0.06817052053573976,0.0,0.23212611066548391,0.0,0.21407208999724603
C003062,4,0.0,0.0,0.040448134153877977,0.7273943912885898,0.0,0.0,0.104774947750424,0.12738252680710827
C003065,4,0.0,0.0,0.0,0.0,0.7387034485116621,0.01328918622598976,0.0,0.24800736526234812
C003066,0,0.0,0.0,0.0,0.17648861587413883,0.6560915312110528,0.06548000688525527,0.0,0.10193984602955308
C003067,1,0.0,0.0,0.0,0.4295583306570532,0.0,0.3642158784990141,0.04311111873751913,0.1631146721064135
C003071,2,0.11925412734556791,0.6703637441389594,0.0,0.0,0.1683570325182357,0.0,0.01826070592863804,0.023764390068598984
C003072,4,0.0,0.0,0.0738625789427895,0.0,0.0,0.0,0.07350662117117394,0.8526307998860365
C003073,4,0.0,0.0,0.0,0.0,0.0,0.0,0.0,1.0
C003075,1,0.0,0.0,0.26880524101403486,0.0,0.21883622796815416,0.3972225321125184,0.0,0.11513599890529258
C003076,2,0.0,0.012565543185208123,0.0,0.6007016031147819,0.18419053858468457,0.0,0.0,0.2025423151153254
C003079,4,0.0,0.15613566065219014,0.6297541119417043,0.0,0.1195897649058694,0.08014832720095488,0.0,0.014372135299281275
C003083,4,0.07898805635115529,0.0,0.12303422259843014,0.0288903467195977,0.0,0.5361402513756212,0.0,0.2329471229551957
C003084,2,0.04730172155218587,0.0,0.0,0.004331293917611657,0.0,0.8259151869559126,0.057562497948190836,0.06488929962609913
C003085,0,0.053370730613386264,0.0,0.0,0.5906203700152552,0.17098710524749178,0.025741501055541113,0.09886194858586626,0.06041834448245942
C003086,3,0.0,0.0,0.2922415513525501,0.0,0.5846552572526725,0.0,0.0,0.12310319139477732
C003095,3,0.03528044762705265,0.0,0.0,0.0,0.0,0.0,0.12647665799161031,0.838242894381337
C003096,0,0.0,0.0,0.0,0.2967367149879972,0.0,0.0,0.675072300389919,0.028190984622083803
C003098,1,0.0,0.0,0.0,0.0,0.0,0.0,0.0,1.0
C003099,3,0.0,0.0,0.0,0.3308412148485292,0.030611656784577883,0.021944440092590476,0.08143198072380435,0.5351707075504981
C003100,0,0.03003521360082489,0.0,0.034188784392826146,0.0,0.0,0.0,0.0582514768844356,0.8775245251219134
C003106,3,0.0,0.03290084817325276,0.9415614056383905,0.0,0.0,0.0,0.0037417159879477905,0.021796030200408878
C003108,3,0.0,0.02771974760982318,0.0,0.26873835211079,0.29139551006812825,0.3048218898416906,0.0,0.10732450036956798
C003110,2,0.0,0.0,0.7779732769922895,0.0,0.0,0.0,0.0,0.22202672300771054
C003112,0,0.0,0.41039950758494537,0.0,0.0,0.11080740262436922,0.06789652851307243,0.0,0.410896561277613
C003113,0,0.0,0.0,0.0,0.0,0.0,0.0,0.7988793497524168,0.2011206502475832
C003114,1,0.0,0.0,0.0,0.0,0.0,0.0,0.10396995666181505,0.8960300433381849
C003116,3,0.0,0.0,0.0,0.0,0.4446388149350645,0.0,0.0,0.5553611850649355
C003118,2,0.0,0.0,0.0,0.0,0.0,0.5752879706735097,0.0,0.4247120293264903
C003119,2,0.0,0.0,0.0,0.0,0.0,0.6605133034790932,0.0,0.3394866965209068
C003122,2,0.0,0.0,0.0,0.5631932948633409,0.0,0.0,0.0,0.4368067051366591
C003124,4,0.0,0.0,0.0,0.036763151708000846,0.0,0.05175217528424595,0.0,0.9114846730077533
C003126,0,0.0,0.0,0.0,0.7940100272549663,0.0,0.0,0.0,0.20598997274503372
C003127,4,0.0,0.0,0.0,0.8599244680945116,0.0,0.09243952299693896,0.0,0.047636008908549465
C003129,0,0.0,0.0,0.6194081424927986,0.0,0.24551925217731904,0.0,0.0,0.1350726053298823
C003132,2,0.0,0.0,0.0,0.0,0.0,0.0,0.6515815096295491,0.3484184903704509
C003138,0,0.19052687143403785,0.0,0.0,0.0,0.0,0.6386135084497635,0.0,0.1708596201161987
C003139,3,0.0,0.35883580409621263,0.0,0.0,0.05479419573585313,0.0546079525617194,0.48878678148068977,0.04297526612552505
C003140,3,0.8019872472910363,0.0032895767603459978,0.0,0.0,0.13402283769703585,0.04507911809738485,0.0,0.01562122015419698
C003143,2,0.0,0.0,0.0,0.5702907631079,0.0,0.0,0.0,0.42970923689210005
C003144,3,0.0,0.08311732282458277,0.5390020830080868,0.06277784558255071,0.056395545355084,0.08776135850003007,0.0,0.17094584472966567
C003145,2,0.0239466836302296,0.0,0.0,0.010286648532045627,0.0,0.0,0.0,0.9657666678377248
C003146,3,0.0,0.0,0.0,0.13175180373157055,0.0338330443742446,0.0,0.7695551067048925,0.06486004518929245
C003147,0,0.0,0.0,0.04024839313896753,0.07493591131288002,0.0,0.0,0.0,0.8848156955481524
C003148,3,0.026664454173264858,0.0,0.0,0.008886227923579603,0.0,0.32797212704882306,0.0,0.6364771908543325
C003149,0,0.15300893614679723,0.0,0.0,0.0,0.0,0.7958840791061058,0.0,0.05110698474709696
C003150,1,0.7368072891242939,0.0,0.0,0.0,0.0,0.0,0.14100527835290336,0.12218743252280273
C003152,2,0.0,0.21063894498790559,0.0,0.0,0.0,0.0,0.25763112929321696,0.5317299257188774
C003153,1,0.09204646844421445,0.06728783574607729,0.47756894364398167,0.0,0.059882506747238856,0.0,0.1516222833492144,0.1515919620692734
C003154,2,0.0,0.044443356811031065,0.0,0.0,0.41387497513866156,0.0,0.3126158122758319,0.22906585577447547
C003155,3,0.0,0.0,0.0,0.0,0.0,0.0,0.0,1.0
C003157,0,0.0,0.3157803462093154,0.0,0.0,0.0,0.0,0.0,0.6842196537906846
C003160,1,0.0,0.368509354417901,0.007355928522615618,0.0,0.03157390844083787,0.0,0.5788008536245905,0.013759954994055024
C003162,4,0.0,0.0,0.9325988675531772,0.017617811382436403,0.0,0.0,0.007908086515774732,0.04187523454861164
C003163,0,0.0502055421311458,0.0,0.6515420813921186,0.2039098851478692,0.0,0.0,0.0,0.0943424913288664
C003164,0,0.013394077527672443,0.0,0.0,0.0,0.5744348706861011,0.0,0.30227254937234266,0.10989850241388388
C003167,0,0.0,0.0,0.0,0.42545857977436213,0.0,0.0,0.43462666760169555,0.13991475262394237
C003176,0,0.0,0.0,0.0,0.3068253177500826,0.0,0.17614756857777186,0.08276415037889966,0.4342629632932459
C003178,1,0.0,0.0,0.7915848388086926,0.0,0.05805210663581408,0.07453563586954247,0.07170978276399391,0.004117635921957019
C003180,3,0.03680148051168208,0.0,0.917606738380082,0.0,0.0,0.0,0.0,0.04559178110823592
C003184,4,0.30526540775779337,0.0,0.0,0.020622147760865316,0.10001077303780989,0.0,0.5294327126448939,0.044668958798637526
C003185,3,0.119980857664358,0.0,0.05727592211984173,0.0,0.0,0.0,0.36006708994203546,0.46267613027376475
C003186,1,0.0,0.0,0.0,0.0,0.0,0.0,0.0,1.0
C003188,0,0.0,0.0,0.0,0.0,0.35207613479418404,0.5381253696445849,0.0,0.109798495561231
C003189,4,0.09170256293259627,0.0,0.0,0.0,0.11475513469027675,0.0,0.0,0.793542302377127
C003191,3,0.0,0.7755461370576213,0.0,0.0,0.0,0.0,0.14482730345988715,0.07962655948249153
C003194,4,0.0,0.824445495811649,0.11225962539629747,0.0,0.003472667889231317,0.0,0.0,0.05982221090282225
C003196,2,0.14891844729455955,0.054811627476544736,0.0,0.024999578913214023,0.0,0.0,0.584778282071897,0.18649206424378473
C003197,2,0.0,0.0,0.8277806714012773,0.0,0.0,0.0,0.10229198571828822,0.06992734288043445
C003198,2,0.0,0.007546879216514467,0.8820385302204528,0.06930184254926733,0.010451973960864908,0.0,0.0,0.030660774052900575
C003201,2,0.0,0.0,0.0,0.0,0.0,0.0,0.0,1.0
C003202,1,0.0,0.0,0.0,0.0,0.7929679349600843,0.0,0.0,0.20703206503991567
C003203,2,0.0,0.0,0.0,0.0,0.7573942020083732,0.0,0.0,0.24260579799162685
C003205,2,0.06596890898008861,0.2967843252648877,0.219633800781848,0.0,0.3011665506692781,0.0,0.0,0.11644641430389757
C003206,4,0.48686338943587415,0.0,0.0,0.0,0.11183534690175065,0.1389868672924861,0.0,0.26231439636988907
C003210,3,0.0,0.09191539866044797,0.7758715276948801,0.0,0.0,0.0,0.0695337736819166,0.06267929996275534
C003211,0,0.0,0.0,0.0,0.0,0.8218288072660644,0.0,0.0,0.17817119273393556
C003214,4,0.0,0.035448120221603575,0.0,0.0,0.5698073779407344,0.26218544798479704,0.0,0.13255905385286493
C003216,4,0.0,0.048454260881506894,0.0,0.0,0.0,0.0,0.9410995562229902,0.01044618289550292
C003217,0,0.3702347238176314,0.5555709732811915,0.0,0.0,0.0,0.0,0.0,0.07419430290117712
C003218,0,0.0,0.0,0.37662346968320914,0.0,0.5812081459840931,0.0,0.0,0.04216838433269776
C003220,3,0.0,0.0,0.0,0.29244058797071815,0.0,0.16341396537716146,0.0,0.5441454466521204
C003223,2,0.015475695245501525,0.0,0.0,0.0,0.0,0.0,0.2753825437184689,0.7091417610360295
C003228,1,0.0,0.21894952363740117,0.6181177613892107,0.0,0.0,0.0,0.0,0.16293271497338813
C003229,0,0.0,0.0,0.0,0.0,0.0,0.0,0.9148709246889566,0.08512907531104341
C003231,1,0.0,0.13498401633936027,0.17169665664500577,0.2787206669635891,0.0,0.05430120835286387,0.0,0.3602974516991809
C003232,2,0.39537459255741675,0.0,0.37615874238313596,0.0,0.0,0.0,0.0,0.22846666505944735
C003233,2,0.005594781969905298,0.0,0.31070429987151077,0.0,0.370006067427209,0.13641830447874362,0.0,0.17727654625263134
C003234,3,0.0,0.0,0.0,0.016079733990832474,0.7428474831011813,0.0,0.0,0.24107278290798617
C003238,4,0.0,0.08289497203067085,0.013827646861071696,0.6598146126906009,0.0,0.07853101047170408,0.07303050394035239,0.09190125400560001
C003240,4,0.0,0.0,0.0,0.0,0.9006842264954225,0.0,0.0,0.09931577350457754
C003242,3,0.0,0.0027129606378505835,0.0,0.04271887509257815,0.17712594501248813,0.0,0.477178999585166,0.30026321967191705
C003243,3,0.0,0.23690773412009494,0.0,0.2143491652187924,0.0,0.5351446084451508,0.0,0.013598492215961877
C003244,0,0.0,0.0,0.4585402210917792,0.0,0.488289992742242,0.0,0.0,0.05316978616597878
C003246,4,0.0,0.0,0.0,0.0,0.21641355613487617,0.6874377318677982,0.0,0.09614871199732566
C003247,0,0.0,0.0,0.030953432528955327,0.0,0.0,0.0,0.0753181578080648,0.8937284096629798
C003248,2,0.0,0.030087649707920616,0.5631632267196964,0.0,0.0,0.22522329400314425,0.0,0.18152582956923868
C003249,4,0.59398477049539,0.0,0.0,0.0,0.0,0.0,0.29237220596271285,0.11364302354189715
C003250,3,0.0,0.0,0.7861065620731753,0.05932905389591222,0.0,0.0,0.10745756814927859,0.0471068158816339
C003252,2,0.2935078949238484,0.0,0.5552438454560615,0.0,0.0,0.0,0.0,0.15124825962009014
C003254,2,0.0,0.0,0.0,0.7297185830112461,0.0,0.0,0.0,0.27028141698875385
C003256,3,0.009022287225711632,0.21351818492647692,0.03702672247729467,0.0,0.6388165534009439,0.0,0.0,0.10161625196957291
C003257,1,0.0,0.11150686213987977,0.0,0.0,0.0,0.0,0.0,0.8884931378601202
C003259,4,0.0,0.0,0.0,0.0,0.0,0.5949479778870049,0.09308839176437177,0.3119636303486233
C003260,0,0.0,0.0,0.0,0.0,0.0,0.0,0.08967796172811798,0.910322038271882
C003261,4,0.02996554424216733,0.0,0.20175569604371602,0.08081763992503876,0.0,0.0,0.09610516331375338,0.5913559564753245
C003266,3,0.012970943031356444,0.0,0.11141842184118314,0.0,0.0,0.0,0.8228483655009512,0.052762269626509206
C003268,3,0.0,0.03557678954877034,0.0,0.0,0.04592044985045961,0.0439181386825622,0.0,0.8745846219182078
C003270,3,0.0,0.0,0.0,0.1191953123210199,0.0,0.3969554413981588,0.0,0.48384924628082127
C003278,1,0.06372584951384425,0.0,0.0,0.0,0.0,0.0,0.0,0.9362741504861558
C003280,4,0.0,0.0,0.0,0.0,0.0,0.09270553482861803,0.0,0.907294465171382
C003281,0,0.0,0.061479269874306415,0.0,0.0,0.0,0.1834466645727372,0.0,0.7550740655529564
C003282,3,0.0,0.0,0.0,0.0,0.0,0.0,0.0,1.0
C003283,2,0.0,0.2672385732282817,0.0,0.0,0.02555446475987235,0.28476684910867306,0.33462148465485,0.08781862824832298
C003285,3,0.07583049681695021,0.3982095745984524,0.0,0.0,0.30356634743021377,0.1485432760515377,0.0,0.07385030510284585
C003290,4,0.0,0.5144885335714363,0.05447749392247699,0.0,0.0,0.028643002550785144,0.0,0.40239096995530155
C003294,3,0.0,0.0,0.0,0.6106302193346996,0.3288400266747053,0.0,0.0,0.060529753990595125
C003295,2,0.24357100057198283,0.0,0.5989926789708313,0.0,0.0,0.0,0.0,0.1574363204571858
C003299,3,0.0,0.0,0.0256906073593318,0.0,0.7527945845034195,0.05321891960896585,0.0,0.1682958885282828
C003301,0,0.0,0.0,0.0,0.09062810375155134,0.0,0.8170199525064822,0.0,0.09235194374196642
C003302,1,0.0,0.02056167838458115,0.5115842709274744,0.0,0.21871118415162358,0.0,0.14449265313448337,0.10465021340183756
C003303,2,0.0,0.0,0.0689462751485892,0.0,0.0,0.0,0.0,0.9310537248514108
C003305,2,0.0,0.0,0.01944860823294828,0.6934418071334688,0.02619876328294247,0.0,0.0,0.2609108213506405
C003306,2,0.18813480799569882,0.06551860631196112,0.0,0.0,0.0,0.5457958449030806,0.0,0.2005507407892595
C003308,4,0.0,0.0,0.24334952743023097,0.0,0.0,0.0,0.5194130694338773,0.2372374031358917
C003310,2,0.07858789438977218,0.0674396331536885,0.0,0.0,0.0,0.0,0.0,0.8539724724565393
C003311,3,0.0,0.0,0.0,0.0,0.6635426409498881,0.0,0.0,0.33645735905011187
C003312,4,0.0,0.0,0.01003009709714135,0.0,0.6788424812520926,0.0,0.0167446992508367,0.29438272239992946
C003313,0,0.0,0.0,0.0,0.0,0.08369444023714448,0.0,0.0,0.9163055597628555
C003315,0,0.0,0.49590128807585,0.0,0.0,0.0,0.02258712374628637,0.0,0.48151158817786366
C003319,3,0.14886212358771575,0.06711009289664047,0.0,0.0,0.10138008368330391,0.0,0.6545474167996077,0.028100283032732154
C003322,2,0.9454507924521138,0.0,0.0,0.0,0.0,0.0,0.015340246620982188,0.03920896092690396
C003325,3,0.0,0.0,0.0,0.020356473143795892,0.0,0.0,0.07367378094637658,0.9059697459098275
C003326,0,0.0,0.008076014979369826,0.0,0.0,0.012062851449888064,0.0,0.5452214008109322,0.43463973275980994
C003327,4,0.202408890112395,0.0,0.0,0.30272592154890143,0.0,0.22147734724984436,0.0,0.2733878410888593
C003330,4,0.07395463590716889,0.0,0.677765731439948,0.0,0.0,0.0,0.0,0.2482796326528831
C003332,2,0.0,0.0,0.0,0.9619667862427908,0.03215141830339572,0.0,0.0,0.00588179545381351
C003333,3,0.0,0.9368760034842056,0.0,0.0,0.0,0.0,0.05695089164660032,0.00617310486919409
C003334,2,0.0,0.0,0.0,0.2816501324812473,0.0,0.0,0.425401674133449,0.29294819338530376
C003338,2,0.0,0.0,0.15565697746233703,0.0,0.346784447500299,0.0,0.0,0.4975585750373639
C003339,3,0.3295965083248424,0.4478004490235704,0.12424930811541421,0.0,0.0,0.05077085062085132,0.0,0.04758288391532173
C003340,1,0.0,0.0,0.0,0.0,0.8233841770659562,0.0,0.0,0.17661582293404376
C003342,3,0.011203094689540852,0.7342356037481558,0.0,0.17255886276214766,0.0,0.0,0.0,0.08200243880015567
C003343,4,0.4578601804474736,0.055176368903142425,0.0,0.0,0.0,0.0,0.0,0.48696345064938396
C003345,2,0.0,0.0,0.0,0.0,0.0,0.03096798214953005,0.0,0.96903201785047
C003346,4,0.0,0.6568162750213374,0.0,0.0,0.0,0.0,0.0,0.34318372497866256
C003347,0,0.0,0.0,0.0,0.17780102463409297,0.3443331641658151,0.0,0.0,0.47786581120009197
C003348,1,0.006867618597053362,0.0015324193048237961,0.0,0.0,0.0,0.03252266949332609,0.9451591808984133,0.013918111706383463
C003349,2,0.0,0.8271318448887154,0.0,0.0,0.046642305263524565,0.0,0.0,0.12622584984776009
C003352,1,0.0,0.0,0.0,0.0,0.0,0.0,0.0,1.0
C003354,2,0.010838494502976853,0.0,0.8389395955212084,0.0,0.0,0.0,0.0,0.15022190997581475
C003355,4,0.030512790594132533,0.09987285007914536,0.0,0.0,0.4899440007773523,0.0,0.0,0.3796703585493698
C003356,3,0.0,0.0,0.0,0.3407733878153636,0.0,0.45711617094584955,0.0,0.20211044123878685
C003357,1,0.015928252184644397,0.07318116316435577,0.0,0.0,0.0,0.04603164911673731,0.0,0.8648589355342625
C003359,0,0.0,0.0,0.0,0.0,0.0,0.08659404503241054,0.0,0.9134059549675895
C003361,0,0.0,0.637299458780207,0.0,0.022107513612491,0.0,0.0,0.0,0.34059302760730203
C003362,2,0.0,0.27971983294083863,0.03047675362074551,0.07511181179198925,0.017369839525387322,0.2921812932842448,0.0,0.30514046883679447
C003364,0,0.0,0.37892236607402935,0.0,0.08101399219202114,0.0,0.0,0.4926362353388839,0.0474274063950656
C003365,0,0.3463427760177753,0.47910141627314046,0.0,0.0,0.0498683218006115,0.10931597179115517,0.0,0.01537151411731763
C003371,2,0.0,0.1432148057289499,0.0,0.3984050946914647,0.0,0.12095442042869457,0.16820500372716812,0.16922067542372288
C003372,1,0.0,0.0,0.6689651054830971,0.0,0.0,0.0,0.17653817333442007,0.1544967211824828
C003373,4,0.06225152883914413,0.0,0.3449390718524688,0.0,0.0,0.4822754500069399,0.0,0.11053394930144722
C003374,3,0.0,0.0,0.0,0.05907373411276856,0.0,0.0,0.0,0.9409262658872315
C003375,4,0.0,0.06248339414355761,0.06960172349558023,0.03223469205358761,0.0,0.7634747159479494,0.0,0.07220547435932523
C003376,4,0.29295502292923425,0.12974797156274032,0.0,0.007278577052519601,0.0,0.10329565687076665,0.2767586469055975,0.1899641246791417
C003378,4,0.10688032779434563,0.03274667983138632,0.8418789297378516,0.0,0.0,0.005341540281058488,0.0,0.01315252235535802
C003381,3,0.0,0.0,0.15240017185593382,0.770498712454937,0.007832920937175957,0.0,0.0,0.06926819475195334
C003382,4,0.0,0.06818359071765329,0.0,0.0,0.0,0.0,0.0,0.9318164092823467
C003383,4,0.01209867073606154,0.01317345995897208,0.0,0.0,0.8974212462730785,0.0,0.0,0.07730662303188784
C003385,1,0.0,0.8726614445691417,0.0,0.0,0.0,0.0,0.0,0.12733855543085826
C003386,4,0.0,0.0,0.0,0.8876050098784695,0.0,0.0,0.0,0.11239499012153054
C003387,0,0.0,0.0,0.0,0.0,0.0,0.11553743428930283,0.029838664263162725,0.8546239014475344
C003388,4,0.29223167829022256,0.02069440798180399,0.0,0.0,0.661011939968868,0.0,0.0,0.02606197375910546
C003392,4,0.0,0.0,0.0,0.0,0.70368492148273,0.0772859418812774,0.005268258282024104,0.2137608783539685
C003393,3,0.0,0.0,0.0,0.0,0.0,0.6257557997475374,0.025060091021813252,0.34918410923064935
C003396,4,0.0,0.0,0.0,0.0,0.0,0.44367280471236276,0.36925619933871745,0.18707099594891985
C003398,1,0.0,0.5261563447514971,0.0,0.0,0.0,0.32503188460753996,0.0,0.14881177064096296
C003399,3,0.031829527233924994,0.0,0.016560174384539272,0.0,0.487342142991423,0.45284031329356916,0.0,0.011427842096543683
C003400,2,0.48773876060894067,0.0,0.0,0.0,0.15818868163678168,0.0,0.0,0.3540725577542776
C003401,3,0.0,0.07639645790734091,0.0,0.0,0.0,0.0,0.0,0.923603542092659
C003403,0,0.0,0.0,0.0,0.8268653176037136,0.0,0.0,0.0,0.17313468239628638
C003404,4,0.0,0.0,0.6722027238376893,0.0,0.17960588163511837,0.0,0.012737083935513281,0.135454310591679
C003405,3,0.0,0.0,0.16415402931681194,0.0,0.26059856620017574,0.0,0.0,0.5752474044830123
C003406,0,0.14243336918601668,0.0,0.0,0.44573043558974224,0.029921303618877404,0.0,0.3413353737296013,0.040579517875762305
C003408,3,0.0,0.0,0.5060110647342835,0.215244208166534,0.0,0.0,0.0,0.2787447270991825
C003409,3,0.0651183187155491,0.0,0.0,0.25325376125321253,0.0,0.0,0.5811271125695685,0.1005008074616699
C003412,1,0.0,0.0,0.2460141742211456,0.0,0.0,0.0,0.6459691303195678,0.1080166954592866
C003414,4,0.0,0.043314037252997574,0.0,0.0,0.0,0.10454863867181106,0.8214658812078358,0.03067144286735557
C003419,1,0.0,0.7370746569427864,0.0,0.0,0.0,0.0,0.08644982244336209,0.17647552061385152
C003420,0,0.0,0.5985036656779599,0.14592081958133574,0.0,0.007060615888849346,0.0,0.008357303053211716,0.24015759579864338
C003421,2,0.0,0.0,0.0,0.0,0.0,0.0,0.0,1.0
C003422,2,0.0,0.0,0.0,0.0,0.5572107655245085,0.0,0.07160073419563599,0.3711885002798555
C003423,3,0.0,0.0,0.0,0.0,0.0,0.0,0.0805009475487658,0.9194990524512342
C003428,2,0.07235813048751298,0.0,0.0,0.0,0.0,0.6626992498633115,0.0,0.26494261964917554
C003430,3,0.0,0.03883508935962636,0.041498219005389934,0.0,0.0022063913584768006,0.9097799660971625,0.0,0.007680334179344439
C003431,4,0.06687122151955718,0.18726065534121109,0.020380735136071425,0.2312689721667805,0.0,0.0,0.45379105179693036,0.040427364039449465
C003435,1,0.5376133349257068,0.0,0.13175867960028143,0.14493788829881538,0.0,0.0,0.0,0.18569009717519636
C003437,3,0.0,0.0,0.0,0.26470472643135995,0.6838045434488889,0.0,0.0,0.05149073011975114
C003446,2,0.21024597524194485,0.5929559837124876,0.0,0.0,0.05137864844795801,0.0,0.0,0.1454193925976095
C003447,0,0.0,0.0,0.0,0.0,0.9557654590860607,0.0,0.0,0.0442345409139393
C003448,3,0.0,0.218111661427512,0.17040617048176804,0.2454308002817191,0.0,0.0,0.0,0.36605136780900094
C003449,1,0.0,0.7261118162201871,0.02943555655340536,0.0,0.0,0.0,0.0,0.2444526272264076
C003453,0,0.0,0.0,0.0,0.647147457634621,0.0,0.0038032009792782007,0.0,0.3490493413861008
C003455,2,0.0,0.0,0.0,0.7778314855571558,0.0,0.0,0.0,0.22216851444284424
C003456,4,0.0,0.20244628408717552,0.0,0.0,0.0,0.0,0.7437299442185772,0.05382377169424735
C003457,3,0.0,0.6530278579362392,0.04734929250038547,0.01793363684554024,0.0,0.0,0.0,0.2816892127178351
C003460,1,0.0,0.0,0.0,0.0,0.954670841439225,0.0,0.0,0.04532915856077502
C003462,0,0.05602707941558168,0.0,0.14228202035061047,0.02122609618108942,0.0,0.0,0.0,0.7804648040527185
C003466,0,0.0,0.0,0.0,0.07524216110600929,0.0,0.0,0.0,0.9247578388939908
C003468,1,0.5400738454199762,0.2268951957516726,0.0,0.0,0.03688365922017421,0.0,0.07784602658237876,0.11830127302579829
C003469,2,0.0,0.0,0.0,0.06934837650400648,0.13793132781191966,0.02445885315809077,0.0,0.768261442525983
C003470,2,0.5059495823791638,0.12859245556635437,0.0,0.0,0.0,0.0,0.0,0.3654579620544819
C003472,1,0.0,0.24903584731059195,0.0,0.0,0.23889255746039856,0.0,0.38895517198499197,0.1231164232440175
C003473,2,0.0,0.0,0.18466757006578877,0.0,0.2349528609228116,0.0,0.4299786716018733,0.15040089740952634
C003474,3,0.05047099485289164,0.040281192729663656,0.0,0.0,0.0,0.0,0.8062380452458485,0.10300976717159616
C003475,4,0.0,0.007383136952451648,0.0,0.8062863540141807,0.0,0.0,0.0,0.18633050903336768
C003478,4,0.014283665185500784,0.0,0.03972474889876235,0.0,0.4880215884588156,0.0,0.44121302921061256,0.01675696824630868
C003479,4,0.0,0.41281164063648385,0.4001608221119393,0.0,0.0,0.11472240641798848,0.0,0.07230513083358836
C003481,2,0.47364490597840253,0.0,0.47165576866191833,0.0,0.0,0.03719150107542397,0.0,0.017507824284255125
C003482,4,0.019255598987629994,0.0,0.004937346410739924,0.0,0.26823768920956587,0.6639064713670265,0.0,0.043662894025037646
C003484,2,0.05731186155780946,0.0,0.7580064068242156,0.0,0.0,0.136911341819851,0.0,0.04777038979812398
C003487,0,0.0,0.11388635648142012,0.0,0.28821977912523966,0.5272997614116144,0.0,0.0,0.07059410298172586
C003488,4,0.0,0.0,0.403335476174145,0.048736896802686815,0.0,0.007624589879097018,0.0,0.5403030371440711
C003489,4,0.0,0.0,0.0,0.0,0.6869233499447698,0.0,0.0,0.3130766500552302
C003490,3,0.0,0.0,0.6507091673754009,0.0,0.10350991947391762,0.0,0.0,0.2457809131506815
C003491,4,0.0,0.0,0.2835876934650691,0.10967962067649716,0.0,0.17354694647784935,0.0,0.43318573938058436
C003492,1,0.0,0.0,0.0,0.0,0.0684208511357926,0.243780346287224,0.0,0.6877988025769834
C003493,4,0.0,0.6307223647992863,0.0,0.0,0.0,0.0,0.0,0.36927763520071366
C003494,4,0.0,0.0,0.7644612708929402,0.0,0.0,0.0,0.1851777582052468,0.05036097090181291
C003496,4,0.07076738730065343,0.0,0.0,0.0,0.0,0.0,0.591656626910652,0.3375759857886945
C003497,1,0.0,0.0,0.0,0.0,0.0,0.1050031037861935,0.0,0.8949968962138065
C003498,2,0.0,0.0,0.0,0.0,0.0,0.0,0.109607498096145,0.890392501903855
C003504,3,0.0,0.3329526759354725,0.0,0.0,0.0,0.0,0.0,0.6670473240645275
C003506,1,0.0,0.0,0.0,0.20423796452943496,0.16337185813835853,0.15926778322465096,0.21389574279727339,0.2592266513102821
C003507,1,0.0,0.0,0.0,0.17405622156291936,0.045598105247838715,0.6298421236853672,0.0,0.15050354950387468
C003508,4,0.45345198102826023,0.0,0.0,0.0,0.08911654240461289,0.2970025234365002,0.0,0.16042895313062666
C003510,3,0.4777670868013714,0.0,0.0,0.0,0.04599541383224809,0.0,0.3259699607425426,0.1502675386238379
C003514,0,0.0,0.0,0.15400270262915364,0.0,0.07969140527236399,0.0,0.5991187230610873,0.16718716903739517
C003515,1,0.39298901146014653,0.005392278705399403,0.0,0.0,0.03831309542840081,0.0,0.4771098343953903,0.08619578001066297
C003516,2,0.2832096995219028,0.0,0.0,0.05448781991805477,0.024330020612222288,0.0,0.473903322658727,0.16406913728909323
C003517,1,0.0,0.0,0.0,0.028677708565674802,0.8501111655099637,0.07964145456366244,0.0,0.04156967136069911
C003518,3,0.0,0.4675404193593307,0.0,0.09919468969537189,0.08852611863180841,0.0,0.20615202912827407,0.13858674318521502
C003520,3,0.0,0.0,0.21785870165375865,0.0,0.1642592904738251,0.0,0.013990785887285239,0.603891221985131
C003521,1,0.02664344104198998,0.0,0.0,0.16498420288906077,0.010574494262387968,0.08443532143190507,0.3164682168599279,0.3968943235147283
C003522,1,0.19312143490027955,0.0,0.37386517240590805,0.0,0.0,0.0,0.0,0.43301339269381245
C003526,3,0.009312523066971093,0.0,0.0,0.01822480253927674,0.6499015663065382,0.0,0.0,0.32256110808721394
C003528,1,0.0,0.7284095024034004,0.0,0.0,0.05168685139711833,0.0,0.0,0.21990364619948122
C003529,0,0.0034974844540369026,0.0,0.0,0.2342917030818355,0.0,0.0,0.0,0.7622108124641276
C003531,3,0.5061966730743743,0.03441448570289565,0.0,0.01643393520171948,0.0,0.0,0.0,0.4429549060210106
C003532,2,0.1351157993190775,0.7663221316208315,0.027150636765243916,0.0,0.0,0.0,0.0,0.07141143229484714
C003534,1,0.30708400715833933,0.0,0.21844307500170781,0.3747953207118475,0.0034818592233736207,0.0,0.0,0.09619573790473168
C003537,4,0.02963697194451814,0.7945227173930235,0.0,0.0,0.0,0.0,0.0,0.17584031066245842
C003540,1,0.06340921837337697,0.0,0.0,0.0,0.04045976809195202,0.3252247878586549,0.0,0.5709062256760161
C003542,2,0.0,0.0,0.0,0.1092420167888308,0.21890473298669808,0.6546728962814384,0.0,0.017180353943032634
C003543,3,0.0,0.0,0.0,0.3450197754132775,0.0,0.1432254501481389,0.0,0.5117547744385836
C003544,2,0.08189058123743675,0.01576509827827134,0.0,0.8842296053149956,0.0,0.0,0.0,0.018114715169296303
C003546,0,0.42460871752383555,0.0,0.21093847898180043,0.0,0.0,0.0,0.2244558885424041,0.13999691495195998
C003549,0,0.0,0.0,0.0,0.0,0.0,0.0,0.0,1.0
C003550,4,0.0,0.0,0.0,0.02908907251331838,0.291257121412213,0.020016411773869924,0.0,0.6596373943005986
C003553,4,0.0,0.0,0.2690933292242489,0.0,0.5613026993759871,0.0,0.0,0.16960397139976402
C003558,1,0.0,0.9864922448639699,0.0,0.0,0.0,0.0,0.0,0.013507755136030086
C003559,3,0.0,0.0,0.9248316648205502,0.0,0.0,0.0,0.0,0.07516833517944976
C003562,3,0.0,0.5577034063912981,0.0,0.0,0.0,0.29678284444977904,0.0,0.1455137491589229
C003563,2,0.0,0.8883558837317659,0.0,0.07739981689477547,0.0,0.008058163932779465,0.005034711206290384,0.02115142423438876
C003567,1,0.0,0.4990801760718695,0.0,0.24321356508091876,0.0,0.0,0.0,0.25770625884721177
C003569,1,0.14503113591152073,0.0,0.0,0.0,0.0,0.0,0.6147244958460513,0.240244368242428
C003570,0,0.0,0.0,0.0,0.006240223812779101,0.0,0.0,0.936901934549131,0.056857841638089934
C003573,0,0.0,0.0,0.1733219372229804,0.0,0.0,0.7397973302458783,0.0,0.08688073253114126
C003576,0,0.0,0.0,0.8950775743413741,0.0,0.0,0.0,0.0,0.10492242565862586
C003577,3,0.0,0.0,0.0,0.0,0.0,0.0,0.9111713790460421,0.08882862095395794
C003579,3,0.3775621274780455,0.007717426144009165,0.007568632777577746,0.0,0.0,0.45426569286054097,0.0,0.15288612073982666
C003580,2,0.0,0.0,0.7706054690641887,0.0,0.0,0.0,0.0,0.2293945309358113
C003585,1,0.0,0.0,0.04805738983733422,0.0,0.0,0.013641530352832047,0.0,0.9383010798098337
C003586,3,0.0,0.0,0.06389029459879228,0.0,0.4527880453031235,0.0,0.0,0.4833216600980842
C003590,4,0.10987061779065535,0.0,0.0,0.441979690728287,0.0,0.0,0.1808772331431844,0.2672724583378733
C003591,1,0.049744452869419774,0.0,0.013155020487679614,0.03811940393236915,0.0,0.0,0.0579322864348448,0.8410488362756867
C003593,1,0.0,0.0,0.0,0.0,0.0,0.0,0.0,1.0
C003594,1,0.0,0.0,0.0,0.0,0.007777018368920464,0.0,0.5340840235539236,0.458138958077156
C003595,4,0.0,0.0,0.0,0.016509327210585956,0.0,0.0,0.0,0.983490672789414
C003596,0,0.0,0.4164964305667666,0.0,0.0,0.0,0.5383002301597729,0.0,0.04520333927346054
C003597,0,0.0,0.0,0.0,0.6509255535803165,0.18958450227535328,0.0,0.0,0.15948994414433026
C003598,2,0.0,0.0,0.0,0.0,0.9017416159855148,0.0,0.0,0.09825838401448517
C003599,0,0.0,0.8106346297767212,0.0,0.0,0.0,0.01785739456536403,0.0,0.17150797565791476
C003600,0,0.0,0.0,0.0,0.9710024086943604,0.0,0.007928431571797574,0.0,0.021069159733842047
C003607,4,0.0,0.0,0.0,0.0,0.07907562450681245,0.1242273617281618,0.0,0.7966970137650258
C003609,0,0.0,0.0634386402525972,0.0,0.0,0.016461455069605235,0.0,0.0,0.9200999046777976
C003612,4,0.0,0.0,0.0,0.37142968166383317,0.0,0.0,0.6055450175856443,0.02302530075052256
C003613,2,0.0,0.0,0.0,0.07994673748817199,0.0,0.0,0.0,0.9200532625118281
C003614,1,0.0,0.0,0.06231854506459845,0.0,0.030892625716886547,0.0,0.0,0.906788829218515
C003617,0,0.33456611296570754,0.013703133002165151,0.0,0.0,0.4235112506730676,0.0,0.0,0.22821950335905972
C003619,3,0.0,0.0,0.0,0.45945572651911076,0.35507607275024944,0.0,0.0,0.18546820073063985
C003621,0,0.0,0.0,0.0,0.6331981694934827,0.0,0.0,0.0,0.36680183050651727
C003623,1,0.0,0.0,0.006876443761676983,0.0,0.0,0.5248515298276973,0.08521381992017538,0.3830582064904503
C003624,0,0.0,0.21177796846184715,0.0,0.0,0.0,0.0,0.055755227722469027,0.7324668038156839
C003626,2,0.0,0.0,0.2508115632723102,0.401969237289289,0.0,0.17587431435578452,0.0,0.17134488508261636
C003629,2,0.0,0.0,0.08259852000513218,0.009040007914561362,0.0,0.0,0.0,0.9083614720803065
C003631,1,0.0,0.46911035200608503,0.0,0.22070580777281582,0.0,0.0,0.027327159512681692,0.2828566807084174
C003634,2,0.0,0.0,0.04776549031413785,0.318529095720706,0.004688806915011951,0.5397700759133502,0.0,0.08924653113679404
C003635,1,0.14041399548175712,0.24264527938478433,0.5787097453274705,0.0,0.0,0.0,0.0,0.038230979805988
C003636,3,0.0,0.0,0.0,0.026926281307610905,0.0,0.018924666254803085,0.0,0.954149052437586
C003638,1,0.5734395021376126,0.0,0.0,0.0,0.0,0.3059785934010365,0.0,0.12058190446135086
C003639,1,0.1689714360999693,0.32657661624811646,0.11309758486305904,0.133027255907284,0.0,0.0,0.0,0.2583271068815711
C003640,3,0.0,0.23725647368241415,0.0,0.0,0.39840132018836677,0.03389213383472434,0.2496148126862598,0.0808352596082349
C003642,4,0.0,0.0,0.0,0.0,0.0,0.0,0.0,1.0
C003647,2,0.0,0.32059609219665425,0.5161897750456139,0.0,0.0,0.0,0.0,0.1632141327577319
C003648,3,0.2313046039773593,0.0,0.0,0.0,0.0,0.0,0.6263658921592776,0.14232950386336307
C003649,4,0.0,0.0,0.038243094767706355,0.0,0.9240864170012689,0.0,0.0,0.0376704882310247
C003652,3,0.0,0.0,0.0,0.0,0.0,0.6702995035786976,0.0,0.3297004964213024
C003653,0,0.0,0.03319490965597845,0.0,0.33144481161030914,0.0,0.0,0.0,0.6353602787337125
C003654,1,0.0,0.0,0.35596348948147066,0.056518516781934675,0.0029598185475265197,0.5452096856433785,0.0,0.0393484895456897
C003658,0,0.0,0.0,0.0,0.0,0.0,0.0,0.018825905409392614,0.9811740945906073
C003659,4,0.1084201709275988,0.0,0.4002965232914953,0.0,0.0,0.4458791529099052,0.014239128580626419,0.031165024290374377
C003660,0,0.14609350565410248,0.0,0.0,0.18839745052131696,0.0,0.0,0.018091656513980786,0.6474173873105997
C003661,2,0.0,0.0,0.0,0.43558019311747254,0.0,0.0,0.3360210094280377,0.22839879745448977
C003662,4,0.24330422077298194,0.0,0.0,0.0,0.0,0.0,0.0,0.756695779227018
C003663,2,0.07524718076472031,0.28434399035404895,0.0,0.0,0.0,0.0,0.44272113439617805,0.19768769448505275
C003664,3,0.0,0.0,0.0,0.0,0.46044615634903047,0.2546932336593249,0.16899973631276927,0.11586087367887532
C003666,2,0.2090439305450616,0.5967967442086545,0.0,0.0,0.0,0.0,0.1549921230548,0.03916720219148384
C003667,1,0.2461674291244157,0.6750710942624027,0.0,0.0,0.0,0.0,0.0,0.07876147661318156
C003669,2,0.5123610034461428,0.0,0.0,0.0,0.0,0.37865399087497703,0.04093314487099262,0.0680518608078875
C003672,1,0.0,0.0,0.12340591409336506,0.0,0.016586738307923496,0.0,0.0,0.8600073475987114
C003676,1,0.0,0.07462834785388538,0.0,0.3009779861956026,0.0,0.037787605584103504,0.0,0.5866060603664085
C003677,1,0.0007122159150767278,0.022254142149034206,0.012974659441172964,0.16892224752261098,0.05179372530648554,0.0,0.6976084079860422,0.045734601679577436
C003684,4,0.0,0.0,0.6503837065068409,0.016959928601367226,0.0,0.0,0.2973077813371846,0.03534858355460735
C003687,1,0.0,0.0,0.0,0.6403083315393484,0.01819922107091408,0.17856621683533724,0.0,0.16292623055440025
C003689,3,0.0,0.0,0.0,0.0,0.09354538987646029,0.0,0.0,0.9064546101235397
C003690,1,0.0,0.3780256237687644,0.0,0.0,0.0,0.4392075797229957,0.13863775314622465,0.044129043362015286
C003693,0,0.0,0.0,0.0,0.0,0.0,0.0,0.0,1.0
C003696,3,0.0,0.8898404327830028,0.0,0.07814337103957043,0.0,0.0,0.0,0.03201619617742668
C003697,0,0.0,0.0,0.0,0.0,0.08020964002768237,0.0,0.5950906188429855,0.3246997411293321
C003698,3,0.0,0.0,0.0,0.0,0.0,0.42118838902029737,0.29273928899406665,0.28607232198563604
C003699,4,0.15000018465089246,0.011922210343173674,0.7888449550515813,0.0,0.0,0.0,0.0,0.049232649954352614
C003700,4,0.19718465597020135,0.0,0.0,0.0,0.0,0.6833673416573521,0.0,0.11944800237244646
C003708,3,0.0,0.0,0.0,0.0,0.0,0.0,0.0,1.0
C003710,3,0.7764157171734285,0.0,0.0,0.05053202841845701,0.0,0.0,0.0,0.17305225440811445
C003715,2,0.4696733381402004,0.10995986135872055,0.3135882214754261,0.0,0.0,0.0,0.0,0.10677857902565291
C003716,1,0.017970772763520836,0.0,0.04032981878749747,0.0,0.0,0.0,0.06149863159982781,0.8802007768491539
C003717,0,0.10489074806352469,0.0,0.03270958114091144,0.4083331122657153,0.0,0.0,0.11388826448573011,0.3401782940441185
C003718,0,0.0,0.0,0.0,0.0,0.8403872492183005,0.0,0.0,0.15961275078169945
C003719,3,0.27288995507071606,0.0,0.6957924704510124,0.0,0.0,0.0,0.002269804260290457,0.029047770217980995
C003722,2,0.0,0.0,0.0,0.0,0.3349394341731441,0.022384856329094264,0.0,0.6426757094977616
C003723,3,0.6254294006273126,0.0,0.0,0.0,0.14768112325112434,0.1448648952418426,0.0,0.08202458087972042
C003727,3,0.20625674129189364,0.0,0.09238270826222425,0.3271486314464413,0.0,0.23358247161368859,0.0,0.14062944738575223
C003728,1,0.15039217912915037,0.0,0.0,0.0,0.13930608947486398,0.634531720136229,0.0,0.07577001125975658
C003733,0,0.05036256310154559,0.0,0.008295733939978652,0.0,0.05657675306460252,0.11570004855972912,0.0,0.7690649013341442
C003734,4,0.1462677264285368,0.0,0.019920383968605793,0.0,0.7231077637521287,0.0,0.09914048839616522,0.011563637454563458
C003736,0,0.5008860898795842,0.0,0.0,0.27195731147530955,0.1275944018601048,0.0,0.0,0.09956219678500156
C003738,1,0.0,0.0,0.0,0.22571069820393705,0.35718087634234247,0.0,0.18979616949802294,0.2273122559556976
C003739,0,0.0,0.0,0.039925309205943796,0.0,0.0,0.07182182286587527,0.0,0.8882528679281809
C003740,3,0.22598464082639258,0.08461626567979469,0.0,0.0,0.0,0.0,0.4417679079063077,0.24763118558750508
C003741,3,0.0,0.011821478801646171,0.7797531031845908,0.0,0.0,0.0,0.0,0.20842541801376302
C003743,1,0.0,0.0932106925636868,0.0,0.8812736435294201,0.0,0.0,0.0,0.025515663906893193
C003745,0,0.013679854294348365,0.05310026582620098,0.0,0.0,0.0,0.13007298730165098,0.0,0.8031468925777997
C003746,3,0.04749706817395005,0.0,0.4880571009718278,0.0,0.0,0.08617297793511287,0.1855068278570687,0.19276602506204044
C003748,1,0.0,0.0,0.21978519584220158,0.5730149318475215,0.0,0.0,0.16679155604675647,0.04040831626352048
C003750,3,0.0,0.0,0.0,0.03832441684308254,0.0,0.0,0.24641727132620184,0.7152583118307156
C003751,4,0.7299633795945907,0.09568143411000553,0.04059421696610411,0.0,0.0,0.12509244789607168,0.0,0.00866852143322805
C003753,0,0.0,0.5124939183626488,0.15619123924184306,0.0,0.0,0.0,0.0,0.3313148423955081
C003754,4,0.0,0.0,0.0,0.0,0.2006030000064333,0.7554121614440659,0.0,0.04398483854950086
C003756,0,0.43472889093373285,0.0,0.0,0.0,0.2923609776907447,0.0,0.025142359467928806,0.2477677719075937
C003764,2,0.38313386317076,0.022788790473236196,0.0,0.0,0.0,0.0,0.0,0.5940773463560038
C003765,1,0.0,0.005904445629305541,0.07311182144171573,0.010770089763609124,0.1147033387675199,0.0,0.7927757866534236,0.0027345177444260127
C003766,0,0.05491849720478317,0.0,0.0,0.04892317740463544,0.0,0.0,0.0,0.8961583253905814
C003770,1,0.11384958913327525,0.0,0.856995595976918,0.0,0.0,0.0,0.0,0.029154814889806757
C003773,1,0.0,0.0,0.22616844395978028,0.0,0.0,0.5028692117233113,0.03717905901752681,0.23378328529938153
C003774,1,0.0,0.0,0.0,0.9556736868564313,0.0,0.0,0.01432836258524207,0.029997950558326658
C003775,4,0.021289718666820133,0.0,0.0,0.0,0.0,0.03148722864417953,0.02477479251268388,0.9224482601763164
C003776,1,0.0,0.0,0.6013771587904932,0.0,0.0,0.2559896048138349,0.0,0.14263323639567183
C003778,4,0.48401055343744664,0.0,0.05868233798040486,0.0,0.016470709073981824,0.0,0.0,0.44083639950816667
C003779,4,0.03675640446897985,0.06973851723524316,0.0,0.0,0.02689298133611041,0.0,0.450824957019351,0.4157871399403156
C003781,4,0.4698291238989133,0.0,0.0,0.0,0.0,0.0,0.0,0.5301708761010867
C003784,1,0.0,0.5106225958571876,0.0,0.0762993623625218,0.0,0.1392209435071495,0.0,0.2738570982731411
C003785,3,0.0,0.0,0.7219492389376834,0.0,0.0,0.2384245801186086,0.0,0.03962618094370807
C003786,3,0.0,0.0,0.7140282621000084,0.08886856032701562,0.16823925342171744,0.001769398524474003,0.0,0.027094525626784605
C003788,1,0.0,0.0,0.02807522705224602,0.0,0.4172953958288259,0.22341411302989744,0.3077229293865456,0.02349233470248513
C003789,1,0.0,0.0,0.0,0.0,0.6227218571727077,0.0,0.11560402384074114,0.26167411898655124
C003790,3,0.0,0.0,0.0,0.703549003350178,0.0,0.18442142776776885,0.035743070178894915,0.07628649870315829
C003791,4,0.0,0.6004033740264982,0.0,0.0,0.007483331436565436,0.0,0.0,0.39211329453693633
C003792,1,0.0,0.0,0.06500787332978468,0.0,0.1548123569949233,0.0,0.7250610313765922,0.05511873829869984
C003793,3,0.0,0.0,0.4838464347946855,0.0,0.16283582652923592,0.0,0.21738406314478162,0.13593367553129698
C003799,1,0.3120837283387806,0.26263577500907004,0.0,0.3149519641209534,0.0,0.0,0.025557134248058687,0.08477139828313718
C003801,0,0.0,0.0,0.0,0.4650503656618281,0.0435452100200832,0.0,0.12737211824002886,0.3640323060780599
C003802,1,0.0,0.0,0.6737715099670633,0.0,0.0,0.0,0.22551473993721496,0.10071375009572181
C003805,1,0.548331410249932,0.0,0.0,0.0,0.0,0.3275507240857144,0.0,0.12411786566435357
C003806,3,0.0,0.08893703630306955,0.0,0.018085045124867225,0.0,0.189839711751904,0.20224760651283424,0.500890600307325
C003807,1,0.0,0.0,0.0,0.4393878718890179,0.28628135524921366,0.0,0.23351044059283343,0.040820332268935
C003808,4,0.0,0.0,0.0,0.0,0.0,0.0,0.0,1.0
C003809,0,0.0,0.0,0.0,0.0,0.0,0.1761521491473184,0.733034816741242,0.0908130341114396
C003811,3,0.0,0.9295127083936742,0.0,0.0,0.0,0.020983836149317016,0.032264130706584494,0.017239324750424334
C003812,0,0.0,0.0,0.0,0.0,0.05404373259513503,0.0,0.6893653290012236,0.25659093840364133
C003813,2,0.0,0.0,0.0,0.16705676846215023,0.0,0.7815156665475707,0.0,0.05142756499027912
C003814,3,0.0,0.0,0.016458572759650743,0.0,0.6869048285528184,0.0,0.0,0.2966365986875308
C003816,4,0.0,0.0,0.18520197078082082,0.0,0.0,0.7119717970296977,0.0,0.1028262321894815
C003817,3,0.7529157249429504,0.0,0.0,0.0,0.0,0.10350458391945251,0.0,0.14357969113759705
C003818,4,0.05368921353953915,0.28901889545866244,0.0,0.0,0.0,0.0341297831454962,0.3216180052714457,0.30154410258485653
C003821,1,0.0,0.0,0.4602159716736447,0.09592629703260161,0.22627411954107915,0.2018258764561034,0.0,0.015757735296571207
C003822,1,0.0,0.0,0.0,0.4694074990564423,0.0,0.3983917264283535,0.0,0.13220077451520418
C003823,1,0.0,0.0,0.09652854999446836,0.0,0.0,0.0,0.0,0.9034714500055316
C003824,3,0.16068446188562638,0.0,0.0,0.0,0.646461092021477,0.0,0.0,0.1928544460928967
C003826,1,0.0,0.0,0.0,0.1017484290966806,0.0,0.0,0.0,0.8982515709033194
C003831,0,0.0,0.0,0.0,0.10306958062710003,0.0,0.0,0.040676127622182166,0.8562542917507178
C003838,1,0.0,0.08124729979123076,0.0,0.006498001666065981,0.9050281934991385,0.0,0.0,0.007226505043564702
C003843,2,0.7538545112351267,0.0,0.0,0.0,0.1600357634938384,0.0,0.0,0.08610972527103489
C003846,0,0.004677727826602608,0.0,0.0,0.15402188968406,0.3021036552579999,0.0,0.4020824329573351,0.13711429427400246
C003848,2,0.0,0.29867725102719633,0.0,0.034137915622785835,0.23361152587972733,0.0,0.0,0.43357330747029055
C003850,0,0.0,0.3490713040038042,0.6174075568040472,0.0,0.0,0.0,0.0,0.03352113919214861
C003852,1,0.0,0.0,0.0,0.0,0.0,0.8230337584823046,0.0,0.17696624151769536
C003854,1,0.0,0.0,0.0,0.0,0.0,0.0,0.830214890868691,0.16978510913130895
C003856,4,0.0,0.9411520343711635,0.0,0.0,0.0,0.0,0.0,0.05884796562883654
C003858,1,0.0,0.0,0.0,0.2618270544788786,0.09443551078506046,0.5617028151011518,0.0,0.0820346196349091
C003860,4,0.0,0.0,0.012614355241252836,0.0,0.0,0.0,0.20760889887502712,0.77977674588372
C003862,2,0.0,0.08484184820145355,0.08749079619435132,0.0,0.0,0.0,0.452698168874831,0.3749691867293641
C003869,4,0.0,0.0,0.0,0.0,0.0,0.677646430603517,0.035757952409667663,0.28659561698681535
C003870,1,0.00972629908006851,0.6851347200618021,0.0,0.012976405546642419,0.00959509886154715,0.0,0.0,0.28256747644993985
C003872,4,0.0,0.0,0.0,0.0,0.7504519744383256,0.0,0.0,0.24954802556167444
C003873,0,0.0,0.0,0.0,0.7578963963859311,0.0,0.0,0.0,0.2421036036140689
C003877,2,0.0,0.0,0.0,0.0,0.0,0.22963672977142802,0.4568758098357727,0.3134874603927993
C003880,2,0.04214434305444513,0.0,0.0,0.09402575609966099,0.2071403429955845,0.39988910491466967,0.0,0.2568004529356397
C003881,1,0.0,0.6261825217292887,0.0,0.0,0.0,0.0,0.3100290219081115,0.06378845636259989
C003886,1,0.0,0.0,0.0,0.4890521920098817,0.05601400309628237,0.0,0.011774160100477042,0.4431596447933589
C003887,1,0.0,0.7534421716586198,0.0,0.0,0.0,0.0,0.0,0.24655782834138018
C003888,3,0.5953782940263037,0.0,0.0,0.0,0.0,0.019874405651314778,0.23923075923169007,0.14551654109069134
C003889,3,0.6142926071947765,0.0,0.12317334350480916,0.0,0.006391320433996781,0.0,0.0,0.25614272886641754
C003891,0,0.0,0.0,0.0,0.0,0.11196834775171433,0.0,0.0,0.8880316522482856
C003892,3,0.3571176940732321,0.045746981552052216,0.14990634622660456,0.0,0.0,0.0,0.0,0.44722897814811113
C003894,1,0.0,0.4335596821975009,0.0,0.08201132454081553,0.0,0.1493907165558369,0.0,0.3350382767058466
C003898,0,0.04351056257493673,0.0,0.29235507288273993,0.3428282093319786,0.3084765332931108,0.0,0.0,0.012829621917233913
C003901,4,0.3842212287402899,0.0,0.0,0.0,0.0,0.0,0.075692064076697,0.5400867071830131
C003907,0,0.06676179975444547,0.04771144988875722,0.0,0.1760813715245423,0.0,0.37013152289561657,0.09062783220899273,0.2486860237276457
C003908,2,0.03850676518630366,0.0,0.0,0.0,0.0,0.11014382614194278,0.0,0.8513494086717536
C003910,4,0.0,0.0,0.0,0.822972251268352,0.017004746083564663,0.10828960386061309,0.0,0.051733398787470186
C003912,2,0.30367652856825167,0.0,0.04621623305725296,0.0,0.0,0.030419276218260145,0.2993903707433809,0.3202975914128543
C003918,4,0.009730641950106419,0.0,0.0,0.011875194841680843,0.7198085659645787,0.0,0.0,0.25858559724363406
C003919,3,0.0,0.01922804359373062,0.0,0.0,0.0,0.11152713065716037,0.0,0.869244825749109
C003920,0,0.0,0.0,0.0,0.0,0.0,0.0,0.0,1.0
C003921,3,0.051447238395842323,0.5021107130437945,0.010727003295191469,0.0,0.036809986598839356,0.02770875276598329,0.0,0.371196305900349
C003924,1,0.05967901716333593,0.11337618284887399,0.0,0.01885071409530161,0.044219527849975473,0.0,0.4705808588407916,0.29329369920172144
C003925,3,0.0,0.0,0.29443479201618794,0.0,0.2859243887941765,0.3929859984328348,0.0,0.0266548207568007
C003926,4,0.0,0.0,0.0,0.0,0.0,0.0,0.8232414123184965,0.17675858768150354
C003928,2,0.02478673624091906,0.0,0.26689777011005994,0.0,0.019920228629094153,0.6852036696688932,0.0,0.003191595351033638
C003929,1,0.0,0.0,0.0,0.13630143006840326,0.0,0.0,0.8056955260068314,0.05800304392476541
C003930,1,0.0,0.0,0.0,0.6679814460896134,0.0,0.0,0.027926124976931775,0.3040924289334548
C003931,0,0.0,0.0,0.0,0.0,0.9620732286936962,0.0,0.009258101135502494,0.028668670170801325
C003933,3,0.0,0.0,0.0,0.0,0.0,0.49458969875209163,0.03854737965131055,0.4668629215965978
C003935,0,0.08394526103599463,0.0,0.0,0.0,0.6462997853286532,0.0,0.0,0.2697549536353522
C003936,0,0.0,0.07601825724081177,0.35588508748186953,0.2217933564368738,0.08556231333457598,0.10677693681059573,0.0,0.15396404869527314
C003938,3,0.0,0.0,0.025290563107390775,0.0,0.13005055150905628,0.21562575831619457,0.5891337473780988,0.039899379689259606
C003939,4,0.0,0.0,0.0,0.0,0.0,0.0,0.8953439345086107,0.10465606549138928
C003941,2,0.0,0.9554419644780099,0.0,0.0,0.0,0.0,0.0,0.044558035521990114
C003942,4,0.0,0.0,0.0,0.0,0.21801056557545143,0.0,0.6181591523376844,0.16383028208686423
C003944,4,0.0,0.0,0.08124364423085775,0.0,0.0,0.6530966082527969,0.19253089057005207,0.07312885694629334
C003946,3,0.9342818486353424,0.0,0.021464786788428968,0.0,0.0,0.0,0.014873310204130297,0.02938005437209834
C003947,3,0.0,0.09810845170019764,0.0,0.6148800562329414,0.04701973519209691,0.16952399523419773,0.0,0.07046776164056634
C003949,3,0.0,0.0,0.0824850165598287,0.0837652749933136,0.0,0.5042227704454737,0.0,0.329526938001384
C003959,4,0.0,0.41073732258429463,0.240270814089726,0.0,0.0,0.0,0.16726522065496768,0.1817266426710118
C003961,2,0.2372024025943446,0.0983262937071665,0.3685417089156711,0.0,0.0,0.0,0.0,0.2959295947828178
C003963,3,0.0,0.0,0.0,0.0,0.23683369837011375,0.26789754400595245,0.041734994870531006,0.45353376275340285
C003964,3,0.0,0.0,0.0,0.0,0.19915628379325373,0.05422932866462207,0.3230048939399072,0.423609493602217
C003965,3,0.0,0.2820878981335884,0.6494336116435612,0.0,0.04142128950044609,0.0,0.0,0.02705720072240425
C003966,0,0.8933034733842632,0.0,0.0,0.0,0.0,0.05476625465975586,0.0,0.05193027195598099
C003967,1,0.012737016366589523,0.04377974156336216,0.8687855721362228,0.0,0.0,0.06684337919010593,0.0,0.007854290743719572
C003970,3,0.0,0.0,0.01974415823605722,0.0,0.16388756339623764,0.7072826276558493,0.04550149653981467,0.06358415417204122
C003976,0,0.4706141510305897,0.0,0.0,0.0,0.054107299438769005,0.004937927348308024,0.0,0.4703406221823333
C003978,4,0.0,0.0,0.015310719466486333,0.006198303755513718,0.6720962843599454,0.0,0.23176932085801913,0.07462537156003535
C003980,2,0.0,0.059724172400053864,0.0,0.0,0.213626531572438,0.0,0.26295339049441374,0.4636959055330945
C003981,2,0.40117935671971044,0.0,0.0,0.0,0.0,0.24941043774923952,0.0,0.34941020553105007
C003982,4,0.0,0.0,0.0,0.5631601842669219,0.08850290070650345,0.12612963429571367,0.0,0.22220728073086093
C003985,1,0.0,0.02564096874802704,0.0,0.38846334125997584,0.0,0.0,0.5693069760931658,0.01658871389883132
C003986,2,0.0,0.8965855874675823,0.0,0.0,0.0,0.0,0.0,0.10341441253241768
C003987,1,0.06333870292485429,0.0,0.031098414071351946,0.0,0.0,0.024748434201795972,0.0,0.8808144488019978
C003988,4,0.0,0.0,0.0,0.14273905036319567,0.0,0.6706967745983525,0.0,0.1865641750384518
C003990,1,0.0,0.08544495887839329,0.0,0.0,0.5512214367503697,0.0,0.0,0.36333360437123696
C003991,3,0.0,0.1143176863887938,0.0,0.0,0.0,0.0,0.0,0.8856823136112062
C003992,3,0.0,0.0,0.0,0.0,0.0,0.0,0.8143129008188823,0.1856870991811177
C003993,0,0.0,0.04499246787485681,0.21735198165052866,0.0,0.0,0.5612401308525582,0.0,0.1764154196220563
C003994,2,0.0,0.0,0.0,0.0,0.0,0.0,0.0,1.0
C003995,2,0.0,0.6820267657374789,0.0,0.0,0.0,0.03736240555237498,0.051014434773931694,0.22959639393621445
C003999,4,0.779187685948517,0.0,0.0,0.0,0.0,0.0,0.0,0.22081231405148305
