client_id,fold,cloud,gym,insurance,mobile,music,software,streaming,none
C000001,2,0.0,0.12591643023647198,0.3329844852768678,0.1873333679932273,0.0,0.0,0.26526452857424243,0.08850118791919048
C000005,3,0.0,0.1769579720642232,0.0,0.5557289417355995,0.0,0.0,0.0,0.26731308620017735
C000007,3,0.3930094939148089,0.0,0.0,0.0,0.0,0.18025633245156297,0.0,0.4267341736336281
C000009,2,0.06631664141936358,0.0,0.0,0.0,0.0,0.5949455440260255,0.271750864197146,0.06698695035746494
C000012,4,0.0,0.0,0.0,0.0,0.0,0.9400413572520496,0.0,0.059958642747950375
C000014,4,0.3504299466266273,0.0,0.0,0.0,0.0,0.40484193846220856,0.0,0.2447281149111642
C000015,0,0.0,0.0,0.4956210979361655,0.0,0.0,0.0,0.0,0.5043789020638345
C000016,1,0.0,0.022618539036662083,0.6056645082992037,0.0,0.0,0.0,0.0,0.3717169526641342
C000017,3,0.0,0.011409636993987398,0.09462227357354687,0.6495811489574027,0.0,0.0,0.15056501742791348,0.09382192304714954
C000021,1,0.0,0.0,0.0,0.6277037729090434,0.0,0.02682984201299497,0.1059210090926505,0.23954537598531112
C000022,2,0.0,0.0,0.0,0.0,0.0,0.6411617169599544,0.20984611633135944,0.1489921667086862
C000024,1,0.0,0.6719143159531505,0.0,0.0,0.021796450404190156,0.05159090547200456,0.0,0.25469832817065474
C000025,0,0.6566776595266676,0.0,0.0,0.03889553409428688,0.027836551040535732,0.16021384460331403,0.008181478127636364,0.10819493260755941
C000026,1,0.0,0.3641536865357562,0.28664194849863744,0.17290476105747782,0.0,0.07283279153269705,0.06359890976380414,0.039867902611627426
C000027,2,0.0,0.007182418677305169,0.0,0.21761815920468314,0.742706908175551,0.012066582303758748,0.0,0.02042593163870199
C000028,3,0.336727662019177,0.07598774672747782,0.0,0.0,0.09580777254383302,0.4491921698060051,0.0,0.04228464890350714
C000029,3,0.39665067921674,0.0,0.0,0.021959453803145446,0.19251714679323711,0.10326317119701584,0.1381861397615339,0.14742340922832764
C000030,3,0.0747081703254734,0.0,0.0,0.0,0.020518585456465885,0.0,0.0,0.9047732442180607
C000033,0,0.034014775078745015,0.0,0.0,0.0,0.0,0.0,0.31134153012042914,0.6546436948008258
C000035,2,0.0,0.024468902206951203,0.0,0.28980930463451765,0.05434216865834545,0.0,0.023953325180238388,0.6074262993199473
C000038,3,0.0,0.0,0.0,0.0,0.3049872647818686,0.2294078607275282,0.0,0.46560487449060317
C000039,0,0.0,0.0,0.0,0.0,0.0,0.0,0.0,1.0
C000040,2,0.1996185355563771,0.6378612433183654,0.12751030111310035,0.0,0.0,0.0,0.0,0.03500992001215719
C000041,3,0.0,0.0,0.7570107916643003,0.0,0.1378744679943682,0.0,0.0,0.1051147403413315
C000043,1,0.0,0.0,0.040944211915098866,0.0,0.0,0.0,0.09567213278256143,0.8633836553023397
C000044,1,0.0,0.0,0.0,0.0,0.0,0.0,0.08069807844600041,0.9193019215539996
C000047,2,0.0,0.5675352598540859,0.0,0.0,0.25465727757057166,0.0,0.0,0.1778074625753424
C000053,3,0.093332296131177,0.5351411705936018,0.0,0.0,0.0,0.0,0.0,0.3715265332752212
C000055,1,0.0,0.0,0.0,0.0,0.0,0.19751938267741354,0.0,0.8024806173225865
C000060,0,0.0,0.0,0.8399725462788534,0.0,0.0,0.0,0.0,0.16002745372114657
C000062,4,0.05534722364854569,0.0,0.0,0.029972663645662905,0.0,0.0,0.0,0.9146801127057914
C000063,1,0.0,0.0,0.8442124444795152,0.0,0.0,0.0,0.0,0.15578755552048484
C000064,1,0.0,0.0,0.4399650433087158,0.017506957174198843,0.0,0.30917959131040346,0.0,0.2333484082066819
C000066,1,0.025287339777942116,0.0,0.0,0.0,0.0,0.0,0.05677235273197918,0.9179403074900787
C000069,3,0.020846317463226557,0.0,0.46446537798981513,0.020508426679571444,0.0,0.0,0.004189749730372077,0.4899901281370147
C000072,1,0.0,0.0,0.0,0.20462758887426982,0.0,0.7085626761272955,0.05481333293899271,0.031996402059441986
C000073,4,0.0,0.0,0.02865183585006637,0.0,0.38104690654827095,0.0,0.0,0.5903012576016626
C000077,4,0.2817900680110412,0.0,0.0,0.057003114395570556,0.0,0.0,0.0,0.6612068175933883
C000078,4,0.0,0.0,0.5624283491330445,0.0,0.3423720976875318,0.0,0.04257437311305494,0.05262518006636874
C000079,2,0.0,0.3551433695428911,0.0,0.0891096393868216,0.0,0.46319284534201594,0.0768833511621384,0.01567079456613296
C000080,2,0.0,0.0,0.0,0.0,0.0,0.0,0.0,1.0
C000084,3,0.0,0.0,0.03826878868397434,0.07696492677970643,0.0,0.0,0.0,0.8847662845363192
C000085,2,0.0,0.0,0.740391159192477,0.0,0.0,0.0,0.0,0.259608840807523
C000088,1,0.13284061429078328,0.014430773965533179,0.7883343520659851,0.0,0.0,0.0,0.0,0.0643942596776984
C000093,0,0.44009085581525625,0.0,0.011834323257810666,0.0,0.0,0.0,0.0,0.548074820926933
C000094,1,0.6920556201114124,0.0,0.12175507651009435,0.0,0.07081409124763488,0.0,0.0,0.11537521213085844
C000095,1,0.09832181780735086,0.0,0.0,0.8126743105492921,0.009332736415788991,0.04813221813404256,0.0,0.03153891709352552
C000100,2,0.07832276995205874,0.5601023832993316,0.11425207331632059,0.0,0.0,0.0,0.0,0.24732277343228903
C000101,1,0.0,0.8267599705879396,0.0,0.0,0.0,0.0,0.0,0.1732400294120604
C000102,4,0.0,0.09931934386165157,0.0,0.0,0.0,0.5206976819617327,0.0,0.37998297417661575
C000103,3,0.0,0.0,0.6399054623764573,0.12882329330718997,0.05061744146395162,0.16137586420939415,0.0,0.019277938643006864
C000104,3,0.0,0.0,0.389768059434788,0.0,0.38999394979047514,0.0,0.0,0.22023799077473694
C000105,4,0.0,0.2716136451497567,0.10307280263089241,0.0,0.0,0.0,0.4679805488753974,0.1573330033439535
C000106,4,0.0,0.0,0.0,0.0,0.0,0.0,0.8119053757048368,0.18809462429516322
C000109,1,0.49601360198129907,0.0,0.0,0.0,0.0,0.4706191660057687,0.0,0.033367232012932235
C000110,1,0.0,0.10474075345941365,0.2774835256968648,0.42186890456358705,0.019811571659329244,0.0,0.0668947033153554,0.10920054130544987
C000111,1,0.0,0.0,0.22488662017298783,0.0,0.0,0.0,0.6927290646100039,0.08238431521700829
C000113,0,0.0,0.0,0.0,0.6301119177077312,0.05375693899006622,0.0,0.0,0.3161311433022026
C000115,1,0.054662911315791186,0.0,0.0,0.0,0.020529038092110555,0.18843057019888526,0.4225356464059113,0.3138418339873017
C000116,0,0.10234276114350403,0.0,0.8324368914596785,0.0,0.0,0.0,0.040836727299930896,0.02438362009688655
C000117,1,0.0,0.9041359397792912,0.0,0.0,0.0,0.0,0.0,0.09586406022070881
C000119,1,0.17846011095052802,0.0,0.0,0.0,0.0,0.0,0.788927719167215,0.0326121698822569
C000120,3,0.0,0.6280940279872449,0.0,0.0,0.042317811004929914,0.0,0.045436481366462306,0.2841516796413629
C000122,0,0.19116003451666372,0.0,0.0,0.047204064359716046,0.0,0.0,0.0,0.7616359011236202
C000127,3,0.0,0.028844626993763493,0.0,0.0,0.0,0.10816109202388269,0.016533683265685474,0.8464605977166684
C000128,1,0.0,0.0,0.8750046549094966,0.0,0.07560661373833681,0.0,0.0,0.04938873135216659
C000129,3,0.1102961446236321,0.0,0.0,0.0,0.0,0.5669950749951521,0.012428999634003166,0.31027978074721263
C000130,3,0.0,0.060734685170568375,0.18887541758765236,0.0,0.0,0.0,0.0,0.7503898972417793
C000132,4,0.0,0.0,0.0,0.37994576343702735,0.15449238632424891,0.4396715592000273,0.0,0.025890291038696445
C000134,3,0.2636301206077899,0.0,0.4294333460850172,0.0,0.0,0.0,0.29015188766143657,0.016784645645756324
C000135,3,0.0903895812678753,0.0,0.0,0.11943782950081382,0.03652837079574906,0.0,0.0,0.7536442184355618
C000136,4,0.0,0.0,0.08088957711473098,0.11854915031734313,0.0,0.0,0.016408932800379833,0.7841523397675461
C000137,3,0.06488206587879686,0.0,0.0,0.0,0.27313687993268576,0.0,0.20750065850279023,0.4544803956857272
C000140,0,0.0,0.06605287694378953,0.0,0.0,0.0,0.7192400406667745,0.11287835266358082,0.1018287297258551
C000142,4,0.06865703718528433,0.09149856009488415,0.0,0.77123414673515,0.0,0.0,0.05914301307094067,0.009467242913740792
C000144,0,0.0,0.0,0.0,0.0,0.0,0.9415030224129896,0.0,0.058496977587010446
C000148,4,0.14365942106526577,0.16995986793361165,0.0,0.03049556991542302,0.0,0.0,0.48917349133210114,0.16671164975359842
C000149,3,0.0,0.0,0.0,0.0,0.0,0.0,0.7288945776575424,0.2711054223424576
C000150,3,0.0,0.0,0.0,0.0,0.0,0.7384967899854673,0.22773587184667637,0.033767338167856265
C000152,4,0.5738811900776779,0.0,0.0,0.0,0.018870346633949025,0.0,0.09959214816886623,0.30765631511950686
C000153,3,0.0,0.0,0.0,0.9020008520538683,0.0,0.0,0.0,0.09799914794613174
C000155,2,0.0,0.0,0.0583061252993965,0.0,0.0,0.0,0.0,0.9416938747006035
C000157,0,0.0,0.0,0.0,0.0,0.0,0.0,0.0,1.0
C000159,4,0.0,0.0,0.4580732131576965,0.02113199103270199,0.0,0.0,0.02451426294594828,0.49628053286365326
C000160,4,0.0,0.0,0.0,0.0,0.0,0.0,0.0,1.0
C000162,4,0.03169833173482307,0.0,0.008489922688077483,0.1390825727239293,0.0,0.34360002833196984,0.25394502950847003,0.22318411501273028
C000164,4,0.04973448522982253,0.0,0.18456905089115458,0.0,0.6044464105116948,0.0,0.0,0.16125005336732812
C000168,2,0.0,0.09116452354938462,0.0,0.0,0.0,0.5169898698532386,0.0,0.39184560659737677
C000169,4,0.0,0.04853832174489133,0.0,0.2036502111117892,0.0,0.0,0.31519450683313244,0.43261696031018704
C000171,3,0.0,0.0,0.0,0.026258650995794497,0.0,0.0,0.8996481748289354,0.07409317417527006
C000172,3,0.0,0.0,0.0,0.0,0.0,0.0,0.0,1.0
C000173,3,0.6845149986561488,0.0,0.07198990789419818,0.18725482445478078,0.0,0.0,0.0,0.05624026899487211
C000174,0,0.0,0.0,0.0,0.0,0.0,0.13914993295619238,0.0,0.8608500670438076
C000175,3,0.010246837881612835,0.0,0.2926239168188001,0.0,0.4993972289740827,0.0,0.0,0.1977320163255043
C000177,0,0.08299627759485396,0.0,0.40003905248732446,0.22466151807535018,0.10697041791628381,0.0,0.06649497673555127,0.11883775719063638
C000179,0,0.01146562063891435,0.26805379571922316,0.0,0.12031609082303804,0.5405418053225223,0.0,0.0,0.059622687496302174
C000181,2,0.0,0.06808988619733602,0.0,0.0,0.5704233913891845,0.25443228508025506,0.0,0.1070544373332244
C000183,3,0.0,0.09202837996403715,0.0,0.5943264951661491,0.0,0.0,0.19608522834234493,0.1175598965274689
C000185,1,0.2903313787391133,0.5635085647198405,0.0,0.0,0.0,0.0,0.0,0.14616005654104625
C000187,0,0.0,0.0,0.4742512746172985,0.0,0.39947489024793853,0.0,0.0,0.12627383513476298
C000189,0,0.023308975223122044,0.0,0.0,0.0,0.027535287490016748,0.5389182417952687,0.01787386046928576,0.39236363502230676
C000190,3,0.7056309456910745,0.0,0.0,0.0,0.0,0.0,0.0,0.29436905430892546
C000191,2,0.0,0.0,0.0,0.4728124973716168,0.07867671880838902,0.0,0.41719097705139085,0.03131980676860335
C000192,3,0.0,0.35553977345953464,0.08422322300338855,0.0,0.3654469034654476,0.17269708494287592,0.0,0.02209301512875328
C000196,4,0.5283373966255853,0.0,0.0,0.0,0.08748470052778438,0.0,0.0,0.38417790284663034
C000197,3,0.0,0.0,0.0,0.0,0.7165139178779524,0.13386824539482808,0.0,0.1496178367272195
C000198,3,0.0,0.0,0.0,0.0,0.0,0.0,0.8668282094053797,0.13317179059462025
C000201,4,0.0,0.6856568088804416,0.0,0.0,0.0,0.0,0.0,0.31434319111955844
C000202,3,0.3191560905920415,0.2058340367141685,0.05287869481531479,0.0,0.0,0.04679983494135471,0.31897280503457665,0.05635853790254375
C000203,4,0.0,0.12078859493822289,0.06249627055382193,0.0,0.0,0.49707976785234675,0.0,0.31963536665560843
C000205,2,0.05723765803256935,0.0,0.0,0.3095147137723306,0.0,0.07208165148146964,0.0,0.5611659767136304
C000206,4,0.0,0.0,0.0,0.004262396249130153,0.6471936802652895,0.28826106937211704,0.0,0.06028285411346335
C000207,2,0.5944718968786592,0.14450256486768775,0.0,0.037796888730971964,0.0,0.0,0.1706465511380299,0.05258209838465122
C000210,4,0.20848576810615832,0.028239215129040582,0.04986334385333339,0.535578593546762,0.0,0.0,0.0,0.17783307936470572
C000212,4,0.6577065478168067,0.11138819346228458,0.043785967012852756,0.08812956622799946,0.0,0.0,0.0,0.09898972548005647
C000214,0,0.0,0.0,0.0,0.06014931583927166,0.010587876749760887,0.0,0.0,0.9292628074109675
C000218,1,0.0,0.005124443163496913,0.3817504970010817,0.07930637296064601,0.05187055358138183,0.0,0.15389603966710053,0.32805209362629295
C000219,4,0.2488333991509874,0.09396183612781327,0.0,0.040157046547781364,0.5772881477222602,0.0,0.0,0.039759570451157744
C000222,4,0.0,0.0,0.0,0.011476351051860796,0.0,0.11533716044949664,0.20688545228455515,0.6663010362140874
C000223,3,0.6255792839926281,0.0,0.0,0.1289211233823902,0.0,0.0,0.16547796812652915,0.08002162449845251
C000226,1,0.0,0.0,0.804816128952921,0.0,0.0,0.0,0.0,0.19518387104707902
C000228,4,0.0,0.003757254456270892,0.8565283487070261,0.0005101977393887737,0.12422250478827311,0.0,0.0,0.014981694309041171
C000230,2,0.0,0.029944206320699683,0.34086125639750214,0.0,0.0,0.0,0.0,0.6291945372817982
C000233,1,0.0,0.0,0.3306831877365535,0.0,0.4420450001529011,0.0,0.0,0.22727181211054548
C000234,4,0.030637030130705775,0.0,0.0,0.014096845123063709,0.8125809750960856,0.0,0.0,0.1426851496501449
C000235,1,0.0,0.0,0.0,0.8358262970082854,0.0,0.0,0.0,0.16417370299171463
C000236,3,0.0,0.0,0.0,0.6592864306858923,0.012645848528420515,0.0,0.08406809726514551,0.2439996235205416
C000237,0,0.38334380397565954,0.0,0.0,0.0,0.09294008714825835,0.10707643905297681,0.02465440639205268,0.39198526343105267
C000238,1,0.0,0.18641762413136234,0.0,0.1624473584333862,0.5287640862423737,0.0,0.02771277901695595,0.09465815217592188
C000239,3,0.0,0.0,0.0,0.0,0.0,0.7250217620364422,0.12382192409580844,0.15115631386774941
C000240,0,0.0,0.6115173397575924,0.0,0.0,0.0,0.0,0.015467266385710075,0.3730153938566976
C000242,3,0.0,0.025043219457585374,0.0,0.4659866544594168,0.0,0.20791015970364865,0.0802446357300736,0.2208153306492756
C000245,0,0.007151667109158989,0.0,0.0,0.0,0.0,0.0,0.014711047218520956,0.9781372856723201
C000246,4,0.6745937261150616,0.0,0.0,0.0,0.0,0.0,0.0,0.32540627388493837
C000248,4,0.3115257467003818,0.0,0.37577263250858495,0.08968213693332744,0.0,0.0,0.0,0.22301948385770576
C000249,4,0.0786200237764474,0.0,0.0,0.0,0.0,0.0,0.0,0.9213799762235526
C000250,1,0.13907472647782868,0.0,0.0,0.0,0.0,0.3753022176780226,0.0,0.4856230558441488
C000252,1,0.031186054922112027,0.0,0.005739775830007649,0.0,0.0,0.5855195766977045,0.03747314750307266,0.34008144504710325
C000254,0,0.0,0.0,0.01822981353007471,0.0,0.0,0.0,0.039003283355996766,0.9427669031139285
C000257,1,0.5561146031815857,0.0,0.0,0.0,0.21553638564914226,0.0,0.0,0.2283490111692721
C000259,4,0.02873487483627579,0.0,0.32251506037796895,0.0,0.5247798075550154,0.0,0.0,0.12397025723073984
C000261,1,0.0,0.0,0.0,0.0,0.023307594585522277,0.13373684676408665,0.0,0.8429555586503911
C000262,2,0.0,0.0,0.0,0.16454045659918876,0.0,0.0,0.729685472886642,0.1057740705141692
C000263,4,0.8589219777414552,0.023986494739915952,0.0,0.0,0.018000467378805857,0.0,0.0,0.09909106013982294
C000264,0,0.0,0.2736538899305594,0.0,0.017197707900695275,0.631903754145255,0.0,0.0,0.07724464802349029
C000265,3,0.1758379534221335,0.0,0.0,0.0,0.0,0.6920089926851982,0.0,0.1321530538926683
C000270,3,0.0,0.0,0.0,0.0,0.6972620576617912,0.0,0.0,0.30273794233820883
C000271,0,0.0,0.5819497325039467,0.08715364065914967,0.0,0.0,0.07612272694048593,0.0,0.25477389989641774
C000272,0,0.0,0.6488421497895309,0.0,0.09124853882130027,0.0,0.0,0.0,0.25990931138916884
C000274,4,0.0,0.0,0.0,0.09120631257053681,0.0,0.3711679207750484,0.0,0.5376257666544149
C000275,1,0.0,0.0,0.036304029375935645,0.18103339013105577,0.0,0.0,0.0,0.7826625804930085
C000276,0,0.05469204183037127,0.0,0.0,0.7961306143618126,0.0,0.09497013104557735,0.0,0.05420721276223872
C000281,0,0.0,0.548839602508744,0.28173864890444744,0.0,0.0,0.07773460304837713,0.0,0.09168714553843149
C000283,3,0.0,0.0,0.0,0.0,0.0,0.0,0.8984165724610472,0.10158342753895278
C000284,0,0.0,0.0,0.0,0.2077695229513409,0.0,0.5775455941517839,0.0,0.21468488289687526
C000285,1,0.0,0.0,0.0,0.36550311020718085,0.0,0.0,0.4285226510903227,0.20597423870249643
C000286,0,0.0,0.0,0.12490434698142533,0.11797754348216224,0.6685485595901449,0.0,0.0,0.08856954994626753
C000290,1,0.0,0.0,0.0,0.5748772468333201,0.0,0.0,0.0,0.4251227531666799
C000292,2,0.7396022350963045,0.0,0.0,0.0,0.0,0.0,0.019586378240790882,0.24081138666290458
C000295,1,0.0,0.07396448893802476,0.0,0.0,0.0,0.0,0.0,0.9260355110619752
C000296,2,0.0,0.07411545140072326,0.0,0.0,0.3054890894499941,0.0,0.0,0.6203954591492826
C000297,1,0.0,0.0,0.08953046750990229,0.0,0.043290532845558116,0.0,0.0,0.8671789996445396
C000302,4,0.0,0.0,0.0,0.0,0.0,0.059877576435804936,0.0,0.9401224235641951
C000306,3,0.33128118355359704,0.0,0.0,0.3394568837555023,0.0,0.0,0.0,0.32926193269090065
C000310,1,0.04726769196222694,0.12762038096618739,0.0,0.0,0.0,0.0,0.0,0.8251119270715856
C000311,3,0.12657927212283182,0.0,0.0,0.0,0.0,0.0,0.0,0.8734207278771682
C000313,0,0.07826585371830107,0.0,0.0,0.04980052985721147,0.031704684145738564,0.0,0.6672270968542,0.17300183542454883
C000319,3,0.17595061179052368,0.041560372684793845,0.0,0.7431995414444441,0.0,0.0,0.0,0.03928947408023831
C000322,1,0.06940764471328029,0.020476514337924488,0.0,0.0,0.8235865911391973,0.0,0.0,0.08652924980959797
C000323,4,0.1497290095083216,0.0,0.7852730698592211,0.0,0.0,0.0,0.0,0.06499792063245735
C000324,4,0.0,0.04915343949068337,0.04128092248856538,0.15094881546207173,0.0,0.0,0.0,0.7586168225586796
C000326,3,0.0,0.0,0.0,0.0,0.772327983116482,0.0,0.0,0.227672016883518
C000330,0,0.18477676785572678,0.14902458229887683,0.2434248313657382,0.0,0.0,0.0,0.38435891420502494,0.038414904274633344
C000332,4,0.0,0.0,0.0,0.8033823036462914,0.0,0.0,0.0,0.19661769635370863
C000336,3,0.0,0.0,0.24111189002643993,0.012257065379557694,0.0,0.0,0.7031302176634748,0.04350082693052748
C000338,1,0.44410943912982576,0.025627545323760118,0.024695610195339866,0.0,0.0,0.0,0.0,0.5055674053510743
C000339,4,0.0,0.0,0.0,0.0,0.0,0.5419062725077777,0.0,0.4580937274922223
C000342,0,0.0,0.0,0.0,0.021806366335658557,0.18632852709832298,0.4979805158091528,0.0,0.2938845907568657
C000343,0,0.8152280546141897,0.14125697186686634,0.0,0.004078698447478666,0.0,0.0,0.01554899762940073,0.023887277442064536
C000348,4,0.6000811812798424,0.0,0.1752788614003754,0.0,0.08490363266412454,0.0,0.0,0.13973632465565755
C000350,3,0.1711379220787005,0.0,0.0,0.0,0.5559676065172576,0.1601087864941491,0.0,0.11278568490989271
C000351,3,0.028977184946718474,0.0,0.0,0.0,0.0,0.9241157211173647,0.0,0.046907093935916744
C000352,2,0.0,0.0,0.0,0.0,0.14582799897322457,0.0,0.6976895694274442,0.15648243159933117
C000353,4,0.0,0.0,0.0,0.8788390605104367,0.029033731458868645,0.0,0.0,0.09212720803069463
C000356,4,0.0,0.0,0.14409796160942914,0.8497008422793405,0.0,0.0,0.0,0.006201196111230378
C000358,2,0.09478785483553491,0.0,0.0,0.0,0.07186225004917153,0.05923606778663981,0.0,0.7741138273286537
C000361,0,0.09847609148862728,0.0,0.014694244372798383,0.0,0.009377155747807921,0.8023395244494615,0.051932958538448065,0.023180025402856796
C000363,3,0.20541710232205304,0.0,0.0,0.48051368047898474,0.0,0.2819309227542706,0.0,0.03213829444469152
C000364,0,0.0,0.0,0.6128306828278745,0.03919465058457346,0.0,0.0,0.0,0.34797466658755205
C000369,0,0.0,0.05241654872671357,0.2333906251058816,0.0,0.0,0.0,0.04875539554157751,0.6654374306258273
C000372,0,0.0,0.0,0.0,0.0,0.0,0.0,0.7397548072336936,0.2602451927663064
C000375,0,0.0,0.0,0.0,0.0,0.0,0.9109665440675236,0.0,0.08903345593247636
C000376,0,0.0,0.025005018168564163,0.11550019533948996,0.05492268671611953,0.0,0.0722549270962066,0.0,0.7323171726796198
C000381,1,0.07303186317173763,0.0,0.0,0.5179790147808431,0.0,0.005908228457853687,0.0,0.40308089358956567
C000382,4,0.0,0.030072316644100365,0.0,0.42989184780173767,0.2157315514324565,0.21459393965163492,0.0,0.10971034447007044
C000387,0,0.012439610831552261,0.0,0.26512536521768487,0.0,0.0,0.0,0.029025691726572402,0.6934093322241905
C000388,2,0.0,0.041798572609427674,0.13161282496588575,0.0,0.0,0.0,0.0,0.8265886024246866
C000389,4,0.0,0.0,0.0,0.0,0.0,0.0,0.28523918150568284,0.7147608184943172
C000390,0,0.0,0.0,0.0,0.0,0.10610921067754787,0.0,0.7262030913688722,0.16768769795357996
C000392,3,0.019723594371722816,0.0,0.0,0.0,0.0,0.0,0.6842350813325567,0.2960413242957205
C000394,2,0.0,0.0,0.0,0.0,0.6272869469852398,0.0,0.0,0.3727130530147602
C000400,1,0.0,0.0,0.0,0.0841852617139236,0.0,0.0,0.0,0.9158147382860764
C000401,1,0.09204624370196988,0.0,0.0,0.0,0.0,0.0,0.0,0.9079537562980301
C000403,2,0.0,0.0,0.8776356586884185,0.0,0.0,0.030213721846193115,0.0,0.09215061946538838
C000406,3,0.0,0.0,0.0,0.060127265661551944,0.0,0.0,0.503520240583448,0.43635249375500007
C000407,3,0.0,0.3019512371997338,0.0,0.0,0.0,0.02759950539064542,0.512963737378019,0.15748552003160166
C000408,3,0.0,0.0,0.38661775588352365,0.0,0.0,0.0,0.0,0.6133822441164763
C000410,4,0.0,0.27267604049426214,0.23442364550922765,0.08115006445301369,0.27943722107352864,0.015266333251898405,0.0,0.11704669521806954
C000414,3,0.0,0.0,0.0,0.05391112686224804,0.0,0.0,0.015507115816193393,0.9305817573215586
C000417,2,0.0,0.0,0.0,0.45973873898634815,0.0,0.0,0.33711457910466464,0.20314668190898721
C000418,1,0.0,0.0,0.0,0.0,0.0,0.07228318741168127,0.0,0.9277168125883187
C000420,3,0.0,0.7416127079215917,0.0,0.021799421520208865,0.0,0.0028323915320877225,0.1755216910961952,0.058233787929916514
C000422,3,0.0,0.0,0.04743589303294212,0.0,0.12702479893165325,0.0,0.0,0.8255393080354047
C000424,2,0.0,0.450023797304583,0.0,0.0,0.0,0.43463889063321304,0.0,0.11533731206220399
C000425,4,0.0,0.0,0.0,0.0,0.0,0.0,0.6239130031469483,0.3760869968530517
C000426,2,0.23110077038490906,0.5083515751359141,0.0,0.0,0.0,0.0,0.0,0.2605476544791768
C000427,1,0.0,0.0,0.0,0.0,0.0,0.435414000803043,0.24542505107349505,0.31916094812346196
C000428,1,0.0,0.0,0.0,0.0,0.0,0.06291940137941165,0.0,0.9370805986205883
C000431,3,0.0,0.9770529350783593,0.0,0.0,0.0,0.0,0.0,0.02294706492164067
C000433,0,0.0,0.0,0.1928135732366805,0.0,0.03273133771113831,0.32353508187934665,0.0,0.45092000717283454
C000434,2,0.0,0.0,0.0,0.0,0.0,0.04325877409363654,0.0,0.9567412259063635
C000436,2,0.4096699005867086,0.09112377575985699,0.13821371889989453,0.08010637185407063,0.0,0.09604039708260655,0.026551754859801945,0.15829408095706066
C000437,2,0.0,0.0,0.0,0.0,0.0,0.0,0.0,1.0
C000438,4,0.03581666961100565,0.037947115040902174,0.0,0.0,0.0,0.0,0.8487944502760184,0.07744176507207379
C000443,2,0.3466306724335028,0.0,0.5624532583578022,0.0,0.0,0.0,0.0,0.090916069208695
C000445,3,0.0,0.0,0.0,0.0,0.0,0.09742895257749441,0.0,0.9025710474225056
C000446,3,0.0,0.0,0.5560328476280021,0.0,0.2914781044443719,0.030059506615752934,0.011690513994014176,0.11073902731785878
C000447,0,0.0,0.1856339962413273,0.5319873381196608,0.0,0.0,0.0,0.16578535694334243,0.11659330869566953
C000448,3,0.07623257954624316,0.0,0.0,0.0,0.9115779883434101,0.0,0.0,0.012189432110346732
C000452,1,0.0,0.7325398524033935,0.0,0.0,0.06559370174567229,0.12838359370598695,0.016293001650601525,0.05718985049434577
C000453,3,0.0,0.0,0.05713604145646683,0.24921486453059205,0.3077869557685042,0.0,0.3516342785742628,0.034227859670174166
C000454,4,0.0,0.0,0.29855908546089266,0.0,0.0,0.6722891323318523,0.0,0.029151782207255117
C000455,1,0.18133352961301122,0.32019114265934207,0.0,0.41800628483256175,0.0,0.0,0.0,0.08046904289508494
C000456,2,0.0,0.0,0.0,0.0,0.0,0.08525840043981738,0.5197571578784184,0.3949844416817643
C000457,0,0.26155867524546506,0.22174183683753276,0.43392239344999384,0.0,0.0,0.0,0.0,0.08277709446700832
C000458,1,0.0,0.10880217747759266,0.1833140965400296,0.0,0.32332814899569673,0.0,0.0,0.3845555769866811
C000461,2,0.0,0.0,0.6865406022029207,0.0,0.0,0.0,0.0,0.3134593977970793
C000462,2,0.0,0.0,0.011000431771875417,0.0,0.0,0.5185579393490614,0.3885109972750337,0.08193063160402958
C000464,1,0.0,0.0,0.0,0.0,0.030831676246163786,0.0,0.0,0.9691683237538362
C000465,2,0.3464123868666984,0.0,0.4980224870637859,0.06743333278108359,0.0,0.0,0.0,0.08813179328843213
C000468,4,0.0,0.0,0.4628925753537553,0.0,0.1196635383284733,0.251243000807803,0.0,0.16620088550996837
C000469,2,0.0,0.0,0.9555620526835265,0.00550928358901477,0.0,0.0,0.0,0.038928663727458734
C000470,2,0.0,0.0,0.8674378760637752,0.0,0.0,0.0,0.0,0.1325621239362248
C000471,0,0.28344420323371416,0.0,0.0,0.0,0.0,0.033656614714747304,0.0,0.6828991820515385
C000472,4,0.0,0.0,0.0,0.0,0.0,0.0,0.0,1.0
C000473,4,0.0,0.1488475241467243,0.0,0.025082137751127546,0.7669680082938555,0.0,0.0,0.059102329808292664
C000475,0,0.0,0.0,0.19291401408088552,0.667597538329392,0.0,0.0,0.0,0.13948844758972256
C000477,0,0.0,0.16273773847264686,0.0,0.0,0.0,0.07823966380962845,0.7191198261546713,0.03990277156305333
C000481,4,0.3196927307849047,0.4140560076328557,0.0,0.0,0.03715799353013991,0.07413343106187484,0.0,0.15495983699022486
C000482,0,0.0,0.003937203263615711,0.0,0.0,0.04057990801519788,0.0,0.8140592853137205,0.14142360340746585
C000484,1,0.0,0.0,0.0,0.1156742300524547,0.0,0.0,0.0,0.8843257699475453
C000492,1,0.05014607488084386,0.09282364536036157,0.6656763375581172,0.0,0.003400919826123488,0.024594600132909292,0.04791232852385273,0.11544609371779191
C000493,2,0.0,0.023397524821694635,0.0,0.1541592136303536,0.40804028664076325,0.0,0.08566119580298649,0.328741779104202
C000497,0,0.0,0.0,0.01715197397898831,0.4814006198892162,0.0,0.0495678954907094,0.027492813705044708,0.42438669693604136
C000498,3,0.29077363153695546,0.0,0.0,0.2982012608310533,0.0,0.0,0.0,0.4110251076319913
C000502,1,0.0,0.0,0.43510245732803327,0.0,0.06165400912832672,0.024573069799004907,0.372036154367909,0.10663430937672613
C000503,4,0.350303351001956,0.0,0.38978837890263734,0.0,0.01800565901093186,0.024630200074421352,0.03222511942938594,0.18504729158066757
C000504,2,0.0,0.04930465433393044,0.0,0.0,0.442333896738818,0.05472365036381128,0.0,0.4536377985634402
C000506,4,0.0,0.0,0.01884571931704599,0.0,0.1738345901315701,0.721907604612615,0.0,0.08541208593876881
C000508,0,0.0,0.2273846739257648,0.0,0.0,0.012090148468611485,0.14930174498101356,0.0,0.6112234326246102
C000509,4,0.0,0.09437254611538748,0.0,0.0,0.0,0.03129279464073868,0.37791927661968366,0.49641538262419016
C000511,4,0.0,0.1708883786626866,0.0,0.18374494169867006,0.017774161554840316,0.4230837091795782,0.01066969515094353,0.19383911375328133
C000512,3,0.0,0.8072701252451323,0.0,0.0,0.0,0.0,0.0,0.1927298747548677
C000513,0,0.0,0.0,0.4420076123026411,0.0,0.0,0.0,0.0,0.5579923876973589
C000516,3,0.0,0.0,0.03416105237848762,0.0,0.1649825448061487,0.0,0.6288603881711393,0.17199601464422432
C000518,3,0.7229022863045343,0.0,0.0,0.03402581380739932,0.12808802233148192,0.044813461149207603,0.0,0.07017041640737676
C000521,3,0.0,0.6212365058580576,0.0,0.0,0.3399976746371902,0.0,0.0,0.03876581950475222
C000523,3,0.6699147348118829,0.16224243665667817,0.0,0.07751481233140484,0.0,0.0,0.0,0.09032801620003417
C000526,0,0.0,0.0,0.0,0.0,0.0,0.025200481848992175,0.15701945419696237,0.8177800639540455
C000529,0,0.5473338512279062,0.0,0.0,0.0,0.0,0.0,0.0,0.45266614877209377
C000531,4,0.0,0.15520726680183647,0.4794219411121202,0.0,0.0,0.2210255325591019,0.05403806350668082,0.0903071960202606
C000532,4,0.3290247089268323,0.0,0.0,0.2983966508835646,0.0,0.0,0.0,0.3725786401896032
C000534,2,0.5554080196935205,0.0,0.3893875664050234,0.0,0.040982824182282475,0.0,0.011300231238367004,0.0029213584808065463
C000536,0,0.0,0.003033926036630712,0.697596807996079,0.0,0.0,0.0605778005798181,0.1894166596310032,0.04937480575646902
C000539,3,0.0,0.5912021094144364,0.061317647850791794,0.02208134080085835,0.0,0.0,0.03156040990382848,0.29383849203008505
C000540,4,0.0,0.0,0.3264683337110032,0.0,0.0,0.11170523129066967,0.023813047383007616,0.5380133876153195
C000543,4,0.0,0.10802465491040651,0.0,0.8686740742848189,0.0,0.0,0.0,0.02330127080477462
C000544,4,0.0,0.0,0.0,0.0,0.0,0.0,0.0,1.0
C000548,0,0.0,0.0,0.0,0.230997227779214,0.42161050260961597,0.04116003849674183,0.0,0.3062322311144281
C000549,2,0.06796874515294045,0.0,0.0,0.050981879621555516,0.018876372632239676,0.8529420986418209,0.0,0.009230903951443437
C000550,2,0.0,0.0,0.0,0.0,0.0,0.0,0.08354607424035287,0.9164539257596471
C000551,1,0.0,0.21254600288008338,0.2042805013378585,0.43849810489115065,0.0,0.0,0.0,0.14467539089090753
C000552,0,0.0,0.0,0.0,0.10887905361538885,0.0,0.0,0.0,0.8911209463846111
C000555,3,0.20733774930318097,0.0,0.0,0.08990512040236794,0.0,0.0,0.016834210569090017,0.6859229197253611
C000556,0,0.0,0.0,0.18879182036347486,0.0,0.0,0.44601599067602404,0.0,0.3651921889605011
C000557,2,0.13984606534417765,0.0,0.0,0.2306232881210068,0.0,0.3395916876933871,0.0,0.2899389588414285
C000558,1,0.0,0.0,0.1257366520887262,0.0,0.0,0.0,0.0,0.8742633479112738
C000559,4,0.0,0.0,0.0,0.2133501722071141,0.0,0.5381823307974825,0.18585536399953156,0.06261213299587198
C000561,1,0.0,0.0,0.0,0.0,0.0,0.0,0.0,1.0
C000563,0,0.0,0.0,0.0,0.30265004273940327,0.0,0.5905652626019131,0.0,0.10678469465868368
C000564,1,0.0,0.0,0.0,0.040249974914225696,0.8922177979909484,0.0,0.011669119574911171,0.055863107519914856
C000567,3,0.9081845866467457,0.0,0.0,0.0,0.0,0.0,0.0,0.09181541335325427
C000579,2,0.07873071139014749,0.33161379432160965,0.0,0.03167864885717264,0.0,0.0,0.17165539966015966,0.38632144577091054
C000580,3,0.8719236317601905,0.0,0.0,0.03550086247644771,0.08906686600715907,0.0,0.0,0.003508639756202747
C000586,2,0.0,0.0,0.0,0.0,0.01050490687294323,0.0,0.6936628982986034,0.29583219482845335
C000587,0,0.0,0.33387366192019047,0.3482271771159859,0.0,0.11692761555708982,0.16206465732730882,0.0,0.038906888079424995
C000588,1,0.6208096268995603,0.0,0.0,0.0,0.0,0.0,0.0,0.3791903731004397
C000592,3,0.0,0.0,0.0,0.25921991459274424,0.59840971272417,0.0834751029483316,0.0,0.05889526973475423
C000596,3,0.910789475639308,0.0,0.0,0.0,0.0,0.0,0.0,0.08921052436069199
C000597,4,0.5890224596506873,0.0,0.11850859302442408,0.0,0.0,0.0,0.008838352910941134,0.28363059441394745
C000599,4,0.0,0.0,0.11854663139113693,0.15334337127743614,0.0,0.0,0.0,0.7281099973314269
C000600,2,0.11088397682020486,0.0,0.0,0.0,0.10317963716730005,0.0,0.5191101533442672,0.2668262326682278
C000602,2,0.05696208170191963,0.0,0.0,0.0,0.0,0.0711002586512197,0.0,0.8719376596468607
C000605,3,0.3859197907671268,0.0,0.0,0.4823519095012461,0.008338584121178013,0.039451721173568384,0.0,0.08393799443688066
C000606,1,0.0,0.0,0.0,0.0,0.0,0.0,0.8906820890528611,0.10931791094713894
C000607,2,0.7937069098552276,0.0,0.0,0.0,0.0,0.0,0.0,0.20629309014477237
C000609,3,0.523910970544334,0.0,0.22602981196452368,0.0,0.0,0.0,0.03749633514839649,0.2125628823427459
C000612,2,0.0,0.8981426096549124,0.06848604177683018,0.0,0.0,0.0,0.0,0.03337134856825741
C000615,1,0.0,0.2696302672523361,0.0,0.0,0.0,0.2400696438526035,0.43061316274591005,0.05968692614915039
C000617,1,0.04192182652282604,0.0,0.02565612547491671,0.0,0.0,0.0,0.0,0.9324220480022573
C000618,2,0.0,0.0,0.0,0.0,0.0,0.7053148740056495,0.055320050731016764,0.23936507526333373
C000620,0,0.014796514779226558,0.0,0.7350229640234255,0.0,0.0,0.0028365120984718208,0.09461864369782547,0.15272536540105064
C000621,0,0.0,0.0,0.0,0.0,0.0,0.0,0.6678731368463345,0.33212686315366546
C000622,3,0.015000084495836475,0.0,0.007531307431424403,0.21723231222236858,0.27385755733388134,0.0,0.041023407911138426,0.4453553306053508
C000624,1,0.0,0.0,0.0,0.0,0.0,0.0,0.0,1.0
C000626,3,0.29025134184576956,0.0,0.0,0.0,0.0,0.05401097755757442,0.4761360100646808,0.17960167053197518
C000627,2,0.0,0.0,0.0,0.009216904425323774,0.047806651401636285,0.0,0.0,0.9429764441730399
C000629,2,0.9601730435704047,0.023224312464658902,0.0,0.008012551990066745,0.0,0.0,0.0,0.008590091974869596
C000630,0,0.0,0.0,0.0,0.0,0.0,0.03729206396651414,0.4378092459527596,0.5248986900807262
C000633,0,0.0,0.5454200694408293,0.0,0.0,0.07401361181628846,0.0,0.1365028839582624,0.2440634347846199
C000636,1,0.6086797634084938,0.0,0.358589238823309,0.0,0.0,0.0,0.0,0.0327309977681971
C000638,1,0.0895220794248412,0.20239102081918697,0.0,0.0,0.0,0.6597585509957758,0.0,0.04832834876019598
C000639,1,0.0,0.0,0.00869281058177939,0.41868298832974105,0.049826836695709524,0.0,0.0,0.52279736439277
C000640,0,0.0,0.0,0.8104272462791866,0.0,0.0,0.0,0.0,0.1895727537208134
C000641,3,0.0,0.0012234920388514746,0.0013482951763147868,0.10497311734474815,0.25695120379051395,0.0,0.6135163829089371,0.021987508740634598
C000644,2,0.010525844907342291,0.0,0.0,0.0,0.0,0.2217695781059556,0.5286680112424306,0.23903656574427157
C000645,1,0.044425896494937396,0.33784250706634317,0.4745094545706,0.0,0.0,0.0,0.02942012895091938,0.11380201291720005
C000647,1,0.015372544313662913,0.0,0.11209178122541412,0.4624637174693093,0.0,0.0,0.05275359845140554,0.3573183585402082
C000648,0,0.0,0.48186783344789114,0.0,0.0,0.21111952901787728,0.0,0.007284172416128427,0.29972846511810314
C000649,2,0.0,0.6202341916366335,0.0,0.23122965732335066,0.02257722258952664,0.0,0.0954472452817999,0.03051168316868924
C000651,3,0.0,0.0,0.0,0.0,0.0,0.5513017071475922,0.40250637588973265,0.04619191696267522
C000652,3,0.11923604705143012,0.0,0.20311912730109488,0.04278552244376348,0.0,0.4722447159492596,0.1297566484919582,0.032857938762493655
C000657,2,0.0,0.0,0.0,0.0,0.0,0.0,0.7038500556387267,0.2961499443612733
C000660,4,0.009704504810139965,0.009370730742693982,0.1685939656643907,0.008058847583082032,0.0,0.0,0.0,0.8042719511996933
C000665,1,0.0,0.0,0.0,0.8224099054780283,0.0,0.0,0.0,0.17759009452197172
C000666,1,0.0,0.8156479349512873,0.0,0.0,0.0,0.0,0.0,0.1843520650487127
C000667,0,0.5893645683523309,0.0,0.07071280897080273,0.2847261489340306,0.0,0.0,0.007762259239922128,0.04743421450291363
C000668,4,0.0,0.0,0.0,0.0,0.6955469621478394,0.0,0.1746879612624346,0.12976507658972602
C000669,3,0.0,0.0,0.0,0.08775640424869498,0.662688722778587,0.0,0.0,0.24955487297271794
C000670,3,0.0,0.0,0.44801120373632974,0.0,0.0,0.0,0.4924850057824951,0.059503790481175156
C000672,4,0.9056397127367506,0.0,0.0,0.0,0.0,0.0,0.05820858016982458,0.036151707093424856
C000675,2,0.0,0.0,0.0,0.0,0.0,0.0,0.5808348251743224,0.4191651748256776
C000677,4,0.0,0.0,0.0,0.0,0.0,0.0,0.0,1.0
C000678,1,0.0,0.0,0.0,0.7759647951299649,0.17417467437465609,0.0,0.0,0.049860530495379085
C000679,2,0.05184662876789753,0.0,0.0,0.3140619412465764,0.0,0.019507697852754944,0.5178094197904618,0.09677431234230927
C000680,4,0.2206355490800269,0.11502784118913678,0.0,0.0722732528201225,0.0,0.3581673213261328,0.0,0.23389603558458094
C000681,1,0.08156349018452362,0.0,0.0,0.007692056061968342,0.0,0.0,0.19535621409912945,0.7153882396543786
C000682,0,0.1512501655162737,0.1907665356860302,0.4557864059086204,0.0,0.039296245986732446,0.0,0.006815488316088498,0.15608515858625482
C000683,3,0.09170832132585985,0.19447448310750393,0.0,0.0,0.0,0.0,0.6040213785516281,0.10979581701500818
C000684,3,0.48030682155146665,0.003966947518724465,0.0,0.41372948043224755,0.0,0.0,0.0,0.1019967504975614
C000694,4,0.13042238954847413,0.05885210632596456,0.0,0.0,0.0,0.0,0.0,0.8107255041255613
C000696,2,0.0,0.0,0.060767787011560166,0.0,0.9068605887530964,0.0,0.0,0.032371624235343455
C000699,1,0.0,0.024680738296413596,0.0,0.0,0.0,0.0,0.8992360143329731,0.07608324737061334
C000700,3,0.0,0.0,0.22297504480100083,0.0,0.6312030077685282,0.0,0.0,0.14582194743047094
C000701,3,0.034385380972852125,0.3954869493812883,0.0,0.0047933785323925025,0.40920642411847213,0.0,0.0,0.15612786699499503
C000702,3,0.0,0.0,0.0747361730558329,0.0,0.0,0.03902025128520296,0.0,0.8862435756589642
C000705,4,0.0,0.13658765093126612,0.0,0.0,0.0,0.0,0.5148300227804493,0.34858232628828456
C000707,0,0.0,0.0,0.0,0.0,0.0,0.8027176416851123,0.0,0.19728235831488772
C000709,1,0.0,0.0,0.3868762110247139,0.0,0.0,0.5829647359768132,0.006368106499192411,0.023790946499280485
C000712,0,0.16403321662357861,0.13889549188745198,0.0,0.0,0.2956424045849358,0.0,0.0,0.40142888690403367
C000713,2,0.0,0.12329348709872603,0.0,0.12047085151544376,0.07988240791255725,0.3801316354703901,0.13386711215290198,0.1623545058499809
C000717,3,0.17618417954621998,0.0,0.6513623761723468,0.0,0.0,0.0,0.0,0.17245344428143317
C000721,1,0.0,0.0,0.0,0.0,0.15113795931104967,0.0,0.0,0.8488620406889503
C000725,3,0.33570747137512813,0.0,0.0,0.0,0.0837672262341054,0.5078886257335139,0.0,0.0726366766572526
C000728,1,0.0,0.40261383458852995,0.5369752661654398,0.04960875319069687,0.0,0.0,0.0,0.010802146055333361
C000732,1,0.014870101596175599,0.0,0.150563708627407,0.0,0.0,0.0,0.0,0.8345661897764174
C000734,0,0.0,0.0,0.0,0.0,0.0,0.0,0.7786445504391745,0.22135544956082553
C000735,4,0.0,0.0,0.7443014376776429,0.0,0.0,0.0,0.13716784296850817,0.11853071935384896
C000737,2,0.07136057515315274,0.0,0.29397619828111526,0.0,0.0,0.48396456009110805,0.0,0.15069866647462393
C000738,2,0.0,0.0,0.0,0.0,0.0,0.09047040862597044,0.0,0.9095295913740296
C000743,1,0.025838722437951427,0.040386084656017625,0.0,0.0,0.0,0.0,0.0,0.933775192906031
C000746,0,0.0,0.0,0.0,0.02273940500251295,0.0,0.0,0.03477561023633011,0.9424849847611569
C000747,1,0.0,0.0,0.48661656048906726,0.0,0.0,0.0,0.26346160763895904,0.2499218318719737
C000749,0,0.26299513328678664,0.1167437836579811,0.37071625987836465,0.0,0.0,0.0,0.0,0.24954482317686755
C000750,2,0.0,0.0,0.01866641294233462,0.0,0.0,0.0,0.0,0.9813335870576654
C000756,1,0.0,0.0,0.0,0.0,0.8211536325654665,0.0,0.0,0.17884636743453353
C000758,0,0.0,0.0,0.0,0.0,0.1256153495378296,0.00816328620805818,0.0,0.8662213642541122
C000761,1,0.5339753567454089,0.0,0.0,0.25510671700487986,0.0,0.0,0.0,0.21091792624971129
C000763,0,0.4534713479519218,0.0,0.0,0.0,0.0,0.0,0.4113399151732583,0.13518873687481991
C000764,0,0.0,0.0,0.5625257551341518,0.0,0.05359129623510556,0.05037763841832511,0.012573343895024397,0.3209319663173932
C000766,3,0.0,0.0,0.0,0.0,0.0,0.0,0.1558956298085733,0.8441043701914267
C000769,3,0.0,0.0,0.06267010023175958,0.0861114075142233,0.0,0.0,0.0,0.8512184922540171
C000771,3,0.0,0.0,0.0,0.0,0.0,0.0,0.8092989264562601,0.19070107354373989
C000772,0,0.0,0.0,0.6265044985873254,0.11796019276195822,0.0,0.0,0.14540613763076052,0.1101291710199559
C000775,3,0.0,0.0,0.0,0.0,0.0,0.0,0.0,1.0
C000776,1,0.0,0.0024566232259861415,0.0,0.6248009266496527,0.0,0.0,0.15435738159039217,0.218385068533969
C000778,0,0.3931720810728698,0.02372801967712496,0.0,0.0,0.0,0.2421181656068834,0.0,0.3409817336431219
C000781,1,0.0,0.004582609684507366,0.2887468986306128,0.669356597721336,0.0,0.00876604738343224,0.0,0.028547846580111558
C000783,1,0.0,0.0,0.0,0.0,0.0,0.0,0.0,1.0
C000787,1,0.0,0.06477773988785686,0.0,0.0,0.8462630277595211,0.0,0.0,0.08895923235262204
C000792,3,0.0,0.465499196107965,0.0,0.0867368537552657,0.0,0.09766039862393407,0.0,0.35010355151283523
C000793,4,0.0,0.055333904420216753,0.0,0.09095678519387333,0.0,0.0,0.6733397213225398,0.18036958906337008
C000794,4,0.0,0.1876880191862034,0.0,0.03407826855801887,0.6257031982702002,0.0,0.005485594770832458,0.14704491921474516
C000799,0,0.0,0.0,0.0,0.0,0.0,0.0,0.08575876032559782,0.9142412396744022
C000800,4,0.013774386206597246,0.0,0.0,0.0,0.5004263118719935,0.334323366971691,0.0,0.15147593494971834
C000805,3,0.013731514679895739,0.764367842876676,0.0,0.0,0.14856431338899345,0.0,0.002032230196691245,0.07130409885774347
C000807,2,0.06377671844333724,0.0,0.0,0.0,0.48086301224136807,0.0,0.0,0.4553602693152947
C000808,2,0.0,0.0,0.0034201196175275917,0.0,0.007701589929918258,0.37006592922232223,0.15044970330845214,0.4683626579217798
C000815,3,0.0,0.0,0.0,0.0,0.0,0.15123588568193747,0.0,0.8487641143180625
C000819,3,0.49412689657007713,0.0,0.4179521169404632,0.0,0.0,0.0,0.0,0.08792098648945967
C000821,1,0.0,0.0,0.14603905491073366,0.8226786581471918,0.0,0.0,0.008461119093120454,0.02282116784895416
C000822,2,0.13929366024621595,0.0,0.0,0.0299413557420812,0.0,0.0,0.0,0.8307649840117028
C000823,2,0.36824050642776657,0.28405455951538533,0.0,0.0,0.0,0.015996781204288393,0.20923346703377127,0.1224746858187884
C000826,0,0.15406367262301904,0.08065004879770588,0.14807643467382675,0.0,0.0,0.3932979092880959,0.0,0.22391193461735237
C000827,3,0.0,0.0,0.16341508927167311,0.0,0.0,0.0,0.0,0.8365849107283269
C000829,3,0.0,0.0,0.0,0.0,0.0,0.0,0.0,1.0
C000831,4,0.0,0.008731492808357947,0.7441420938135727,0.013411131213871335,0.0,0.162083336802882,0.003917932737991847,0.06771401262332422
C000832,4,0.21879018370784434,0.0,0.10534545183296024,0.0,0.0,0.0,0.3046338503350407,0.37123051412415475
C000835,0,0.4166821529825439,0.0,0.0,0.13655736202952487,0.021737416477224117,0.14522971482949829,0.16376212129501436,0.1160312323861944
C000836,0,0.2561094954482913,0.04007906093008596,0.0,0.0,0.0,0.0,0.6673337942879467,0.03647764933367603
C000837,4,0.0,0.0,0.31423426522280373,0.0,0.15525323467768878,0.41561429304064795,0.023306720697149536,0.09159148636171
C000840,4,0.0,0.0,0.0,0.0,0.9251618017794913,0.0,0.0,0.07483819822050874
C000841,2,0.5975074904724945,0.18522100410258094,0.0,0.02206569822485361,0.0,0.021482305228569244,0.0,0.17372350197150177
C000842,4,0.0,0.0,0.0,0.5019285254330116,0.038944816737496564,0.26608405171547,0.0,0.1930426061140218
C000843,2,0.0,0.0,0.0,0.0,0.2572109752091605,0.0,0.0,0.7427890247908395
C000844,4,0.1559199544972726,0.043582718746123295,0.0,0.5885367493281208,0.13945438422742312,0.0,0.0,0.07250619320106022
C000850,1,0.0,0.0,0.0,0.8353444455050235,0.0,0.0,0.0,0.16465555449497649
C000851,4,0.0,0.21060344932771052,0.0,0.0,0.0900834928730695,0.668368952753051,0.0,0.030944105046168957
C000854,0,0.0,0.17593216317091653,0.27473070379990466,0.0,0.0,0.4091929224017792,0.04178714731782101,0.09835706330957861
C000856,1,0.07100524003232989,0.023143744678315686,0.0,0.0,0.0,0.147768319821049,0.0,0.7580826954683054
C000857,2,0.18896899902157496,0.1372303879412334,0.0,0.0,0.0,0.0,0.5765099925475985,0.09729062048959314
C000858,3,0.11275064360946101,0.0,0.0,0.8475276853494641,0.0,0.0,0.0,0.039721671041074935
C000859,3,0.0,0.0,0.5129031640714233,0.43613346731027636,0.0,0.0,0.0,0.05096336861830031
C000862,2,0.0,0.0,0.0,0.30837318432835803,0.0,0.5621210808659458,0.0,0.12950573480569616
C000865,2,0.0,0.0,0.02548465624211455,0.0,0.1378572057010631,0.0,0.0,0.8366581380568223
C000868,2,0.0,0.0,0.0,0.01283791808118742,0.0,0.10318914928765786,0.0,0.8839729326311547
C000873,4,0.07395243400237603,0.0,0.0,0.0,0.0,0.0,0.6742640737054206,0.2517834922922033
C000874,2,0.0409633467523365,0.25495276979006,0.1560664714798366,0.24225821793255117,0.0265915721667107,0.0,0.04474950591962772,0.2344181159588774
C000877,1,0.022939260426448144,0.0035475540823848846,0.0,0.0,0.012943493375647562,0.7511122506060938,0.023741309433787106,0.18571613207563864
C000878,1,0.0716921506763791,0.0,0.0,0.00107669565372324,0.0,0.7698729498426968,0.14601676664772928,0.011341437179471558
C000880,1,0.0,0.0,0.0,0.0,0.0,0.02802085251007304,0.949626785216351,0.022352362273575954
C000883,3,0.0,0.18099666668656786,0.0,0.0,0.0,0.1625118691467305,0.48534031013295553,0.17115115403374614
C000885,0,0.14955650746639954,0.0,0.0,0.1658772540949044,0.18694219708655035,0.4253479814132392,0.0,0.07227605993890651
C000886,0,0.0,0.1036468385314299,0.0,0.0,0.0,0.022962812163768265,0.8207055144893186,0.05268483481548325
C000887,3,0.5438790624582962,0.0,0.4266584895052667,0.0,0.0,0.0,0.0,0.02946244803643716
C000889,0,0.0,0.0,0.04471381662641253,0.0,0.5870057275381574,0.0,0.0,0.3682804558354301
C000891,2,0.032027820035161844,0.2078638289102556,0.4449980700517685,0.0495786555079226,0.0,0.16933470866794711,0.0,0.09619691682694442
C000892,4,0.0,0.0,0.8127298793585168,0.08243421694545637,0.0,0.0,0.0,0.1048359036960268
C000894,3,0.0,0.22251635113131724,0.0,0.060678722995397866,0.0,0.0,0.6359486283185414,0.08085629755474355
C000895,3,0.6861746771475744,0.0,0.039434146500779296,0.0,0.0,0.0,0.03518314725803988,0.2392080290936065
C000901,3,0.0,0.0,0.0,0.0,0.0,0.15825262302842957,0.17753598136603013,0.6642113956055403
C000903,2,0.0,0.0,0.5351935196613851,0.0,0.0,0.322991506536851,0.0,0.141814973801764
C000904,0,0.1213184092167744,0.0,0.0,0.0,0.0,0.5576599233527629,0.007871421951144389,0.31315024547931825
C000905,2,0.0,0.0,0.09198081526629608,0.0,0.0,0.0,0.0,0.9080191847337039
C000907,2,0.096143912215758,0.0,0.13373940465745893,0.2337961107584791,0.0,0.26359239531649387,0.0,0.2727281770518102
C000911,0,0.23802127660342326,0.25453185829038666,0.0,0.0,0.08639109488366616,0.0,0.0,0.42105577022252394
C000912,1,0.0,0.050473889729689005,0.0960653472083106,0.0,0.0,0.2059032688600986,0.0,0.6475574942019018
C000914,1,0.0,0.0,0.9199580464964936,0.0,0.0,0.0,0.0,0.0800419535035064
C000916,4,0.24461538505485775,0.0,0.0,0.6009740885390311,0.0,0.0,0.0,0.15441052640611108
C000917,3,0.4304983222813575,0.0,0.0,0.014095310028805702,0.0,0.3840059502122952,0.0,0.17140041747754164
C000920,0,0.0,0.0,0.0,0.0,0.04722377702721449,0.3128815935159469,0.2906076084497692,0.34928702100706943
C000921,0,0.0,0.0,0.0,0.0,0.0746157495137035,0.0,0.6432247245851003,0.2821595259011962
C000922,2,0.13110503188481684,0.0513743537925849,0.0,0.0,0.0,0.0,0.16909032228567816,0.64843029203692
C000923,1,0.0,0.0,0.0,0.42447022757790703,0.0,0.0,0.49143337417934835,0.08409639824274462
C000926,1,0.07897943453774106,0.7827104605662037,0.08217558682341089,0.0,0.0,0.0,0.0,0.05613451807264436
C000927,2,0.35411237217480757,0.0,0.43767234444692504,0.07544363050652865,0.0,0.0,0.0,0.13277165287173864
C000930,3,0.09950253868836753,0.0,0.0,0.0,0.0,0.36504518343200504,0.0,0.5354522778796275
C000931,2,0.0,0.06636715415889594,0.0,0.0,0.0,0.0,0.0,0.9336328458411041
C000932,2,0.0,0.06962970490652359,0.0,0.0,0.45848080165285987,0.0,0.15600429736157953,0.3158851960790371
C000933,0,0.0,0.9739807733627797,0.0,0.0,0.0,0.005390125199371887,0.0,0.020629101437848463
C000936,4,0.09015049427431897,0.04723183058005381,0.19809630170682768,0.0,0.3901718589862182,0.07681022705719122,0.0,0.19753928739539017
C000938,1,0.288459169805021,0.32405085636299996,0.0,0.12908682766725402,0.005633446969097223,0.0,0.04884372942631348,0.20392596976931443
C000942,1,0.0,0.11409060942999025,0.0,0.12755083574052548,0.0,0.3969876047217227,0.1606310162720404,0.2007399338357212
C000948,2,0.12182740340395457,0.0,0.02881273975745064,0.36444108273742953,0.0,0.0,0.0,0.48491877410116524
C000949,0,0.036441247992990325,0.0,0.0,0.018074295255582958,0.0,0.0,0.8677836453352247,0.077700811416202
C000950,3,0.0,0.0,0.0,0.0,0.0,0.03543490502694337,0.03680682849729221,0.9277582664757644
C000951,0,0.29052507666500765,0.0,0.0,0.0,0.623101611401619,0.0,0.0,0.08637331193337339
C000954,4,0.0,0.6012704738225949,0.0,0.10887355652689476,0.027910870860178936,0.23434789838224795,0.0,0.027597200408083333
C000956,0,0.0,0.0,0.0,0.0,0.0,0.1856215661071209,0.695170926895571,0.11920750699730809
C000957,2,0.031188413732383777,0.629496563225761,0.0,0.01463749343442353,0.28698902125015113,0.0,0.0,0.03768850835728055
C000958,1,0.0,0.0,0.0,0.0,0.0,0.8254715736012717,0.0,0.17452842639872834
C000959,4,0.0,0.0,0.0,0.0,0.0,0.0,0.34823509149363274,0.6517649085063673
C000964,4,0.0,0.1483390323199197,0.0,0.0,0.0,0.12658048524724264,0.6365354087008074,0.08854507373203024
C000965,0,0.0,0.0,0.28313381679622296,0.0,0.42039727076043293,0.0,0.0,0.29646891244334417
C000966,1,0.0,0.16039621090711662,0.0,0.031602713472027345,0.0,0.0,0.4197018183151291,0.3882992573057269
C000967,4,0.0,0.7695052615060909,0.0,0.0,0.0,0.0,0.0,0.2304947384939091
C000968,4,0.0,0.0,0.49247449737839166,0.0,0.0,0.0,0.4594438074566056,0.048081695165002714
C000971,3,0.0,0.10302298225160762,0.0,0.0,0.5845513196273924,0.0,0.20926415246568647,0.10316154565531344
C000972,1,0.0,0.0,0.018656827992528525,0.0,0.5753558476934209,0.0,0.16392511927590964,0.2420622050381409
C000974,0,0.43909110283817293,0.2873297104378083,0.07888252254270617,0.0,0.0,0.0,0.0,0.1946966641813126
C000975,4,0.0674057266997149,0.0,0.0,0.0,0.8995862362620439,0.0,0.0,0.03300803703824118
C000977,0,0.0,0.0,0.0,0.0,0.0,0.0,0.9463878032094193,0.05361219679058071
C000980,3,0.0,0.0,0.9172075691189583,0.0,0.0,0.025154453692448658,0.0,0.05763797718859309
C000981,0,0.0,0.0,0.06271435144580592,0.0,0.017061155061192455,0.018732963231852258,0.0,0.9014915302611494
C000983,1,0.09711512278844568,0.0,0.03685915118256241,0.0,0.7010263190652265,0.0,0.0,0.16499940696376547
C000985,0,0.0,0.03952461712304834,0.0,0.6018459720286109,0.0,0.0,0.0,0.35862941084834077
C000988,2,0.0,0.0,0.0,0.0,0.5363594117279687,0.0,0.14488272478978997,0.3187578634822412
C000990,0,0.02222152464618237,0.0,0.14214168344215855,0.4694276283457348,0.0,0.15834765364108214,0.0,0.2078615099248421
C000993,4,0.0,0.4876950376666193,0.0,0.0,0.3761616503856725,0.002405669749563711,0.10968311858566314,0.024054523612481393
C000994,4,0.0,0.0,0.0,0.5591515625220272,0.0,0.0,0.12790369955224234,0.3129447379257304
C000996,1,0.026174228504054577,0.08467974567219885,0.0,0.0,0.0,0.8626814037650791,0.0,0.02646462205866751
C000997,3,0.0,0.9285352944288086,0.0,0.0,0.0,0.0,0.0,0.07146470557119144
C000998,4,0.0,0.7327271214683834,0.0,0.0,0.0,0.0,0.0,0.26727287853161663
C000999,0,0.0,0.016251349388681436,0.0,0.0,0.21219705706105554,0.020378703866547415,0.027716746933966724,0.7234561427497489
C001000,3,0.0,0.0,0.041552431172833706,0.0,0.0,0.0,0.5013086430890001,0.45713892573816617
C001002,3,0.0049671575365874045,0.0,0.0,0.011697514339820435,0.8555519905151394,0.0,0.0,0.12778333760845273
C001004,0,0.0,0.0,0.0,0.4015266987751236,0.0,0.16355933564789862,0.0,0.4349139655769778
C001006,4,0.8244160499308245,0.0,0.0,0.0,0.0,0.0,0.0,0.1755839500691755
C001008,4,0.0,0.8127521282572855,0.0,0.0,0.0,0.0,0.0222492759796401,0.1649985957630744
C001013,0,0.0,0.0,0.0,0.0,0.0,0.013344086793400154,0.0,0.9866559132065998
C001018,2,0.0,0.0,0.0,0.0,0.0,0.0424520256913804,0.0,0.9575479743086196
C001020,3,0.0,0.0,0.0,0.0,0.0,0.5611321378779521,0.29226195563737756,0.1466059064846703
C001021,3,0.009067692867033239,0.07210538452252357,0.0,0.0,0.0,0.0,0.0,0.9188269226104432
C001022,4,0.0,0.232775829078635,0.0,0.0,0.0,0.024714720842686937,0.08050199705085766,0.6620074530278204
C001024,2,0.0,0.0,0.0382491373922715,0.5397910106346747,0.0,0.0,0.1991736171234504,0.22278623484960336
C001027,0,0.0,0.29596664253263555,0.0,0.47481603454406707,0.12237535802904745,0.0,0.0,0.10684196489425002
C001028,1,0.0,0.07644174309733272,0.0,0.0,0.0,0.5424193630136227,0.32858211455916897,0.05255677932987557
C001029,0,0.0,0.329823819907439,0.0,0.0,0.0,0.3390529427967029,0.14882808980515155,0.18229514749070663
C001030,4,0.0,0.0,0.0,0.0,0.3313164940990692,0.0,0.09886429789192411,0.5698192080090067
C001033,2,0.033024949225076414,0.0,0.0,0.0,0.0,0.0,0.5860058173412316,0.38096923343369204
C001035,1,0.0,0.0,0.600250207144199,0.0,0.0,0.29600254525917097,0.0,0.10374724759663012
C001037,2,0.0,0.07414643067070209,0.0,0.054636288971507616,0.030267653004578527,0.0,0.0,0.8409496273532118
C001038,2,0.0,0.0,0.0,0.06511314002939317,0.3550939656160288,0.0,0.09031514242518071,0.48947775192939735
C001040,4,0.0,0.11493117484479044,0.2666734637466376,0.021551819377528397,0.0,0.4705562536373526,0.0,0.12628728839369097
C001043,4,0.736347379857414,0.0,0.0,0.08263659463822674,0.04607965939519973,0.07659720907801015,0.0,0.058339157031149336
C001046,2,0.0,0.867924793822732,0.0,0.0,0.0025599271203006076,0.0,0.10516697004554976,0.0243483090114176
C001050,3,0.0,0.1897635966131801,0.02896842899642728,0.0,0.2689819281338851,0.07235084349141795,0.0,0.4399352027650896
C001051,1,0.0,0.0,0.0,0.054032281316794564,0.4462456695442282,0.10578123265885217,0.0467761021756095,0.34716471430451556
C001055,2,0.0,0.0,0.0,0.0,0.0,0.0,0.0,1.0
C001056,1,0.0,0.0,0.27905556907961165,0.18190311369069623,0.45835014426379334,0.0069122305474489856,0.0,0.07377894241844984
C001060,1,0.0,0.0,0.3474404118471428,0.0,0.0,0.0,0.0,0.6525595881528572
C001061,4,0.1215843635957129,0.0,0.0,0.0,0.024167958536207387,0.0,0.1318412002747648,0.7224064775933149
C001062,0,0.0,0.0,0.0,0.0,0.4122904035722694,0.028354559146155183,0.07518355469267615,0.4841714825888992
C001063,4,0.8223615110120474,0.0,0.0,0.0,0.017651143954056862,0.0,0.0,0.15998734503389578
C001064,4,0.0,0.0,0.17019870483987973,0.0,0.0,0.7945486043423343,0.0,0.035252690817785926
C001066,0,0.0,0.0,0.0,0.0,0.7472475382474021,0.0,0.0,0.2527524617525979
C001067,2,0.0,0.013268757588228647,0.0,0.021091514488533417,0.0,0.0,0.0,0.9656397279232379
C001068,2,0.015912149494107533,0.0,0.9359409980302775,0.0,0.0,0.0,0.0,0.0481468524756149
C001072,0,0.39207764283626,0.4996623996612257,0.0,0.0,0.0,0.0,0.0,0.10825995750251427
C001074,0,0.0,0.0,0.0,0.0,0.0,0.19940807542383837,0.7240817977325406,0.07651012684362102
C001075,0,0.0,0.0052719540442753504,0.05559131612391148,0.0,0.0,0.0,0.0,0.9391367298318132
C001077,1,0.008785330748538699,0.24010294974503466,0.0,0.0,0.0,0.0,0.5675122527543519,0.18359946675207472
C001080,2,0.3464592432231882,0.0,0.0,0.0,0.345289736705364,0.0,0.0,0.3082510200714478
C001084,4,0.0,0.0,0.07621451460574719,0.0,0.0,0.7653264211534387,0.09635485838892086,0.062104205851893246
C001086,0,0.16449070864954038,0.03380038256287706,0.021064087409970126,0.0,0.0,0.018392562291514196,0.015670393084774296,0.7465818660013239
C001088,1,0.20422020791095744,0.1576982667872789,0.0,0.0,0.0,0.0,0.6068347461434646,0.0312467791582991
C001090,4,0.02551096849774892,0.0,0.0,0.0,0.0,0.0,0.08995334344108019,0.8845356880611709
C001092,2,0.0,0.0,0.533994235738914,0.4086571632089654,0.0,0.0,0.0,0.057348601052120585
C001093,3,0.0,0.0,0.6796335250709359,0.0,0.0,0.0,0.0,0.3203664749290641
C001095,2,0.0,0.7454626508021339,0.0,0.0,0.0,0.0,0.0,0.2545373491978661
C001096,1,0.0,0.0,0.0,0.1668551251626087,0.0,0.5255737385659199,0.0,0.30757113627147137
C001098,3,0.24973226668472923,0.0,0.6860512362038196,0.0,0.0,0.0,0.0,0.06421649711145117
C001100,1,0.0,0.0,0.0,0.0,0.0,0.0,0.8297053674524073,0.1702946325475927
C001102,1,0.4757152541149726,0.0,0.0,0.0,0.0,0.0,0.07780279054263091,0.44648195534239643
C001106,4,0.017200792482413456,0.0,0.7332169569379056,0.17347646012009627,0.05041662457484687,0.0,0.0,0.025689165884737908
C001108,4,0.0,0.7993417958863234,0.0,0.0,0.037507507180710886,0.0,0.0,0.1631506969329657
C001109,0,0.0,0.10367228088054195,0.0,0.0,0.6138956905397325,0.0,0.0,0.2824320285797256
C001110,0,0.16615469933433036,0.14309802104998337,0.0,0.0,0.0,0.0,0.0,0.6907472796156863
C001112,1,0.0,0.12696857110546775,0.0,0.3416538091990234,0.005308224761969033,0.14956886697051958,0.0,0.37650052796302025
C001113,4,0.0,0.0,0.0,0.0,0.8017271986197434,0.0,0.0,0.1982728013802566
C001115,0,0.0,0.0,0.03934142889032739,0.0,0.0,0.0,0.6316118624810213,0.32904670862865126
C001119,4,0.0,0.0,0.0,0.05978872168184441,0.17466283228436047,0.0,0.0,0.7655484460337951
C001120,4,0.0,0.24685373682167344,0.0,0.0,0.0,0.5853637154399566,0.0,0.16778254773836998
C001121,4,0.0,0.09194387630000726,0.2125394002136434,0.11608276246070781,0.0,0.5514019359478304,0.0,0.028032025077811218
C001122,4,0.0,0.0,0.0,0.0,0.0,0.0,0.2824596957186838,0.7175403042813162
C001123,4,0.040202984511348135,0.2319201574883053,0.0,0.49247535576859564,0.0,0.0,0.022298154807236348,0.21310334742451453
C001129,0,0.0,0.0,0.10142536710730445,0.0,0.16033909103332464,0.024630525019461055,0.6627395982270746,0.05086541861283522
C001130,3,0.0,0.0,0.0033603186044362074,0.0,0.0,0.0,0.9646094656624423,0.03203021573312148
C001132,4,0.0,0.0,0.0,0.0,0.26197244081279464,0.6428978238509098,0.0,0.09512973533629565
C001134,3,0.27107022666508285,0.0,0.5276809042450481,0.0,0.0,0.0,0.10146196733268559,0.09978690175718352
C001135,2,0.0,0.0,0.0,0.031713372458910115,0.030022568288328312,0.0,0.0,0.9382640592527616
C001136,2,0.0,0.0,0.4556281684499904,0.0,0.06451875359726293,0.43107452796827306,0.0,0.04877854998447362
C001138,3,0.0,0.0,0.0,0.49660294733266014,0.4379292945321022,0.0,0.0,0.06546775813523764
C001139,1,0.0,0.0,0.0,0.0,0.0,0.0,0.0,1.0
C001140,1,0.6128145017751051,0.14805455291402184,0.0,0.0,0.0,0.0,0.17282764207085521,0.06630330324001787
C001141,3,0.0,0.0,0.0,0.0,0.0,0.9098682037036245,0.0,0.09013179629637547
C001143,3,0.10001768349785219,0.3555862046080077,0.0,0.03881984265215471,0.0,0.3806043242321849,0.0,0.12497194500980058
C001147,2,0.0,0.0,0.8491053696869794,0.0,0.0,0.0,0.0,0.15089463031302064
C001148,0,0.12088354475311557,0.0,0.0,0.0,0.330109569835228,0.0,0.0,0.5490068854116564
C001149,4,0.0,0.22545593518679208,0.0,0.6519713938851076,0.0,0.0,0.0,0.12257267092810031
C001151,1,0.15970804696492702,0.0,0.0,0.0,0.05684126976626124,0.0,0.0,0.7834506832688117
C001152,0,0.0,0.0,0.0,0.0,0.0,0.6398392623942584,0.10689710080379777,0.25326363680194386
C001153,0,0.0,0.0,0.2512059367293081,0.0,0.07886059414992341,0.15557624267711018,0.0,0.5143572264436583
C001154,1,0.0,0.0,0.5486055897428461,0.0,0.31635133503042717,0.0,0.0,0.13504307522672665
C001156,4,0.0,0.0,0.0,0.0,0.0,0.0,0.06108386144867562,0.9389161385513244
C001157,2,0.048077639089436394,0.0,0.0,0.0,0.0,0.0,0.022683961203879072,0.9292383997066845
C001160,0,0.020937054808898715,0.0,0.0,0.0,0.5872381387265022,0.0,0.2875911352357843,0.10423367122881477
C001164,3,0.0,0.0,0.7639682289045491,0.005960775106677088,0.21708310889642607,0.0,0.006201936288039287,0.006785950804308327
C001165,1,0.9129067181208137,0.0,0.0,0.0,0.0,0.0,0.0,0.0870932818791863
C001168,0,0.0,0.05266872801313456,0.0,0.0,0.0,0.02446162409008922,0.7192770636517484,0.2035925842450279
C001170,3,0.3015779682848535,0.0,0.0,0.0,0.0,0.5391366798520779,0.0,0.15928535186306858
C001171,2,0.11544530741578783,0.0,0.5324524148065048,0.0,0.07685206383211408,0.0,0.0,0.27525021394559324
C001172,2,0.5610614695067108,0.10664759158408174,0.0,0.0,0.11761684704541664,0.0,0.0,0.21467409186379083
C001173,0,0.776128491985564,0.19564578374863756,0.0,0.0,0.0,0.0,0.0,0.02822572426579839
C001174,0,0.3014306627537719,0.6121854546418048,0.0,0.06305557319715784,0.0,0.0,0.0,0.02332830940726538
C001175,3,0.08760890533232311,0.3279647594103033,0.0,0.0,0.0,0.03213980735028384,0.0,0.5522865279070898
C001176,0,0.7580535141302168,0.0,0.041991468202373455,0.0,0.07771234814099226,0.0,0.02060656315530787,0.10163610637110965
C001181,3,0.0020650816240521397,0.0,0.27350782914952704,0.6852115216915552,0.0,0.0,0.0,0.03921556753486566
C001182,0,0.0,0.0,0.0,0.1444188024969163,0.0,0.8208723779264802,0.0,0.034708819576603545
C001183,2,0.0,0.0,0.05545721721518369,0.0,0.4069428206407357,0.09133435911038046,0.0,0.4462656030337001
C001184,0,0.0,0.9687431761976119,0.0,0.0,0.0,0.0,0.0,0.031256823802388145
C001185,0,0.0,0.0,0.0,0.0,0.6284649800834353,0.33701797452585563,0.0,0.0345170453907091
C001188,0,0.0,0.0,0.0,0.0,0.0,0.18573955928245445,0.0,0.8142604407175456
C001191,0,0.0,0.0,0.0,0.0,0.3311483981084208,0.5269809252069142,0.0,0.14187067668466502
C001192,4,0.02259369977487178,0.0,0.0,0.0,0.4120685252504809,0.14638082518675075,0.0,0.41895694978789655
C001194,4,0.0,0.0,0.0,0.059991429905494525,0.07592305598105012,0.11712452092687585,0.0,0.7469609931865795
C001202,3,0.0,0.0,0.0,0.7526983278716772,0.0,0.0,0.0,0.24730167212832277
C001203,0,0.015603620510393164,0.0,0.0,0.13639131979035352,0.20243823289557034,0.439973001159055,0.1362826484571054,0.06931117718752255
C001204,2,0.0,0.0,0.5411840472698384,0.0,0.012924525575099209,0.045546249203894926,0.06229509581695774,0.33805008213420984
C001207,4,0.0,0.0,0.0,0.0,0.0,0.0,0.0,1.0
C001209,4,0.0,0.0,0.04337120983188289,0.0,0.42016637547998,0.04662616292580315,0.4035663152922094,0.08626993647012471
C001210,0,0.06524644878728271,0.0,0.0,0.22433070354881562,0.0,0.0,0.3341275169564197,0.376295330707482
C001211,0,0.7009914548468202,0.0,0.0,0.028211429811299586,0.017861617048619015,0.0,0.0,0.25293549829326123
C001214,2,0.0,0.27437178005853563,0.3740054103367899,0.0,0.24363601090752482,0.0,0.0,0.10798679869714967
C001216,0,0.0,0.15195506909759288,0.0,0.0,0.0,0.2542452247167317,0.4349749942494636,0.15882471193621184
C001220,2,0.530109340156094,0.2808391490303623,0.0,0.0,0.0,0.0,0.0,0.18905151081354377
C001221,4,0.0,0.0,0.0,0.36205158336806775,0.0,0.0,0.0,0.6379484166319322
C001222,2,0.02236189181573214,0.0,0.29285855434229585,0.0,0.0,0.6741554340439826,0.0006182621892902762,0.010005857608699209
C001223,3,0.0,0.4951160594908078,0.0,0.028742501821630538,0.0,0.0,0.08303169982872982,0.3931097388588318
C001224,0,0.022502561848427423,0.04853506026469064,0.45033950428424496,0.09432665421396519,0.0,0.0,0.0,0.38429621938867187
C001225,2,0.0,0.3309580565520639,0.1687379078110192,0.0,0.0,0.13364008659713186,0.0,0.36666394903978505
C001229,4,0.0,0.09680319371672028,0.11496489308698014,0.0,0.7762936297116344,0.0,0.0,0.01193828348466519
C001230,3,0.04611723473734977,0.03484144397652304,0.035991454167878016,0.0,0.0,0.0,0.0,0.8830498671182492
C001232,4,0.01212496206483023,0.2998805985089894,0.0,0.0,0.19926920890952882,0.006739718656417655,0.0,0.481985511860234
C001234,1,0.0,0.0,0.0,0.0,0.0,0.0,0.0,1.0
C001237,0,0.0,0.8170851601354155,0.0,0.0,0.0,0.0,0.0,0.18291483986458446
C001238,0,0.02064485706223051,0.0,0.0,0.2624916585017519,0.4077139875681012,0.0,0.0,0.3091494968679165
C001239,1,0.4096712689803176,0.0,0.0,0.0,0.0,0.0,0.48882969133164306,0.1014990396880393
C001241,1,0.0,0.0,0.0,0.0,0.0,0.8091066818828468,0.0,0.19089331811715315
C001243,1,0.0,0.0,0.0,0.0,0.0,0.7666096486150055,0.0,0.23339035138499453
C001244,1,0.0,0.15634758541631505,0.016935339461463732,0.0,0.0,0.19793414447262395,0.4246594729215689,0.20412345772802842
C001248,4,0.0,0.0,0.0,0.024244299128808208,0.0,0.023227337866212342,0.0,0.9525283630049795
C001249,0,0.011312662324362531,0.0,0.3381547513026753,0.0,0.5400457536538557,0.07113043946208167,0.0,0.03935639325702489
C001252,1,0.3157474621361278,0.0,0.0,0.5225075300655846,0.0,0.0,0.0,0.1617450077982876
C001254,1,0.0,0.0,0.0,0.7219060767464287,0.0,0.0,0.0,0.2780939232535713
C001255,0,0.1605172208136996,0.051259501824463295,0.0,0.0,0.7147189867258074,0.0,0.0,0.0735042906360297
C001256,1,0.4680665909312915,0.0,0.03736526918748284,0.0,0.0,0.0,0.16489961968972455,0.32966852019150106
C001258,0,0.0,0.5364497428905732,0.0,0.09387458114425284,0.0,0.0,0.0,0.3696756759651739
C001260,2,0.0,0.0,0.0,0.0,0.0,0.5129920846194813,0.10916098266622351,0.37784693271429515
C001265,4,0.0,0.5304594179131966,0.0,0.1949882973295844,0.032859627535053025,0.04706914159062672,0.01807059395049957,0.17655292168103975
C001266,1,0.7445592830429473,0.0,0.028820048213549013,0.0046657380900136745,0.0,0.0,0.0,0.22195493065349003
C001267,2,0.0,0.1310893945846417,0.0,0.0,0.014611618955985681,0.0,0.37457093271608494,0.47972805374328775
C001268,3,0.017415538593150225,0.0,0.05938807266300587,0.45754538239754494,0.0,0.12499105077514959,0.0,0.34065995557114936
C001269,3,0.0,0.0,0.0,0.26753378692898777,0.0,0.0,0.0,0.7324662130710122
C001271,2,0.0,0.0,0.0,0.0,0.7081098180227243,0.0,0.0,0.2918901819772757
C001272,1,0.04867124204909012,0.0,0.0,0.0,0.0,0.0,0.038501891685287844,0.912826866265622
C001275,3,0.0,0.0,0.0,0.0,0.0,0.05340370030399939,0.5168938330572204,0.4297024666387802
C001276,2,0.0,0.0,0.0,0.05517708568953816,0.0,0.6908415275549655,0.0,0.2539813867554963
C001279,4,0.6109777214435986,0.06386714936081901,0.0,0.04205877090736827,0.0,0.0,0.18502229774186907,0.09807406054634493
C001280,0,0.0,0.25694481201337416,0.0,0.0,0.0,0.0,0.3390032462430611,0.40405194174356474
C001283,4,0.0,0.07380279928038373,0.05703246873854235,0.0,0.0,0.0,0.0,0.8691647319810739
C001284,4,0.0,0.0,0.0,0.0,0.0,0.0,0.0,1.0
C001288,3,0.07529517806081497,0.41202221816588847,0.08250038751644251,0.0,0.0,0.21625575269763486,0.0,0.21392646355921918
C001289,4,0.0,0.0,0.0,0.0,0.0,0.0,0.0,1.0
C001290,3,0.0,0.0,0.4773409589026019,0.0,0.0,0.025020827616834797,0.0,0.49763821348056325
C001291,3,0.4637410518526025,0.04984267667821992,0.0,0.308370654734661,0.0,0.0,0.0,0.17804561673451658
C001292,0,0.0,0.0,0.0,0.0,0.0,0.0,0.8346358231177301,0.1653641768822699
C001293,3,0.24987619037116002,0.06734022868480449,0.0,0.0,0.0,0.0,0.453665514534643,0.22911806640939247
C001294,2,0.24855257518533064,0.4893322595428307,0.0,0.0,0.0,0.0,0.0,0.26211516527183865
C001299,0,0.0,0.0,0.6460428823654597,0.22379652600661454,0.0,0.0,0.0,0.13016059162792581
C001301,2,0.038849128169729345,0.034567483817299745,0.0,0.2891718414630389,0.0,0.0,0.3561203384397449,0.28129120811018704
C001306,2,0.0,0.0,0.9625188549401243,0.0,0.0,0.0,0.0,0.037481145059875653
C001307,1,0.0,0.0,0.07191726633283421,0.4197749399533157,0.1521168962798021,0.0508155212552588,0.0732720585098764,0.2321033176689128
C001308,4,0.0,0.0,0.0,0.0,0.0,0.07249055356755173,0.0,0.9275094464324483
C001310,4,0.11998445169616212,0.0,0.08624290180973519,0.1979699303085282,0.5256196473034792,0.0,0.0,0.07018306888209525
C001312,0,0.6850011907587578,0.0,0.0,0.1457250112085342,0.12093580435424557,0.0,0.0,0.048337993678462476
C001316,4,0.021537048765710196,0.04851871759794088,0.02007537468668703,0.0,0.0,0.0,0.6435333307508337,0.2663355281988281
C001317,1,0.09202585709270523,0.0,0.0,0.11519749561369873,0.15363830672210427,0.0,0.0,0.6391383405714918
C001318,0,0.0,0.0,0.0,0.0,0.0,0.0,0.0,1.0
C001320,2,0.6117517484015823,0.0,0.0,0.021054624110383273,0.0,0.0,0.0,0.3671936274880344
C001321,2,0.8540556848502769,0.0,0.0,0.09333086988245463,0.0,0.0,0.0,0.05261344526726841
C001322,4,0.0,0.003418870547431869,0.0,0.5227356123367914,0.2138644285727477,0.0,0.09627326940281504,0.16370781914021404
C001323,2,0.034637543868510215,0.0,0.0,0.01456763949359941,0.6533078679191112,0.014025381740930152,0.11153373667677444,0.1719278303010745
C001324,4,0.0,0.0,0.035215578265610975,0.0,0.044842770033427716,0.0,0.0,0.9199416517009613
C001326,0,0.0,0.0,0.0,0.0,0.0,0.6299625183826544,0.0,0.3700374816173456
C001328,0,0.0,0.0,0.0,0.03650799254192247,0.05920146078637714,0.0,0.0,0.9042905466717004
C001331,4,0.026798140398219136,0.04461822485722752,0.11501002514665074,0.0,0.0,0.0,0.4043043793172382,0.4092692302806644
C001335,1,0.6260947377097699,0.0,0.0,0.0,0.0,0.0,0.19202368804147416,0.18188157424875595
C001336,4,0.0,0.0,0.05858639547842627,0.0,0.0,0.0,0.01039555678109825,0.9310180477404755
C001337,1,0.011371433814723853,0.16989087971373285,0.0,0.0,0.2441143017381502,0.5013763398051622,0.0,0.07324704492823098
C001340,1,0.0,0.0,0.0,0.0,0.0,0.0,0.6805912319733873,0.31940876802661267
C001345,1,0.4961018856860329,0.0,0.029086595459135212,0.0,0.0,0.0,0.0,0.47481151885483186
C001347,0,0.04425672994990936,0.0,0.0,0.0,0.0,0.0,0.0,0.9557432700500906
C001348,3,0.0,0.13544324296607302,0.0,0.0,0.0,0.0,0.0,0.864556757033927
C001351,4,0.0,0.0,0.5497243188136474,0.06649134546492973,0.0,0.17051169867518534,0.0,0.21327263704623756
C001354,3,0.35587007933184855,0.40487235662068866,0.0,0.0,0.004603549769598746,0.0,0.0,0.23465401427786403
C001355,3,0.0,0.0,0.04909502224159782,0.0,0.0,0.0,0.24122571136534107,0.7096792663930611
C001356,2,0.27748262873680607,0.0,0.0,0.62177465045691,0.0,0.0,0.0,0.10074272080628388
C001359,4,0.0,0.03852135464631387,0.0,0.0,0.0,0.0,0.8866596034917735,0.07481904186191257
C001361,0,0.0,0.0,0.0,0.0,0.0,0.0,0.0,1.0
C001364,3,0.0,0.0,0.0,0.5595002231632228,0.33137204158148864,0.0,0.0,0.10912773525528863
C001366,0,0.0,0.0,0.0,0.0,0.0,0.042146149898376284,0.0,0.9578538501016237
C001367,4,0.7113532291349061,0.0,0.0,0.0,0.03670118101974442,0.0,0.0,0.25194558984534954
C001374,2,0.37446389191687035,0.0,0.0,0.0,0.0,0.0,0.0,0.6255361080831296
C001377,3,0.0,0.0,0.0,0.0,0.0,0.0,0.0,1.0
C001378,4,0.24246056958286002,0.012100067401861226,0.5622715650936834,0.0,0.0,0.0,0.0,0.18316779792159532
C001380,2,0.06198150348822975,0.0,0.1607527850711808,0.0,0.0,0.0,0.11878025719466928,0.6584854542459202
C001382,4,0.0,0.0,0.09037408805275524,0.0,0.0,0.07772442814683882,0.0,0.831901483800406
C001385,2,0.03216018955165619,0.0,0.0,0.0,0.0,0.615286670820085,0.0,0.35255313962825874
C001386,4,0.0,0.18279503357145538,0.699081716593142,0.057788179643263285,0.019266185643058046,0.0,0.0,0.0410688845490812
C001389,4,0.004099464822826325,0.5566826934280208,0.0,0.025934504248728504,0.0,0.0,0.21202077230609387,0.2012625651943306
C001391,4,0.0,0.11616313568327288,0.0,0.0,0.8194300767980846,0.0,0.0,0.0644067875186426
C001397,3,0.37349403602641923,0.0,0.5978085350192051,0.0,0.0,0.0,0.00576778446984305,0.02292964448453272
C001399,3,0.0,0.0,0.0,0.5491558977659233,0.0,0.1383256653238392,0.0850117098291403,0.2275067270810972
C001400,1,0.0,0.0,0.0,0.023311816535882785,0.30894546562246256,0.0,0.5449222318254999,0.1228204860161548
C001402,1,0.0,0.0,0.0,0.0,0.059486835145322915,0.0,0.25025283376244867,0.6902603310922284
C001406,1,0.45630282319472854,0.0,0.0,0.0,0.0,0.3276997942891684,0.0,0.215997382516103
C001408,3,0.031070979335804577,0.057075582052149056,0.0,0.0,0.0,0.0,0.0,0.9118534386120464
C001409,0,0.0,0.0,0.0,0.0,0.0,0.1572808808428109,0.0,0.8427191191571891
C001410,4,0.0,0.0,0.20100415391612467,0.0,0.0,0.09272497125111646,0.6022433053649998,0.10402756946775904
C001413,3,0.1125892994404354,0.003759853853306287,0.645748893511368,0.0,0.0,0.0,0.002996489328228982,0.23490546386666133
C001414,3,0.0,0.22816885746340015,0.15952827464747632,0.0,0.5607365261408707,0.0,0.019655203914879127,0.031911137833373626
C001415,4,0.17393507397947713,0.030392966836548026,0.0,0.0714746736765917,0.0,0.0,0.0,0.7241972855073832
C001416,1,0.4962499221700738,0.0,0.0,0.0,0.0,0.0,0.0,0.5037500778299262
C001417,1,0.0,0.5457246301183871,0.0,0.0,0.0,0.0,0.2536622653364307,0.20061310454518222
C001419,0,0.12012386407717514,0.0,0.7686066542133131,0.0,0.0,0.0,0.0,0.11126948170951179
C001420,2,0.0,0.0,0.0,0.0,0.8438744469795272,0.01342904132814763,0.0,0.14269651169232522
C001421,1,0.4161187853611665,0.013714642101695694,0.0,0.0,0.3716174203482222,0.0,0.0,0.19854915218891556
C001422,0,0.0,0.0,0.09412647334806609,0.0,0.8353625354657978,0.0,0.0,0.07051099118613613
C001424,3,0.0,0.0,0.009225622019032072,0.5518124406324598,0.0,0.09094383937995777,0.029571952469007,0.3184461454995433
C001427,3,0.5367004604487096,0.0,0.0,0.0,0.0,0.09847975390311586,0.0,0.3648197856481745
C001428,0,0.0047132711662858946,0.08094156163315165,0.8771529120817395,0.0,0.0,0.0,0.012982959884360375,0.02420929523446258
C001433,4,0.0,0.7526947527264229,0.10013835333215315,0.0,0.0,0.0,0.10509633371436872,0.04207056022705524
C001436,3,0.0,0.0,0.5429897847641578,0.0,0.0,0.0,0.3349777904157508,0.12203242482009136
C001437,2,0.637227458407035,0.0,0.0,0.0,0.020726507965063083,0.0,0.0,0.342046033627902
C001439,2,0.35661116914849333,0.0,0.0,0.5906870510710971,0.0,0.0,0.0,0.052701779780409574
C001440,2,0.0,0.0,0.0,0.0,0.0,0.0,0.0,1.0
C001441,3,0.0,0.19756958971765753,0.549964140943839,0.0,0.0,0.1327824816963455,0.0,0.11968378764215792
C001442,0,0.0,0.0,0.8533864377572848,0.0,0.0,0.0,0.0,0.14661356224271516
C001444,0,0.0,0.0,0.0,0.0,0.0,0.11506845391155096,0.0,0.884931546088449
C001445,1,0.0,0.0,0.0,0.7642589491308619,0.0,0.0,0.0,0.2357410508691381
C001446,0,0.0,0.0,0.0,0.12446511567519994,0.2951336678591989,0.0,0.0,0.5804012164656012
C001448,0,0.0,0.0,0.0,0.6957382611124412,0.0,0.03838750537973654,0.0,0.26587423350782224
C001449,3,0.0,0.15851728811532043,0.5120797427578991,0.0,0.1190287259215873,0.0,0.16617879346454964,0.04419544974064349
C001450,0,0.646026982224203,0.0,0.0,0.0,0.0,0.0,0.0,0.35397301777579704
C001451,4,0.0,0.44632573681444426,0.0,0.0,0.0,0.012867067856695492,0.09726443441458435,0.4435427609142759
C001452,2,0.0,0.0,0.0,0.08135876199349043,0.0,0.4650541222437459,0.2947514656675132,0.15883565009525047
C001453,1,0.0,0.0,0.0,0.8069511656472109,0.0,0.0,0.0,0.19304883435278908
C001457,3,0.4967657210579865,0.0,0.057504653801807644,0.0,0.232167987670744,0.0,0.0,0.21356163746946188
C001458,4,0.7035799380501214,0.0,0.0,0.0,0.0,0.0,0.009350263093081422,0.2870697988567972
C001459,2,0.08193187211268196,0.0,0.0,0.2350435466747696,0.6235995512532619,0.0,0.0,0.059425029959286446
C001460,0,0.052941550047654294,0.07012491385927719,0.0,0.0,0.026290434074712547,0.016505260455008407,0.0,0.8341378415633476
C001461,2,0.0,0.0,0.3928583108817602,0.0,0.11701333682285077,0.0,0.0,0.490128352295389
C001462,1,0.0,0.0,0.0,0.0,0.4430099541055651,0.15814201896691338,0.3795525969492395,0.01929542997828204
C001463,4,0.0,0.04513349656558463,0.0,0.0,0.0,0.0,0.0,0.9548665034344154
C001467,1,0.6142389524183409,0.0,0.0,0.0,0.0,0.0,0.0,0.3857610475816591
C001469,1,0.0,0.5318352649646766,0.12117859981034612,0.032147120725512075,0.0,0.034657099531840166,0.0,0.280181914967625
C001470,0,0.2766725734234847,0.0,0.2729203971658292,0.0,0.0,0.0,0.17841535459812297,0.27199167481256314
C001472,0,0.0,0.0,0.0,0.025119285129331648,0.013976633487246887,0.017003179773391754,0.0,0.9439009016100297
C001474,0,0.656139979509471,0.0,0.0,0.0,0.0,0.19068138961644532,0.0,0.15317863087408368
C001475,1,0.0,0.0,0.0,0.6204582909363412,0.0,0.0,0.0,0.3795417090636588
C001484,2,0.0,0.1666714474911596,0.5704438882643662,0.0,0.0,0.0,0.21193661154866514,0.05094805269580904
C001485,3,0.5200996899041431,0.0,0.08506228387862108,0.0,0.0,0.0,0.014457182786308247,0.3803808434309275
C001486,0,0.0,0.0,0.0,0.2550169098636118,0.0,0.0,0.0,0.7449830901363882
C001487,0,0.0,0.3308847876119018,0.12320378948148684,0.0,0.0,0.0,0.4197346498456754,0.126176773060936
C001492,0,0.0,0.010540226769417713,0.0,0.09496218147916737,0.0,0.43259548815389665,0.0,0.46190210359751827
C001493,1,0.04680602322546739,0.036358994210613185,0.3761528982090632,0.14920166596232973,0.14024032592792549,0.009262730171157316,0.0,0.2419773622934437
C001497,0,0.7026785058997977,0.0,0.09263602249079836,0.0,0.0,0.060936069571869894,0.0,0.14374940203753395
C001498,3,0.42345431309959175,0.0,0.0,0.0,0.1957230350324636,0.23048415672582329,0.0,0.1503384951421214
C001499,3,0.0,0.8317693461880497,0.0,0.0,0.0,0.0,0.13865723258310936,0.02957342122884099
C001500,1,0.0,0.0,0.6128366754888894,0.0,0.0,0.2940513192861714,0.0,0.09311200522493923
C001501,0,0.6506505710717873,0.0,0.0,0.0,0.0,0.0,0.0,0.34934942892821275
C001503,4,0.0,0.0,0.0,0.3066951410989681,0.1915356571446452,0.0,0.009231112692343618,0.49253808906404306
C001504,3,0.6994084042437494,0.0,0.0,0.16486404035647276,0.0,0.0,0.0,0.13572755539977788
C001506,3,0.0,0.0,0.0,0.2676584915898624,0.0,0.0,0.6627492192420558,0.0695922891680818
C001509,1,0.0,0.045433001243196706,0.041766036646306196,0.6166885359388493,0.0,0.0,0.14592899345820234,0.15018343271344547
C001513,2,0.0,0.6913591662988815,0.0,0.0,0.0,0.0,0.0,0.3086408337011185
C001514,2,0.0,0.0,0.2774500971351774,0.5409429137628279,0.0,0.0,0.0,0.1816069891019947
C001516,4,0.0,0.0,0.0,0.0,0.0,0.0,0.04315548848617212,0.9568445115138279
C001517,2,0.0,0.1562664785955473,0.1086709162380588,0.0,0.0,0.6452898207432863,0.010861052345789449,0.07891173207731805
C001520,2,0.0,0.3165882869018652,0.0,0.0,0.0,0.527723363508201,0.0,0.15568834958993372
C001524,1,0.0,0.21244433631478316,0.0,0.4197079061514999,0.3143481949957522,0.0,0.0,0.05349956253796473
C001525,4,0.0,0.0,0.0,0.05814906882911464,0.05412776619492265,0.0,0.0,0.8877231649759627
C001526,3,0.0,0.8510223550841469,0.0,0.0,0.0,0.0,0.0,0.14897764491585308
C001527,2,0.3607992454107539,0.09014134344952879,0.0,0.022193124894527145,0.10703155590318703,0.38475645658550073,0.0,0.03507827375650241
C001530,4,0.0,0.0,0.0,0.6529118403330563,0.0,0.0,0.0,0.34708815966694373
C001533,3,0.0,0.05821828132300394,0.0,0.33271443563203595,0.0,0.5936975021223054,0.0071107185359107605,0.00825906238674401
C001536,0,0.0,0.0,0.0,0.0,0.0,0.8858661364125036,0.0,0.11413386358749644
C001540,0,0.0,0.043819009840604696,0.0,0.6705512830453738,0.0,0.0,0.0,0.28562970711402147
C001548,3,0.070118241125843,0.0,0.4688363131156475,0.0,0.3312307996402969,0.0,0.016669761246050595,0.11314488487216201
C001549,4,0.0,0.016354839389113095,0.0,0.6775314177049396,0.0,0.0,0.0,0.3061137429059473
C001554,0,0.25632797456557316,0.31615655410670424,0.24116290377062233,0.0,0.0,0.1696493797384799,0.0,0.016703187818620346
C001555,2,0.0,0.0,0.008179046491436323,0.0,0.0,0.04115686681549822,0.0,0.9506640866930655
C001560,2,0.0,0.0,0.6441351453325252,0.0,0.0,0.0,0.17210866276171877,0.18375619190575598
C001561,4,0.0,0.0,0.0,0.0,0.0,0.0,0.0,1.0
C001564,4,0.0,0.0,0.8162564813586246,0.0,0.0,0.0,0.0,0.1837435186413754
C001567,1,0.0,0.7590552699236309,0.053308468881976837,0.0,0.11976482123241906,0.0,0.0,0.0678714399619732
C001569,0,0.0,0.10238057956419579,0.0,0.0,0.8303261090533662,0.0,0.0,0.06729331138243799
C001570,4,0.02925376496780257,0.6673711342688063,0.0,0.0,0.0,0.23202537004378648,0.008753553600322494,0.06259617711928223
C001571,0,0.0,0.08395398603676311,0.0,0.016330655689430422,0.0,0.8132136378333181,0.025595150232548908,0.06090657020793944
C001572,3,0.5293585151588207,0.0,0.0,0.09719757593093024,0.0,0.0,0.0,0.37344390891024903
C001574,4,0.0,0.0,0.0,0.0,0.0,0.06676544687101482,0.0,0.9332345531289852
C001575,3,0.045498908800491525,0.0,0.0,0.8593805243823696,0.0,0.0,0.0,0.09512056681713887
C001576,1,0.0,0.0,0.0,0.13688798199449487,0.4785128847369297,0.0,0.0,0.3845991332685754
C001577,3,0.0,0.2405461318479604,0.0,0.0,0.04508790861283504,0.3669234199597862,0.2283411334846986,0.11910140609471975
C001578,2,0.0,0.18062901740440238,0.0,0.0,0.0,0.5670774655423788,0.0,0.2522935170532188
C001581,4,0.022427413287053,0.0,0.0,0.0,0.0,0.0,0.0,0.977572586712947
C001582,3,0.055525427938714025,0.6497217572234604,0.001375811673390075,0.0,0.2723576360405363,0.0,0.0,0.02101936712389918
C001583,2,0.0,0.0,0.0,0.0,0.5440679117901556,0.1801774221975487,0.0,0.2757546660122957
C001584,1,0.0,0.0,0.0,0.0,0.0,0.0,0.04805431779079128,0.9519456822092087
C001585,4,0.0,0.013482771910953777,0.0,0.0,0.009337521396668212,0.6839325847989862,0.1859731971275047,0.10727392476588704
C001587,1,0.0,0.0,0.0,0.03546243224411641,0.0,0.0,0.414614442479886,0.5499231252759976
C001589,0,0.0,0.0,0.04320462071401988,0.5918783082099289,0.0,0.0,0.18349698483465043,0.18142008624140082
C001590,0,0.0,0.0,0.162562072529302,0.6527214485214797,0.0,0.0,0.0,0.18471647894921828
C001591,4,0.0,0.0,0.7459297878997484,0.014336968540544687,0.03963683098044991,0.005959030997267874,0.0,0.19413738158198912
C001592,1,0.0,0.0,0.0,0.0,0.08559760239349419,0.0,0.09535233389066217,0.8190500637158437
C001593,0,0.0,0.0,0.7091115679591228,0.0,0.0,0.0,0.015413323025927185,0.27547510901495
C001594,3,0.011607570850954929,0.0,0.601001929116928,0.0,0.0,0.0,0.0,0.38739050003211717
C001599,3,0.0,0.0,0.0,0.01724565194282735,0.7850240621329101,0.0,0.0,0.19773028592426256
C001600,1,0.023898361210030666,0.0,0.0,0.37195498158181484,0.0,0.0,0.5056798348902048,0.09846682231794968
C001601,3,0.2902032089028451,0.05880767337153508,0.0,0.0,0.0,0.0,0.5792620588422022,0.07172705888341757
C001602,1,0.0,0.0,0.0,0.0,0.0,0.0,0.0,1.0
C001604,2,0.0,0.4828171349277631,0.0,0.0,0.0,0.07144855483865603,0.0,0.4457343102335809
C001607,3,0.0,0.7614623344731885,0.0,0.0,0.0,0.0,0.0,0.23853766552681155
C001608,0,0.0,0.833294931261045,0.0,0.0,0.0,0.0,0.0,0.16670506873895496
C001613,3,0.0058311333009160365,0.0,0.3446127573185827,0.0,0.0,0.05931929234783981,0.36241651180140144,0.22782030523125996
C001614,2,0.0,0.0,0.8404201620230529,0.0,0.0,0.0,0.07088791640531772,0.0886919215716293
C001615,3,0.0,0.0,0.27480034821882193,0.0,0.6342153459549309,0.057913743745998676,0.0,0.0330705620802485
C001616,3,0.0,0.22148982073388956,0.0,0.17374664164207476,0.0,0.4634571345619585,0.0,0.1413064030620772
C001617,0,0.0,0.0,0.0,0.5260468798866978,0.0,0.2919233556229858,0.10877988277834427,0.07324988171197211
C001618,1,0.0,0.011126151436191598,0.0,0.0958838752815528,0.0,0.0,0.0,0.8929899732822556
C001621,0,0.0,0.047729799260732605,0.0,0.0,0.39321297609664124,0.0,0.5172787941778592,0.041778430464767036
C001624,1,0.5614607325361765,0.0,0.0,0.0,0.0,0.0,0.05295372504581197,0.3855855424180116
C001625,3,0.0,0.0,0.04916871432470893,0.0,0.0,0.0,0.0,0.9508312856752911
C001626,0,0.0,0.0,0.0,0.0,0.0,0.0,0.0,1.0
C001627,0,0.0,0.0,0.0,0.30821275387351665,0.038352975082168936,0.03344665680208271,0.0,0.6199876142422317
C001631,2,0.0,0.0,0.07451392735913998,0.0,0.0,0.0,0.0,0.92548607264086
C001634,2,0.2172063877746133,0.0,0.0,0.7488901329043481,0.018617934514584638,0.0,0.0,0.015285544806453943
C001635,0,0.20030151782138156,0.048503109403388145,0.0,0.0,0.0,0.08339952924558715,0.285774293293855,0.3820215502357882
C001639,0,0.00735143213578985,0.0,0.0,0.0,0.6463185040697145,0.0,0.0,0.3463300637944957
C001640,0,0.0,0.0,0.0,0.1574129032579289,0.0,0.0,0.0,0.8425870967420711
C001641,3,0.0,0.0,0.0,0.0,0.052225694476234596,0.0,0.0,0.9477743055237654
C001642,3,0.0,0.0,0.0,0.0,0.0,0.0,0.0,1.0
C001644,2,0.0,0.0,0.0,0.023412385428706065,0.06642362519138377,0.0,0.0,0.9101639893799102
C001645,3,0.0,0.13670638275257407,0.0,0.0,0.0,0.4167128571863806,0.0,0.4465807600610453
C001648,2,0.0,0.0,0.06004562296644218,0.0,0.0,0.6133275556415333,0.146682326041474,0.17994449535055046
C001650,4,0.0,0.11208315642775751,0.6326576329488122,0.0,0.0,0.0,0.0,0.2552592106234304
C001655,0,0.0,0.0,0.0,0.0952800364960877,0.5511074937596064,0.0,0.2815119780305104,0.0721004917137954
C001656,1,0.0,0.2629481431033954,0.6476257653509296,0.0,0.0,0.05615845702085813,0.0,0.03326763452481685
C001660,0,0.0,0.0,0.0,0.38940289778363957,0.0,0.0,0.0,0.6105971022163604
C001662,0,0.0977665911644009,0.0,0.0,0.0,0.7120436375580107,0.05968385621665944,0.0,0.130505915060929
C001664,0,0.0,0.0,0.0,0.0,0.3823036922795807,0.5455615746119284,0.0,0.07213473310849083
C001665,2,0.0,0.0,0.0,0.0,0.0,0.7552302900988638,0.0,0.24476970990113622
C001666,0,0.0,0.0,0.0,0.2686099598371948,0.0,0.0,0.0,0.7313900401628052
C001668,0,0.0,0.0,0.0,0.49394754040233446,0.17279735853747846,0.2788915876459367,0.0,0.054363513414250386
C001670,2,0.0,0.7174736491763367,0.0,0.0,0.0,0.043592694936759296,0.0,0.23893365588690396
C001672,1,0.0,0.0,0.0,0.841119222797854,0.0,0.0,0.0,0.158880777202146
C001673,1,0.0,0.0,0.22474037305191644,0.0,0.0,0.0,0.6382665443805183,0.13699308256756526
C001674,0,0.0,0.0,0.04937689588259669,0.13740554043675388,0.7601864051474252,0.0,0.0,0.053031158533224265
C001676,4,0.0,0.0,0.0,0.01946507559939817,0.0,0.45630613811009957,0.26385856611662134,0.2603702201738809
C001678,2,0.0,0.841459579541466,0.0,0.0,0.0,0.0,0.0,0.158540420458534
C001680,3,0.06570077438597083,0.1923025461528457,0.0,0.0,0.0,0.0,0.3246059142020517,0.41739076525913177
C001681,0,0.0,0.17168957718503008,0.0,0.0,0.0,0.0,0.43652464887300896,0.391785773941961
C001682,0,0.0,0.0,0.0,0.09214476983147568,0.0,0.0,0.0,0.9078552301685243
C001686,0,0.0,0.0,0.041938155160076956,0.0,0.7167519000478457,0.0,0.23313124835016094,0.008178696441916378
C001692,0,0.0,0.0,0.0,0.0,0.12378184385507186,0.5443062677047136,0.0,0.3319118884402146
C001695,4,0.0,0.0,0.12297472865346981,0.0,0.0,0.0,0.0,0.8770252713465302
C001697,3,0.0,0.0,0.016491865779579184,0.061119585539520925,0.0,0.14893751862024746,0.0,0.7734510300606524
C001699,0,0.0,0.06998368229459138,0.1519140671488297,0.12155649856967149,0.0,0.1130184669780026,0.34374240935041195,0.1997848756584928
C001700,2,0.0,0.0,0.07779241654256819,0.0,0.0,0.0,0.0,0.9222075834574318
C001703,0,0.0,0.0,0.9113519861912123,0.0,0.0,0.0,0.0,0.08864801380878773
C001704,2,0.0,0.0088838597329436,0.0,0.6277378143220186,0.11678565665900567,0.0,0.0,0.24659266928603218
C001705,3,0.006607203505348183,0.0,0.0,0.0658986778675219,0.0,0.14491508386312058,0.6163836128540293,0.16619542190998005
C001706,1,0.5893063625341324,0.0,0.2149257535912504,0.0,0.0,0.0,0.0,0.1957678838746172
C001707,4,0.0,0.24739152586740348,0.0,0.0,0.6974345838156919,0.0,0.0,0.05517389031690456
C001708,3,0.0,0.0,0.3018110438334747,0.44956215175419273,0.0,0.02659048032922022,0.0,0.22203632408311236
C001710,2,0.0,0.015437829392051504,0.09858033337838139,0.0,0.044434005032034735,0.0,0.0,0.8415478321975324
C001712,0,0.0,0.0,0.565769252867627,0.39235670088160474,0.0,0.0,0.0,0.04187404625076829
C001713,4,0.18796048964160933,0.0,0.01074441188094835,0.0,0.011038879077467652,0.0,0.391745433201797,0.3985107861981777
C001715,2,0.10705684919679258,0.4762435171946538,0.0,0.0,0.11536983753828585,0.27356382367259485,0.0,0.027765972397672867
C001717,1,0.9383489381068459,0.0,0.0,0.0,0.0,0.0,0.0,0.06165106189315406
C001718,4,0.0,0.20270668344924594,0.0074285967390594785,0.24233235861934374,0.24837297668645106,0.0,0.0,0.29915938450589974
C001719,3,0.0,0.8950346305046086,0.022516002918834085,0.0,0.0,0.0,0.0,0.08244936657655733
C001720,1,0.0,0.0,0.0,0.0,0.7071744912120642,0.0,0.0,0.2928255087879358
C001721,1,0.0,0.0,0.0,0.0,0.0,0.0,0.7975268566786806,0.20247314332131938
C001723,3,0.0,0.0,0.0,0.0,0.0,0.0,0.8033219762602579,0.19667802373974208
C001724,3,0.0,0.6300759115732336,0.0,0.0,0.0,0.0,0.0,0.3699240884267664
C001732,3,0.0,0.004708843314276643,0.006024187571303107,0.0,0.12065579888195212,0.0,0.0,0.8686111702324681
C001734,1,0.25397397107253594,0.0,0.0,0.0,0.0,0.0,0.0,0.7460260289274641
C001735,4,0.11448866450152166,0.5098796596200457,0.0,0.0,0.10542988586091968,0.0,0.24633025125246433,0.02387153876504866
C001736,0,0.0,0.0,0.0,0.0,0.6853333421000378,0.022955578265902835,0.0,0.2917110796340593
C001737,1,0.28822389316339503,0.4332964915259177,0.014327200016845773,0.007108970020023999,0.0,0.0,0.03437958134720318,0.2226638639266143
C001740,1,0.605544592603543,0.0,0.0,0.0,0.029068728965321467,0.0,0.0,0.3653866784311356
C001742,4,0.0,0.0,0.0,0.0,0.0,0.8368307591700559,0.0,0.1631692408299441
C001744,4,0.0,0.05780865101623625,0.05987087583078503,0.0,0.0,0.4279769204897678,0.34466290600396643,0.10968064665924449
C001749,1,0.9150554176153177,0.0,0.0038723330704205266,0.02228692372837276,0.0,0.0,0.050739598863307034,0.00804572672258197
C001751,3,0.0,0.0,0.18667785836566633,0.0,0.0,0.0,0.6660988661351595,0.14722327549917424
C001753,1,0.0,0.0,0.060231935580039,0.0,0.0,0.5786847452167613,0.0,0.3610833192031997
C001755,3,0.0,0.0,0.0,0.0,0.264145702933239,0.0,0.4752368316683903,0.2606174653983706
C001757,3,0.2590537406388391,0.0,0.0,0.0,0.18880713887038064,0.0,0.5202018373043493,0.031937283186430854
C001758,1,0.6745760112427533,0.0,0.043536835907361585,0.0,0.0,0.040545064347255085,0.0,0.24134208850262995
C001760,1,0.0,0.0,0.0,0.0,0.0,0.0,0.0,1.0
C001762,2,0.21705476413587496,0.0,0.28887666237452825,0.0,0.0,0.015379279223055726,0.0,0.47868929426654105
C001765,4,0.051540311725416524,0.0,0.0,0.0,0.03247707501128325,0.027577104670915238,0.0,0.888405508592385
C001766,4,0.0,0.40797536162406495,0.0,0.0,0.0,0.03174191356409089,0.0,0.5602827248118442
C001768,0,0.0,0.0,0.0,0.0,0.023324247238717323,0.0,0.5015552276646658,0.47512052509661695
C001772,2,0.013902620334057215,0.0,0.0,0.0014876330534278088,0.9481371470623198,0.0,0.0,0.03647259955019522
C001773,1,0.37392210218526123,0.0,0.0,0.0,0.0,0.0,0.0,0.6260778978147388
C001778,1,0.08223072165834128,0.057565288727158895,0.058135127754264715,0.0,0.0,0.2900720343834105,0.0,0.5119968274768246
C001779,2,0.0,0.8226447407421404,0.0,0.07645400768292614,0.0,0.013763879872903553,0.0,0.08713737170202995
C001785,1,0.0,0.0,0.0,0.0,0.58663594567807,0.0,0.2019852764497318,0.21137877787219828
C001787,2,0.31423617594673986,0.029490003488229947,0.0,0.04849644410289812,0.0,0.5624438387740813,0.0,0.04533353768805082
C001788,0,0.441822015928022,0.028366541407157157,0.0,0.0,0.0,0.0,0.0,0.5298114426648208
C001789,2,0.9307489256646586,0.0,0.0,0.0,0.0,0.0,0.0,0.06925107433534139
C001791,2,0.0,0.0,0.0,0.9516075327509887,0.0,0.0,0.0,0.04839246724901125
C001792,2,0.0,0.0,0.0,0.0,0.0,0.47885399282253027,0.0,0.5211460071774697
C001793,2,0.22371313318382147,0.0,0.0,0.0,0.04586568284699887,0.6999596884714618,0.0,0.030461495497717817
C001794,2,0.01138448373152768,0.0,0.03308584850820114,0.02730368593004437,0.0,0.1432903197864447,0.7690969799624315,0.01583868208135053
C001795,1,0.0,0.0,0.020104409190764602,0.13956728014802466,0.0,0.0,0.5694488157159995,0.27087949494521124
C001797,3,0.0,0.0,0.0,0.41394265997230506,0.0,0.0,0.0,0.5860573400276949
C001799,2,0.0,0.0,0.0,0.27403293950840346,0.013823040721652243,0.07077456997639822,0.6025770028537201,0.038792446939825975
C001801,1,0.0,0.0,0.0,0.01136003931918824,0.043973099551001336,0.16629141673390277,0.0,0.7783754443959077
C001802,3,0.0,0.0,0.007817253731357124,0.0,0.0662994031741346,0.0,0.0,0.9258833430945083
C001806,4,0.08986963359849968,0.0,0.21173128138982678,0.0,0.3902811369375245,0.0,0.0,0.30811794807414905
C001809,0,0.14704099108097674,0.06965146079009761,0.04139430519958576,0.07560765982326478,0.0,0.14384798329096793,0.0,0.5224575998151072
C001810,4,0.0,0.6577626749704025,0.0,0.0,0.27941501579501093,0.0,0.0,0.06282230923458654
C001813,2,0.0,0.0,0.8186984349594869,0.0,0.0,0.0,0.0,0.1813015650405131
C001815,4,0.0,0.9586872072284154,0.0,0.0,0.0,0.0,0.0,0.04131279277158462
C001817,0,0.1526220536821641,0.0,0.0,0.0,0.2630470022749143,0.013228201342008057,0.3315523838473215,0.2395503588535921
C001818,0,0.0,0.3494522247644033,0.3082238668304084,0.0,0.0662408449642175,0.0,0.12753452435893176,0.14854853908203902
C001820,4,0.0,0.0,0.6479868317688567,0.0,0.0,0.0,0.0,0.35201316823114326
C001824,1,0.2702945372834476,0.0,0.529591723748623,0.0,0.0,0.0,0.0,0.2001137389679295
C001826,1,0.0,0.0,0.0,0.0,0.0,0.0,0.30713251436513633,0.6928674856348637
C001827,1,0.0,0.32284150641881304,0.0,0.0,0.11132963698544991,0.0,0.0,0.565828856595737
C001832,3,0.27167684739385317,0.0,0.2519391576299814,0.0,0.016052219821465943,0.0,0.3877523731725465,0.07257940198215296
C001834,3,0.04267969600197243,0.0,0.0,0.6261128235245114,0.0,0.0,0.0,0.3312074804735162
C001838,4,0.0,0.4622854182549941,0.0,0.0,0.4421728825782383,0.0,0.0,0.09554169916676769
C001840,2,0.0571481712449007,0.0,0.0,0.0,0.0,0.0,0.07702066284386476,0.8658311659112345
C001841,3,0.0,0.0,0.0,0.0,0.88508101628956,0.0,0.0,0.11491898371043996
C001843,1,0.0,0.0,0.0,0.02041297487035944,0.0,0.2316909036856674,0.5827657480125575,0.16513037343141557
C001844,1,0.2482025606591523,0.1535749935040241,0.0,0.26515494838966613,0.0,0.0,0.13624096173174974,0.19682653571540776
C001846,1,0.0,0.0,0.6261767008363983,0.0,0.0,0.08341585837586254,0.0,0.29040744078773917
C001848,0,0.10341651364896871,0.05644971190107078,0.0,0.0,0.579814679273504,0.0,0.0,0.26031909517645646
C001849,1,0.0,0.0,0.0,0.0,0.0,0.0,0.0,1.0
C001850,4,0.293503806508007,0.0,0.0,0.0,0.0,0.6030306269201005,0.0,0.10346556657189254
C001851,4,0.22433701698114963,0.0,0.0,0.0,0.0,0.0,0.5911987393297247,0.18446424368912573
C001854,2,0.0,0.4137300989386751,0.0,0.0,0.015280487086815016,0.0,0.086886902736121,0.4841025112383889
C001855,0,0.0,0.0,0.021691612607739084,0.0,0.07599046473563109,0.027303659920573972,0.4439028497414942,0.4311114129945617
C001856,3,0.4423187583992553,0.0,0.0,0.05230629734568183,0.0,0.0,0.0,0.5053749442550629
C001857,2,0.0,0.025895431075496966,0.0,0.02257357125021015,0.16140421821231812,0.0,0.7660870987933696,0.02403968066860518
C001859,1,0.2812607289568358,0.0,0.5195801964031569,0.0,0.037373938666891066,0.0,0.0,0.16178513597311628
C001860,3,0.0,0.0,0.0,0.0,0.8271707578956109,0.0,0.0,0.1728292421043891
C001863,1,0.0,0.0,0.0,0.7755766870942925,0.0,0.050327511174978655,0.0,0.1740958017307288
C001864,2,0.0,0.4180594805136984,0.1956135145378799,0.0,0.025983048313914597,0.0,0.0,0.36034395663450713
C001866,2,0.06305573955341878,0.028773159662680292,0.0,0.0,0.0,0.0,0.0,0.908171100783901
C001867,2,0.3650633747858349,0.0,0.0,0.05552998452919895,0.0,0.17845032822207194,0.03277056022944377,0.3681857522334504
C001871,4,0.0,0.0,0.0,0.0,0.058741187679337004,0.0,0.0,0.941258812320663
C001873,2,0.3050801167223772,0.0,0.0,0.0,0.0,0.0,0.0,0.6949198832776228
C001875,4,0.0,0.0,0.4559181723985886,0.0,0.1446963183614555,0.02293549564888677,0.0,0.3764500135910691
C001879,1,0.30731203921639455,0.0,0.2514813523181674,0.0,0.0,0.039113853249304525,0.037880700014359905,0.3642120552017736
C001880,3,0.0,0.0,0.009738179960156926,0.011880275910999312,0.0825020457969637,0.0,0.0,0.8958794983318801
C001881,1,0.0,0.0,0.10239801063708195,0.0,0.0,0.0,0.873424299531104,0.02417768983181401
C001884,3,0.0,0.0,0.4304181143644515,0.3862660768896773,0.016495010077367544,0.0,0.0,0.16682079866850374
C001886,1,0.0,0.909191974157037,0.0,0.0,0.02386046855100588,0.0,0.0,0.06694755729195712
C001891,3,0.0,0.5528186839042474,0.16484915068377584,0.27229772933515595,0.0,0.0,0.0,0.010034436076820863
C001893,2,0.0,0.0,0.0,0.7254525302970665,0.0,0.0,0.0,0.27454746970293353
C001894,2,0.3668340055181324,0.0,0.0,0.21732732723868808,0.0,0.0,0.0,0.4158386672431795
C001896,2,0.20969180977060758,0.35528634238367657,0.06203717122971203,0.0,0.0,0.3000210914289159,0.02503496961722412,0.04792861556986394
C001897,4,0.0,0.024658802667689123,0.028453368103188506,0.0,0.0,0.0,0.49720419894064266,0.4496836302884797
C001898,1,0.04174953612002886,0.29576746474993604,0.0,0.0,0.025283218744454904,0.0,0.6044340731710764,0.03276570721450378
C001900,4,0.0,0.32742501279852637,0.5123980123387234,0.0,0.15502232825317705,0.0,0.0,0.005154646609573099
C001903,0,0.029374504737346836,0.45890346738051907,0.0,0.4194073096952525,0.0,0.0,0.0,0.09231471818688164
C001904,1,0.45025535109693704,0.0,0.30888418367253745,0.0,0.0018886474725450927,0.11892965766016245,0.0484724709622221,0.0715696891355958
C001909,2,0.0,0.0,0.7036717249139377,0.0,0.0,0.0,0.0,0.2963282750860623
C001911,4,0.549564684730585,0.26895503257570264,0.0,0.0,0.0,0.0,0.13118178398721517,0.050298498706497274
C001914,2,0.0,0.0,0.16870069890029457,0.09612680423407902,0.0,0.0,0.32107392936133744,0.414098567504289
C001921,4,0.0,0.0,0.0,0.06809552928319051,0.023541366652919393,0.0,0.0,0.9083631040638901
C001922,3,0.0,0.0,0.07386982525101111,0.8389901575917704,0.031317195143066315,0.0,0.0,0.05582282201415212
C001923,0,0.0,0.0,0.0,0.0,0.7547298889706315,0.0,0.1462392071516121,0.09903090387775637
C001928,4,0.0,0.0,0.0,0.1701522296833524,0.0,0.0,0.0,0.8298477703166476
C001929,4,0.0,0.0,0.0,0.0,0.8624535865933277,0.0,0.0,0.13754641340667229
C001930,2,0.14117947981898737,0.031373173797910735,0.5904068033865136,0.0,0.0,0.0,0.0,0.23704054299658828
C001931,4,0.0,0.0,0.03675038022647738,0.0,0.0,0.0,0.309817084739522,0.6534325350340007
C001932,0,0.3065960620780084,0.0,0.0,0.009898128299160305,0.0,0.27945762656738393,0.0,0.40404818305544743
C001933,0,0.0,0.008129380393121888,0.03289990426421917,0.04945897467308269,0.0,0.774675825501308,0.11339533816764709,0.021440577000621186
C001934,1,0.02797118575954503,0.13394561997877333,0.01221407443646522,0.0,0.015479620328716224,0.0,0.0,0.8103894994965002
C001935,4,0.0,0.0,0.0,0.0,0.3299770744197069,0.0,0.5833509520597009,0.0866719735205922
C001937,3,0.03370259649890191,0.0,0.7753417852480798,0.0,0.09793967002767062,0.0,0.0,0.09301594822534764
C001939,4,0.18241275800965015,0.0,0.0,0.0,0.0,0.0,0.0,0.8175872419903498
C001940,1,0.0,0.0,0.0,0.6700851520596285,0.0,0.0,0.23260796250565746,0.09730688543471411
C001942,0,0.0,0.1720852218811766,0.09231078044131659,0.0,0.5785487021188762,0.0,0.0,0.15705529555863063
C001943,0,0.0,0.34557675706230734,0.5097297843775335,0.0,0.0,0.0,0.09093784033406353,0.05375561822609565
C001947,3,0.09040677083330122,0.0,0.1502789272475418,0.0,0.17787018498939686,0.0,0.0,0.5814441169297602
C001948,4,0.0,0.4387836503893999,0.03027496722821059,0.0,0.0,0.0,0.22089478222895206,0.31004660015343743
C001949,2,0.11200984284850869,0.06168499596579619,0.6826225605012838,0.009749853521829221,0.0,0.0,0.0,0.13393274716258208
C001950,3,0.0,0.7984818015024722,0.00720025374876299,0.0,0.0,0.17358994036972508,0.0,0.020728004379039766
C001951,2,0.0,0.0,0.0,0.0,0.6814384253675395,0.0,0.0,0.3185615746324605
C001952,3,0.0,0.0,0.0,0.05453575589064053,0.0,0.0,0.0,0.9454642441093595
C001953,3,0.0918147427300634,0.0,0.0,0.0,0.0,0.0,0.0,0.9081852572699366
C001955,4,0.22817124758713467,0.0,0.0,0.0,0.17219725864413057,0.5229905222602703,0.0,0.07664097150846438
C001956,3,0.0,0.0,0.11787605575404464,0.019077742757738516,0.06210269200513005,0.0,0.0,0.8009435094830868
C001958,1,0.5776938587317322,0.08781475872090498,0.02048619675749859,0.0,0.05572497817798344,0.012127012439490414,0.0,0.24615319517239043
C001960,3,0.0,0.0,0.23463228119332663,0.41626129114407384,0.0,0.0,0.0,0.34910642766259947
C001962,3,0.010808681137250167,0.045025016534785654,0.0820584119454152,0.0,0.0,0.1677267802182322,0.0,0.6943811101643168
C001964,2,0.0,0.0,0.0,0.0,0.0,0.0,0.7299864202441806,0.2700135797558194
C001965,1,0.8306735746025291,0.0,0.0,0.10448436643820362,0.0,0.0,0.0,0.06484205895926731
C001966,4,0.0,0.03454154433145471,0.0,0.0,0.11321937511755019,0.0,0.0,0.8522390805509951
C001968,2,0.0,0.0,0.0,0.0,0.02391935535705374,0.0,0.12437025499944912,0.8517103896434971
C001970,1,0.018462450351660043,0.0,0.0,0.431576846195903,0.006680932514680355,0.4280402824460949,0.07410520364726292,0.04113428484439874
C001973,0,0.0,0.0,0.0,0.8872733571792776,0.0,0.0,0.0,0.11272664282072242
C001974,0,0.0,0.0,0.0,0.019034259081359854,0.0,0.7141165969276456,0.0,0.2668491439909946
C001975,1,0.043564513224784274,0.3359269751867458,0.0,0.04930133391315303,0.0,0.0,0.005541338782536794,0.5656658388927801
C001978,3,0.0,0.0,0.6247531134922628,0.0,0.0,0.23073442328627847,0.0,0.14451246322145872
C001983,4,0.0,0.0,0.0,0.0,0.275601321548211,0.713312514939203,0.0,0.011086163512586067
C001984,1,0.0,0.8601503507972205,0.0,0.0,0.0,0.0,0.0,0.13984964920277954
C001987,2,0.329325360528491,0.0,0.0,0.08380695656521832,0.0,0.0,0.06456840672419104,0.5222992761820997
C001993,3,0.04021160665315062,0.0,0.0,0.0,0.47793847412377444,0.0,0.0,0.48184991922307496
C001994,0,0.0,0.0,0.0,0.18820837560157933,0.0,0.0,0.0,0.8117916243984207
C001995,0,0.0,0.12502329209551388,0.10390404381658674,0.06405953902920906,0.2777686430911903,0.0,0.04208522477253122,0.3871592571949688
C001996,4,0.023428673170957856,0.0,0.21490951405258615,0.0,0.06946837318874051,0.0,0.683211372744597,0.00898206684311853
C001997,0,0.1377503886688502,0.0,0.0,0.0,0.7814314140883074,0.0,0.0,0.08081819724284234
C002000,4,0.6973144243435592,0.0,0.0,0.0,0.0,0.0,0.0,0.30268557565644083
C002002,1,0.0,0.041429411814908994,0.0,0.3497509890474255,0.040160510781808434,0.1406015220128558,0.0,0.4280575663430013
C002003,1,0.0,0.057689394211879644,0.0,0.0,0.0,0.0,0.10013333939376594,0.8421772663943544
C002004,2,0.0,0.0,0.14950806658688479,0.11474051801286321,0.6120719769985321,0.0,0.0,0.12367943840171991
C002005,3,0.0,0.0,0.15874675480685796,0.0,0.0832147467898748,0.6223572742925192,0.014695509008110246,0.12098571510263789
C002008,1,0.0,0.06585959776502617,0.19264096284818022,0.0,0.6754365588499497,0.0,0.026345971971659346,0.03971690856518462
C002010,4,0.0,0.0,0.3897711574109373,0.0,0.5852833520745214,0.023529842232907754,0.0,0.0014156482816334304
C002012,2,0.0,0.0,0.10179917145010732,0.0,0.0,0.0,0.0,0.8982008285498927
C002013,3,0.5920689423813943,0.0,0.13718938147826656,0.0,0.031015078456667563,0.14995739797644045,0.0,0.08976919970723118
C002014,1,0.0,0.08289903860653242,0.38502278893898634,0.018689466750308744,0.0,0.4254524529922069,0.0,0.08793625271196559
C002015,3,0.5601366493924782,0.0,0.030513453502011123,0.0,0.3318717600332025,0.0,0.06062843550690024,0.016849701565407993
C002020,4,0.0,0.48617298923250474,0.0,0.02976342795407553,0.030238588922839673,0.0,0.0,0.45382499389058006
C002021,0,0.3350765854960693,0.0,0.0,0.3219256190009472,0.0,0.0,0.024803787336405987,0.3181940081665775
C002022,1,0.37642478609693425,0.0,0.0,0.0,0.05921300620581323,0.0,0.1769170914618619,0.3874451162353907
C002024,3,0.0,0.15426060135828143,0.0,0.28242917023428676,0.37899477356587186,0.1442096852221906,0.0,0.0401057696193694
C002025,3,0.0,0.49328569957316976,0.0,0.012439471450665608,0.018199606728780477,0.44895244110595145,0.0,0.027122781141432628
C002026,1,0.0,0.0,0.0332905392416289,0.018841003551702137,0.0,0.01539964832255953,0.0533412412467622,0.8791275676373472
C002028,1,0.0,0.0,0.022848642952419507,0.0,0.0,0.0,0.0,0.9771513570475805
C002031,0,0.052065643456795346,0.0,0.0,0.019508069533229453,0.0,0.0,0.0,0.9284262870099752
C002033,1,0.0,0.0915598374939146,0.8684308274545524,0.0,0.0,0.0,0.0,0.040009335051533035
C002037,0,0.0,0.26400988751726023,0.0,0.15632946460187555,0.38819356246755843,0.0,0.0,0.19146708541330582
C002039,2,0.0,0.0,0.0,0.0,0.6554966853293017,0.0,0.0,0.3445033146706983
C002040,4,0.0017909781557169258,0.16960248912356646,0.0,0.0,0.7709412364686032,0.0,0.0,0.05766529625211336
C002041,2,0.3951400263085086,0.0,0.0,0.5406999733275537,0.0,0.0,0.05487630527810512,0.0092836950858326
C002042,4,0.0,0.0,0.2397942431945127,0.0,0.0,0.5397541627477289,0.0,0.22045159405775838
C002044,3,0.0,0.0,0.0,0.9030370051513091,0.0,0.0,0.0,0.09696299484869086
C002045,3,0.0,0.0,0.0,0.7786920130843415,0.0,0.0,0.0,0.22130798691565845
C002046,4,0.0,0.12209123134599031,0.0,0.0,0.0,0.0,0.0,0.8779087686540097
C002049,2,0.0,0.4250453732850635,0.0,0.0,0.009002200718979746,0.0,0.40925652485457986,0.15669590114137688
C002050,2,0.08461644226031195,0.0,0.0,0.0,0.0,0.0,0.0,0.915383557739688
C002051,4,0.0,0.020616171605993074,0.3161081938697091,0.0,0.0,0.0,0.03832853023321176,0.6249471042910861
C002053,4,0.0,0.0,0.0,0.0,0.0,0.0,0.0,1.0
C002056,0,0.0,0.0,0.0,0.0,0.7666346713642352,0.0,0.0,0.23336532863576476
C002057,2,0.0,0.0,0.003391162825747954,0.09852117492128204,0.6811571376042069,0.0,0.0,0.21693052464876306
C002061,4,0.0,0.0,0.20722134390886057,0.0,0.31484589115741685,0.41554663468231295,0.0,0.06238613025140971
C002064,4,0.6281757635236104,0.0,0.0,0.0,0.0,0.0,0.31440365966064127,0.0574205768157483
C002067,0,0.3601675995109677,0.0,0.529343096316803,0.01976991465702287,0.0,0.0,0.0,0.09071938951520642
C002068,1,0.0,0.039720826153868155,0.0,0.0,0.0,0.05080502701859854,0.11662249805380902,0.7928516487737243
C002069,2,0.6619680540690132,0.0,0.10030649390949509,0.0,0.08301637517075798,0.07166722812109788,0.0,0.08304184872963583
C002072,2,0.5169703579744845,0.4163124673312452,0.0,0.0,0.0,0.0,0.0,0.0667171746942703
C002074,1,0.0,0.0,0.3974647025941705,0.38592837795400653,0.18221917204725627,0.0,0.0,0.03438774740456674
C002075,2,0.0,0.0,0.0,0.0,0.0,0.38667849904087453,0.19963228011086862,0.4136892208482569
C002076,0,0.003167973329753244,0.07212213051619822,0.005282603753783684,0.0,0.0,0.0,0.8519353267412239,0.06749196565904103
C002078,0,0.45214676659633346,0.0,0.369821922391366,0.01636896693564547,0.0,0.0,0.05713322584038943,0.10452911823626565
C002079,2,0.0,0.07761120197400789,0.03204878432893671,0.0,0.0,0.0,0.8566750575600498,0.0336649561370056
C002081,0,0.0,0.0,0.506925559010708,0.0,0.2222201721805517,0.0,0.029407056355533125,0.24144721245320722
C002082,0,0.0,0.0,0.01790718444716904,0.0,0.3043929912894468,0.0,0.0,0.6776998242633842
C002084,4,0.02779411554317468,0.0,0.08741590053508175,0.3474325946935636,0.25789386016211024,0.06520821658164604,0.0,0.21425531248442375
C002085,2,0.0,0.05463671497884959,0.0,0.0,0.0,0.0,0.0,0.9453632850211504
C002086,1,0.09168575689835969,0.8195247926669352,0.055648065763503396,0.0,0.0,0.0,0.0,0.033141384671201646
C002088,1,0.3857374272931269,0.0,0.02329909461182916,0.08145515771471962,0.0,0.0,0.17242551029234307,0.33708281008798124
C002089,1,0.0,0.0,0.0,0.0,0.9119030726176399,0.0,0.0,0.08809692738236008
C002091,0,0.0,0.5051332521432768,0.21426545619250956,0.06256953906508625,0.1674800575099368,0.0,0.0,0.05055169508919066
C002094,2,0.0,0.0,0.0,0.41464846505789515,0.023226559666342926,0.0,0.5437044456548389,0.018420529620923
C002095,2,0.0,0.0,0.0,0.0,0.0,0.12091427998767977,0.0,0.8790857200123202
C002097,0,0.0,0.0,0.0,0.0,0.8622587006857462,0.0,0.0,0.13774129931425383
C002098,1,0.0,0.0,0.0,0.0,0.173900308176483,0.6044528303840877,0.0,0.22164686143942935
C002100,0,0.0,0.0,0.0,0.8588888478460629,0.0,0.021037261445848124,0.0,0.12007389070808894
C002101,1,0.0,0.0,0.0035816581069771057,0.06332917522438684,0.7679604422716453,0.0,0.0,0.16512872439699078
C002103,3,0.0,0.0,0.2044375408499237,0.0,0.15467403888679337,0.0,0.48464914974348333,0.1562392705197997
C002104,0,0.0,0.0,0.0,0.0,0.06657270008687577,0.0,0.0,0.9334272999131242
C002108,3,0.0,0.01766696914019643,0.5745160745931454,0.0,0.0,0.0,0.0,0.40781695626665826
C002111,0,0.0,0.0,0.0,0.064644101762624,0.3975228746991046,0.0,0.0,0.5378330235382714
C002113,0,0.0075519962078426945,0.0689119265167257,0.6136895693305113,0.0,0.013205537498900183,0.0,0.1997947630160546,0.09684620742996553
C002115,1,0.0,0.0,0.0,0.0,0.0,0.0,0.0,1.0
C002116,4,0.3953117862406508,0.0,0.46850176097895097,0.003100497062757716,0.0,0.06778330608195414,0.003971719901672627,0.06133092973401366
C002117,2,0.7552249398637069,0.06417957820530679,0.0,0.0,0.0,0.13503018526317684,0.0,0.04556529666780951
C002118,3,0.0,0.0,0.0,0.0,0.8571297350861465,0.0,0.0,0.14287026491385346
C002119,0,0.19701348648107533,0.0,0.2828526990339954,0.48794447169056293,0.0,0.0,0.0,0.03218934279436625
C002121,1,0.30555882327219486,0.0,0.0,0.09935690375739673,0.0,0.29843906013767046,0.0,0.2966452128327379
C002122,0,0.49546453781140726,0.0,0.12213594693588962,0.07203133836803831,0.0,0.0,0.0,0.3103681768846648
C002124,2,0.0,0.0,0.0,0.0,0.08974229343196141,0.04494426908928436,0.0,0.8653134374787542
C002126,3,0.48608709220920426,0.0,0.0,0.301326202449921,0.00954968700953948,0.0,0.0,0.20303701833133525
C002127,2,0.02483317510666022,0.0,0.0,0.6173403574125914,0.0,0.0,0.0,0.3578264674807483
C002128,0,0.0,0.0,0.0,0.0,0.0,0.0,0.0,1.0
C002129,3,0.0,0.0,0.0,0.029578161860360094,0.26565084680251494,0.0,0.0,0.704770991337125
C002134,2,0.115743879019215,0.0,0.0,0.0,0.0,0.6925624299892921,0.0,0.19169369099149292
C002136,4,0.0,0.0,0.0,0.0,0.0,0.22925075505490622,0.5939727300226972,0.17677651492239654
C002138,2,0.09480452758183935,0.0,0.0,0.0,0.4442428632048934,0.32277352890899,0.0,0.13817908030427717
C002139,3,0.0,0.0,0.0,0.0,0.0,0.7879064769084371,0.0,0.21209352309156293
C002142,1,0.0,0.1270777387603905,0.0,0.6315726782315398,0.0,0.0,0.0,0.24134958300806963
C002144,0,0.0,0.0,0.0,0.889618733500171,0.0,0.0,0.0,0.11038126649982904
C002146,1,0.0,0.0,0.026230928701314462,0.0,0.0,0.17002107015113635,0.0,0.8037480011475492
C002147,2,0.0,0.0,0.25633374599165176,0.0,0.5282018414696754,0.0,0.0,0.21546441253867288
C002148,2,0.0,0.0,0.0,0.0,0.32186047371550486,0.23865440150369277,0.0,0.43948512478080237
C002149,4,0.0,0.4444128905949673,0.0,0.41738362038746496,0.0,0.0,0.0,0.13820348901756774
C002150,0,0.0705018875441249,0.0,0.0,0.0,0.0,0.0,0.0,0.9294981124558751
C002151,3,0.0,0.0,0.0,0.0,0.7218156073080365,0.08862981366056027,0.0,0.18955457903140327
C002153,0,0.0,0.0,0.0,0.0,0.0,0.8248314529473806,0.0,0.17516854705261942
C002154,0,0.0,0.8533532294267971,0.0,0.0,0.0286220141504612,0.03504937378769848,0.0,0.08297538263504323
C002157,3,0.0,0.0,0.1184003933533207,0.0,0.0,0.0,0.5600098952723896,0.3215897113742896
C002158,4,0.0,0.0,0.0,0.0,0.0,0.0,0.0,1.0
C002160,2,0.0,0.03563493129108593,0.6549137955166142,0.0,0.0,0.0,0.0,0.3094512731922998
C002162,4,0.06490312956703452,0.06509689035201367,0.44224876647349226,0.0,0.0,0.0,0.0,0.4277512136074595
C002163,0,0.0,0.056311012189635634,0.0,0.0,0.0,0.0,0.0,0.9436889878103644
C002165,4,0.042945817452397,0.06957384001905,0.0,0.0,0.0,0.4461461882523096,0.0,0.44133415427624345
C002166,3,0.0,0.7060046712229444,0.0,0.0,0.0,0.0,0.03487728567130399,0.2591180431057516
C002167,0,0.0,0.0,0.24645712728705726,0.0,0.0,0.0,0.0,0.7535428727129427
C002168,2,0.0,0.06992242157684461,0.0,0.1761003265599595,0.043969301338895914,0.035390972517973046,0.20456404372172324,0.4700529342846037
C002172,3,0.022441396923723416,0.0,0.0,0.07464993614272933,0.40769173899560446,0.0,0.0,0.4952169279379428
C002173,4,0.17229952301157728,0.0,0.0,0.0,0.7196680506462632,0.0,0.0,0.1080324263421596
C002174,4,0.0,0.0,0.0,0.0,0.9105339184935226,0.0,0.0,0.08946608150647739
C002175,0,0.0,0.02457108631786053,0.0,0.0,0.01013984621907703,0.022392247547201306,0.5216403677914311,0.4212564521244301
C002176,0,0.0,0.0,0.0,0.03883713199930537,0.3896168396841867,0.0,0.5488165364572977,0.02272949185921025
C002177,3,0.0,0.0,0.0,0.0,0.826464356317355,0.0,0.0,0.17353564368264496
C002183,2,0.0,0.0,0.0,0.5631732646841653,0.25011648888610866,0.0,0.0,0.1867102464297261
C002184,3,0.3412406557994619,0.1212865394960341,0.0,0.36009978553863675,0.0,0.0,0.0,0.17737301916586723
C002187,0,0.0,0.0,0.0,0.7131142594221177,0.25678991910005394,0.0,0.0,0.03009582147782841
C002188,1,0.0,0.0,0.013254001084552387,0.11651390451149883,0.0,0.0,0.0,0.8702320944039488
C002189,0,0.0,0.475837178154693,0.08978272746140349,0.0,0.0,0.0,0.0,0.43438009438390346
C002191,2,0.0,0.5937756685600741,0.11348547957374208,0.0,0.0,0.0,0.037872660381277595,0.2548661914849062
C002194,2,0.0,0.0,0.1236438192271201,0.0,0.503585414650564,0.05483575899029431,0.08376333031600991,0.2341716768160117
C002195,3,0.0,0.4597588042144539,0.0,0.0,0.0,0.0,0.0,0.5402411957855461
C002196,4,0.0,0.5841344476740421,0.0,0.0,0.0,0.0,0.3663025358509939,0.04956301647496397
C002197,4,0.0,0.0,0.0,0.14854821358712217,0.0,0.0,0.08024944625505374,0.7712023401578241
C002198,2,0.0,0.029123056732589286,0.0,0.0,0.0,0.0,0.03411140765275735,0.9367655356146534
C002199,3,0.3654823492728396,0.0,0.0,0.16207082957104557,0.0,0.04662089610835752,0.06725131249817129,0.358574612549586
C002200,1,0.0,0.045305928466761486,0.3232588179534197,0.0,0.0,0.411709851905881,0.13148825192269512,0.08823714975124275
C002206,1,0.29401284788775306,0.0,0.050951529929420834,0.0,0.0,0.0,0.49645970936290695,0.15857591281991912
C002212,1,0.0,0.0,0.0,0.200617498382611,0.5851766766912455,0.0,0.0,0.21420582492614348
C002215,2,0.030318334972224626,0.0,0.0,0.0,0.24337688867489785,0.0,0.525402189959775,0.20090258639310266
C002216,1,0.0,0.17461969287613394,0.0,0.2610502815411425,0.0,0.0,0.2054680247444186,0.358862000838305
C002218,3,0.0,0.5564596004575848,0.0,0.0,0.05211054774420687,0.3500033963808424,0.0,0.041426455417366004
C002222,2,0.14198045747647697,0.0,0.02545265470200359,0.0,0.0,0.0,0.0,0.8325668878215194
C002227,3,0.0,0.0,0.0,0.015081736809625941,0.06752584809205972,0.013740548565330761,0.8086354757081242,0.09501639082485935
C002232,0,0.1763985652865861,0.5624184886996163,0.0,0.06957360060999696,0.027496856991073387,0.0,0.0,0.1641124884127272
C002234,2,0.0,0.0,0.0057423322272342515,0.0,0.024539272401397912,0.0,0.0,0.9697183953713678
C002235,2,0.0,0.8201760690691619,0.0,0.0,0.0,0.0,0.0,0.17982393093083815
C002236,1,0.0,0.13948709219296415,0.3632979657561397,0.0,0.25033589494060393,0.0,0.0,0.24687904711029218
C002238,4,0.5099252924113983,0.0,0.0,0.038875928084218185,0.0,0.0,0.1245993039423449,0.3265994755620387
C002241,0,0.15397298272355678,0.07691008923593687,0.0,0.0,0.06128256280746549,0.0,0.5726292798629975,0.1352050853700434
C002242,2,0.0,0.0,0.0,0.0914151212587479,0.18499949895558784,0.6205362297803343,0.0,0.10304915000532999
C002243,2,0.015681367132574953,0.0,0.0,0.06059180871357115,0.0031822530809921114,0.11434130592278169,0.7245055801803332,0.08169768496974694
C002245,2,0.0,0.0,0.0,0.0,0.0,0.0,0.14608754180963635,0.8539124581903637
C002247,3,0.0,0.051655286999431116,0.08914154364193111,0.0,0.0,0.0,0.2492874406495911,0.6099157287090466
C002250,2,0.0,0.1250969446359338,0.18151143542368955,0.023621580647923475,0.06967665419363493,0.0,0.5391286257352567,0.060964759363561605
C002251,1,0.09801117570311745,0.0,0.0,0.0,0.0,0.7796548530291064,0.0,0.12233397126777612
C002256,4,0.16256719136329587,0.0,0.0,0.0,0.0,0.4077107959894343,0.0,0.42972201264726984
C002261,0,0.0,0.22554621408925185,0.0,0.0,0.24530860330215565,0.11717394365518373,0.0,0.4119712389534088
C002265,2,0.0,0.08955608397310844,0.0,0.0,0.0,0.0,0.0,0.9104439160268916
C002266,4,0.0,0.0,0.0,0.0032135400673158816,0.8660028088951397,0.0,0.0,0.1307836510375444
C002274,0,0.0,0.0,0.0,0.16528585345175983,0.0,0.0,0.0,0.8347141465482402
C002275,0,0.16172401333257674,0.5725571463603764,0.0,0.0,0.0,0.0,0.0,0.26571884030704696
C002276,2,0.015709216633986146,0.0,0.0,0.004984817989508917,0.0,0.0,0.0,0.9793059653765049
C002277,4,0.0,0.0,0.0,0.0,0.014481313649453407,0.6007604595806658,0.0,0.3847582267698808
C002278,3,0.1128697594527802,0.0,0.0,0.0,0.0,0.0,0.7695450413054215,0.11758519924179833
C002280,2,0.0,0.0,0.0,0.0,0.0,0.0,0.0,1.0
C002281,3,0.0,0.04163889937446996,0.12814983483739692,0.0,0.0,0.0,0.0,0.8302112657881331
C002282,2,0.43853621516534486,0.0853179241311348,0.0,0.3603670303053666,0.0,0.0,0.0,0.11577883039815373
C002285,2,0.0,0.047611654369614426,0.03306448132734302,0.0,0.0,0.0,0.05891313182718213,0.8604107324758604
C002286,1,0.0,0.0,0.054202863984790434,0.0,0.03907800222958971,0.583593308641145,0.0,0.32312582514447485
C002288,4,0.12725676829963756,0.26566297478752493,0.0,0.5358034445017713,0.0,0.0,0.0,0.0712768124110662
C002291,1,0.28831216077790606,0.14757629597573746,0.0,0.0,0.0,0.0,0.0,0.5641115432463565
C002292,1,0.0,0.23433913363640851,0.08850922737206894,0.28489001635547934,0.0,0.0,0.0,0.39226162263604314
C002293,3,0.018711899123539776,0.0,0.00976559107149748,0.0,0.0,0.6311776321307742,0.0,0.34034487767418864
C002294,0,0.0,0.5281630025772438,0.0,0.0,0.09797609837593622,0.28096714507178466,0.015910308719881406,0.07698344525515388
C002296,4,0.08157925417574424,0.17198897734482396,0.0,0.0,0.0,0.048599318412357984,0.0,0.6978324500670738
C002297,1,0.0,0.04349350372122323,0.0,0.0,0.0,0.0,0.9235943650783349,0.032912131200441896
C002299,0,0.0,0.03679853768748928,0.0,0.0,0.0,0.0,0.5977409781191798,0.3654604841933309
C002300,0,0.6688822060042421,0.0,0.0,0.10244344896928038,0.0,0.166357566172932,0.0,0.062316778853545585
C002301,2,0.0,0.11855780459055115,0.0,0.5575735040704335,0.0,0.0,0.1285433230688497,0.19532536827016567
C002303,3,0.0,0.0,0.0,0.0,0.0,0.5949281369514896,0.0,0.4050718630485104
C002304,0,0.7166482699990461,0.0,0.0,0.0,0.0,0.0,0.0,0.2833517300009539
C002307,0,0.0,0.0,0.0,0.0,0.0,0.0,0.13722173457665654,0.8627782654233435
C002310,1,0.0,0.0,0.0,0.0,0.0,0.0,0.21910683840876477,0.7808931615912352
C002311,0,0.0,0.0,0.8674893380364339,0.0,0.0,0.0,0.0,0.1325106619635661
C002312,1,0.0,0.032095239824781234,0.0,0.10455596580756663,0.0,0.3926342402621206,0.0,0.47071455410553154
C002313,2,0.0,0.0,0.0,0.04336065351634979,0.0,0.06292780929609876,0.0,0.8937115371875515
C002316,3,0.0,0.7031950502387392,0.0,0.0,0.03313943012715655,0.0,0.05656266989707798,0.2071028497370262
C002318,3,0.3900941078915793,0.0,0.0,0.14958351986117474,0.0,0.0,0.0,0.46032237224724604
C002320,1,0.0,0.01374396357526272,0.09446266108023407,0.010177878604077888,0.5534788558103212,0.0,0.21599245856146124,0.11214418236864288
C002321,4,0.0,0.044603771790060344,0.0,0.02365496852421913,0.0,0.0,0.0,0.9317412596857205
C002323,0,0.5736661779071779,0.0,0.0,0.15822081672093213,0.0,0.0,0.0,0.26811300537189
C002331,4,0.0,0.0,0.0,0.0,0.0,0.9692140284497821,0.0,0.030785971550217894
C002333,3,0.02047230568790966,0.0,0.0,0.0,0.41989025739086555,0.0,0.2716762059264646,0.28796123099476023
C002335,4,0.0,0.0,0.0,0.0,0.0,0.0,0.010388814226837241,0.9896111857731628
C002338,2,0.0,0.0,0.6746281522552136,0.0,0.0,0.0,0.07404892599847529,0.2513229217463111
C002346,2,0.03259639201608876,0.0,0.3457869410047694,0.0672063284279525,0.0,0.0,0.0,0.5544103385511894
C002349,1,0.0,0.0,0.0,0.0,0.0,0.0,0.0,1.0
C002351,0,0.0,0.0,0.0,0.0,0.044464627754587524,0.0,0.08885165088104503,0.8666837213643674
C002353,3,0.0,0.0,0.6780260306728189,0.0,0.20105844820330432,0.0,0.0,0.12091552112387682
C002354,2,0.0,0.0,0.0,0.0,0.007772405778913583,0.941523497767763,0.0,0.05070409645332341
C002355,2,0.0,0.0,0.0,0.15173980599261355,0.36785690650124314,0.0,0.3944028057144379,0.08600048179170527
C002358,4,0.0,0.0,0.11483985207255785,0.5213127531921393,0.22880768029564466,0.0,0.0,0.13503971443965812
C002360,2,0.11976445590559205,0.0,0.0,0.0,0.7279572107916147,0.0,0.03484776855877648,0.11743056474401681
C002361,1,0.12343242946956412,0.0,0.0,0.0,0.0,0.0,0.0,0.8765675705304359
C002362,0,0.21842002156807738,0.32783175228021316,0.0,0.29744174857178274,0.0,0.0,0.0,0.15630647757992666
C002363,3,0.0,0.0,0.13821982686019432,0.40516138377504296,0.03944674143810302,0.019413085681460607,0.0,0.39775896224519913
C002365,1,0.0,0.0,0.0,0.0,0.6265010374909666,0.05657774877480622,0.04542069155593569,0.27150052217829146
C002366,2,0.29089369370384405,0.0,0.17301009689302632,0.0,0.26654087350519307,0.0,0.0,0.26955533589793657
C002367,1,0.0,0.0,0.0,0.45163969277960947,0.0,0.0,0.48578273324384746,0.06257757397654307
C002368,2,0.571121662955977,0.0,0.0,0.0,0.4030930165699229,0.0,0.0,0.025785320474100093
C002370,4,0.0,0.0,0.0,0.0,0.9160535356760753,0.0,0.0,0.08394646432392472
C002371,4,0.03860116546489056,0.0,0.0,0.0,0.017605179665149302,0.0,0.0,0.9437936548699601
C002372,4,0.031545617865523276,0.0,0.0,0.0,0.052281759068533426,0.8189219310778585,0.0,0.09725069198808478
C002373,0,0.0427778356684321,0.0,0.20967054139214514,0.0,0.3292291061479614,0.008076903538463272,0.09459531737273422,0.31565029588026394
C002375,3,0.0,0.0,0.0,0.8266962788326334,0.0,0.0,0.0,0.1733037211673666
C002376,1,0.0,0.40595963894952786,0.0037291233823662376,0.0,0.0,0.00401181739987346,0.3910529752343654,0.19524644503386712
C002378,4,0.0,0.050626630008240366,0.0,0.0,0.0,0.0,0.09357623872771487,0.8557971312640448
C002379,2,0.0,0.0,0.0,0.0,0.0,0.6152042237181672,0.025643877667399142,0.35915189861443364
C002380,1,0.0,0.0,0.0,0.7036137394237447,0.016197749582558207,0.0,0.0,0.280188510993697
C002382,2,0.0,0.0,0.0,0.03137054275101699,0.0,0.5176901982137588,0.0,0.45093925903522414
C002386,4,0.0,0.0,0.1838676432603281,0.0,0.0,0.0,0.0,0.8161323567396719
C002388,0,0.0,0.2846126341793327,0.0,0.0,0.0,0.5599226106264439,0.0,0.15546475519422343
C002389,1,0.04028028548524773,0.0,0.03708646387853412,0.47860320378818455,0.0,0.0,0.0,0.4440300468480336
C002394,2,0.0,0.0,0.0,0.15725614383216355,0.19435802359725002,0.0,0.5322245693269885,0.11616126324359799
C002395,0,0.18089918756495288,0.08489292281594803,0.0,0.0,0.05331345279993511,0.2879490871647518,0.30759313194078897,0.08535221771362322
C002397,0,0.0,0.0,0.39320903531669243,0.0,0.0,0.0,0.0,0.6067909646833076
C002398,4,0.4556696841489099,0.0,0.0,0.0,0.0,0.3511652477220838,0.0,0.19316506812900625
C002399,2,0.0,0.0,0.0,0.8106024688556025,0.0,0.0,0.0,0.1893975311443975
C002401,1,0.36120318653298583,0.0,0.0,0.0,0.0,0.0,0.15348257054428288,0.4853142429227313
C002402,3,0.0,0.0,0.18547896538318806,0.0,0.0,0.0,0.0,0.8145210346168119
C002404,2,0.0,0.4091315477854459,0.0,0.0,0.0,0.0,0.0,0.5908684522145541
C002405,2,0.4160313972031939,0.0,0.05780134415069182,0.49986227388771465,0.0,0.0,0.016499555311644393,0.00980542944675522
C002406,2,0.0,0.014532492546361558,0.0,0.016126543129745784,0.0,0.7188638662421754,0.0,0.25047709808171725
C002413,4,0.0,0.0,0.17977718367767115,0.0,0.03385521886592632,0.0,0.0,0.7863675974564025
C002414,1,0.0,0.0,0.0,0.0,0.0,0.0,0.0,1.0
C002419,2,0.0,0.0,0.0,0.7150639708483312,0.0,0.0,0.1879108927279175,0.09702513642375132
C002421,4,0.14985016903310008,0.0,0.0,0.0,0.0,0.11505134069963702,0.6445579044856113,0.09054058578165158
C002424,1,0.0,0.0,0.0,0.0,0.6199745188828938,0.0,0.0,0.3800254811171062
C002426,1,0.0,0.0,0.0,0.0,0.0,0.0,0.6324438753883224,0.36755612461167764
C002428,0,0.0,0.0,0.0,0.0,0.0,0.0,0.8141126460570061,0.18588735394299394
C002429,4,0.0,0.0,0.6341835957201328,0.11309981839255137,0.21393778602212474,0.0,0.0,0.03877879986519106
C002430,4,0.0,0.3882407590370763,0.0,0.0246799233406185,0.040269829231640665,0.0,0.0,0.5468094883906645
C002431,1,0.9340101905310738,0.0,0.0,0.0,0.0,0.0,0.0,0.06598980946892619
C002438,3,0.0,0.0,0.10759769910789621,0.6135705972590182,0.05302205815043532,0.0,0.005531942984956246,0.22027770249769396
C002439,3,0.07825471847234883,0.0,0.033601363718953316,0.0,0.0,0.020382675863573525,0.47181206545776366,0.3959491764873606
C002441,3,0.0,0.013221151160345153,0.556973706917213,0.0,0.0,0.26642675202725297,0.0,0.16337838989518882
C002442,1,0.0,0.5100127040259094,0.0,0.10975170254163355,0.0,0.3079287003176296,0.0,0.07230689311482741
C002448,2,0.0,0.10788250254779856,0.0,0.013776279583800623,0.0,0.0,0.0,0.8783412178684008
C002449,3,0.0,0.0,0.0,0.0,0.0,0.9100915642509977,0.017580701041768322,0.07232773470723397
C002450,3,0.01539081027627577,0.035862619315477386,0.029339509962331603,0.0,0.0,0.0,0.0,0.9194070604459152
C002451,0,0.0,0.0,0.17201929022448587,0.02337110628917906,0.0,0.5862145565432669,0.0,0.21839504694306822
C002452,1,0.0,0.05318934863116294,0.29881514582621443,0.2456496864053031,0.0,0.208130151260946,0.0,0.19421566787637345
C002456,4,0.0,0.0,0.0,0.0948449484081487,0.0,0.6385585577746871,0.0,0.2665964938171642
C002457,3,0.7193898820640257,0.18436146470309717,0.0,0.0,0.0,0.0,0.0,0.09624865323287723
C002458,0,0.0,0.0,0.8102369153215083,0.0,0.0,0.0,0.0,0.18976308467849168
C002460,2,0.041283840048184986,0.0,0.15248641900761528,0.0,0.0,0.0,0.0,0.8062297409441997
C002461,2,0.0,0.0,0.3056994990867831,0.0,0.0,0.07526662136082965,0.14555865872687856,0.47347522082550864
C002462,2,0.0,0.0,0.0,0.6872251333991916,0.0,0.11797449108992847,0.0,0.19480037551088003
C002463,4,0.19921641776858362,0.038771913628687316,0.04274344868782548,0.00570835208697221,0.04936209502838778,0.4195940265382293,0.0,0.2446037462613142
C002474,1,0.0,0.0,0.0,0.7541621911706875,0.0,0.0,0.21396012800741115,0.031877680821901344
C002476,0,0.0,0.848719103021376,0.0,0.0,0.0,0.0,0.0,0.151280896978624
C002479,4,0.0,0.0,0.0,0.08211226784111203,0.0,0.0,0.0,0.917887732158888
C002485,3,0.0,0.39956041033751627,0.0,0.0,0.0,0.0,0.07545752625610085,0.5249820634063829
C002488,2,0.0,0.0,0.0,0.0,0.06487341892089149,0.0,0.0,0.9351265810791085
C002490,3,0.0,0.17446617177452153,0.5481225027466067,0.0,0.0,0.037226460379974784,0.1986821213449114,0.04150274375398566
C002491,2,0.4425342021331224,0.0,0.0,0.1341022979962006,0.0,0.0,0.34501722967101867,0.07834627019965834
C002492,2,0.0,0.0,0.0,0.4354570278809683,0.0,0.0,0.37794519831559864,0.186597773803433
C002493,3,0.0,0.0,0.2262443741567767,0.0,0.0,0.0,0.0,0.7737556258432233
C002495,0,0.3041771584985858,0.0,0.0,0.662314936829225,0.012729351575002794,0.0,0.0072117224968600265,0.013566830600326374
C002498,3,0.0,0.0,0.0,0.7761931774337602,0.0,0.0,0.0,0.22380682256623985
C002499,2,0.12483491975072722,0.0,0.0062314392899465035,0.512432294607141,0.06568920418111748,0.19563589377083068,0.0,0.09517624840023708
C002500,3,0.0,0.3001421669666284,0.0,0.0,0.0,0.20068404532044223,0.0,0.4991737877129294
C002501,1,0.051667851078586714,0.0,0.0,0.0,0.1760069471020495,0.030299956210297026,0.011346152816280472,0.7306790927927862
C002503,0,0.0,0.0,0.0,0.01879340951063613,0.0928987363661928,0.0460724187354326,0.0,0.8422354353877385
C002512,1,0.3439147067030611,0.24652631418210147,0.0,0.0,0.11413290335482185,0.0,0.19168908404546228,0.1037369917145533
C002514,2,0.0,0.006509213568788738,0.7106327337631468,0.05994432721016941,0.0,0.0,0.0,0.222913725457895
C002516,3,0.0,0.0,0.0,0.0,0.0,0.7564002256747812,0.0,0.24359977432521884
C002519,4,0.0,0.0,0.0,0.0,0.0,0.0,0.8755201848616773,0.12447981513832274
C002522,0,0.0,0.0,0.0,0.0,0.1472335101776764,0.5786209365044175,0.0,0.27414555331790613
C002523,2,0.0,0.055398979908378915,0.4795683566057612,0.0,0.2607447099746408,0.1911538939671813,0.0,0.013134059544037902
C002526,4,0.0,0.09200505849111595,0.0,0.32175988593865,0.33265072027507975,0.16865571731947157,0.019576758600572636,0.06535185937511012
C002527,1,0.1265983344241801,0.0,0.0,0.0,0.0,0.0,0.034075597377119786,0.8393260681987001
C002528,0,0.09784147252441576,0.011737047409395168,0.0,0.1312658154358826,0.3218380429452113,0.036129473885324365,0.07745564312719257,0.3237325046725782
C002530,2,0.250615471520507,0.0,0.640067507691492,0.0,0.0,0.06354484389480461,0.0,0.04577217689319635
C002531,2,0.0,0.0,0.0,0.4940676476528004,0.32202729749042097,0.0,0.0,0.18390505485677866
C002533,2,0.0,0.0,0.0,0.0,0.0,0.0,0.0,1.0
C002534,4,0.42205595595386297,0.35184023172536005,0.006346620220153127,0.0,0.0,0.0,0.21731434547707676,0.0024428466235472124
C002539,1,0.0,0.0,0.0,0.0,0.0,0.0,0.1372394456762558,0.8627605543237442
C002541,0,0.0,0.012701347485340178,0.15436454207561323,0.0,0.0,0.7252215111929099,0.0,0.10771259924613674
C002542,0,0.0,0.0,0.0,0.0,0.0,0.0,0.9642448163249792,0.03575518367502084
C002544,2,0.0,0.0,0.0,0.15103529484594042,0.0,0.4621349750401705,0.03741085666743711,0.34941887344645195
C002548,1,0.0,0.0634356195117668,0.33265265851652553,0.0,0.0,0.5272478339124348,0.0,0.07666388805927293
C002550,2,0.0,0.0,0.0027908509298189164,0.0,0.0,0.8686710230552177,0.0,0.1285381260149634
C002553,3,0.0,0.0,0.7945134041651645,0.0,0.05795981586984077,0.0,0.0,0.14752677996499475
C002555,0,0.0,0.2913048297417164,0.5943131122223537,0.0,0.0,0.0,0.0,0.11438205803592982
C002559,0,0.0,0.0,0.44880337984422286,0.0,0.0,0.0,0.0,0.5511966201557772
C002563,4,0.0,0.04969047678531191,0.6753159323563694,0.0,0.030402063203275636,0.0,0.0,0.244591527655043
C002564,4,0.6313892505213113,0.0,0.01226203005777951,0.03894734688010169,0.0,0.0,0.015624869229859159,0.3017765033109483
C002566,3,0.0,0.0,0.05006579595010085,0.7602524819928393,0.0,0.0,0.032166637253363876,0.15751508480369592
C002567,2,0.0633277110135525,0.0,0.0,0.0,0.1108504681954593,0.0,0.0,0.8258218207909882
C002569,4,0.0,0.4754827337090939,0.008681521524465299,0.25189759379592525,0.0,0.010055446373368018,0.16017438063663653,0.09370832396051121
C002571,3,0.7732126872383378,0.0,0.0,0.0,0.11071830477316501,0.0,0.0,0.11606900798849717
C002573,2,0.0,0.02277338317097976,0.5048983470568673,0.1243771129111944,0.0,0.0,0.0,0.34795115686095857
C002581,1,0.04361832828034741,0.0,0.25831287281634,0.0,0.0,0.012672471540007346,0.6606873837204528,0.024708943642852477
C002585,1,0.0,0.0804035376096599,0.0654797530178538,0.0,0.0,0.0,0.08160590852757088,0.7725108008449154
C002587,1,0.0,0.0,0.0,0.13379261266530015,0.656526268714112,0.19331439455857202,0.0,0.01636672406201578
C002590,1,0.0,0.0,0.07460348477284644,0.6852845223726485,0.0,0.0,0.007443631208455048,0.2326683616460501
C002594,4,0.0,0.0,0.0,0.1276571820275473,0.813544838136215,0.0,0.0,0.05879797983623769
C002595,2,0.0,0.0,0.0,0.6810171763030113,0.0,0.0,0.0,0.3189828236969887
C002599,1,0.0,0.0,0.0,0.28897372802889804,0.0,0.1406276754232879,0.0,0.570398596547814
C002606,0,0.06337482301560649,0.0,0.04613094085396333,0.0,0.3915940770403992,0.0,0.0,0.49890015909003094
C002608,1,0.07891509130936616,0.4546224682244486,0.0,0.0,0.0,0.0,0.0,0.46646244046618524
C002610,4,0.0,0.04633580344287883,0.42583860112975824,0.5099612352571463,0.0,0.0,0.0,0.017864360170216642
C002611,1,0.0,0.691667854614573,0.0,0.06980433263337625,0.014488037371490587,0.0,0.0,0.22403977538056008
C002612,0,0.0,0.0,0.0,0.21314000282129883,0.05016367836569824,0.0,0.0,0.7366963188130029
C002615,1,0.0,0.0,0.0,0.0,0.7518038297092983,0.0,0.16300697140572573,0.085189198884976
C002617,0,0.016093196463609037,0.018294664077846735,0.0,0.0,0.0,0.0,0.034824258939514394,0.9307878805190298
C002620,0,0.0,0.0,0.0,0.09866056074172438,0.09605649404748737,0.7094300546243485,0.0,0.09585289058643975
C002621,2,0.0,0.19218541280685372,0.16573779402682084,0.14989763810866102,0.0023790485476168338,0.0,0.308026233720581,0.18177387278946655
C002622,1,0.6276089750932388,0.05587685125744357,0.0,0.0,0.0,0.0,0.2615859827997383,0.05492819084957934
C002623,4,0.0,0.0,0.2819774393851534,0.27732112481545834,0.0,0.0,0.25122079594540747,0.18948063985398078
C002625,0,0.0,0.9224504928725923,0.04671367078487245,0.0,0.0,0.0,0.0,0.030835836342535283
C002626,3,0.0,0.0,0.6514686042474529,0.0,0.0,0.11020371904738752,0.0,0.23832767670515964
C002627,4,0.0,0.0691165704385741,0.0,0.0,0.0,0.0,0.5354558220624095,0.3954276074990164
C002628,2,0.0,0.0,0.0,0.0,0.8126601069586454,0.0,0.0,0.18733989304135457
C002629,0,0.09860106673155013,0.0,0.0,0.0,0.0,0.0,0.06196665313682903,0.8394322801316209
C002634,4,0.023742348389531945,0.0,0.0,0.0,0.01661196522746248,0.08016868058738275,0.0,0.8794770057956228
C002635,3,0.0,0.9219376709142185,0.0,0.0,0.0,0.0,0.0,0.07806232908578148
C002636,3,0.0,0.0,0.008287164413034651,0.015118690782587332,0.0,0.1587005839213903,0.006260807326317652,0.8116327535566701
C002637,3,0.0,0.5720775204322136,0.0,0.17485944473440845,0.042813127440446144,0.0,0.0,0.2102499073929318
C002638,4,0.33702355239164405,0.0,0.16166264119819893,0.0,0.0,0.0,0.3041604587017618,0.1971533477083952
C002642,1,0.1891444380055248,0.07989211532747142,0.0,0.3590814569181315,0.0,0.28196438864676354,0.0,0.08991760110210878
C002643,3,0.0,0.0,0.0,0.0,0.08270166057309081,0.0,0.0,0.9172983394269092
C002644,0,0.0,0.03673477491874433,0.0,0.0,0.0,0.0,0.0,0.9632652250812557
C002647,2,0.0,0.0,0.0,0.8006063900706897,0.0524604122853754,0.0,0.0,0.14693319764393498
C002649,2,0.0,0.0,0.0,0.0,0.0,0.6829390238852345,0.0,0.31706097611476547
C002650,2,0.0,0.0,0.0,0.0,0.0,0.0,0.1909731835610704,0.8090268164389296
C002653,2,0.0,0.0,0.0,0.0,0.39152158098501366,0.56132844423638,0.0,0.047149974778606385
C002655,3,0.0,0.0,0.0,0.0,0.7347431344391515,0.18025651120278186,0.0,0.08500035435806663
C002656,2,0.0,0.0,0.0,0.23814412790357042,0.009988236217049948,0.5765548338695013,0.0,0.1753128020098783
C002657,2,0.0,0.0,0.0,0.10796425991711629,0.5660960313834718,0.0,0.0,0.3259397086994119
C002660,2,0.10403501091813808,0.545672937956833,0.0,0.02331084475604053,0.0,0.0,0.0,0.3269812063689884
C002663,1,0.0,0.0,0.0,0.0,0.0,0.0,0.7999325081945214,0.20006749180547856
C002665,2,0.04348159861312703,0.055000508825810715,0.06578351338803062,0.0,0.2788526274445847,0.0,0.0,0.5568817517284469
C002666,0,0.13658911090385148,0.0,0.2347494786834341,0.09230586445908934,0.0,0.0,0.0,0.5363555459536251
C002667,1,0.0,0.6672315940842057,0.0,0.0,0.0,0.0,0.0,0.33276840591579426
C002668,1,0.030956187606812166,0.0,0.0,0.0229299664260604,0.04662589156726502,0.32773118858945055,0.0,0.5717567658104119
C002671,0,0.0,0.33654219046572825,0.0,0.0,0.01883619239713288,0.10011054337482976,0.0,0.5445110737623091
C002677,1,0.3062156055925137,0.09296646184639276,0.0,0.0,0.3737933171222883,0.0,0.0,0.22702461543880514
C002678,4,0.0,0.0,0.0,0.7889943331658094,0.033647682717315296,0.0,0.0,0.1773579841168753
C002680,2,0.38543813273456967,0.5481784726478038,0.004983181794912139,0.0,0.0,0.0,0.0,0.06140021282271424
C002683,4,0.0,0.0,0.0,0.031704630761464764,0.0,0.021024335491439044,0.017662407153764752,0.9296086265933314
C002686,3,0.0,0.7632232616417584,0.0,0.0995234056099437,0.0,0.05415445321160661,0.0,0.08309887953669137
C002687,4,0.24796683015803372,0.0,0.0,0.0,0.0,0.47736685610335494,0.0,0.2746663137386114
C002688,1,0.0,0.0,0.0,0.21714977118745477,0.0,0.0,0.6470043416225252,0.1358458871900201
C002689,2,0.009795878685679979,0.24972151835149206,0.0,0.0,0.6783511936380839,0.0,0.0,0.062131409324744036
C002692,0,0.08500032431546675,0.0,0.015273334310689972,0.0,0.0,0.045120204451645836,0.0,0.8546061369221974
C002694,0,0.0,0.14332164257381524,0.0,0.0,0.0,0.702566842939755,0.08702154016761217,0.06708997431881758
C002696,0,0.0,0.4534719025538749,0.0,0.07094456662333587,0.0,0.0,0.0,0.47558353082278926
C002697,2,0.0,0.0,0.27708260873086116,0.544914993583124,0.0,0.0,0.0,0.17800239768601478
C002698,4,0.0,0.0,0.09696036197279034,0.0,0.0,0.0,0.0,0.9030396380272097
C002699,3,0.4831962574315234,0.0,0.0,0.29751172053013797,0.1765886263629045,0.0,0.0,0.04270339567543413
C002700,0,0.05137016609745939,0.0,0.0,0.03305357272732856,0.0,0.04670750094020059,0.048401280590465334,0.8204674796445461
C002703,2,0.0,0.0,0.05886386728794635,0.0,0.0,0.0,0.0,0.9411361327120537
C002705,1,0.7116125459862195,0.0,0.0,0.0,0.0,0.0,0.0,0.2883874540137805
C002707,3,0.5982838191706195,0.0,0.0,0.04462969821906146,0.0,0.0,0.0,0.35708648261031906
C002714,4,0.24821273601945573,0.6461338718185491,0.0,0.0,0.02630661535401719,0.0,0.018779983890681622,0.060566792917296386
C002715,2,0.18307662200303326,0.43085586133495535,0.12133095853379201,0.04549550398544826,0.0,0.006536949226115166,0.043613212467819865,0.16909089244883602
C002719,1,0.24090377479008931,0.0,0.0,0.006818834767200429,0.4926419722317733,0.05504042308680376,0.1614047719811805,0.04319022314295262
C002720,2,0.0,0.5693597559654764,0.10581008347078626,0.0,0.0,0.031003339173899906,0.0,0.2938268213898375
C002721,3,0.0,0.0,0.0,0.0,0.21217228847957018,0.0,0.0,0.7878277115204299
C002725,1,0.0,0.4419515828880202,0.0,0.1082706309724172,0.24025430232724465,0.0,0.0,0.2095234838123179
C002729,4,0.10072435506741242,0.0,0.07395270964189833,0.0,0.0,0.0,0.04051318125268633,0.7848097540380029
C002731,4,0.0,0.030964417336146924,0.0,0.09831498774271606,0.024350344207690226,0.0,0.02933374180013256,0.8170365089133143
C002733,3,0.0,0.0,0.0,0.4338944306742578,0.08290740314250605,0.42888416736742535,0.0,0.05431399881581078
C002734,0,0.04032974648891338,0.0,0.0,0.0,0.31963959628876476,0.3731036568081245,0.0,0.26692700041419737
C002736,1,0.0,0.0,0.7438927323134655,0.0,0.0,0.07366838626042536,0.0,0.1824388814261091
C002737,1,0.0,0.0,0.21140821453947636,0.10122502558567067,0.32703743795142237,0.0,0.0,0.3603293219234306
C002738,2,0.1470087700884572,0.7362476058399499,0.0,0.0,0.05735583089044322,0.0,0.0,0.05938779318114962
C002739,2,0.0,0.0,0.0,0.0,0.8077359318418866,0.0,0.0,0.19226406815811337
C002740,1,0.008483370746809266,0.6383464870182572,0.0,0.0,0.0,0.07161553862583533,0.0,0.2815546036090981
C002742,1,0.04365703668017598,0.0,0.0,0.4446503678249409,0.0,0.1033325154779632,0.37466780646665604,0.03369227355026383
C002746,3,0.0,0.0,0.0,0.08009232176386809,0.0,0.0,0.6089709980477898,0.3109366801883422
C002747,0,0.852003460554845,0.0,0.0,0.0,0.0,0.0,0.0,0.147996539445155
C002749,2,0.0,0.0,0.0,0.49992490322586053,0.0,0.0,0.2825430345361909,0.21753206223794863
C002751,2,0.0,0.0,0.0,0.07570876112768954,0.0,0.0,0.0,0.9242912388723105
C002753,4,0.0,0.0,0.0,0.46091631779810066,0.0,0.28966725284693884,0.0,0.24941642935496056
C002755,0,0.0,0.07688208671719102,0.0,0.34665620137117953,0.02336283007892863,0.0,0.0384713387023636,0.5146275431303372
C002757,4,0.0,0.10308278318081274,0.0,0.1268458469476147,0.6815585336213911,0.0,0.0,0.08851283625018147
C002758,2,0.0,0.0,0.0,0.0,0.0,0.0,0.0,1.0
C002760,4,0.0,0.0,0.0,0.0,0.3910335076584874,0.43510027779836424,0.008506330697072453,0.16535988384607603
C002762,4,0.4970490823069482,0.0,0.028987920748673204,0.0,0.0,0.0,0.3644526339627009,0.10951036298167771
C002764,1,0.0,0.0,0.13341563651030736,0.0,0.24507218184515792,0.5356104643415,0.0,0.08590171730303475
C002767,3,0.0,0.0,0.6494056905405222,0.0,0.0,0.0,0.3041945863934639,0.04639972306601381
C002768,3,0.0,0.0,0.0,0.0,0.0,0.0,0.05989198980849664,0.9401080101915034
C002769,4,0.04896656008468592,0.0,0.5259391455590886,0.025943030888211458,0.0,0.0,0.0,0.399151263468014
C002771,4,0.3569179374815467,0.0,0.5604874442262847,0.0,0.0,0.05942060514746115,0.0,0.02317401314470746
C002772,0,0.0,0.20006852067818265,0.0,0.0,0.008255687227260947,0.0,0.0,0.7916757920945564
C002773,2,0.0,0.0,0.20619481544180324,0.7214349372957665,0.06822435073764578,0.0,0.0,0.004145896524784587
C002775,2,0.0,0.7944797118620147,0.03627992410853485,0.00898220893343587,0.0,0.0,0.0,0.1602581550960146
C002779,2,0.5333577466646864,0.0,0.0,0.019143428878501317,0.0,0.07981335557118716,0.20499398455608736,0.16269148432953773
C002780,3,0.0,0.8122061802554557,0.0,0.0,0.0,0.0,0.0,0.18779381974454434
C002786,1,0.0,0.831095793856412,0.0,0.0,0.0,0.0,0.0,0.16890420614358803
C002788,1,0.2216987949742825,0.0,0.0,0.0,0.13950067215102974,0.490163227169737,0.0,0.14863730570495082
C002793,4,0.0,0.0,0.0,0.0,0.0,0.23766570620677574,0.5836757208801638,0.17865857291306042
C002794,2,0.0,0.0,0.08277569544129298,0.0,0.0,0.5744629148524697,0.0,0.3427613897062374
C002795,4,0.4233887723283568,0.0,0.0,0.0,0.0,0.04779367088263881,0.0,0.5288175567890043
C002796,3,0.0,0.0,0.0,0.0,0.8356396199244482,0.0,0.0,0.16436038007555176
C002798,0,0.0,0.0,0.3922461820822844,0.054203164711647656,0.16490073863740318,0.0,0.0,0.3886499145686648
C002800,1,0.03962750510173421,0.0,0.5844531700972907,0.0,0.0,0.0,0.0,0.3759193248009751
C002801,4,0.028669639918758184,0.02725676456478573,0.0218515189420067,0.05460256236163842,0.013871335037484524,0.5664028727288782,0.0,0.2873453064464482
C002802,4,0.0,0.03405877623135118,0.04183605253697267,0.5707859760529748,0.0,0.0,0.15834755798255695,0.1949716371961444
C002804,0,0.015785772865000942,0.0,0.14659552556901465,0.0,0.0,0.06387430648778039,0.0,0.773744395078204
C002805,3,0.0,0.0,0.0,0.0,0.0,0.0,0.0,1.0
C002808,2,0.0,0.11112375093734804,0.0,0.0,0.0,0.0,0.0,0.888876249062652
C002809,4,0.0,0.0,0.0,0.7921058369070832,0.0,0.0,0.0,0.20789416309291675
C002810,0,0.0,0.0,0.0,0.17828614888711877,0.0,0.0,0.6737798181445497,0.14793403296833152
C002812,0,0.24188389355617168,0.0,0.14653549832944404,0.0,0.0,0.49141485107543853,0.0,0.12016575703894583
C002813,4,0.1801525841777812,0.0,0.0,0.43333978617732,0.0,0.0,0.0,0.3865076296448988
C002814,4,0.0,0.061434886108612634,0.0,0.0,0.7236519747281149,0.0,0.0,0.21491313916327248
C002816,2,0.0,0.0,0.05109843410844358,0.0,0.3409039505993488,0.045791876026387686,0.0,0.56220573926582
C002817,1,0.0,0.7224440913315832,0.0,0.0,0.14554344652431508,0.0,0.0,0.13201246214410178
C002820,3,0.31012623894173363,0.0,0.0,0.0,0.0,0.4829096181192697,0.0,0.20696414293899668
C002821,2,0.1254678857003042,0.3396293742305898,0.0,0.08222400205289827,0.0,0.28046722616288355,0.0,0.17221151185332417
C002822,4,0.5265548732170677,0.10621970170580304,0.0,0.0,0.0,0.0,0.0,0.3672254250771292
C002826,2,0.0,0.0,0.0,0.2692663551894963,0.0,0.2231239767914323,0.4371737470743856,0.07043592094468576
C002829,2,0.05892524040970512,0.0,0.0,0.25778298308607284,0.0,0.4070158765450981,0.0,0.27627589995912394
C002834,2,0.0,0.0,0.0,0.0,0.30781611551362137,0.0,0.5824698622153078,0.10971402227107085
C002836,0,0.0,0.0,0.6071752388589826,0.0,0.0,0.0,0.2789071666123888,0.1139175945286286
C002838,0,0.012211191352458291,0.0,0.0,0.0,0.15801201133722156,0.5080255852947061,0.08974574823541383,0.23200546378020026
C002839,1,0.0,0.0,0.08728402519860133,0.0,0.0,0.04132201400170023,0.28844737106059304,0.5829465897391054
C002840,2,0.0,0.18070433663099875,0.0,0.0,0.0,0.03589995024303779,0.0,0.7833957131259635
C002842,1,0.0,0.0,0.0,0.0,0.0,0.04142555067661002,0.0,0.95857444932339
C002843,3,0.3281586215445116,0.1125603515955354,0.0,0.04206727316136533,0.0,0.0644749355616645,0.3174983686655748,0.1352404494713484
C002844,4,0.6150104173485779,0.0,0.0,0.0,0.28643989610237786,0.0,0.0,0.09854968654904428
C002846,2,0.0,0.0,0.0,0.0,0.0,0.0,0.0,1.0
C002847,4,0.0,0.0,0.0,0.0,0.0,0.7193661442523873,0.0,0.2806338557476127
C002849,1,0.0,0.0,0.3707895983178186,0.0,0.1401594961495941,0.01269326339824864,0.0,0.47635764213433873
C002851,3,0.0,0.0,0.0,0.0,0.10811828142259622,0.0,0.01260711460814473,0.879274603969259
C002852,3,0.0,0.0,0.05906885847850118,0.5268545797817364,0.04439507035702124,0.27724559417979766,0.0,0.09243589720294343
C002853,2,0.0,0.0,0.5087531228988905,0.3856651512421548,0.023645554205605292,0.0,0.0,0.08193617165334932
C002855,4,0.03618886166645427,0.34992656587954646,0.0,0.42212787006602953,0.0,0.0,0.0,0.19175670238796982
C002856,1,0.0,0.0,0.03881022273352642,0.0,0.03148698119710444,0.11670161769400982,0.7153257893770112,0.09767538899834816
C002859,2,0.2418763097109977,0.6964273487774751,0.0,0.0,0.0,0.01941849652812615,0.031066337442272416,0.011211507541128651
C002861,4,0.0,0.0,0.0,0.04903625887407881,0.0,0.0,0.0,0.9509637411259212
C002862,4,0.0,0.20625863671290232,0.0047611944147713525,0.0,0.49113310024499396,0.1339431882533538,0.0,0.16390388037397852
C002863,2,0.0,0.0,0.0,0.0,0.0,0.0,0.0,1.0
C002866,4,0.0,0.42650252135822697,0.10190297124463485,0.0,0.21262256771027657,0.0,0.0,0.2589719396868616
C002869,2,0.0,0.07062230429680169,0.0,0.3874511312298529,0.11803764973009005,0.0,0.18723087367499577,0.2366580410682596
C002870,0,0.5587823584964926,0.0,0.0,0.0,0.0,0.0,0.3787916462823101,0.062425995221197295
C002871,3,0.0,0.0,0.7189535578516963,0.08944071246330286,0.0,0.11408024764389446,0.0,0.07752548204110632
C002876,2,0.0,0.0,0.21071928933825645,0.0,0.0,0.0,0.0,0.7892807106617435
C002877,4,0.0,0.11553181755521788,0.0,0.4263968337077717,0.42827289499869714,0.0,0.0,0.029798453738313246
C002879,2,0.1587731842749341,0.0,0.15438725521150615,0.0,0.0,0.06884534027591072,0.478972442996663,0.13902177724098608
C002880,3,0.09154372245430098,0.0,0.0,0.0,0.0,0.0,0.0,0.908456277545699
C002883,0,0.0,0.05232507010712397,0.5137241143309298,0.1293030844684387,0.05235169472795663,0.0,0.0,0.252296036365551
C002884,1,0.0,0.03503909858194344,0.18831472380000533,0.0,0.10820418585947976,0.5503347602229273,0.0,0.11810723153564417
C002885,2,0.0,0.0,0.8465056395058043,0.0,0.0,0.0,0.0,0.15349436049419574
C002889,1,0.0,0.0,0.0,0.09394568416373492,0.4560542555442774,0.23945554605086694,0.0,0.21054451424112075
C002890,1,0.10188291825123812,0.0,0.0,0.027950914815167545,0.0,0.8425417329503296,0.003075729572532234,0.024548704410732536
C002891,4,0.30055950995952746,0.06018237260258089,0.5555907166906123,0.0,0.0,0.0,0.0,0.0836674007472793
C002892,1,0.0,0.6534016416855125,0.0,0.0,0.0,0.0,0.0,0.3465983583144875
C002894,2,0.0,0.0,0.0,0.0,0.0,0.0,0.0,1.0
C002895,4,0.7498143874902531,0.0,0.0,0.0,0.0,0.0,0.0,0.2501856125097469
C002896,0,0.0,0.37860174714699524,0.0,0.0,0.15655638621324947,0.0,0.0,0.46484186663975535
C002898,1,0.0,0.32886336536684724,0.0,0.4638680605217185,0.048208092809015106,0.09460356008445699,0.0,0.0644569212179622
C002899,4,0.0,0.0,0.04875363672854682,0.0,0.0,0.0,0.0,0.9512463632714532
C002900,0,0.0,0.0,0.0,0.0,0.38538824184134135,0.5881208405646924,0.0,0.026490917593966268
C002902,4,0.0,0.0,0.7385967786523547,0.0,0.1807126537340082,0.0,0.0,0.08069056761363713
C002903,1,0.30972504673096,0.0,0.06001852333251796,0.0,0.0,0.039890781074019735,0.0,0.5903656488625023
C002907,2,0.0,0.0,0.0,0.0,0.02189799591676431,0.0,0.09022027835826832,0.8878817257249674
C002908,4,0.0,0.47775964246440605,0.007572698175337588,0.0,0.4645634008594972,0.010989524529152118,0.0,0.03911473397160703
C002909,1,0.0,0.0,0.0818074414203589,0.0,0.0,0.0,0.0,0.9181925585796411
C002910,4,0.0,0.0,0.0,0.0,0.0,0.0,0.7283325755380888,0.27166742446191117
C002912,1,0.0,0.01160135288799841,0.6967422766610611,0.0,0.0,0.1517315261744463,0.0,0.1399248442764941
C002913,2,0.07582735946798226,0.10388041037957585,0.0,0.027629052599153617,0.0,0.0,0.0,0.7926631775532883
C002916,0,0.0,0.0,0.16262431508728736,0.0,0.006158842663098417,0.015614710188495378,0.6478651457031934,0.16773698635792544
C002918,2,0.0,0.0,0.0,0.11638096219627089,0.0,0.0,0.6116116782974906,0.27200735950623844
C002919,1,0.026831395633226306,0.07199260212267096,0.0,0.0,0.0,0.0,0.18113713804151813,0.7200388642025846
C002920,4,0.20225916179238967,0.02958204217066379,0.0,0.0,0.68844982547605,0.0,0.0,0.07970897056089643
C002924,1,0.0,0.0,0.025790822322226948,0.0,0.024568379173146172,0.5040724645026362,0.0,0.4455683340019907
C002926,3,0.0,0.024001472397102677,0.0,0.0,0.04837842430419689,0.05366018700831671,0.0,0.8739599162903837
C002927,3,0.0,0.8190481511536499,0.0,0.0,0.079572595523181,0.0,0.0,0.1013792533231691
C002928,0,0.0,0.0,0.0,0.0,0.0,0.6476209941397011,0.0,0.3523790058602989
C002931,4,0.10208785753545505,0.3937488789683735,0.2878501843812969,0.0,0.15828354457509017,0.0,0.0,0.05802953453978443
C002932,3,0.0,0.0,0.0,0.7136225382070933,0.06891435854474068,0.0,0.0,0.21746310324816598
C002934,0,0.12893843622329054,0.04810981671043144,0.0,0.0,0.0,0.030672807850018066,0.13823985971114094,0.654039079505119
C002935,4,0.0,0.0,0.6581116522447068,0.0,0.29282870483379986,0.006587922741943791,0.0,0.04247172017954959
C002940,4,0.0,0.0,0.0,0.2830863517051966,0.47965164297214236,0.0,0.04782165508946813,0.18944035023319294
C002941,4,0.0,0.21592005575687473,0.0,0.0,0.0,0.642328773961862,0.06416729923265725,0.07758387104860598
C002942,2,0.07511368847069533,0.0,0.0,0.027126232734663788,0.0,0.46841726580044685,0.2255605913581227,0.2037822216360714
C002943,3,0.0,0.0,0.0,0.0,0.0,0.0,0.07504091623406273,0.9249590837659373
C002948,2,0.007746766879011983,0.0,0.0,0.3638704457382117,0.0,0.0,0.4421863995094694,0.18619638787330683
C002953,3,0.0,0.3019637842984554,0.0,0.08339217444872325,0.2352067237928322,0.0,0.0,0.3794373174599892
C002955,0,0.0,0.0,0.0,0.0,0.021940790006399702,0.0,0.0,0.9780592099936003
C002957,2,0.0,0.0,0.1250881361986055,0.0,0.0,0.0,0.4791213054954217,0.39579055830597276
C002958,1,0.25093939507422014,0.0,0.0,0.0,0.00883681300415236,0.6767897400121876,0.0,0.06343405190943985
C002964,1,0.0,0.8766271979707083,0.0,0.0,0.0,0.0,0.0,0.12337280202929168
C002966,4,0.0,0.0,0.06528396048231089,0.0,0.0,0.5571345780516714,0.28578833200228776,0.09179312946372997
C002967,0,0.0075823679496810565,0.0,0.0,0.0,0.20427421378961283,0.0,0.5869125218777624,0.20123089638294367
C002970,0,0.0,0.0,0.009547838682097185,0.4152750584183232,0.0,0.0,0.28060403233670883,0.29457307056287085
C002971,2,0.0,0.0,0.0,0.16137022092327355,0.0,0.10899943035377274,0.0,0.7296303487229537
C002973,2,0.09949372147050374,0.6579010626188349,0.0,0.07185776612744678,0.009590310789038036,0.0,0.0,0.1611571389941766
C002975,2,0.0,0.4106721314327996,0.0,0.0,0.0,0.0,0.5528773347638364,0.03645053380336405
C002977,2,0.0,0.0,0.0,0.013921412100347079,0.4179643356485581,0.29148498534887357,0.0,0.2766292669022212
C002987,1,0.6185306046386968,0.0,0.12651911505867072,0.20006327511180633,0.0,0.0,0.0,0.05488700519082612
C002988,1,0.0,0.0,0.0,0.0,0.0,0.33029262349332406,0.5205956926019283,0.14911168390474772
C002989,3,0.0,0.0,0.0,0.39903122588095274,0.0,0.0,0.014388697349653284,0.5865800767693939
C002990,0,0.009228700304859184,0.0,0.0,0.6051834260924168,0.0667709399228205,0.0,0.0,0.3188169336799035
C002994,3,0.0,0.0,0.08177489866212505,0.0,0.0,0.7735478699501709,0.0,0.14467723138770405
C002996,3,0.0,0.0,0.0,0.0,0.0,0.0,0.8746410782677618,0.12535892173223817
C002998,3,0.34339152800282796,0.0,0.0,0.0,0.24054281702712946,0.0,0.0,0.41606565497004255
C002999,4,0.0,0.0,0.0,0.0,0.03942594795774235,0.0,0.0,0.9605740520422577
C003001,0,0.0,0.0027760642144934854,0.5385917084462291,0.2356985584050827,0.0,0.0,0.032453670735299124,0.1904799981988956
C003004,3,0.0,0.0,0.15165453789233227,0.0,0.04608031636843849,0.0,0.0,0.8022651457392292
C003006,4,0.0,0.033933814073338404,0.0,0.7007156404368419,0.0,0.0,0.0,0.26535054548981973
C003007,4,0.0,0.21621762887652166,0.06342286667402215,0.0,0.0,0.0,0.0,0.7203595044494562
C003008,1,0.3539877666852207,0.0,0.0,0.0,0.3766578144178483,0.0,0.15240068369382284,0.11695373520310814
C003009,3,0.528268665397751,0.0,0.0,0.11624231607480763,0.07487640554662797,0.0,0.0,0.2806126129808134
C003010,0,0.0,0.0,0.0,0.0,0.0,0.0,0.0,1.0
C003011,4,0.0,0.0,0.5054307404434313,0.03674835661239165,0.3938419291815912,0.0,0.0,0.06397897376258588
C003015,4,0.0,0.0,0.0,0.0,0.0,0.0,0.8810429964176889,0.1189570035823111
C003017,2,0.05534011825335349,0.0,0.0,0.4521558479184234,0.0,0.0,0.0,0.49250403382822316
C003020,0,0.18742188827852246,0.0,0.0,0.3246581857785677,0.0,0.36112863491321173,0.0,0.12679129102969822
C003023,3,0.006826879143741283,0.025252043869220503,0.017383529133280586,0.5760888108526969,0.0,0.0,0.04204759958322626,0.3324011374178345
C003024,4,0.0,0.0,0.0,0.2354134624863521,0.10521433194189285,0.5829807530324622,0.0,0.0763914525392928
C003025,4,0.0,0.0,0.38447743725179134,0.0,0.0,0.07670661992753014,0.0,0.5388159428206785
C003026,2,0.0,0.010533465601222773,0.3497739819284599,0.11098445440971247,0.0,0.2407795703804778,0.0,0.2879285276801271
C003031,1,0.05997797953096187,0.0,0.0,0.0,0.03852844685123777,0.0,0.0,0.9014935736178004
C003034,2,0.01824772295309041,0.0,0.4361822458524755,0.0,0.33295760287375864,0.0,0.008401284464628839,0.20421114385604655
C003035,1,0.0,0.0,0.12113958561020927,0.0,0.0,0.603743646414007,0.0,0.27511676797578377
C003037,4,0.08265079672291228,0.0,0.0,0.4174929197009097,0.0,0.32874985886392194,0.0,0.17110642471225612
C003038,0,0.5475479367603705,0.0,0.03722053600859713,0.0,0.0,0.0,0.06127735834190222,0.3539541688891302
C003041,1,0.0,0.0,0.0,0.0,0.0,0.709895176725108,0.0,0.29010482327489195
C003044,4,0.0749139771994578,0.0,0.0,0.0,0.0,0.0,0.0,0.9250860228005422
C003046,1,0.0,0.0,0.0,0.0,0.0,0.0,0.0,1.0
C003049,2,0.0,0.4165948413072292,0.0,0.3579741687238733,0.0,0.0,0.13144053573209682,0.09399045423680075
C003051,1,0.0,0.0,0.0,0.4171923793086932,0.40803248185007573,0.0,0.0,0.17477513884123108
C003054,2,0.0,0.0,0.0,0.0,0.0,0.0,0.0,1.0
C003058,4,0.0,0.4649893285747719,0.0,0.0,0.0,0.0,0.2981071846948072,0.23690348673042094
C003060,0,0.07252221938972625,0.24307453421034025,0.0,0.05196631766550216,0.0,0.277102668498707,0.0,0.35533426023572434
C003062,4,0.0,0.0,0.05970856861374464,0.7293418625853796,0.0,0.0,0.08839795004224285,0.12255161875863296
C003065,4,0.0,0.0,0.0,0.0,0.7729307205301194,0.012595129352218919,0.0,0.2144741501176617
C003066,0,0.0,0.0,0.0,0.18141567203647999,0.6171275167390224,0.07377765336923411,0.0,0.1276791578552634
C003067,1,0.0,0.0,0.0,0.3458246871463557,0.0,0.3815867208705162,0.04536241051810487,0.22722618146502327
C003071,2,0.1403406945138787,0.6339762795148928,0.0,0.0,0.12287787488157742,0.0,0.02982319497801663,0.0729819561116345
C003072,4,0.0,0.0,0.0971848319716666,0.0,0.0,0.0,0.05216548023874391,0.8506496877895895
C003073,4,0.0,0.0,0.0,0.0,0.0,0.0,0.0,1.0
C003075,1,0.0,0.0,0.20226084121770824,0.0,0.21665263674857196,0.40713782972618645,0.0,0.1739486923075333
C003076,2,0.0,0.01302196721067718,0.0,0.616588842526009,0.1442573508607329,0.0,0.0,0.22613183940258097
C003079,4,0.0,0.3228001269093828,0.3511531601825215,0.0,0.06417578417162244,0.15348003635590304,0.0,0.10839089238057031
C003083,4,0.11330370485409952,0.0,0.04341211104148194,0.0548110098852447,0.0,0.4906266556357398,0.0,0.29784651858343403
C003084,2,0.08298765453929823,0.0,0.0,0.0038981774357036976,0.0,0.8034766504434638,0.03716552180523344,0.07247199577630081
C003085,0,0.050736917440597294,0.0,0.0,0.6893073016057722,0.10867888154274341,0.014015582963307125,0.06759947721985896,0.06966183922772107
C003086,3,0.0,0.0,0.2778304062773092,0.0,0.6025270527355878,0.0,0.0,0.11964254098710292
C003095,3,0.05885010532425104,0.0,0.0,0.0,0.0,0.0,0.10553702743667537,0.8356128672390736
C003096,0,0.0,0.0,0.0,0.3080254130984056,0.0,0.0,0.6505131165706292,0.041461470330965255
C003098,1,0.0,0.0,0.0,0.0,0.0,0.0,0.0,1.0
C003099,3,0.0,0.0,0.0,0.3883742926165908,0.040417832772130326,0.03305695772547244,0.030459507724840067,0.5076914091609663
C003100,0,0.01512825177120868,0.0,0.058135203505025414,0.0,0.0,0.0,0.017289812768513855,0.909446731955252
C003106,3,0.0,0.05277653200022256,0.8887027857807807,0.0,0.0,0.0,0.005582603077561095,0.05293807914143567
C003108,3,0.0,0.015625964463217335,0.0,0.2642580228276603,0.21919389627017588,0.3810197533559327,0.0,0.11990236308301383
C003110,2,0.0,0.0,0.7864945374132137,0.0,0.0,0.0,0.0,0.21350546258678627
C003112,0,0.0,0.507042059986823,0.0,0.0,0.11470569520335872,0.038865050846109854,0.0,0.33938719396370853
C003113,0,0.0,0.0,0.0,0.0,0.0,0.0,0.7616185622819606,0.23838143771803944
C003114,1,0.0,0.0,0.0,0.0,0.0,0.0,0.1262072055493485,0.8737927944506515
C003116,3,0.0,0.0,0.0,0.0,0.5768571262278008,0.0,0.0,0.42314287377219917
C003118,2,0.0,0.0,0.0,0.0,0.0,0.35589442282055517,0.0,0.6441055771794448
C003119,2,0.0,0.0,0.0,0.0,0.0,0.7235249185630865,0.0,0.27647508143691346
C003122,2,0.0,0.0,0.0,0.6248656975883188,0.0,0.0,0.0,0.3751343024116812
C003124,4,0.0,0.0,0.0,0.023693929828674094,0.0,0.09258110619346564,0.0,0.8837249639778603
C003126,0,0.0,0.0,0.0,0.7693228073181564,0.0,0.0,0.0,0.2306771926818436
C003127,4,0.0,0.0,0.0,0.7960694328387664,0.0,0.09606241154425803,0.0,0.1078681556169756
C003129,0,0.0,0.0,0.4897182811479923,0.0,0.3597803983357084,0.0,0.0,0.15050132051629928
C003132,2,0.0,0.0,0.0,0.0,0.0,0.0,0.612685250707063,0.38731474929293697
C003138,0,0.20300027718478983,0.0,0.0,0.0,0.0,0.5977073919416118,0.0,0.19929233087359832
C003139,3,0.0,0.2272133615322649,0.0,0.0,0.08413885770879294,0.0505144532673696,0.589598766089347,0.04853456140222556
C003140,3,0.6416236155275364,0.00834347264594204,0.0,0.0,0.217471358761302,0.0716635789669725,0.0,0.06089797409824704
C003143,2,0.0,0.0,0.0,0.6817481075528566,0.0,0.0,0.0,0.31825189244714336
C003144,3,0.0,0.08519435801235956,0.5153299025811734,0.029585157904622374,0.05627069092106698,0.09407565726422563,0.0,0.21954423331655215
C003145,2,0.04074283831474374,0.0,0.0,0.01092136241342572,0.0,0.0,0.0,0.9483357992718305
C003146,3,0.0,0.0,0.0,0.07874308821085355,0.07809696218933285,0.0,0.7130447025062472,0.13011524709356648
C003147,0,0.0,0.0,0.03910222788075785,0.09558088467574416,0.0,0.0,0.0,0.865316887443498
C003148,3,0.016316459856923538,0.0,0.0,0.007782721461933245,0.0,0.40456811935042386,0.0,0.5713326993307193
C003149,0,0.3556640095442667,0.0,0.0,0.0,0.0,0.6039616611434483,0.0,0.04037432931228502
C003150,1,0.6874893786954152,0.0,0.0,0.0,0.0,0.0,0.179835289255903,0.13267533204868187
C003152,2,0.0,0.3024938315469598,0.0,0.0,0.0,0.0,0.20558528979340146,0.49192087865963874
C003153,1,0.07909572299227027,0.049263649612021565,0.48724719372776387,0.0,0.04658134427287967,0.0,0.12932328832372714,0.2084888010713375
C003154,2,0.0,0.07202580289606805,0.0,0.0,0.31577781303201563,0.0,0.27219938942626487,0.3399969946456515
C003155,3,0.0,0.0,0.0,0.0,0.0,0.0,0.0,1.0
C003157,0,0.0,0.36596695018233005,0.0,0.0,0.0,0.0,0.0,0.63403304981767
C003160,1,0.0,0.3821166807750478,0.01820391946911104,0.0,0.04288107913189087,0.0,0.5354409138067034,0.02135740681724685
C003162,4,0.0,0.0,0.9126666536783454,0.024751474352503758,0.0,0.0,0.01257316376344839,0.05000870820570236
C003163,0,0.09464066548564738,0.0,0.5305938414277767,0.17715853977813972,0.0,0.0,0.0,0.19760695330843614
C003164,0,0.006232372824944353,0.0,0.0,0.0,0.6121872730298926,0.0,0.28640658146252485,0.09517377268263816
C003167,0,0.0,0.0,0.0,0.5325926184684644,0.0,0.0,0.2754546970829264,0.19195268444860925
C003176,0,0.0,0.0,0.0,0.2936111346299205,0.0,0.11709337782633908,0.10143438705981524,0.48786110048392517
C003178,1,0.0,0.0,0.5560293200004681,0.0,0.17870806243279327,0.10567126369837096,0.13782600890167593,0.02176534496669169
C003180,3,0.054840555889060984,0.0,0.880505320228928,0.0,0.0,0.0,0.0,0.06465412388201097
C003184,4,0.25101084780129873,0.0,0.0,0.021786226638173898,0.08752280819574453,0.0,0.5435840195886013,0.09609609777618155
C003185,3,0.1454828564098472,0.0,0.0801832102740834,0.0,0.0,0.0,0.29551742925840124,0.4788165040576682
C003186,1,0.0,0.0,0.0,0.0,0.0,0.0,0.0,1.0
C003188,0,0.0,0.0,0.0,0.0,0.3347110861008542,0.5354457442086097,0.0,0.1298431696905361
C003189,4,0.07728586869383189,0.0,0.0,0.0,0.09173837295488109,0.0,0.0,0.830975758351287
C003191,3,0.0,0.814486892609625,0.0,0.0,0.0,0.0,0.11277614196211014,0.0727369654282648
C003194,4,0.0,0.5732974967980563,0.12480757401033958,0.0,0.006022610926319283,0.0,0.0,0.2958723182652848
C003196,2,0.12633387944049962,0.06292707573890483,0.0,0.015543423097420175,0.0,0.0,0.5449675686081397,0.2502280531150357
C003197,2,0.0,0.0,0.5805754228731134,0.0,0.0,0.0,0.3346961953174899,0.08472838180939668
C003198,2,0.0,0.01700547510032168,0.7539289782797091,0.1521357783758979,0.013340354669074574,0.0,0.0,0.06358941357499681
C003201,2,0.0,0.0,0.0,0.0,0.0,0.0,0.0,1.0
C003202,1,0.0,0.0,0.0,0.0,0.7684902547061357,0.0,0.0,0.23150974529386426
C003203,2,0.0,0.0,0.0,0.0,0.7285942139315522,0.0,0.0,0.2714057860684478
C003205,2,0.05084474480325224,0.22032950909162446,0.17091939277165982,0.0,0.3741468320674467,0.0,0.0,0.1837595212660168
C003206,4,0.48847037929755743,0.0,0.0,0.0,0.08409115014877917,0.10683097699547688,0.0,0.3206074935581865
C003210,3,0.0,0.22607637867114624,0.5610447658725173,0.0,0.0,0.0,0.12541330888561095,0.08746554657072547
C003211,0,0.0,0.0,0.0,0.0,0.7648306729096155,0.0,0.0,0.23516932709038452
C003214,4,0.0,0.03852370668309202,0.0,0.0,0.6378168280943521,0.17921646208169084,0.0,0.144443003140865
C003216,4,0.0,0.1252159240861489,0.0,0.0,0.0,0.0,0.8277175678227728,0.04706650809107826
C003217,0,0.4928554295447567,0.40125692876850266,0.0,0.0,0.0,0.0,0.0,0.1058876416867407
C003218,0,0.0,0.0,0.5823146235812094,0.0,0.3683555631517622,0.0,0.0,0.049329813267028344
C003220,3,0.0,0.0,0.0,0.2564570547690115,0.0,0.1265275500449898,0.0,0.6170153951859987
C003223,2,0.01287249249876982,0.0,0.0,0.0,0.0,0.0,0.34453211867172767,0.6425953888295025
C003228,1,0.0,0.25694548133303247,0.5587896908106647,0.0,0.0,0.0,0.0,0.18426482785630283
C003229,0,0.0,0.0,0.0,0.0,0.0,0.0,0.8683477511611714,0.13165224883882864
C003231,1,0.0,0.05813407157627367,0.2937236232706902,0.22123573175451558,0.0,0.03389512642374989,0.0,0.39301144697477064
C003232,2,0.4275754944268619,0.0,0.40117896462694064,0.0,0.0,0.0,0.0,0.17124554094619748
C003233,2,0.013657010794904877,0.0,0.4428780777642232,0.0,0.2011869645598199,0.09546133084622177,0.0,0.24681661603483018
C003234,3,0.0,0.0,0.0,0.013418974686972117,0.8232775185119444,0.0,0.0,0.16330350680108352
C003238,4,0.0,0.0976096235774685,0.019735862856741115,0.6376932512423419,0.0,0.0738528255216609,0.026180658140601942,0.14492777866118556
C003240,4,0.0,0.0,0.0,0.0,0.917271653489981,0.0,0.0,0.08272834651001904
C003242,3,0.0,0.006335935277045013,0.0,0.03557738000169538,0.22883552043278627,0.0,0.3669227240030025,0.36232844028547084
C003243,3,0.0,0.2409628468002488,0.0,0.19919322413808319,0.0,0.5478768768341503,0.0,0.011967052227517705
C003244,0,0.0,0.0,0.5026143279701153,0.0,0.4476942815104334,0.0,0.0,0.04969139051945137
C003246,4,0.0,0.0,0.0,0.0,0.1780566200346338,0.7112611217231363,0.0,0.11068225824222999
C003247,0,0.0,0.0,0.03464915926332005,0.0,0.0,0.0,0.050294941149717415,0.9150558995869625
C003248,2,0.0,0.018602320230110984,0.4654832393738417,0.0,0.0,0.31371843328269877,0.0,0.20219600711334862
C003249,4,0.6303394994659353,0.0,0.0,0.0,0.0,0.0,0.2521104197528151,0.11755008078124962
C003250,3,0.0,0.0,0.724938291424245,0.07104466399377234,0.0,0.0,0.15074676519273034,0.05327027938925233
C003252,2,0.32234789830540145,0.0,0.4913486782805732,0.0,0.0,0.0,0.0,0.18630342341402528
C003254,2,0.0,0.0,0.0,0.6769311695363303,0.0,0.0,0.0,0.32306883046366974
C003256,3,0.009614055969075358,0.20738562137668962,0.03771787599172939,0.0,0.6328098021045793,0.0,0.0,0.11247264455792638
C003257,1,0.0,0.1152797520942115,0.0,0.0,0.0,0.0,0.0,0.8847202479057885
C003259,4,0.0,0.0,0.0,0.0,0.0,0.6325742198487444,0.1108582719029652,0.25656750824829044
C003260,0,0.0,0.0,0.0,0.0,0.0,0.0,0.06651693826745042,0.9334830617325496
C003261,4,0.020853911274406507,0.0,0.2667167587598142,0.1042955591274626,0.0,0.0,0.06962275241463842,0.5385110184236782
C003266,3,0.02070294779977687,0.0,0.2393557555711357,0.0,0.0,0.0,0.6197066906350055,0.12023460599408198
C003268,3,0.0,0.040359238922605886,0.0,0.0,0.027188314392639013,0.12909581840660553,0.0,0.8033566282781496
C003270,3,0.0,0.0,0.0,0.1217823999309017,0.0,0.3707970640420311,0.0,0.5074205360270672
C003278,1,0.07074001631069182,0.0,0.0,0.0,0.0,0.0,0.0,0.9292599836893082
C003280,4,0.0,0.0,0.0,0.0,0.0,0.12310846688040478,0.0,0.8768915331195952
C003281,0,0.0,0.09659324939960676,0.0,0.0,0.0,0.16290722415785502,0.0,0.7404995264425382
C003282,3,0.0,0.0,0.0,0.0,0.0,0.0,0.0,1.0
C003283,2,0.0,0.2541314268022101,0.0,0.0,0.04121564766918079,0.26320811583468273,0.24234419014536895,0.1991006195485574
C003285,3,0.09914006362669378,0.3284777417555283,0.0,0.0,0.2871011632584657,0.19626735771792858,0.0,0.08901367364138368
C003290,4,0.0,0.5274612285547556,0.04311467856571363,0.0,0.0,0.01563320198755986,0.0,0.41379089089197085
C003294,3,0.0,0.0,0.0,0.5573558230289148,0.36378924934833146,0.0,0.0,0.0788549276227537
C003295,2,0.3079628611894868,0.0,0.5114793360583005,0.0,0.0,0.0,0.0,0.18055780275221267
C003299,3,0.0,0.0,0.015664131609850807,0.0,0.6538148758013367,0.07720952645434183,0.0,0.25331146613447064
C003301,0,0.0,0.0,0.0,0.078749607560963,0.0,0.8070917779149063,0.0,0.11415861452413067
C003302,1,0.0,0.026034003556289955,0.4146518611684414,0.0,0.19923241700715225,0.0,0.14386962721720517,0.21621209105091121
C003303,2,0.0,0.0,0.13600313787030893,0.0,0.0,0.0,0.0,0.8639968621296911
C003305,2,0.0,0.0,0.01532074706789919,0.6945496645360706,0.03653957420762176,0.0,0.0,0.25359001418840843
C003306,2,0.1405571429635019,0.16908852535870023,0.0,0.0,0.0,0.43908069610249456,0.0,0.25127363557530336
C003308,4,0.0,0.0,0.24821422364352147,0.0,0.0,0.0,0.5744856432592828,0.17730013309719572
C003310,2,0.057437750080122925,0.08398012775525769,0.0,0.0,0.0,0.0,0.0,0.8585821221646194
C003311,3,0.0,0.0,0.0,0.0,0.7364766494815563,0.0,0.0,0.26352335051844367
C003312,4,0.0,0.0,0.00835166230376224,0.0,0.6915836863966215,0.0,0.01894096819837185,0.28112368310124436
C003313,0,0.0,0.0,0.0,0.0,0.07688612095963464,0.0,0.0,0.9231138790403653
C003315,0,0.0,0.4700193947024503,0.0,0.0,0.0,0.027488729154228262,0.0,0.5024918761433215
C003319,3,0.24681530603270513,0.05831524288792373,0.0,0.0,0.08284237363127676,0.0,0.5418906549989112,0.07013642244918317
C003322,2,0.8765054808911887,0.0,0.0,0.0,0.0,0.0,0.009876897049783338,0.11361762205902792
C003325,3,0.0,0.0,0.0,0.013512388282630822,0.0,0.0,0.07345888899144012,0.913028722725929
C003326,0,0.0,0.005764684761900338,0.0,0.0,0.01114339135972818,0.0,0.5003906707675924,0.48270125311077916
C003327,4,0.17806333101096225,0.0,0.0,0.365636589848001,0.0,0.1815621427839038,0.0,0.27473793635713295
C003330,4,0.08605202700049054,0.0,0.5872107073385312,0.0,0.0,0.0,0.0,0.32673726566097827
C003332,2,0.0,0.0,0.0,0.9425893705152818,0.048815778400831004,0.0,0.0,0.008594851083887245
C003333,3,0.0,0.7540924135567347,0.0,0.0,0.0,0.0,0.2315732810571372,0.01433430538612801
C003334,2,0.0,0.0,0.0,0.23966365296097786,0.0,0.0,0.4700729376130462,0.29026340942597595
C003338,2,0.0,0.0,0.17414229486184424,0.0,0.2007564124425513,0.0,0.0,0.6251012926956044
C003339,3,0.2283305000667435,0.42017125867746774,0.12714892329356164,0.0,0.0,0.04317927170061821,0.0,0.18117004626160893
C003340,1,0.0,0.0,0.0,0.0,0.7982351211320744,0.0,0.0,0.2017648788679256
C003342,3,0.006891011032013923,0.765848018835462,0.0,0.16567271096631353,0.0,0.0,0.0,0.06158825916621047
C003343,4,0.3834073193645973,0.07692054669231743,0.0,0.0,0.0,0.0,0.0,0.5396721339430852
C003345,2,0.0,0.0,0.0,0.0,0.0,0.02599105049488037,0.0,0.9740089495051196
C003346,4,0.0,0.7381919310026275,0.0,0.0,0.0,0.0,0.0,0.2618080689973725
C003347,0,0.0,0.0,0.0,0.1138676825420184,0.3637008359699827,0.0,0.0,0.5224314814879989
C003348,1,0.0046858512399049835,0.0033378168147053158,0.0,0.0,0.0,0.08409193992159952,0.892214243480033,0.015670148543757145
C003349,2,0.0,0.7365088428940284,0.0,0.0,0.051031034357901295,0.0,0.0,0.21246012274807025
C003352,1,0.0,0.0,0.0,0.0,0.0,0.0,0.0,1.0
C003354,2,0.034521118220490546,0.0,0.7823556478473866,0.0,0.0,0.0,0.0,0.18312323393212282
C003355,4,0.015505219231295305,0.087657981408827,0.0,0.0,0.43993385242439237,0.0,0.0,0.4569029469354853
C003356,3,0.0,0.0,0.0,0.358519528259138,0.0,0.41357994211684906,0.0,0.22790052962401286
C003357,1,0.010675118863040319,0.07853752951691793,0.0,0.0,0.0,0.02935085587759164,0.0,0.8814364957424501
C003359,0,0.0,0.0,0.0,0.0,0.0,0.09933508897699694,0.0,0.9006649110230031
C003361,0,0.0,0.6762365492464743,0.0,0.022670985082114823,0.0,0.0,0.0,0.3010924656714109
C003362,2,0.0,0.18078048958136636,0.026736491297246166,0.08324417878841098,0.03373747984829248,0.411170202167678,0.0,0.26433115831700604
C003364,0,0.0,0.33278137644734185,0.0,0.11540157014364964,0.0,0.0,0.4731803729434616,0.07863668046554695
C003365,0,0.2670005271338115,0.452131460701066,0.0,0.0,0.14348212705278002,0.11179465992137756,0.0,0.025591225190964795
C003371,2,0.0,0.13556169655442413,0.0,0.2920557088307471,0.0,0.13595724454647415,0.17776181435106625,0.2586635357172884
C003372,1,0.0,0.0,0.6326731249714157,0.0,0.0,0.0,0.15759711924914455,0.20972975577943975
C003373,4,0.06190038778451794,0.0,0.41291049419144604,0.0,0.0,0.4488134831207693,0.0,0.07637563490326671
C003374,3,0.0,0.0,0.0,0.050921713627984366,0.0,0.0,0.0,0.9490782863720156
C003375,4,0.0,0.05819200370042125,0.10174708650741855,0.033332788540456335,0.0,0.7182576371700758,0.0,0.08847048408162794
C003376,4,0.23062064592878279,0.12317495887108479,0.0,0.018474868137816135,0.0,0.10286887699781777,0.28144384880730416,0.24341680125719434
C003378,4,0.31275261765052165,0.017174468371493817,0.643308611993524,0.0,0.0,0.00575571020085012,0.0,0.021008591783610475
C003381,3,0.0,0.0,0.1497335991413321,0.7459044177636482,0.008747479619177032,0.0,0.0,0.09561450347584266
C003382,4,0.0,0.13022626162595763,0.0,0.0,0.0,0.0,0.0,0.8697737383740424
C003383,4,0.018452047976467326,0.007607164001238196,0.0,0.0,0.8521838898778352,0.0,0.0,0.12175689814445922
C003385,1,0.0,0.9335311817241186,0.0,0.0,0.0,0.0,0.0,0.06646881827588136
C003386,4,0.0,0.0,0.0,0.8468284422277265,0.0,0.0,0.0,0.15317155777227354
C003387,0,0.0,0.0,0.0,0.0,0.0,0.12778715147109446,0.014362134052589326,0.8578507144763162
C003388,4,0.2977532161968077,0.012723166217865392,0.0,0.0,0.6550336129343547,0.0,0.0,0.034490004650972184
C003392,4,0.0,0.0,0.0,0.0,0.7292453650023485,0.10107300387458855,0.004173897760949828,0.16550773336211322
C003393,3,0.0,0.0,0.0,0.0,0.0,0.6795686467412718,0.01643631949364975,0.3039950337650784
C003396,4,0.0,0.0,0.0,0.0,0.0,0.2537818690709481,0.47250200368299106,0.27371612724606087
C003398,1,0.0,0.4993894881044143,0.0,0.0,0.0,0.3165838049508668,0.0,0.1840267069447189
C003399,3,0.0899924904648905,0.0,0.01905071270239101,0.0,0.30960532908548416,0.5572417143065156,0.0,0.02410975344071875
C003400,2,0.5124570666388448,0.0,0.0,0.0,0.13536901925441303,0.0,0.0,0.35217391410674215
C003401,3,0.0,0.0953315892577653,0.0,0.0,0.0,0.0,0.0,0.9046684107422347
C003403,0,0.0,0.0,0.0,0.7521621747964138,0.0,0.0,0.0,0.24783782520358622
C003404,4,0.0,0.0,0.6639133527928179,0.0,0.15598040961115903,0.0,0.013626220892889594,0.1664800167031335
C003405,3,0.0,0.0,0.20541804190400867,0.0,0.2964203079975036,0.0,0.0,0.4981616500984878
C003406,0,0.12952748830856134,0.0,0.0,0.403290054494381,0.03288418983348818,0.0,0.38178392686042034,0.05251434050314918
C003408,3,0.0,0.0,0.5257647465715984,0.1254360712624051,0.0,0.0,0.0,0.3487991821659965
C003409,3,0.05940054191493975,0.0,0.0,0.24706017595929733,0.0,0.0,0.5861311028990135,0.10740817922674939
C003412,1,0.0,0.0,0.2819222299630392,0.0,0.0,0.0,0.6102482336271348,0.10782953640982607
C003414,4,0.0,0.15220879221501438,0.0,0.0,0.0,0.13738952603884488,0.6763953776792573,0.03400630406688343
C003419,1,0.0,0.6034245439352695,0.0,0.0,0.0,0.0,0.1577647207861908,0.2388107352785398
C003420,0,0.0,0.5121572559790923,0.11105361563250217,0.0,0.008826307547436508,0.0,0.018069228498439983,0.34989359234252904
C003421,2,0.0,0.0,0.0,0.0,0.0,0.0,0.0,1.0
C003422,2,0.0,0.0,0.0,0.0,0.5148966644140196,0.0,0.056437784766234754,0.42866555081974567
C003423,3,0.0,0.0,0.0,0.0,0.0,0.0,0.09401763594408008,0.9059823640559199
C003428,2,0.09378843512090902,0.0,0.0,0.0,0.0,0.6805236885166464,0.0,0.22568787636244458
C003430,3,0.0,0.07711346188059011,0.10399423528708276,0.0,0.01710199311029292,0.7825525308774701,0.0,0.019237778844564124
C003431,4,0.04912284970558174,0.18827921443958068,0.024709727445874078,0.3412967115615005,0.0,0.0,0.3097106401237097,0.08688085672375334
C003435,1,0.4119591316657699,0.0,0.15913797229487042,0.16382690240242226,0.0,0.0,0.0,0.26507599363693746
C003437,3,0.0,0.0,0.0,0.41685464030575775,0.5104007828296958,0.0,0.0,0.0727445768645465
C003446,2,0.20713014414084002,0.5926763149348031,0.0,0.0,0.032893516026685374,0.0,0.0,0.1673000248976716
C003447,0,0.0,0.0,0.0,0.0,0.9369709725247032,0.0,0.0,0.06302902747529682
C003448,3,0.0,0.1538465948465636,0.14448937444668425,0.2475357474699612,0.0,0.0,0.0,0.454128283236791
C003449,1,0.0,0.7020198120212037,0.0630985302367334,0.0,0.0,0.0,0.0,0.23488165774206293
C003453,0,0.0,0.0,0.0,0.534237283007951,0.0,0.003954258757056558,0.0,0.4618084582349924
C003455,2,0.0,0.0,0.0,0.7288165962441737,0.0,0.0,0.0,0.2711834037558263
C003456,4,0.0,0.2459686730802364,0.0,0.0,0.0,0.0,0.6706518555958283,0.0833794713239353
C003457,3,0.0,0.7192506382146022,0.0295035809768123,0.017265898461805828,0.0,0.0,0.0,0.2339798823467797
C003460,1,0.0,0.0,0.0,0.0,0.9413927599760427,0.0,0.0,0.05860724002395734
C003462,0,0.02601619411169049,0.0,0.16252285892138896,0.027237950819205936,0.0,0.0,0.0,0.7842229961477146
C003466,0,0.0,0.0,0.0,0.10550033515974255,0.0,0.0,0.0,0.8944996648402574
C003468,1,0.3263854162840822,0.24707460601136833,0.0,0.0,0.0451008913223445,0.0,0.09965477969919165,0.28178430668301335
C003469,2,0.0,0.0,0.0,0.03991707965270677,0.2987468774407856,0.029037686801811347,0.0,0.6322983561046962
C003470,2,0.3868455546565255,0.16689768670995989,0.0,0.0,0.0,0.0,0.0,0.44625675863351466
C003472,1,0.0,0.23762766661106913,0.0,0.0,0.2533916160420195,0.0,0.38045704267465147,0.12852367467226
C003473,2,0.0,0.0,0.22601118120644956,0.0,0.18200570151806506,0.0,0.3051299783107411,0.2868531389647442
C003474,3,0.06944201349515657,0.03174394145537261,0.0,0.0,0.0,0.0,0.7922032245425451,0.10661082050692572
C003475,4,0.0,0.007210747989280089,0.0,0.8335370772732615,0.0,0.0,0.0,0.15925217473745834
C003478,4,0.03532736957522268,0.0,0.121476024843854,0.0,0.43263880426306217,0.0,0.37382271339671647,0.03673508792114466
C003479,4,0.0,0.4054810478719232,0.38109305483301,0.0,0.0,0.1603150486924809,0.0,0.05311084860258597
C003481,2,0.31439921877818466,0.0,0.5819481348551375,0.0,0.0,0.08061148373447875,0.0,0.02304116263219902
C003482,4,0.01318185997072956,0.0,0.021543959304593824,0.0,0.293826715436186,0.629847094373453,0.0,0.041600370915037654
C003484,2,0.06305316731091723,0.0,0.6835576020964516,0.0,0.0,0.1810027994112884,0.0,0.0723864311813428
C003487,0,0.0,0.20883376817006827,0.0,0.293149396111335,0.3846694344464332,0.0,0.0,0.11334740127216358
C003488,4,0.0,0.0,0.5396047911458538,0.023600705960914348,0.0,0.005719258003076919,0.0,0.4310752448901549
C003489,4,0.0,0.0,0.0,0.0,0.6716037654297439,0.0,0.0,0.32839623457025613
C003490,3,0.0,0.0,0.5739465409823884,0.0,0.12022950569496044,0.0,0.0,0.3058239533226512
C003491,4,0.0,0.0,0.27272353129491267,0.08807645710839587,0.0,0.11252781037881696,0.0,0.5266722012178745
C003492,1,0.0,0.0,0.0,0.0,0.054080569710044366,0.2030866597878731,0.0,0.7428327705020825
C003493,4,0.0,0.6861594458637088,0.0,0.0,0.0,0.0,0.0,0.3138405541362912
C003494,4,0.0,0.0,0.6186769524842731,0.0,0.0,0.0,0.3080220218551052,0.07330102566062169
C003496,4,0.07780479310589707,0.0,0.0,0.0,0.0,0.0,0.5562968182613482,0.3658983886327547
C003497,1,0.0,0.0,0.0,0.0,0.0,0.038295173696921925,0.0,0.9617048263030781
C003498,2,0.0,0.0,0.0,0.0,0.0,0.0,0.13396759342613984,0.8660324065738602
C003504,3,0.0,0.4461769124739876,0.0,0.0,0.0,0.0,0.0,0.5538230875260124
C003506,1,0.0,0.0,0.0,0.1967399028014897,0.1309993021909187,0.07996385211008297,0.14725551605109988,0.4450414268464088
C003507,1,0.0,0.0,0.0,0.16586041892552322,0.06642397726242846,0.6006418634189705,0.0,0.16707374039307776
C003508,4,0.33939668602906314,0.0,0.0,0.0,0.07445185613516636,0.3872989213314998,0.0,0.1988525365042707
C003510,3,0.5376331510233678,0.0,0.0,0.0,0.040253007469163084,0.0,0.2579825419056475,0.1641312996018216
C003514,0,0.0,0.0,0.1589963766013614,0.0,0.12121497980947184,0.0,0.4602417945975372,0.2595468489916295
C003515,1,0.5202355607090294,0.005871903170345333,0.0,0.0,0.02792365035537557,0.0,0.36732446268258234,0.07864442308266728
C003516,2,0.3094865888385058,0.0,0.0,0.047437233040604876,0.009939105140212456,0.0,0.45982294940305074,0.1733141235776261
C003517,1,0.0,0.0,0.0,0.01822360459631868,0.8082392047585792,0.14326191831100693,0.0,0.030275272334095105
C003518,3,0.0,0.311912313275027,0.0,0.23201264138031752,0.14375015895496943,0.0,0.13134326028849774,0.1809816261011883
C003520,3,0.0,0.0,0.4240041116842534,0.0,0.10535648373822044,0.0,0.006175017746805021,0.4644643868307211
C003521,1,0.034699367077252796,0.0,0.0,0.14205257876184652,0.010926365237371718,0.04921195604932457,0.29825911507237823,0.4648506178018261
C003522,1,0.31672958598601564,0.0,0.2922979547200473,0.0,0.0,0.0,0.0,0.390972459293937
C003526,3,0.00768674183349582,0.0,0.0,0.01461654109819947,0.7011727386652264,0.0,0.0,0.2765239784030783
C003528,1,0.0,0.8104831505516927,0.0,0.0,0.044091867490080136,0.0,0.0,0.14542498195822717
C003529,0,0.0039030011206072916,0.0,0.0,0.26142545009179674,0.0,0.0,0.0,0.7346715487875959
C003531,3,0.5495028600969611,0.026628275327039534,0.0,0.01608373708220186,0.0,0.0,0.0,0.4077851274937975
C003532,2,0.07580832796743911,0.8151171235234885,0.033473584868576566,0.0,0.0,0.0,0.0,0.07560096364049584
C003534,1,0.2968946071172491,0.0,0.26107738372751105,0.30413202495731023,0.010613710914177472,0.0,0.0,0.1272822732837522
C003537,4,0.014225853148353144,0.8105173959991262,0.0,0.0,0.0,0.0,0.0,0.17525675085252068
C003540,1,0.03870623398410807,0.0,0.0,0.0,0.04609020112671356,0.40221465304923215,0.0,0.5129889118399462
C003542,2,0.0,0.0,0.0,0.09096141373114892,0.36767908796922727,0.5177195531496599,0.0,0.023639945149963926
C003543,3,0.0,0.0,0.0,0.39770385558583476,0.0,0.12535276480601262,0.0,0.4769433796081526
C003544,2,0.17767597702076643,0.03694739629349512,0.0,0.7603802774477835,0.0,0.0,0.0,0.024996349237955018
C003546,0,0.40354837690513323,0.0,0.17464313206045737,0.0,0.0,0.0,0.26285295375937645,0.15895553727503298
C003549,0,0.0,0.0,0.0,0.0,0.0,0.0,0.0,1.0
C003550,4,0.0,0.0,0.0,0.04233188684000022,0.2572236753638588,0.021446668710128295,0.0,0.6789977690860127
C003553,4,0.0,0.0,0.32608593202666375,0.0,0.5176078439308496,0.0,0.0,0.15630622404248662
C003558,1,0.0,0.9642173499493619,0.0,0.0,0.0,0.0,0.0,0.035782650050638076
C003559,3,0.0,0.0,0.8339818880830185,0.0,0.0,0.0,0.0,0.16601811191698146
C003562,3,0.0,0.5275943371516907,0.0,0.0,0.0,0.2993677195067772,0.0,0.1730379433415321
C003563,2,0.0,0.9313103006149387,0.0,0.034743517496086465,0.0,0.007976936096311152,0.008023514314125532,0.017945731478538174
C003567,1,0.0,0.4172380659256981,0.0,0.3648204939351932,0.0,0.0,0.0,0.21794144013910866
C003569,1,0.15682349920422287,0.0,0.0,0.0,0.0,0.0,0.7097286619083355,0.1334478388874416
C003570,0,0.0,0.0,0.0,0.00951911854301181,0.0,0.0,0.9367707036068992,0.053710177850089025
C003573,0,0.0,0.0,0.23296272273560312,0.0,0.0,0.6849633782199364,0.0,0.0820738990444605
C003576,0,0.0,0.0,0.8994491326974567,0.0,0.0,0.0,0.0,0.10055086730254326
C003577,3,0.0,0.0,0.0,0.0,0.0,0.0,0.8991505006479272,0.10084949935207277
C003579,3,0.3873542696336639,0.004270352994972126,0.014161658179385042,0.0,0.0,0.41404416004281963,0.0,0.18016955914915933
C003580,2,0.0,0.0,0.8034781329794872,0.0,0.0,0.0,0.0,0.19652186702051277
C003585,1,0.0,0.0,0.06365141052635652,0.0,0.0,0.0107631389940069,0.0,0.9255854504796366
C003586,3,0.0,0.0,0.06379315902910056,0.0,0.5198472736482918,0.0,0.0,0.4163595673226077
C003590,4,0.13850859326800138,0.0,0.0,0.35746722392071006,0.0,0.0,0.19706325319730156,0.306960929613987
C003591,1,0.026137947860297567,0.0,0.01082323167538982,0.025828178073484986,0.0,0.0,0.06347922384298021,0.8737314185478474
C003593,1,0.0,0.0,0.0,0.0,0.0,0.0,0.0,1.0
C003594,1,0.0,0.0,0.0,0.0,0.008576437901180642,0.0,0.5048787202106297,0.4865448418881896
C003595,4,0.0,0.0,0.0,0.02808145267476225,0.0,0.0,0.0,0.9719185473252377
C003596,0,0.0,0.49793804363488803,0.0,0.0,0.0,0.4402890807018107,0.0,0.06177287566330125
C003597,0,0.0,0.0,0.0,0.5264756135268186,0.2744145241666088,0.0,0.0,0.19910986230657257
C003598,2,0.0,0.0,0.0,0.0,0.859495908961576,0.0,0.0,0.14050409103842398
C003599,0,0.0,0.744450148908202,0.0,0.0,0.0,0.026275915965923435,0.0,0.22927393512587457
C003600,0,0.0,0.0,0.0,0.9487069933875825,0.0,0.03233294725595215,0.0,0.018960059356465386
C003607,4,0.0,0.0,0.0,0.0,0.08395465342637874,0.1482974558324498,0.0,0.7677478907411714
C003609,0,0.0,0.11201948499357871,0.0,0.0,0.015208267739404674,0.0,0.0,0.8727722472670166
C003612,4,0.0,0.0,0.0,0.33756827170776776,0.0,0.0,0.6304714287967486,0.031960299495483735
C003613,2,0.0,0.0,0.0,0.07832077197272634,0.0,0.0,0.0,0.9216792280272736
C003614,1,0.0,0.0,0.09663667266424551,0.0,0.01989223963372528,0.0,0.0,0.8834710877020292
C003617,0,0.40560409748157655,0.015731824202176656,0.0,0.0,0.3628826114677866,0.0,0.0,0.2157814668484601
C003619,3,0.0,0.0,0.0,0.47915928370392746,0.3356978176218005,0.0,0.0,0.18514289867427203
C003621,0,0.0,0.0,0.0,0.6546241733316246,0.0,0.0,0.0,0.3453758266683754
C003623,1,0.0,0.0,0.017295453107066757,0.0,0.0,0.40320984828102574,0.1224111282532643,0.4570835703586432
C003624,0,0.0,0.21648608108400838,0.0,0.0,0.0,0.0,0.012988546662668231,0.7705253722533234
C003626,2,0.0,0.0,0.29408383830151325,0.4009141897823912,0.0,0.17637870477716505,0.0,0.12862326713893046
C003629,2,0.0,0.0,0.07696003441086459,0.011381178563621567,0.0,0.0,0.0,0.9116587870255138
C003631,1,0.0,0.5319235884781213,0.0,0.22106046386704634,0.0,0.0,0.03362750181922722,0.21338844583560512
C003634,2,0.0,0.0,0.06742883301795116,0.2728549628916152,0.011386957663494337,0.5570643694918979,0.0,0.09126487693504148
C003635,1,0.13080583219141592,0.2710189849880115,0.5377092002990449,0.0,0.0,0.0,0.0,0.060465982521527684
C003636,3,0.0,0.0,0.0,0.03951815305620919,0.0,0.011799472414549502,0.0,0.9486823745292413
C003638,1,0.5852144456400287,0.0,0.0,0.0,0.0,0.26108364959401037,0.0,0.1537019047659609
C003639,1,0.11468807231814165,0.2689353343383111,0.12584941577670314,0.05160395551066298,0.0,0.0,0.0,0.43892322205618106
C003640,3,0.0,0.2530926026074449,0.0,0.0,0.34740664887749073,0.04200183746761477,0.22849116557001206,0.12900774547743754
C003642,4,0.0,0.0,0.0,0.0,0.0,0.0,0.0,1.0
C003647,2,0.0,0.31840043714995725,0.4552044303660143,0.0,0.0,0.0,0.0,0.22639513248402843
C003648,3,0.23778637049761003,0.0,0.0,0.0,0.0,0.0,0.6131188759492155,0.14909475355317436
C003649,4,0.0,0.0,0.06077588618755087,0.0,0.8872099131603394,0.0,0.0,0.05201420065210971
C003652,3,0.0,0.0,0.0,0.0,0.0,0.8357227447046582,0.0,0.16427725529534176
C003653,0,0.0,0.03527199052558197,0.0,0.39490948853157587,0.0,0.0,0.0,0.5698185209428421
C003654,1,0.0,0.0,0.5734871666617886,0.042397280368147765,0.00797808989127563,0.3033128199873789,0.0,0.07282464309140924
C003658,0,0.0,0.0,0.0,0.0,0.0,0.0,0.029778241907438607,0.9702217580925614
C003659,4,0.19302652374520476,0.0,0.4204020964228073,0.0,0.0,0.3252621318486833,0.011610510397722356,0.0496987375855823
C003660,0,0.18192215225312608,0.0,0.0,0.23113083878910187,0.0,0.0,0.017405806241494095,0.5695412027162781
C003661,2,0.0,0.0,0.0,0.38029433685139186,0.0,0.0,0.4166809153876483,0.2030247477609599
C003662,4,0.10635402358533887,0.0,0.0,0.0,0.0,0.0,0.0,0.8936459764146611
C003663,2,0.06821752993190777,0.208960014582614,0.0,0.0,0.0,0.0,0.45397922272296404,0.2688432327625141
C003664,3,0.0,0.0,0.0,0.0,0.39525650016878716,0.15153633227986954,0.214936644716496,0.2382705228348473
C003666,2,0.25763892922838233,0.46429930680156606,0.0,0.0,0.0,0.0,0.17513293295276913,0.10292883101728245
C003667,1,0.416880477990199,0.4904226544032591,0.0,0.0,0.0,0.0,0.0,0.09269686760654183
C003669,2,0.4487313867595365,0.0,0.0,0.0,0.0,0.27851755345796464,0.16552722912953968,0.10722383065295926
C003672,1,0.0,0.0,0.11130071906583935,0.0,0.013411042711182895,0.0,0.0,0.8752882382229777
C003676,1,0.0,0.0422345205887906,0.0,0.41162167411957395,0.0,0.019940318231925835,0.0,0.5262034870597097
C003677,1,0.0010226771841238985,0.01687969660311092,0.01942307572544806,0.3557846639331972,0.028239604884515428,0.0,0.5096140885799046,0.06903619308969988
C003684,4,0.0,0.0,0.6327449619970911,0.011635619998562004,0.0,0.0,0.31668457658074933,0.0389348414235976
C003687,1,0.0,0.0,0.0,0.6636699265695785,0.029511975204534035,0.17908718426434514,0.0,0.12773091396154235
C003689,3,0.0,0.0,0.0,0.0,0.1996041325733695,0.0,0.0,0.8003958674266305
C003690,1,0.0,0.5128614115408661,0.0,0.0,0.0,0.24323311957196508,0.10055385479868184,0.14335161408848707
C003693,0,0.0,0.0,0.0,0.0,0.0,0.0,0.0,1.0
C003696,3,0.0,0.7093889871552864,0.0,0.25551417912085794,0.0,0.0,0.0,0.035096833723855636
C003697,0,0.0,0.0,0.0,0.0,0.06783472255279303,0.0,0.5500529331725906,0.3821123442746164
C003698,3,0.0,0.0,0.0,0.0,0.0,0.3663547414675099,0.28482759508394856,0.3488176634485416
C003699,4,0.13311368572455942,0.0191352153117359,0.737580564209852,0.0,0.0,0.0,0.0,0.11017053475385274
C003700,4,0.1671302702337278,0.0,0.0,0.0,0.0,0.6167832472497252,0.0,0.21608648251654694
C003708,3,0.0,0.0,0.0,0.0,0.0,0.0,0.0,1.0
C003710,3,0.6063410762654942,0.0,0.0,0.06251872600034859,0.0,0.0,0.0,0.33114019773415726
C003715,2,0.3941075181780196,0.23387387572348964,0.23239099867694304,0.0,0.0,0.0,0.0,0.13962760742154778
C003716,1,0.02018167867187612,0.0,0.034331638725123285,0.0,0.0,0.0,0.04813151723342013,0.8973551653695805
C003717,0,0.10399294988960642,0.0,0.025417066073631787,0.35854572432321097,0.0,0.0,0.11539855982801132,0.39664569988553955
C003718,0,0.0,0.0,0.0,0.0,0.8293313961940854,0.0,0.0,0.17066860380591464
C003719,3,0.2803258986877333,0.0,0.6513024573143641,0.0,0.0,0.0,0.009325981548133995,0.05904566244976861
C003722,2,0.0,0.0,0.0,0.0,0.2960459359996398,0.02217373615813269,0.0,0.6817803278422275
C003723,3,0.4435104233764678,0.0,0.0,0.0,0.20390905588677152,0.2817994457985282,0.0,0.07078107493823249
C003727,3,0.3434590042072947,0.0,0.036192991811522635,0.24843044045589235,0.0,0.20873648428540986,0.0,0.16318107923988046
C003728,1,0.12337481358489819,0.0,0.0,0.0,0.10311957395119305,0.6765121630375919,0.0,0.09699344942631694
C003733,0,0.044065883421174123,0.0,0.011437013018960104,0.0,0.05385415712885995,0.1412328438306244,0.0,0.7494101026003814
C003734,4,0.14368697774674866,0.0,0.04154433795475563,0.0,0.6298076989504838,0.0,0.1666728554947966,0.018288129853215263
C003736,0,0.41807157951280927,0.0,0.0,0.31009794551691694,0.1434949212499771,0.0,0.0,0.1283355537202967
C003738,1,0.0,0.0,0.0,0.2641658165777486,0.24371434117467333,0.0,0.324268621558752,0.16785122068882607
C003739,0,0.0,0.0,0.04075229029819492,0.0,0.0,0.06524773247581507,0.0,0.89399997722599
C003740,3,0.23201639399353297,0.1176373632978097,0.0,0.0,0.0,0.0,0.3213691305690803,0.32897711213957703
C003741,3,0.0,0.011018955833841035,0.8170803414427323,0.0,0.0,0.0,0.0,0.1719007027234266
C003743,1,0.0,0.1605390948662091,0.0,0.8235380490290298,0.0,0.0,0.0,0.015922856104761074
C003745,0,0.01723565624562368,0.027170111105134842,0.0,0.0,0.0,0.14317316104452626,0.0,0.8124210716047152
C003746,3,0.03912535929697697,0.0,0.3863127683839172,0.0,0.0,0.07266526837208609,0.18940049045416787,0.3124961134928519
C003748,1,0.0,0.0,0.3861950956386115,0.36657273279778485,0.0,0.0,0.19400409544824962,0.05322807611535407
C003750,3,0.0,0.0,0.0,0.04295195357398002,0.0,0.0,0.16106221247582891,0.7959858339501911
C003751,4,0.6522123876096783,0.06448058815839462,0.060860830880210534,0.0,0.0,0.20682893077983083,0.0,0.015617262571885782
C003753,0,0.0,0.5158883403890675,0.20843464599596792,0.0,0.0,0.0,0.0,0.27567701361496455
C003754,4,0.0,0.0,0.0,0.0,0.1415250102622956,0.8086129354029576,0.0,0.049862054334746775
C003756,0,0.41929741189721464,0.0,0.0,0.0,0.20056379894320486,0.0,0.026797415240528876,0.3533413739190515
C003764,2,0.3939795345236281,0.03296757390188551,0.0,0.0,0.0,0.0,0.0,0.5730528915744864
C003765,1,0.0,0.007979479919254451,0.08437579631385154,0.03920788873952901,0.14443514758654202,0.0,0.7150697294559862,0.008931957984836703
C003766,0,0.04377276028085729,0.0,0.0,0.0458734762699714,0.0,0.0,0.0,0.9103537634491713
C003770,1,0.13531565854192487,0.0,0.8283626532201382,0.0,0.0,0.0,0.0,0.03632168823793691
C003773,1,0.0,0.0,0.19875229656074944,0.0,0.0,0.5100099085966462,0.03497570166431732,0.2562620931782871
C003774,1,0.0,0.0,0.0,0.8006792128278079,0.0,0.0,0.11216678175711331,0.08715400541507878
C003775,4,0.020292860909422027,0.0,0.0,0.0,0.0,0.024669175121600963,0.024424719111731618,0.9306132448572454
C003776,1,0.0,0.0,0.5862603344896331,0.0,0.0,0.2502406094481355,0.0,0.16349905606223136
C003778,4,0.5619704620346971,0.0,0.05652140542709897,0.0,0.014183910555766979,0.0,0.0,0.36732422198243697
C003779,4,0.03081760163619328,0.0700166179928535,0.0,0.0,0.03434642124273982,0.0,0.3942090086207885,0.47061035050742483
C003781,4,0.4651962204938437,0.0,0.0,0.0,0.0,0.0,0.0,0.5348037795061563
C003784,1,0.0,0.5708145495543047,0.0,0.03455263383116858,0.0,0.11054644617517487,0.0,0.2840863704393519
C003785,3,0.0,0.0,0.7545701073579194,0.0,0.0,0.19656434731458428,0.0,0.04886554532749632
C003786,3,0.0,0.0,0.46758391968761276,0.1106977091465531,0.35657021072514666,0.011957143743365517,0.0,0.05319101669732185
C003788,1,0.0,0.0,0.04412710086826037,0.0,0.3083557338256772,0.3274576045476432,0.29354695773815,0.026512603020269143
C003789,1,0.0,0.0,0.0,0.0,0.5447022513863675,0.0,0.11238381572154071,0.3429139328920918
C003790,3,0.0,0.0,0.0,0.7008569325725762,0.0,0.19768448997653332,0.03878601146404565,0.06267256598684479
C003791,4,0.0,0.5718159684152705,0.0,0.0,0.01404948437816523,0.0,0.0,0.4141345472065643
C003792,1,0.0,0.0,0.11055744447084985,0.0,0.18702622573677824,0.0,0.6239904911781797,0.07842583861419217
C003793,3,0.0,0.0,0.4227427934012888,0.0,0.1195181709531867,0.0,0.2782704164194419,0.1794686192260826
C003799,1,0.24129641401351826,0.23076055008949864,0.0,0.27455105341690256,0.0,0.0,0.046926459896667716,0.20646552258341289
C003801,0,0.0,0.0,0.0,0.537324105884483,0.03156218064778873,0.0,0.11422592498068312,0.31688778848704513
C003802,1,0.0,0.0,0.5824512684928442,0.0,0.0,0.0,0.31416785236564687,0.10338087914150895
C003805,1,0.4496709125278087,0.0,0.0,0.0,0.0,0.4064669547476834,0.0,0.14386213272450787
C003806,3,0.0,0.11000886993097278,0.0,0.00757791849183392,0.0,0.11327333337913698,0.2028805374718633,0.566259340726193
C003807,1,0.0,0.0,0.0,0.3636369554231021,0.16187641214516846,0.0,0.44815479779000394,0.026331834641725393
C003808,4,0.0,0.0,0.0,0.0,0.0,0.0,0.0,1.0
C003809,0,0.0,0.0,0.0,0.0,0.0,0.1230676205207381,0.748568969632331,0.12836340984693095
C003811,3,0.0,0.8767482462374899,0.0,0.0,0.0,0.04448552709457845,0.053288566631794244,0.025477660036137384
C003812,0,0.0,0.0,0.0,0.0,0.06297969627257045,0.0,0.6681909360222974,0.2688293677051321
C003813,2,0.0,0.0,0.0,0.10363239280943333,0.0,0.8213090954221851,0.0,0.07505851176838152
C003814,3,0.0,0.0,0.0191092585189826,0.0,0.6851857359725142,0.0,0.0,0.2957050055085032
C003816,4,0.0,0.0,0.1443332205339851,0.0,0.0,0.7590654465499828,0.0,0.09660133291603212
C003817,3,0.7997438091231729,0.0,0.0,0.0,0.0,0.07307338988341386,0.0,0.12718280099341328
C003818,4,0.029998018916066304,0.19510941283714217,0.0,0.0,0.0,0.032560383281116594,0.4150127804446605,0.3273194045210144
C003821,1,0.0,0.0,0.5818562657923942,0.13505819629962912,0.11272136582056012,0.14846412912068363,0.0,0.02190004296673287
C003822,1,0.0,0.0,0.0,0.41585190445725106,0.0,0.45726448069827824,0.0,0.12688361484447075
C003823,1,0.0,0.0,0.14230413086967234,0.0,0.0,0.0,0.0,0.8576958691303277
C003824,3,0.2089032252492931,0.0,0.0,0.0,0.6159340418807977,0.0,0.0,0.17516273286990924
C003826,1,0.0,0.0,0.0,0.07116079389660002,0.0,0.0,0.0,0.9288392061034
C003831,0,0.0,0.0,0.0,0.09175635556445774,0.0,0.0,0.0249614193789298,0.8832822250566125
C003838,1,0.0,0.1734329953151747,0.0,0.02146934285362976,0.7985848164192529,0.0,0.0,0.006512845411942636
C003843,2,0.6103124222252317,0.0,0.0,0.0,0.2664782698164384,0.0,0.0,0.12320930795832985
C003846,0,0.005163906992416822,0.0,0.0,0.20198289792238713,0.39560231233845916,0.0,0.23072179747560645,0.16652908527113053
C003848,2,0.0,0.38170265835347555,0.0,0.056532301400794224,0.2208172261246787,0.0,0.0,0.3409478141210516
C003850,0,0.0,0.31947957548617106,0.6205316779054832,0.0,0.0,0.0,0.0,0.059988746608345744
C003852,1,0.0,0.0,0.0,0.0,0.0,0.7716631733385084,0.0,0.22833682666149158
C003854,1,0.0,0.0,0.0,0.0,0.0,0.0,0.8030293414948642,0.19697065850513584
C003856,4,0.0,0.8986270255364582,0.0,0.0,0.0,0.0,0.0,0.10137297446354177
C003858,1,0.0,0.0,0.0,0.1831417655765603,0.17822007380575958,0.55480461988813,0.0,0.08383354072955007
C003860,4,0.0,0.0,0.008690379006043683,0.0,0.0,0.0,0.18628822079311277,0.8050214002008436
C003862,2,0.0,0.060794677766516786,0.0743097731668869,0.0,0.0,0.0,0.49951694610772757,0.3653786029588688
C003869,4,0.0,0.0,0.0,0.0,0.0,0.7068734076198147,0.030212211238279534,0.2629143811419058
C003870,1,0.009442556572720603,0.7900421786266212,0.0,0.008611898090379473,0.004522974400144027,0.0,0.0,0.1873803923101347
C003872,4,0.0,0.0,0.0,0.0,0.5477513454529543,0.0,0.0,0.45224865454704566
C003873,0,0.0,0.0,0.0,0.7886493812914306,0.0,0.0,0.0,0.21135061870856942
C003877,2,0.0,0.0,0.0,0.0,0.0,0.29620148358714565,0.46137155546561187,0.24242696094724248
C003880,2,0.028181693862209117,0.0,0.0,0.12263392701465811,0.13668586013112757,0.3417839764776105,0.0,0.37071454251439473
C003881,1,0.0,0.471802268421858,0.0,0.0,0.0,0.0,0.4524520130762077,0.07574571850193434
C003886,1,0.0,0.0,0.0,0.5893689162504417,0.06033207739305937,0.0,0.008077589671947287,0.34222141668455164
C003887,1,0.0,0.7608016383183539,0.0,0.0,0.0,0.0,0.0,0.2391983616816461
C003888,3,0.45832691365471034,0.0,0.0,0.0,0.0,0.017017178077486723,0.37731727232945833,0.14733863593834462
C003889,3,0.5751245564553423,0.0,0.19435619157470999,0.0,0.005862063356250474,0.0,0.0,0.2246571886136972
C003891,0,0.0,0.0,0.0,0.0,0.1387918165298626,0.0,0.0,0.8612081834701374
C003892,3,0.07865722758221974,0.040304504308985835,0.16139887191189822,0.0,0.0,0.0,0.0,0.7196393961968962
C003894,1,0.0,0.4681719369315667,0.0,0.039819970000336796,0.0,0.13399493624871905,0.0,0.3580131568193774
C003898,0,0.07256375924344148,0.0,0.39388864202416685,0.2685158651898261,0.24054004579795754,0.0,0.0,0.02449168774460808
C003901,4,0.37613825917032245,0.0,0.0,0.0,0.0,0.0,0.06102850061698163,0.5628332402126959
C003907,0,0.04466624512773969,0.05639351507775509,0.0,0.13632488250748137,0.0,0.4334037670711029,0.07251138696561997,0.25670020325030096
C003908,2,0.05342713008771072,0.0,0.0,0.0,0.0,0.0947966183424066,0.0,0.8517762515698827
C003910,4,0.0,0.0,0.0,0.7560126381974431,0.019514342630684637,0.15434454308877926,0.0,0.07012847608309292
C003912,2,0.23206918784414876,0.0,0.03692036685023005,0.0,0.0,0.0325238071277889,0.3247461760856296,0.3737404620922027
C003918,4,0.01396142389910099,0.0,0.0,0.010500947748151976,0.6739530808379665,0.0,0.0,0.3015845475147806
C003919,3,0.0,0.02442016769391667,0.0,0.0,0.0,0.20046608995964818,0.0,0.7751137423464352
C003920,0,0.0,0.0,0.0,0.0,0.0,0.0,0.0,1.0
C003921,3,0.037858128207835205,0.5015963153408465,0.003924090223390082,0.0,0.05694958126905395,0.030369973511043973,0.0,0.3693019114478303
C003924,1,0.04575230698384285,0.12969322484765744,0.0,0.032061412967567454,0.05947872645890938,0.0,0.4479861269822661,0.28502820175975674
C003925,3,0.0,0.0,0.3396791170702205,0.0,0.2355596292441635,0.3823616606683529,0.0,0.04239959301726315
C003926,4,0.0,0.0,0.0,0.0,0.0,0.0,0.9080994658445446,0.0919005341554554
C003928,2,0.10719534939517057,0.0,0.3146115952560818,0.0,0.04225588188133811,0.5121180591798232,0.0,0.023819114287586318
C003929,1,0.0,0.0,0.0,0.0860293385340116,0.0,0.0,0.8666276238296895,0.04734303763629888
C003930,1,0.0,0.0,0.0,0.5574923210820083,0.0,0.0,0.052123273031752744,0.3903844058862389
C003931,0,0.0,0.0,0.0,0.0,0.9342766860769656,0.0,0.015668127923727338,0.05005518599930714
C003933,3,0.0,0.0,0.0,0.0,0.0,0.40913396556762854,0.05606717309664104,0.5347988613357304
C003935,0,0.04795452588925658,0.0,0.0,0.0,0.6191138333008815,0.0,0.0,0.33293164080986193
C003936,0,0.0,0.10512126330915783,0.3392134727248433,0.23141941321719106,0.06369431133373579,0.11089611795562908,0.0,0.14965542145944288
C003938,3,0.0,0.0,0.05147278585976237,0.0,0.1443900399111682,0.17557782399149427,0.5739085574021696,0.054650792835405526
C003939,4,0.0,0.0,0.0,0.0,0.0,0.0,0.871055479623659,0.12894452037634097
C003941,2,0.0,0.8746953817192429,0.0,0.0,0.0,0.0,0.0,0.12530461828075712
C003942,4,0.0,0.0,0.0,0.0,0.32600337841674626,0.0,0.5587189369168136,0.11527768466644006
C003944,4,0.0,0.0,0.09258943477458594,0.0,0.0,0.5741681321704187,0.24571542458277992,0.0875270084722154
C003946,3,0.79606089479994,0.0,0.1257529032675967,0.0,0.0,0.0,0.029082957425166374,0.04910324450729686
C003947,3,0.0,0.09177333326461508,0.0,0.5252062307313934,0.10689091354734337,0.12810422226337054,0.0,0.14802530019327764
C003949,3,0.0,0.0,0.04832286921553669,0.07299295058571302,0.0,0.4610807190846878,0.0,0.41760346111406255
C003959,4,0.0,0.3877654408624958,0.20475802294477988,0.0,0.0,0.0,0.1666860993562358,0.2407904368364885
C003961,2,0.26267757074628406,0.07214335699503116,0.3795081725586661,0.0,0.0,0.0,0.0,0.2856708997000187
C003963,3,0.0,0.0,0.0,0.0,0.21096448801257522,0.38990483868822434,0.046314244651992936,0.3528164286472074
C003964,3,0.0,0.0,0.0,0.0,0.20104042600547442,0.04804453846383024,0.33605956664995085,0.4148554688807444
C003965,3,0.0,0.3284345133562272,0.5887390325839041,0.0,0.039662852876586316,0.0,0.0,0.04316360118328233
C003966,0,0.8230315154867299,0.0,0.0,0.0,0.0,0.12942616075094007,0.0,0.04754232376233003
C003967,1,0.0317827094322637,0.13925888567627276,0.6890704145897916,0.0,0.0,0.11475597743355172,0.0,0.02513201286812028
C003970,3,0.0,0.0,0.05412941380359844,0.0,0.19659672163056816,0.6093228881359938,0.07801798841199707,0.06193298801784264
C003976,0,0.424782396053746,0.0,0.0,0.0,0.06544928199255177,0.005474595456172003,0.0,0.5042937264975302
C003978,4,0.0,0.0,0.021801431285080882,0.020991862793312145,0.6045493494888496,0.0,0.15801269032899712,0.1946446661037602
C003980,2,0.0,0.04955378166474596,0.0,0.0,0.2406404392877264,0.0,0.19614142439520094,0.5136643546523267
C003981,2,0.3810548029603886,0.0,0.0,0.0,0.0,0.3268171100320456,0.0,0.29212808700756576
C003982,4,0.0,0.0,0.0,0.4705487320897116,0.18774797494926654,0.16101856619373184,0.0,0.18068472676728997
C003985,1,0.0,0.07183572620857157,0.0,0.2349057531112467,0.0,0.0,0.6670986396647536,0.02615988101542821
C003986,2,0.0,0.8839251682975359,0.0,0.0,0.0,0.0,0.0,0.11607483170246413
C003987,1,0.04015310874251433,0.0,0.018692015387510873,0.0,0.0,0.014843984879991267,0.0,0.9263108909899835
C003988,4,0.0,0.0,0.0,0.12829695112572306,0.0,0.6414359797095395,0.0,0.2302670691647375
C003990,1,0.0,0.11637154265007116,0.0,0.0,0.561311991071531,0.0,0.0,0.32231646627839794
C003991,3,0.0,0.14456035935632236,0.0,0.0,0.0,0.0,0.0,0.8554396406436776
C003992,3,0.0,0.0,0.0,0.0,0.0,0.0,0.7155244407309586,0.28447555926904144
C003993,0,0.0,0.03390630423345118,0.199384280649393,0.0,0.0,0.5830095462837971,0.0,0.18369986883335876
C003994,2,0.0,0.0,0.0,0.0,0.0,0.0,0.0,1.0
C003995,2,0.0,0.6016487886675624,0.0,0.0,0.0,0.02512295193300679,0.0712942842918373,0.30193397510759346
C003999,4,0.7352652429391376,0.0,0.0,0.0,0.0,0.0,0.0,0.26473475706086236
