client_id,cloud,gym,insurance,mobile,music,software,streaming,none,fold
C000001,0.0,0.11567551082413854,0.5184424478375081,0.1320155839713656,0.0,0.0,0.11895373255973046,0.11491272480725723,2
C000005,0.0,0.18837896713546756,0.0,0.42270045563371883,0.0,0.0,0.0,0.38892057723081364,3
C000007,0.6710519512532785,0.0,0.0,0.0,0.0,0.15183079373929692,0.0,0.17711725500742448,3
C000009,0.03274429287173193,0.0,0.0,0.0,0.0,0.40398990177711624,0.5469005689536948,0.016365236397457128,2
C000012,0.0,0.0,0.0,0.0,0.0,0.926069899351282,0.0,0.07393010064871797,4
C000014,0.32465364123433155,0.0,0.0,0.0,0.0,0.3930109000504173,0.0,0.2823354587152511,4
C000015,0.0,0.0,0.4736660686495761,0.0,0.0,0.0,0.0,0.5263339313504238,0
C000016,0.0,0.035424654976647,0.6676355043602779,0.0,0.0,0.0,0.0,0.2969398406630751,1
C000017,0.0,0.010108921406922381,0.06910516471334749,0.7637003173283232,0.0,0.0,0.0499531617992579,0.10713243475214895,3
C000021,0.0,0.0,0.0,0.14203737965550312,0.0,0.033509114300665416,0.1916287202513731,0.6328247857924584,1
C000022,0.0,0.0,0.0,0.0,0.0,0.5923009329444526,0.25063781544143293,0.15706125161411444,2
C000024,0.0,0.7373628934548283,0.0,0.0,0.06661630592040078,0.04137576332564436,0.0,0.1546450372991265,1
C000025,0.5573047737459152,0.0,0.0,0.0074800479482912225,0.0052484790923565065,0.03168302904145005,0.004421756506313587,0.39386191366567336,0
C000026,0.0,0.7640077363461347,0.07718890409229358,0.043889121751149715,0.0,0.027160276283452127,0.08124131463213988,0.006512646894829999,1
C000027,0.0,0.020958313850710668,0.0,0.23570459476401787,0.7038313707971021,0.017495047263208212,0.0,0.022010673324961205,2
C000028,0.23244877781169826,0.00798241415346482,0.0,0.0,0.18238060444493054,0.5714740469780878,0.0,0.0057141566118186216,3
C000029,0.2064769215591892,0.0,0.0,0.01902542225415732,0.3823716494987443,0.22800647365796703,0.05761169195212476,0.10650784107781741,3
C000030,0.07233640184220594,0.0,0.0,0.0,0.05464337352204189,0.0,0.0,0.8730202246357521,3
C000033,0.052858180696929206,0.0,0.0,0.0,0.0,0.0,0.4080717799184209,0.5390700393846499,0
C000035,0.0,0.01448360922403522,0.0,0.24842692635027616,0.02126442126024651,0.0,0.02305716984550761,0.6927678733199345,2
C000038,0.0,0.0,0.0,0.0,0.2714374016698448,0.4570102410538112,0.0,0.27155235727634397,3
C000039,0.0,0.0,0.0,0.0,0.0,0.0,0.0,1.0,0
C000040,0.09903583758054618,0.5639883971673895,0.31674051791631364,0.0,0.0,0.0,0.0,0.020235247335750772,2
C000041,0.0,0.0,0.7700075812389646,0.0,0.09925407255398354,0.0,0.0,0.13073834620705183,3
C000043,0.0,0.0,0.04276668257868428,0.0,0.0,0.0,0.03108702900171895,0.9261462884195968,1
C000044,0.0,0.0,0.0,0.0,0.0,0.0,0.019614837582896966,0.980385162417103,1
C000047,0.0,0.49252758000287516,0.0,0.0,0.46458510840353645,0.0,0.0,0.042887311593588384,2
C000053,0.13469978606694777,0.349304204748266,0.0,0.0,0.0,0.0,0.0,0.5159960091847862,3
C000055,0.0,0.0,0.0,0.0,0.0,0.18297795978026848,0.0,0.8170220402197315,1
C000060,0.0,0.0,0.7539451090541961,0.0,0.0,0.0,0.0,0.2460548909458039,0
C000062,0.03959789011666733,0.0,0.0,0.023177699026960062,0.0,0.0,0.0,0.9372244108563726,4
C000063,0.0,0.0,0.7558054275336684,0.0,0.0,0.0,0.0,0.24419457246633158,1
C000064,0.0,0.0,0.3129081926477527,0.02767337265273965,0.0,0.5705235073359689,0.0,0.08889492736353866,1
C000066,0.07106653306269463,0.0,0.0,0.0,0.0,0.0,0.03436105506402649,0.8945724118732788,1
C000069,0.034319484808451685,0.0,0.4197671400170595,0.03353776885201603,0.0,0.0,0.013015050311108138,0.49936055601136464,3
C000072,0.0,0.0,0.0,0.2717334875314833,0.0,0.6521695635467687,0.034109363824242615,0.04198758509750544,1
C000073,0.0,0.0,0.06436541824887297,0.0,0.15085698167348932,0.0,0.0,0.7847776000776376,4
C000077,0.39072725127641533,0.0,0.0,0.11974901892236167,0.0,0.0,0.0,0.48952372980122294,4
C000078,0.0,0.0,0.3078079375519528,0.0,0.6531039858030119,0.0,0.02017236795382474,0.01891570869121062,4
C000079,0.0,0.29208626187601394,0.0,0.01402687506802931,0.0,0.43951549999655354,0.24953615291456732,0.0048352101448359,2
C000080,0.0,0.0,0.0,0.0,0.0,0.0,0.0,1.0,2
C000084,0.0,0.0,0.052434373431897045,0.10691757564838496,0.0,0.0,0.0,0.8406480509197181,3
C000085,0.0,0.0,0.7675419968316902,0.0,0.0,0.0,0.0,0.23245800316830978,2
C000088,0.10792874671521513,0.006704792406876918,0.6992403492451893,0.0,0.0,0.0,0.0,0.18612611163271864,1
C000093,0.4351474726970863,0.0,0.11509196474322946,0.0,0.0,0.0,0.0,0.4497605625596842,0
C000094,0.7326257258288449,0.0,0.06649912493186848,0.0,0.042728679693121704,0.0,0.0,0.15814646954616496,1
C000095,0.08358374500538278,0.0,0.0,0.7361303140759063,0.01391058572452937,0.1268270661284499,0.0,0.03954828906573149,1
C000100,0.10765389937714791,0.4179924109405655,0.30915087787258944,0.0,0.0,0.0,0.0,0.1652028118096972,2
C000101,0.0,0.9252957166573197,0.0,0.0,0.0,0.0,0.0,0.07470428334268031,1
C000102,0.0,0.240170760694727,0.0,0.0,0.0,0.38519071632984303,0.0,0.37463852297543,4
C000103,0.0,0.0,0.5571042800613556,0.07841612201493692,0.15323789674554086,0.1842912604368551,0.0,0.026950440741311477,3
C000104,0.0,0.0,0.5540217032798017,0.0,0.25991244541393566,0.0,0.0,0.18606585130626263,3
C000105,0.0,0.0563839300966881,0.01490394748768332,0.0,0.0,0.0,0.8987259738435174,0.029986148572111238,4
C000106,0.0,0.0,0.0,0.0,0.0,0.0,0.844432268187583,0.155567731812417,4
C000109,0.6267810369946644,0.0,0.0,0.0,0.0,0.3293679322266573,0.0,0.04385103077867836,1
C000110,0.0,0.12006016710714443,0.24884841073990124,0.48056908193612236,0.02946835018313889,0.0,0.004529159537276791,0.11652483049641627,1
C000111,0.0,0.0,0.6179001515503827,0.0,0.0,0.0,0.3465546552174261,0.035545193232191186,1
C000113,0.0,0.0,0.0,0.5693416595219779,0.11812943445929237,0.0,0.0,0.31252890601872974,0
C000115,0.22080418083905484,0.0,0.0,0.0,0.02534774600547218,0.10326577015265499,0.2501360470053502,0.40044625599746775,1
C000116,0.047722625164103215,0.0,0.8946370431831163,0.0,0.0,0.0,0.0438737585168371,0.013766573135943427,0
C000117,0.0,0.8966719141320664,0.0,0.0,0.0,0.0,0.0,0.10332808586793363,1
C000119,0.3599053622619148,0.0,0.0,0.0,0.0,0.0,0.5893617443082306,0.05073289342985454,1
C000120,0.0,0.5624087390956629,0.0,0.0,0.011222708273754578,0.0,0.11661010938314406,0.3097584432474384,3
C000122,0.33836754048332085,0.0,0.0,0.08373923984532168,0.0,0.0,0.0,0.5778932196713575,0
C000127,0.0,0.019478686696171546,0.0,0.0,0.0,0.024628654184728167,0.012586809489176145,0.9433058496299241,3
C000128,0.0,0.0,0.41031832413994684,0.0,0.5785335424821088,0.0,0.0,0.011148133377944403,1
C000129,0.21412522264701692,0.0,0.0,0.0,0.0,0.6210474162231411,0.013387455691982185,0.1514399054378598,3
C000130,0.0,0.11970291165517105,0.07138527592290142,0.0,0.0,0.0,0.0,0.8089118124219276,3
C000132,0.0,0.0,0.0,0.3201414467395472,0.1511459179561818,0.4855863131857719,0.0,0.043126322118499205,4
C000134,0.02745084905389646,0.0,0.7231635791006288,0.0,0.0,0.0,0.161943345044665,0.08744222680080971,3
C000135,0.07471528714705912,0.0,0.0,0.24788178791130214,0.022935415771886715,0.0,0.0,0.654467509169752,3
C000136,0.0,0.0,0.11391601486681736,0.09092429948107202,0.0,0.0,0.04438741896478715,0.7507722666873234,4
C000137,0.2355391941323104,0.0,0.0,0.0,0.20488285818778007,0.0,0.14037297048411357,0.41920497719579597,3
C000140,0.0,0.1550779654600214,0.0,0.0,0.0,0.5099903541958251,0.09801629620101134,0.23691538414314217,0
C000142,0.05101339304284237,0.10500923348825113,0.0,0.7883636321609898,0.0,0.0,0.04746178627056935,0.008151955037347447,4
C000144,0.0,0.0,0.0,0.0,0.0,0.9322535110790486,0.0,0.06774648892095136,0
C000148,0.0604086679229727,0.3149762591431875,0.0,0.015282487975052276,0.0,0.0,0.5469243407654181,0.06240824419336943,4
C000149,0.0,0.0,0.0,0.0,0.0,0.0,0.748400584906583,0.251599415093417,3
C000150,0.0,0.0,0.0,0.0,0.0,0.7826502286735704,0.1800773065830622,0.03727246474336743,3
C000152,0.544039611428142,0.0,0.0,0.0,0.007577144781752571,0.0,0.1653180025522557,0.2830652412378498,4
C000153,0.0,0.0,0.0,0.7932975925833956,0.0,0.0,0.0,0.2067024074166044,3
C000155,0.0,0.0,0.025700775236199253,0.0,0.0,0.0,0.0,0.9742992247638007,2
C000157,0.0,0.0,0.0,0.0,0.0,0.0,0.0,1.0,0
C000159,0.0,0.0,0.6901962579229024,0.008463266556787467,0.0,0.0,0.02674601832186982,0.27459445719844033,4
C000160,0.0,0.0,0.0,0.0,0.0,0.0,0.0,1.0,4
C000162,0.035907023084968334,0.0,0.06042276566127732,0.12477235852837822,0.0,0.40424150503872586,0.17238903006537043,0.2022673176212798,4
C000164,0.10005864430164718,0.0,0.21559757725068202,0.0,0.5205351691954822,0.0,0.0,0.16380860925218865,4
C000168,0.0,0.31422501128804664,0.0,0.0,0.0,0.5008507998894253,0.0,0.18492418882252815,2
C000169,0.0,0.03960330681176222,0.0,0.28211637004346296,0.0,0.0,0.30577738819614075,0.37250293494863407,4
C000171,0.0,0.0,0.0,0.011043695076901913,0.0,0.0,0.8643729693622604,0.12458333556083767,3
C000172,0.0,0.0,0.0,0.0,0.0,0.0,0.0,1.0,3
C000173,0.06155537973054367,0.0,0.008515103722434893,0.918685909137983,0.0,0.0,0.0,0.011243607409038514,3
C000174,0.0,0.0,0.0,0.0,0.0,0.029598188326509123,0.0,0.9704018116734909,0
C000175,0.022027334435899177,0.0,0.21412723466292694,0.0,0.6828557787665687,0.0,0.0,0.08098965213460518,3
C000177,0.0858416247759057,0.0,0.19912539625981954,0.5566933504922329,0.0424494643595927,0.0,0.039926423937352004,0.0759637401750971,0
C000179,0.01312708460598069,0.23856078334057232,0.0,0.1304721483004707,0.5038001527281899,0.0,0.0,0.11403983102478632,0
C000181,0.0,0.07976037684495925,0.0,0.0,0.627849084680758,0.19510098164936487,0.0,0.09728955682491791,2
C000183,0.0,0.0751599041121352,0.0,0.7616659273495799,0.0,0.0,0.04463770495292327,0.11853646358536152,3
C000185,0.2716560502949825,0.5059695796204784,0.0,0.0,0.0,0.0,0.0,0.22237437008453909,1
C000187,0.0,0.0,0.19319852238174182,0.0,0.7611241847385439,0.0,0.0,0.045677292879714226,0
C000189,0.014445823742823926,0.0,0.0,0.0,0.023384502739106975,0.5503687338951824,0.03607345479530416,0.37572748482758267,0
C000190,0.5766717997500993,0.0,0.0,0.0,0.0,0.0,0.0,0.4233282002499007,3
C000191,0.0,0.0,0.0,0.1609783651379933,0.055437112270244206,0.0,0.727467821425294,0.0561167011664685,2
C000192,0.0,0.4038064233840046,0.03258080291106427,0.0,0.32582228191463797,0.1809534111943137,0.0,0.05683708059597936,3
C000196,0.6116687819187514,0.0,0.0,0.0,0.14364946626095834,0.0,0.0,0.24468175182029028,4
C000197,0.0,0.0,0.0,0.0,0.6674835510058891,0.11751121360339495,0.0,0.21500523539071592,3
C000198,0.0,0.0,0.0,0.0,0.0,0.0,0.7166001997534323,0.28339980024656775,3
C000201,0.0,0.8101413114230476,0.0,0.0,0.0,0.0,0.0,0.18985868857695243,4
C000202,0.38960968627012044,0.15567834180800255,0.03769192337583076,0.0,0.0,0.06854526499641837,0.3252767186904924,0.02319806485913567,3
C000203,0.0,0.15300587866770388,0.08017675842527686,0.0,0.0,0.6139862505135147,0.0,0.15283111239350455,4
C000205,0.13235902461202043,0.0,0.0,0.2676614190558691,0.0,0.09645456145283934,0.0,0.5035249948792712,2
C000206,0.0,0.0,0.0,0.0045587960091174745,0.8412255376643412,0.020850639505515328,0.0,0.13336502682102602,4
C000207,0.7211262789834888,0.16986142129936543,0.0,0.04920632944363659,0.0,0.0,0.013831169255259953,0.045974801018249245,2
C000210,0.38266124153891773,0.030200053064035868,0.08629221592934348,0.27946482279936546,0.0,0.0,0.0,0.22138166666833747,4
C000212,0.3724655832432367,0.15556883568080124,0.12757034908597478,0.1861990030576106,0.0,0.0,0.0,0.15819622893237673,4
C000214,0.0,0.0,0.0,0.021652111374975802,0.04556706573030256,0.0,0.0,0.9327808228947216,0
C000218,0.0,0.004937049495364575,0.4316481907722455,0.038245695565695154,0.06751405015627258,0.0,0.23869295139856095,0.21896206261186135,1
C000219,0.3420328593241559,0.08886106086814843,0.0,0.007918133304718654,0.5505784838674564,0.0,0.0,0.01060946263552065,4
C000222,0.0,0.0,0.0,0.006441171277893356,0.0,0.05067445292591012,0.053617308298981765,0.8892670674972147,4
C000223,0.7013605132426767,0.0,0.0,0.09169545496011043,0.0,0.0,0.12091737191778201,0.08602665987943081,3
C000226,0.0,0.0,0.9473820817380353,0.0,0.0,0.0,0.0,0.05261791826196471,1
C000228,0.0,0.009239136678991646,0.8377158264967054,0.0015320427056003338,0.13658503423952897,0.0,0.0,0.014927959879173613,4
C000230,0.0,0.026592265695172354,0.29586265932093,0.0,0.0,0.0,0.0,0.6775450749838976,2
C000233,0.0,0.0,0.06391023702350494,0.0,0.8652121855844417,0.0,0.0,0.07087757739205336,1
C000234,0.014803576428932853,0.0,0.0,0.017666995275203046,0.9038218030683015,0.0,0.0,0.06370762522756257,4
C000235,0.0,0.0,0.0,0.6609418110600127,0.0,0.0,0.0,0.3390581889399873,1
C000236,0.0,0.0,0.0,0.7733490448653539,0.005870739915713843,0.0,0.10051526360702859,0.12026495161190365,3
C000237,0.3868112623588854,0.0,0.0,0.0,0.11853282526323398,0.4405067364654881,0.04363634650790486,0.010512829404487722,0
C000238,0.0,0.2851866477657383,0.0,0.29460979365404183,0.17890583653233472,0.0,0.08023241844869022,0.1610653035991949,1
C000239,0.0,0.0,0.0,0.0,0.0,0.759362742993412,0.13918763206612472,0.10144962494046328,3
C000240,0.0,0.5153385328190333,0.0,0.0,0.0,0.0,0.0301159529935241,0.4545455141874426,0
C000242,0.0,0.01789836224611505,0.0,0.5635769669448047,0.0,0.24324940022178473,0.04907607875272043,0.12619919183457495,3
C000245,0.018829470807377704,0.0,0.0,0.0,0.0,0.0,0.021430190215219934,0.9597403389774024,0
C000246,0.9815203595267545,0.0,0.0,0.0,0.0,0.0,0.0,0.018479640473245462,4
C000248,0.23118211175930464,0.0,0.6240660596692335,0.07537114395688761,0.0,0.0,0.0,0.06938068461457436,4
C000249,0.0404584571787332,0.0,0.0,0.0,0.0,0.0,0.0,0.9595415428212668,4
C000250,0.2884354568828274,0.0,0.0,0.0,0.0,0.5204570599564603,0.0,0.19110748316071224,1
C000252,0.023817953024566216,0.0,0.01669456550190163,0.0,0.0,0.5859208806386791,0.06490750627166277,0.3086590945631903,1
C000254,0.0,0.0,0.04322178625237126,0.0,0.0,0.0,0.06797883270092761,0.8887993810467011,0
C000257,0.2532329239965473,0.0,0.0,0.0,0.28958362463853865,0.0,0.0,0.457183451364914,1
C000259,0.009185539350792278,0.0,0.3041192056110994,0.0,0.47115100515222386,0.0,0.0,0.2155442498858844,4
C000261,0.0,0.0,0.0,0.0,0.067576611889984,0.07786197343223449,0.0,0.8545614146777816,1
C000262,0.0,0.0,0.0,0.06644732684776779,0.0,0.0,0.7698629335861829,0.16368973956604937,2
C000263,0.9713215567528806,0.025246074343719695,0.0,0.0,0.0016075539460648292,0.0,0.0,0.001824814957334886,4
C000264,0.0,0.19097925375720812,0.0,0.06576746392393144,0.6879279604432207,0.0,0.0,0.055325321875639766,0
C000265,0.26908370800005604,0.0,0.0,0.0,0.0,0.6395689746396594,0.0,0.09134731736028456,3
C000270,0.0,0.0,0.0,0.0,0.38098565548824836,0.0,0.0,0.6190143445117516,3
C000271,0.0,0.6021981258500514,0.15657052924234002,0.0,0.0,0.08780300724717392,0.0,0.15342833766043462,0
C000272,0.0,0.40461330100960535,0.0,0.5256221496117379,0.0,0.0,0.0,0.06976454937865673,0
C000274,0.0,0.0,0.0,0.04020219294730907,0.0,0.6013769609874979,0.0,0.358420846065193,4
C000275,0.0,0.0,0.019270196529297862,0.28733874097278544,0.0,0.0,0.0,0.6933910624979167,1
C000276,0.02198197733074657,0.0,0.0,0.8890595852653116,0.0,0.06734255949656162,0.0,0.021615877907380177,0
C000281,0.0,0.5335654575443881,0.20704011118707108,0.0,0.0,0.21614435869600673,0.0,0.04325007257253399,0
C000283,0.0,0.0,0.0,0.0,0.0,0.0,0.8414908065897664,0.15850919341023362,3
C000284,0.0,0.0,0.0,0.4382220528825597,0.0,0.4817769997485994,0.0,0.08000094736884089,0
C000285,0.0,0.0,0.0,0.11112810407871802,0.0,0.0,0.7489958007011209,0.1398760952201611,1
C000286,0.0,0.0,0.030428583799084388,0.0741793013608641,0.8820398422037253,0.0,0.0,0.013352272636326212,0
C000290,0.0,0.0,0.0,0.44864685070605914,0.0,0.0,0.0,0.5513531492939409,1
C000292,0.5749402574262189,0.0,0.0,0.0,0.0,0.0,0.028679790096196377,0.39637995247758473,2
C000295,0.0,0.06185670232271217,0.0,0.0,0.0,0.0,0.0,0.9381432976772879,1
C000296,0.0,0.09632356474484413,0.0,0.0,0.21202505607750458,0.0,0.0,0.6916513791776513,2
C000297,0.0,0.0,0.4934092796631336,0.0,0.04692803285360246,0.0,0.0,0.459662687483264,1
C000302,0.0,0.0,0.0,0.0,0.0,0.018199335025398777,0.0,0.9818006649746012,4
C000306,0.39937894493669945,0.0,0.0,0.4298552176956466,0.0,0.0,0.0,0.17076583736765394,3
C000310,0.137957723657014,0.12874370553409548,0.0,0.0,0.0,0.0,0.0,0.7332985708088905,1
C000311,0.2591042452602434,0.0,0.0,0.0,0.0,0.0,0.0,0.7408957547397566,3
C000313,0.18418647055219947,0.0,0.0,0.06670321330527053,0.0024691492328449286,0.0,0.6112396997868559,0.1354014671228292,0
C000319,0.192817923236186,0.035408032145760965,0.0,0.7292523663775782,0.0,0.0,0.0,0.042521678240474925,3
C000322,0.0067667534086865155,0.008309119412432633,0.0,0.0,0.8838976921025978,0.0,0.0,0.10102643507628306,1
C000323,0.053490196579231354,0.0,0.9095405807007314,0.0,0.0,0.0,0.0,0.03696922272003722,4
C000324,0.0,0.06793176207234805,0.04519595233078657,0.39295507851149236,0.0,0.0,0.0,0.493917207085373,4
C000326,0.0,0.0,0.0,0.0,0.7982257621725107,0.0,0.0,0.20177423782748927,3
C000330,0.2434727078988782,0.430263215802075,0.06864722722083394,0.0,0.0,0.0,0.23578890606309527,0.02182794301511759,0
C000332,0.0,0.0,0.0,0.7137171108134786,0.0,0.0,0.0,0.28628288918652145,4
C000336,0.0,0.0,0.383117881583529,0.004065164582014908,0.0,0.0,0.6055199052969996,0.007297048537456496,3
C000338,0.5857409918535873,0.039888693745048436,0.01925407468340068,0.0,0.0,0.0,0.0,0.3551162397179636,1
C000339,0.0,0.0,0.0,0.0,0.0,0.8838317151009345,0.0,0.1161682848990655,4
C000342,0.0,0.0,0.0,0.021038528714466646,0.13577896691137575,0.49410792981613455,0.0,0.34907457455802304,0
C000343,0.6863206541661473,0.28518460400479867,0.0,0.0032792436749543054,0.0,0.0,0.0006678191175933775,0.02454767903650623,0
C000348,0.38415977908786586,0.0,0.28129601184665365,0.0,0.05019529608685084,0.0,0.0,0.28434891297862963,4
C000350,0.10497823676770143,0.0,0.0,0.0,0.6212732556877694,0.12725868338207583,0.0,0.14648982416245337,3
C000351,0.08136001342258756,0.0,0.0,0.0,0.0,0.8686011657955859,0.0,0.05003882078182653,3
C000352,0.0,0.0,0.0,0.0,0.25608771701198835,0.0,0.5628421938442887,0.1810700891437229,2
C000353,0.0,0.0,0.0,0.9740087876999325,0.0021539947916642452,0.0,0.0,0.023837217508403286,4
C000356,0.0,0.0,0.20735076436796476,0.7674796011732445,0.0,0.0,0.0,0.025169634458790724,4
C000358,0.14012944236304262,0.0,0.0,0.0,0.060461506761915494,0.02534336373254383,0.0,0.774065687142498,2
C000361,0.09654581691822743,0.0,0.013775143893375722,0.0,0.00976377794975743,0.7656134543091108,0.023598454806712094,0.09070335212281655,0
C000363,0.19098615275048328,0.0,0.0,0.47963313762764515,0.0,0.29168449699440546,0.0,0.03769621262746614,3
C000364,0.0,0.0,0.656638883387806,0.027535074078499016,0.0,0.0,0.0,0.31582604253369506,0
C000369,0.0,0.08615791041163513,0.15499325524955898,0.0,0.0,0.0,0.07825823602851344,0.6805905983102924,0
C000372,0.0,0.0,0.0,0.0,0.0,0.0,0.6705180159513547,0.32948198404864526,0
C000375,0.0,0.0,0.0,0.0,0.0,0.8880095012878484,0.0,0.11199049871215161,0
C000376,0.0,0.019021621453862027,0.07000955745885658,0.26450012737682693,0.0,0.13999062723227698,0.0,0.5064780664781775,0
C000381,0.052315848906428715,0.0,0.0,0.5831648431110287,0.0,0.017854970745066076,0.0,0.3466643372374766,1
C000382,0.0,0.013665971823423339,0.0,0.5732020040237757,0.08202226809493432,0.265662901440385,0.0,0.06544685461748156,4
C000387,0.09479022949191027,0.0,0.6614129223396409,0.0,0.0,0.0,0.08105609915093911,0.16274074901750968,0
C000388,0.0,0.024738136659240576,0.09887089501741488,0.0,0.0,0.0,0.0,0.8763909683233445,2
C000389,0.0,0.0,0.0,0.0,0.0,0.0,0.4191713464216038,0.5808286535783962,4
C000390,0.0,0.0,0.0,0.0,0.11542348423155922,0.0,0.8122846806265862,0.07229183514185455,0
C000392,0.0909244396486357,0.0,0.0,0.0,0.0,0.0,0.48439714065922235,0.42467841969214193,3
C000394,0.0,0.0,0.0,0.0,0.2857060865614254,0.0,0.0,0.7142939134385746,2
C000400,0.0,0.0,0.0,0.11095990571758828,0.0,0.0,0.0,0.8890400942824117,1
C000401,0.20271146164343226,0.0,0.0,0.0,0.0,0.0,0.0,0.7972885383565678,1
C000403,0.0,0.0,0.8274914369968244,0.0,0.0,0.09328172254462103,0.0,0.07922684045855455,2
C000406,0.0,0.0,0.0,0.19256575740476461,0.0,0.0,0.7173072279905089,0.09012701460472639,3
C000407,0.0,0.2934394179948026,0.0,0.0,0.0,0.012922423565953602,0.569264075119649,0.12437408331959476,3
C000408,0.0,0.0,0.29812168784603243,0.0,0.0,0.0,0.0,0.7018783121539676,3
C000410,0.0,0.232752590767008,0.1817421422009726,0.15163702739296273,0.19686408461694743,0.009178650031929558,0.0,0.22782550499017984,4
C000414,0.0,0.0,0.0,0.1582222711669782,0.0,0.0,0.05538359641691095,0.7863941324161108,3
C000417,0.0,0.0,0.0,0.2469745479964816,0.0,0.0,0.5258195490912265,0.22720590291229192,2
C000418,0.0,0.0,0.0,0.0,0.0,0.12609615610600283,0.0,0.8739038438939972,1
C000420,0.0,0.509656038493532,0.0,0.034852122542070325,0.0,0.019856696575718633,0.3081061358457592,0.12752900654291977,3
C000422,0.0,0.0,0.08645744550463857,0.0,0.05702205390174767,0.0,0.0,0.8565205005936137,3
C000424,0.0,0.3549116606757162,0.0,0.0,0.0,0.6073989866249645,0.0,0.03768935269931928,2
C000425,0.0,0.0,0.0,0.0,0.0,0.0,0.6897634053507761,0.31023659464922393,4
C000426,0.20267175087410919,0.7101274016338966,0.0,0.0,0.0,0.0,0.0,0.0872008474919942,2
C000427,0.0,0.0,0.0,0.0,0.0,0.41493617286246715,0.2488102248528593,0.3362536022846736,1
C000428,0.0,0.0,0.0,0.0,0.0,0.05159961052234391,0.0,0.948400389477656,1
C000431,0.0,0.9980485570196171,0.0,0.0,0.0,0.0,0.0,0.001951442980382856,3
C000433,0.0,0.0,0.2544806063802935,0.0,0.04127535658005739,0.24621647807055014,0.0,0.45802755896909897,0
C000434,0.0,0.0,0.0,0.0,0.0,0.009652909498106292,0.0,0.9903470905018937,2
C000436,0.4027885878718027,0.025810668478202698,0.04562037962256578,0.05477406802338085,0.0,0.2655423784523529,0.03940973859644166,0.16605417895525332,2
C000437,0.0,0.0,0.0,0.0,0.0,0.0,0.0,1.0,2
C000438,0.039811769822224244,0.07693991592826752,0.0,0.0,0.0,0.0,0.8446963425607827,0.038551971688725484,4
C000443,0.10635916039448488,0.0,0.826877497921992,0.0,0.0,0.0,0.0,0.06676334168352305,2
C000445,0.0,0.0,0.0,0.0,0.0,0.10479247395383903,0.0,0.8952075260461609,3
C000446,0.0,0.0,0.35528499066292146,0.0,0.4742094287604134,0.10686889004011224,0.044662714022662385,0.018973976513890434,3
C000447,0.0,0.071082938536062,0.8793612305553085,0.0,0.0,0.0,0.027319113053777065,0.022236717854852484,0
C000448,0.13089461319527404,0.0,0.0,0.0,0.859458784973904,0.0,0.0,0.009646601830821888,3
C000452,0.0,0.7425014744433605,0.0,0.0,0.02697736160214574,0.2159556057161963,0.01007660410444908,0.004488954133848422,1
C000453,0.0,0.0,0.08276269458614134,0.05471313063974542,0.2337281959013999,0.0,0.6064725841928631,0.022323394679850228,3
C000454,0.0,0.0,0.14806143973035815,0.0,0.0,0.8304436075246966,0.0,0.021494952744945284,4
C000455,0.07759907369016572,0.31989060868771635,0.0,0.5561572115461142,0.0,0.0,0.0,0.046353106076003736,1
C000456,0.0,0.0,0.0,0.0,0.0,0.11560257540172038,0.622355362961352,0.26204206163692767,2
C000457,0.1734333146750122,0.036953497412342544,0.553195443655744,0.0,0.0,0.0,0.0,0.2364177442569012,0
C000458,0.0,0.028123376454197976,0.15326196964563438,0.0,0.16610313016853395,0.0,0.0,0.6525115237316337,1
C000461,0.0,0.0,0.669096203687909,0.0,0.0,0.0,0.0,0.330903796312091,2
C000462,0.0,0.0,0.014402804430479045,0.0,0.0,0.4752258402023103,0.35872628984930716,0.15164506551790358,2
C000464,0.0,0.0,0.0,0.0,0.06009016717163774,0.0,0.0,0.9399098328283623,1
C000465,0.10608324706032521,0.0,0.7443407095398835,0.03819686175543002,0.0,0.0,0.0,0.11137918164436122,2
C000468,0.0,0.0,0.4950212172362494,0.0,0.08625545322856466,0.235580665039376,0.0,0.18314266449580985,4
C000469,0.0,0.0,0.9936279826220819,0.004289381697952746,0.0,0.0,0.0,0.002082635679965361,2
C000470,0.0,0.0,0.9003873705974171,0.0,0.0,0.0,0.0,0.09961262940258286,2
C000471,0.19859270984708163,0.0,0.0,0.0,0.0,0.023278204216356534,0.0,0.7781290859365618,0
C000472,0.0,0.0,0.0,0.0,0.0,0.0,0.0,1.0,4
C000473,0.0,0.24451756284712936,0.0,0.022295655590279292,0.6362108355176095,0.0,0.0,0.09697594604498194,4
C000475,0.0,0.0,0.20341745088128738,0.6156615455235783,0.0,0.0,0.0,0.1809210035951343,0
C000477,0.0,0.1472690107925533,0.0,0.0,0.0,0.08386571422620231,0.7448785189527432,0.0239867560285012,0
C000481,0.32097512898425323,0.44108639587436443,0.0,0.0,0.02079762242230832,0.06752529867254164,0.0,0.14961555404653237,4
C000482,0.0,0.01117967042465701,0.0,0.0,0.06493149385518598,0.0,0.6295190613411531,0.2943697743790039,0
C000484,0.0,0.0,0.0,0.10382781918732524,0.0,0.0,0.0,0.8961721808126748,1
C000492,0.11062474883582334,0.1121167349188179,0.47698906483954584,0.0,0.004084397998671512,0.033863957178312566,0.055003689288215744,0.20731740694061296,1
C000493,0.0,0.03441441571070357,0.0,0.03947443663474476,0.4109168637348591,0.0,0.11412901177395343,0.40106527214573917,2
C000497,0.0,0.0,0.022304278748492803,0.5483731685396884,0.0,0.042713101058977035,0.03862312521411559,0.34798632643872607,0
C000498,0.1832902712539891,0.0,0.0,0.4725070167844543,0.0,0.0,0.0,0.3442027119615566,3
C000502,0.0,0.0,0.20622879375217587,0.0,0.09644093747522973,0.027620100923040986,0.5329847472345871,0.1367254206149663,1
C000503,0.3562077306044007,0.0,0.4979571428112111,0.0,0.012823185828070866,0.0041728649117035894,0.03694986985565616,0.09188920598895767,4
C000504,0.0,0.0131998607778104,0.0,0.0,0.12063075839801092,0.03012284420909762,0.0,0.8360465366150811,2
C000506,0.0,0.0,0.011228792462514623,0.0,0.3348876187462877,0.5998120572848729,0.0,0.05407153150632482,4
C000508,0.0,0.29950984627685656,0.0,0.0,0.016988008302985125,0.22554768464572797,0.0,0.45795446077443036,0
C000509,0.0,0.16876117818464717,0.0,0.0,0.0,0.10447115729133431,0.49358302536851223,0.23318463915550636,4
C000511,0.0,0.0929136339782005,0.0,0.2139951281720026,0.027955697307566647,0.46068589119924047,0.01908332358726334,0.1853663257557263,4
C000512,0.0,0.9268518021881744,0.0,0.0,0.0,0.0,0.0,0.07314819781182558,3
C000513,0.0,0.0,0.1860698954416312,0.0,0.0,0.0,0.0,0.8139301045583688,0
C000516,0.0,0.0,0.006977436397707554,0.0,0.17692147871675817,0.0,0.7862094326810009,0.02989165220453338,3
C000518,0.5923034208924584,0.0,0.0,0.03014034632029979,0.2535954846326738,0.0619421834994958,0.0,0.06201856465507227,3
C000521,0.0,0.5132769061292846,0.0,0.0,0.4454834669740447,0.0,0.0,0.04123962689667082,3
C000523,0.8009547322278727,0.1669202520469182,0.0,0.027521404551887563,0.0,0.0,0.0,0.004603611173321531,3
C000526,0.0,0.0,0.0,0.0,0.0,0.07238021189581233,0.06524019298444175,0.8623795951197459,0
C000529,0.6607421093960166,0.0,0.0,0.0,0.0,0.0,0.0,0.33925789060398337,0
C000531,0.0,0.09091882744927801,0.5824754128482218,0.0,0.0,0.23442727287786633,0.0023102843533624744,0.08986820247127136,4
C000532,0.6031146039796005,0.0,0.0,0.3588962232630112,0.0,0.0,0.0,0.037989172757388334,4
C000534,0.7587977397622572,0.0,0.22656506540482013,0.0,0.0122740727864041,0.0,0.001492435741444759,0.000870686305073809,2
C000536,0.0,0.036140345769410984,0.45173668060044686,0.0,0.0,0.23229924235503058,0.13406606119953624,0.14575767007557527,0
C000539,0.0,0.5022303689266802,0.03386823843029054,0.04171951686408943,0.0,0.0,0.02217401812807123,0.40000785765086866,3
C000540,0.0,0.0,0.3070465853903599,0.0,0.0,0.0972246936685735,0.010849448694227451,0.5848792722468392,4
C000543,0.0,0.11251913132718924,0.0,0.8445281587621822,0.0,0.0,0.0,0.042952709910628495,4
C000544,0.0,0.0,0.0,0.0,0.0,0.0,0.0,1.0,4
C000548,0.0,0.0,0.0,0.19839979008748557,0.3709738965211486,0.09898625647753251,0.0,0.33164005691383336,0
C000549,0.5466551823186641,0.0,0.0,0.013249374619346917,0.3221925835085502,0.10302512007674622,0.0,0.014877739476692575,2
C000550,0.0,0.0,0.0,0.0,0.0,0.0,0.01921901643673688,0.9807809835632632,2
C000551,0.0,0.3008106675782669,0.39392371733953385,0.16990708642574462,0.0,0.0,0.0,0.1353585286564547,1
C000552,0.0,0.0,0.0,0.018594974106754942,0.0,0.0,0.0,0.9814050258932451,0
C000555,0.3562144013715238,0.0,0.0,0.03429551301176874,0.0,0.0,0.013110097149412286,0.5963799884672951,3
C000556,0.0,0.0,0.37677329980487906,0.0,0.0,0.431192909887993,0.0,0.19203379030712786,0
C000557,0.16548468059063012,0.0,0.0,0.15781639916893203,0.0,0.16666590824233152,0.0,0.5100330119981064,2
C000558,0.0,0.0,0.044006797083486246,0.0,0.0,0.0,0.0,0.9559932029165138,1
C000559,0.0,0.0,0.0,0.07751590999539602,0.0,0.7819995365738367,0.12178463377639294,0.018699919654374342,4
C000561,0.0,0.0,0.0,0.0,0.0,0.0,0.0,1.0,1
C000563,0.0,0.0,0.0,0.46912028847876386,0.0,0.4070496684087848,0.0,0.12383004311245127,0
C000564,0.0,0.0,0.0,0.04278700266161833,0.8934455480020105,0.0,0.011410100450228692,0.05235734888614252,1
C000567,0.9831159934078603,0.0,0.0,0.0,0.0,0.0,0.0,0.016884006592139733,3
C000579,0.026468651392542526,0.3157142830869806,0.0,0.08450907211521758,0.0,0.0,0.1584451884678582,0.41486280493740113,2
C000580,0.7320238897501697,0.0,0.0,0.03819763159186115,0.22093400272118774,0.0,0.0,0.008844475936781393,3
C000586,0.0,0.0,0.0,0.0,0.022801440296022896,0.0,0.7192948222375914,0.2579037374663856,2
C000587,0.0,0.3801712690992833,0.08620169497496363,0.0,0.030099237698666518,0.463555644834267,0.0,0.039972153392819676,0
C000588,0.5812184186855441,0.0,0.0,0.0,0.0,0.0,0.0,0.41878158131445586,1
C000592,0.0,0.0,0.0,0.21700705213624893,0.6445098702349712,0.0614582803194278,0.0,0.07702479730935208,3
C000596,0.8913317751311357,0.0,0.0,0.0,0.0,0.0,0.0,0.1086682248688643,3
C000597,0.49700054974541624,0.0,0.28959854802064133,0.0,0.0,0.0,0.039661408083958107,0.17373949414998435,4
C000599,0.0,0.0,0.19759029220690105,0.16348229517878818,0.0,0.0,0.0,0.6389274126143107,4
C000600,0.045840015448614733,0.0,0.0,0.0,0.14591900716873948,0.0,0.5924845586996879,0.21575641868295792,2
C000602,0.11406154177383622,0.0,0.0,0.0,0.0,0.09006670768066699,0.0,0.7958717505454969,2
C000605,0.2810110993032006,0.0,0.0,0.5725439053079725,0.0262013852737694,0.024398864692561997,0.0,0.09584474542249555,3
C000606,0.0,0.0,0.0,0.0,0.0,0.0,0.8456187352618131,0.15438126473818692,1
C000607,0.7961654334654444,0.0,0.0,0.0,0.0,0.0,0.0,0.20383456653455556,2
C000609,0.8963547922434477,0.0,0.036575290072240356,0.0,0.0,0.0,0.005837557617437657,0.06123236006687427,3
C000612,0.0,0.7675359717221957,0.13031453379841826,0.0,0.0,0.0,0.0,0.10214949447938604,2
C000615,0.0,0.03683335813382195,0.0,0.0,0.0,0.2732373879145948,0.6830307463838658,0.006898507567717482,1
C000617,0.013416531567579484,0.0,0.011971144390830933,0.0,0.0,0.0,0.0,0.9746123240415896,1
C000618,0.0,0.0,0.0,0.0,0.0,0.8517243314903902,0.028805547051551857,0.11947012145805802,2
C000620,0.05447039492920369,0.0,0.600084745730168,0.0,0.0,0.01590793057953386,0.3091958537148783,0.020341075046216073,0
C000621,0.0,0.0,0.0,0.0,0.0,0.0,0.728638174935175,0.271361825064825,0
C000622,0.030551124254379995,0.0,0.034591648959298414,0.26266510137437415,0.41574406308859446,0.0,0.07297770361394947,0.18347035870940342,3
C000624,0.0,0.0,0.0,0.0,0.0,0.0,0.0,1.0,1
C000626,0.4440842644710415,0.0,0.0,0.0,0.0,0.04424833519589647,0.44859087213393334,0.06307652819912868,3
C000627,0.0,0.0,0.0,0.010506701054822607,0.018241699751625495,0.0,0.0,0.9712515991935519,2
C000629,0.9633476529404958,0.019179119056662138,0.0,0.008911612601711126,0.0,0.0,0.0,0.008561615401130873,2
C000630,0.0,0.0,0.0,0.0,0.0,0.07634057982308638,0.46996483319667526,0.45369458698023835,0
C000633,0.0,0.5142897235671909,0.0,0.0,0.04556026322280345,0.0,0.3289313440674448,0.11121866914256073,0
C000636,0.5276477945564778,0.0,0.3987907598914942,0.0,0.0,0.0,0.0,0.07356144555202793,1
C000638,0.10711555252864215,0.010944424685872693,0.0,0.0,0.0,0.8710882097700083,0.0,0.010851813015476885,1
C000639,0.0,0.0,0.047275442266490095,0.30269593549604135,0.10387315103640048,0.0,0.0,0.5461554712010681,1
C000640,0.0,0.0,0.8722680811626154,0.0,0.0,0.0,0.0,0.12773191883738455,0
C000641,0.0,0.003066111476425267,0.0009410715107505513,0.03548972166799774,0.09407838332485242,0.0,0.8564618175372318,0.009962894482742124,3
C000644,0.06788024460869431,0.0,0.0,0.0,0.0,0.2390885987397284,0.454692188853589,0.23833896779798835,2
C000645,0.19616953883445223,0.31641958190766245,0.22600570232795114,0.0,0.0,0.0,0.008986890514309414,0.2524182864156247,1
C000647,0.01827656763369788,0.0,0.11351995744568227,0.35376774826845014,0.0,0.0,0.09405302252835522,0.4203827041238145,1
C000648,0.0,0.5952831515453867,0.0,0.0,0.21747806923446478,0.0,0.021337458478835874,0.1659013207413127,0
C000649,0.0,0.6929534449455921,0.0,0.16716362871342663,0.015086342007476652,0.0,0.10344103462164699,0.021355549711857713,2
C000651,0.0,0.0,0.0,0.0,0.0,0.5738802020954927,0.387931765463792,0.038188032440715336,3
C000652,0.025366496905257992,0.0,0.05060946593882575,0.010404185621534638,0.0,0.6381218544096747,0.2703564756707432,0.005141521453963627,3
C000657,0.0,0.0,0.0,0.0,0.0,0.0,0.6965463349896971,0.3034536650103029,2
C000660,0.04967189261196202,0.01833398811504471,0.2682070275388753,0.026737970291654183,0.0,0.0,0.0,0.6370491214424638,4
C000665,0.0,0.0,0.0,0.7831998111513799,0.0,0.0,0.0,0.21680018884862007,1
C000666,0.0,0.7566923236740208,0.0,0.0,0.0,0.0,0.0,0.24330767632597916,1
C000667,0.15547440560676906,0.0,0.3249937576389442,0.489149025174267,0.0,0.0,0.0010540526846099312,0.029328758895409868,0
C000668,0.0,0.0,0.0,0.0,0.45508714382962806,0.0,0.46276075883561657,0.08215209733475537,4
C000669,0.0,0.0,0.0,0.04205412601560379,0.7525254996635168,0.0,0.0,0.20542037432087945,3
C000670,0.0,0.0,0.16083573474392648,0.0,0.0,0.0,0.8242176044498417,0.01494666080623186,3
C000672,0.4832737111209844,0.0,0.0,0.0,0.0,0.0,0.46657387164948444,0.05015241722953112,4
C000675,0.0,0.0,0.0,0.0,0.0,0.0,0.5735238092806044,0.4264761907193956,2
C000677,0.0,0.0,0.0,0.0,0.0,0.0,0.0,1.0,4
C000678,0.0,0.0,0.0,0.49492486153439963,0.3592452204589482,0.0,0.0,0.14582991800665224,1
C000679,0.15190792778693177,0.0,0.0,0.2361818135935898,0.0,0.024395578684779633,0.5371786410112819,0.05033603892341687,2
C000680,0.18748104160534793,0.09353177288161313,0.0,0.029645167698650027,0.0,0.2302269644443309,0.0,0.4591150533700581,4
C000681,0.09553345002785832,0.0,0.0,0.022208790569099985,0.0,0.0,0.28505924382346454,0.5971985155795771,1
C000682,0.09502424400758053,0.046365628963568314,0.8489535292397933,0.0,0.0020955083962280498,0.0,0.0014751559017092152,0.006085933491120632,0
C000683,0.10539066487436242,0.2881251336278199,0.0,0.0,0.0,0.0,0.5806444082646731,0.02583979323314456,3
C000684,0.777132933426447,0.016857299962687023,0.0,0.18387366824460613,0.0,0.0,0.0,0.02213609836625985,3
C000694,0.22570839977943064,0.10914596966844933,0.0,0.0,0.0,0.0,0.0,0.6651456305521201,4
C000696,0.0,0.0,0.04558883480931359,0.0,0.9233254089213876,0.0,0.0,0.03108575626929877,2
C000699,0.0,0.0014618513650526297,0.0,0.0,0.0,0.0,0.974892682038205,0.02364546659674238,1
C000700,0.0,0.0,0.19442817212885283,0.0,0.33502104199893146,0.0,0.0,0.47055078587221577,3
C000701,0.022584103997623776,0.20252199158581516,0.0,0.02719942121750359,0.5456589067830246,0.0,0.0,0.20203557641603287,3
C000702,0.0,0.0,0.08853342021014299,0.0,0.0,0.03369330744485045,0.0,0.8777732723450066,3
C000705,0.0,0.11855656721120562,0.0,0.0,0.0,0.0,0.6290560936385081,0.2523873391502862,4
C000707,0.0,0.0,0.0,0.0,0.0,0.8345325447074826,0.0,0.16546745529251738,0
C000709,0.0,0.0,0.2688665032870081,0.0,0.0,0.6947007573010929,0.0005177451271968619,0.03591499428470213,1
C000712,0.14544053580207392,0.13420631573429076,0.0,0.0,0.4928334327665703,0.0,0.0,0.22751971569706497,0
C000713,0.0,0.01572340163525001,0.0,0.30743631339766037,0.024591247649478787,0.2723492123598394,0.3598584431888426,0.02004138176892889,2
C000717,0.12467982339060238,0.0,0.5791948623755538,0.0,0.0,0.0,0.0,0.2961253142338438,3
C000721,0.0,0.0,0.0,0.0,0.4219108373013778,0.0,0.0,0.5780891626986222,1
C000725,0.06410204652859765,0.0,0.0,0.0,0.24994313028399906,0.6252536173544563,0.0,0.060701205832947025,3
C000728,0.0,0.4327737046521659,0.42633395072915803,0.053944108665557586,0.0,0.0,0.0,0.08694823595311851,1
C000732,0.020333069869359247,0.0,0.16664432833678935,0.0,0.0,0.0,0.0,0.8130226017938513,1
C000734,0.0,0.0,0.0,0.0,0.0,0.0,0.9448807871894752,0.05511921281052479,0
C000735,0.0,0.0,0.8755229835681719,0.0,0.0,0.0,0.06355204581040584,0.060924970621422214,4
C000737,0.07746656222392655,0.0,0.05622829955598856,0.0,0.0,0.8472349122445952,0.0,0.019070225975489685,2
C000738,0.0,0.0,0.0,0.0,0.0,0.020518673073820035,0.0,0.97948132692618,2
C000743,0.04846233849712385,0.054529148100006496,0.0,0.0,0.0,0.0,0.0,0.8970085134028697,1
C000746,0.0,0.0,0.0,0.046811795355292396,0.0,0.0,0.053922614278248904,0.8992655903664587,0
C000747,0.0,0.0,0.5480623050952109,0.0,0.0,0.0,0.21346797943216123,0.23846971547262785,1
C000749,0.32904787420551196,0.13523831860579882,0.4287367798094435,0.0,0.0,0.0,0.0,0.10697702737924564,0
C000750,0.0,0.0,0.05890319370192162,0.0,0.0,0.0,0.0,0.9410968062980783,2
C000756,0.0,0.0,0.0,0.0,0.7823021609907024,0.0,0.0,0.21769783900929762,1
C000758,0.0,0.0,0.0,0.0,0.019827982282148406,0.02459632533043677,0.0,0.9555756923874148,0
C000761,0.8350964981406583,0.0,0.0,0.07162296738399059,0.0,0.0,0.0,0.09328053447535112,1
C000763,0.2453044595046638,0.0,0.0,0.0,0.0,0.0,0.6070194567444922,0.14767608375084396,0
C000764,0.0,0.0,0.3857503597333547,0.0,0.026690779024217223,0.048621214920093095,0.01945344332459687,0.5194842029977381,0
C000766,0.0,0.0,0.0,0.0,0.0,0.0,0.12491371344773428,0.8750862865522657,3
C000769,0.0,0.0,0.03184588668549143,0.24920650082528137,0.0,0.0,0.0,0.7189476124892272,3
C000771,0.0,0.0,0.0,0.0,0.0,0.0,0.8049669525786761,0.19503304742132388,3
C000772,0.0,0.0,0.4892883572753051,0.07566588022114086,0.0,0.0,0.384476274904845,0.05056948759870905,0
C000775,0.0,0.0,0.0,0.0,0.0,0.0,0.0,1.0,3
C000776,0.0,0.003415786647431363,0.0,0.7401852312183466,0.0,0.0,0.14102537248939628,0.11537360964482579,1
C000778,0.49740185663152653,0.03373073617738226,0.0,0.0,0.0,0.26390712396254434,0.0,0.20496028322854687,0
C000781,0.0,0.0020105927965608054,0.19273027463815207,0.7604380983921919,0.0,0.001523754531485651,0.0,0.043297279641609565,1
C000783,0.0,0.0,0.0,0.0,0.0,0.0,0.0,1.0,1
C000787,0.0,0.09549006216017154,0.0,0.0,0.8344451881198753,0.0,0.0,0.07006474971995313,1
C000792,0.0,0.4633716624617998,0.0,0.10693546872621147,0.0,0.2833112178763676,0.0,0.14638165093562117,3
C000793,0.0,0.06561514396709144,0.0,0.03987450028188091,0.0,0.0,0.7165380308174641,0.17797232493356352,4
C000794,0.0,0.138810024070128,0.0,0.03938978765946124,0.6487025143448018,0.0,0.004132323222224006,0.16896535070338503,4
C000799,0.0,0.0,0.0,0.0,0.0,0.0,0.043242290930247645,0.9567577090697523,0
C000800,0.009466408595225245,0.0,0.0,0.0,0.39470479670967684,0.265970695840201,0.0,0.3298580988548969,4
C000805,0.03620488716394536,0.7741130806113256,0.0,0.0,0.14074521202421278,0.0,0.005619605343095946,0.04331721485742046,3
C000807,0.4839176859097403,0.0,0.0,0.0,0.3474787617118328,0.0,0.0,0.16860355237842684,2
C000808,0.0,0.0,0.009333940867968652,0.0,0.017510061193022636,0.4384583911528944,0.04752501523408985,0.4871725915520244,2
C000815,0.0,0.0,0.0,0.0,0.0,0.10683611725970758,0.0,0.8931638827402925,3
C000819,0.5604360158486024,0.0,0.25465173458119716,0.0,0.0,0.0,0.0,0.18491224957020047,3
C000821,0.0,0.0,0.7810544076638072,0.16057989445160117,0.0,0.0,0.045974638192637085,0.012391059691954531,1
C000822,0.14872288212787568,0.0,0.0,0.0949829328731991,0.0,0.0,0.0,0.7562941849989252,2
C000823,0.5390662659856452,0.07084621013426406,0.0,0.0,0.0,0.03213218725795663,0.24422688266740714,0.11372845395472697,2
C000826,0.02152820384970948,0.04483527748953998,0.22040018540672157,0.0,0.0,0.6473177253427869,0.0,0.06591860791124216,0
C000827,0.0,0.0,0.3309158614124329,0.0,0.0,0.0,0.0,0.6690841385875671,3
C000829,0.0,0.0,0.0,0.0,0.0,0.0,0.0,1.0,3
C000831,0.0,0.016744066875058094,0.6741273132711386,0.011934105970970471,0.0,0.2491315890398912,0.01585879210714842,0.032204132735793145,4
C000832,0.2912884774616922,0.0,0.14461204574903722,0.0,0.0,0.0,0.3285002601476836,0.235599216641587,4
C000835,0.2641910807003284,0.0,0.0,0.08187680671791661,0.04294109088040624,0.26380184470168494,0.2483341952761718,0.09885498172349205,0
C000836,0.1609786372456699,0.21955194075911058,0.0,0.0,0.0,0.0,0.5362561571386404,0.0832132648565791,0
C000837,0.0,0.0,0.30369859721421205,0.0,0.04753235826001503,0.6282160869300351,0.00521469004637885,0.015338267549359075,4
C000840,0.0,0.0,0.0,0.0,0.9136156742804934,0.0,0.0,0.0863843257195066,4
C000841,0.2646579705196112,0.3142182304575957,0.0,0.04062323023452422,0.0,0.05499570157521,0.0,0.32550486721305893,2
C000842,0.0,0.0,0.0,0.37800963814391814,0.012761714797118054,0.4503315959670254,0.0,0.1588970510919384,4
C000843,0.0,0.0,0.0,0.0,0.44738647967918,0.0,0.0,0.55261352032082,2
C000844,0.11972769981739084,0.08277232175972996,0.0,0.6221443497820884,0.08748583788993122,0.0,0.0,0.08786979075085954,4
C000850,0.0,0.0,0.0,0.795201286224056,0.0,0.0,0.0,0.20479871377594405,1
C000851,0.0,0.23750264632335033,0.0,0.0,0.0791778245656918,0.6192789870552942,0.0,0.06404054205566367,4
C000854,0.0,0.09506867725875819,0.3942499011652409,0.0,0.0,0.35557429908543736,0.13042756731746655,0.024679555173097056,0
C000856,0.06418437501547779,0.056108410613614774,0.0,0.0,0.0,0.22845801356564127,0.0,0.6512492008052662,1
C000857,0.15563648760746684,0.06441530555965357,0.0,0.0,0.0,0.0,0.7227187091642511,0.057229497668628504,2
C000858,0.2245419374302833,0.0,0.0,0.7322337720263439,0.0,0.0,0.0,0.043224290543372845,3
C000859,0.0,0.0,0.4642111802487546,0.5046266150225001,0.0,0.0,0.0,0.031162204728745424,3
C000862,0.0,0.0,0.0,0.20875622033861993,0.0,0.6801271005929846,0.0,0.1111166790683954,2
C000865,0.0,0.0,0.07322056315702788,0.0,0.13533986613534696,0.0,0.0,0.7914395707076252,2
C000868,0.0,0.0,0.0,0.015793390319699164,0.0,0.0211639350518089,0.0,0.9630426746284919,2
C000873,0.12613625285361185,0.0,0.0,0.0,0.0,0.0,0.6123217853600439,0.26154196178634426,4
C000874,0.021574873705853616,0.10151623152365415,0.26732505965058123,0.22756849045562175,0.005937724410028442,0.0,0.034868562458625955,0.3412090577956348,2
C000877,0.008250279781562763,0.0036873247870054704,0.0,0.0,0.005970600111902609,0.8565218461530422,0.07718138427270291,0.04838856489378407,1
C000878,0.033616763644102064,0.0,0.0,0.000486148745955255,0.0,0.8525712713166648,0.10549727432663197,0.007828541966645952,1
C000880,0.0,0.0,0.0,0.0,0.0,0.04722563706454427,0.9374904056061935,0.015283957329262243,1
C000883,0.0,0.1623899522631807,0.0,0.0,0.0,0.10823942695018357,0.6607274095445091,0.06864321124212658,3
C000885,0.4551003463126455,0.0,0.0,0.18101068610232998,0.02610209690835405,0.33009677474900984,0.0,0.007690095927660678,0
C000886,0.0,0.09254684295449607,0.0,0.0,0.0,0.030191173090695737,0.8010022217188675,0.07625976223594066,0
C000887,0.9140762011376313,0.0,0.06958905850628816,0.0,0.0,0.0,0.0,0.016334740356080513,3
C000889,0.0,0.0,0.02659245417851777,0.0,0.856502296632169,0.0,0.0,0.11690524918931322,0
C000891,0.019521153736363584,0.22374834708772473,0.4247827510607785,0.037258288346075,0.0,0.22843000130109894,0.0,0.06625945846795922,2
C000892,0.0,0.0,0.7460251086950919,0.1984494973114313,0.0,0.0,0.0,0.05552539399347678,4
C000894,0.0,0.37226303561753976,0.0,0.006391927637697066,0.0,0.0,0.5501451676463007,0.07119986909846243,3
C000895,0.6621640576672275,0.0,0.03929132011837693,0.0,0.0,0.0,0.08584446207778251,0.21270016013661308,3
C000901,0.0,0.0,0.0,0.0,0.0,0.17557181615653536,0.11384352479594831,0.7105846590475163,3
C000903,0.0,0.0,0.6741459884703052,0.0,0.0,0.2718873186367686,0.0,0.053966692892926216,2
C000904,0.10876907234457614,0.0,0.0,0.0,0.0,0.8407254101182404,0.002069379917387229,0.04843613761979626,0
C000905,0.0,0.0,0.3367460123554523,0.0,0.0,0.0,0.0,0.6632539876445477,2
C000907,0.005549074317635774,0.0,0.08599529356635516,0.3253618936854861,0.0,0.337052860694233,0.0,0.2460408777362899,2
C000911,0.3462552935130846,0.39179862463855053,0.0,0.0,0.07039102626313426,0.0,0.0,0.19155505558523056,0
C000912,0.0,0.03303311982184855,0.1348243822080657,0.0,0.0,0.23157373325971925,0.0,0.6005687647103666,1
C000914,0.0,0.0,0.9920985333961425,0.0,0.0,0.0,0.0,0.007901466603857488,1
C000916,0.2736890752725719,0.0,0.0,0.7095107019109851,0.0,0.0,0.0,0.016800222816443,4
C000917,0.5975621490454696,0.0,0.0,0.0029084573335848955,0.0,0.36974172006623557,0.0,0.029787673554710015,3
C000920,0.0,0.0,0.0,0.0,0.02442236359102598,0.3981104087759492,0.21950210615592086,0.357965121477104,0
C000921,0.0,0.0,0.0,0.0,0.07805603810816347,0.0,0.7679958805698508,0.15394808132198579,0
C000922,0.07026847981170437,0.05594968453865846,0.0,0.0,0.0,0.0,0.17236985303592792,0.7014119826137093,2
C000923,0.0,0.0,0.0,0.5414588162495818,0.0,0.0,0.37898507758789235,0.07955610616252584,1
C000926,0.1157041108577443,0.830826872454951,0.03625825657596137,0.0,0.0,0.0,0.0,0.01721076011134326,1
C000927,0.6465376939978521,0.0,0.2679875913202155,0.044101444048993584,0.0,0.0,0.0,0.04137327063293872,2
C000930,0.1573554990387777,0.0,0.0,0.0,0.0,0.654994292512042,0.0,0.18765020844918023,3
C000931,0.0,0.01626533586166379,0.0,0.0,0.0,0.0,0.0,0.9837346641383362,2
C000932,0.0,0.13101261902676548,0.0,0.0,0.5152114349063356,0.0,0.1826669638173531,0.17110898224954596,2
C000933,0.0,0.9956480362104809,0.0,0.0,0.0,0.0014564826788316108,0.0,0.0028954811106874923,0
C000936,0.11871168379872855,0.13481831145752962,0.2926334541469399,0.0,0.27913018639915455,0.05345114718569574,0.0,0.12125521701195152,4
C000938,0.044856873194246076,0.14155997900687545,0.0,0.14095196321707906,0.08286121985348116,0.0,0.0911721520784721,0.49859781264984615,1
C000942,0.0,0.12288753634082901,0.0,0.11111608840316789,0.0,0.40289180678047426,0.16324937946856405,0.19985518900696486,1
C000948,0.10096194301875777,0.0,0.0727548140641871,0.3345991111581664,0.0,0.0,0.0,0.4916841317588887,2
C000949,0.06101212732864278,0.0,0.0,0.040387209955076504,0.0,0.0,0.7427308899126314,0.15586977280364933,0
C000950,0.0,0.0,0.0,0.0,0.0,0.09088344888398972,0.05655585390079948,0.8525606972152108,3
C000951,0.7056962182737443,0.0,0.0,0.0,0.2104010170826733,0.0,0.0,0.08390276464358237,0
C000954,0.0,0.32646575671835054,0.0,0.08461096293296004,0.028463738068296524,0.43010000004155574,0.0,0.13035954223883706,4
C000956,0.0,0.0,0.0,0.0,0.0,0.21011452813080872,0.6319978633367307,0.15788760853246053,0
C000957,0.009425985317300354,0.46256327487623605,0.0,0.009600593303193777,0.49906427815074567,0.0,0.0,0.019345868352524054,2
C000958,0.0,0.0,0.0,0.0,0.0,0.9251623429955123,0.0,0.07483765700448775,1
C000959,0.0,0.0,0.0,0.0,0.0,0.0,0.323887987239187,0.676112012760813,4
C000964,0.0,0.2545083810687222,0.0,0.0,0.0,0.12377991433141187,0.47134771900564365,0.15036398559422226,4
C000965,0.0,0.0,0.4029393722581896,0.0,0.22004352667145782,0.0,0.0,0.3770171010703526,0
C000966,0.0,0.09193050699013655,0.0,0.08592365506124293,0.0,0.0,0.4223820954812475,0.399763742467373,1
C000967,0.0,0.8474523343822079,0.0,0.0,0.0,0.0,0.0,0.1525476656177921,4
C000968,0.0,0.0,0.31750750892874113,0.0,0.0,0.0,0.6791419430367849,0.003350548034473988,4
C000971,0.0,0.0279108322963084,0.0,0.0,0.8007945791997295,0.0,0.0960528509081053,0.07524173759585673,3
C000972,0.0,0.0,0.05691474097405695,0.0,0.5977569527733483,0.0,0.18124034358119936,0.16408796267139547,1
C000974,0.3530662770110791,0.14055586133296924,0.12100279782625493,0.0,0.0,0.0,0.0,0.3853750638296968,0
C000975,0.10910888875181705,0.0,0.0,0.0,0.8694928393077754,0.0,0.0,0.021398271940407554,4
C000977,0.0,0.0,0.0,0.0,0.0,0.0,0.88788720027846,0.11211279972153998,0
C000980,0.0,0.0,0.9341332083586275,0.0,0.0,0.01648770331903618,0.0,0.049379088322336395,3
C000981,0.0,0.0,0.07163440658749932,0.0,0.0320211295308494,0.10321604721942376,0.0,0.7931284166622274,0
C000983,0.03994000156635374,0.0,0.029324562467439093,0.0,0.8073628929258687,0.0,0.0,0.12337254304033851,1
C000985,0.0,0.036066494398937235,0.0,0.5856268008286355,0.0,0.0,0.0,0.3783067047724272,0
C000988,0.0,0.0,0.0,0.0,0.279607821878615,0.0,0.33204922059625575,0.38834295752512926,2
C000990,0.029707429299465994,0.0,0.07420520698485636,0.7485418170557915,0.0,0.041296422846985446,0.0,0.10624912381290075,0
C000993,0.0,0.8299210869484526,0.0,0.0,0.14366858372269384,0.0006663824009921527,0.019188681494653668,0.006555265433207724,4
C000994,0.0,0.0,0.0,0.358364021040783,0.0,0.0,0.19358515619490682,0.4480508227643102,4
C000996,0.047272388666984286,0.0619163788557098,0.0,0.0,0.0,0.8546605964542165,0.0,0.03615063602308932,1
C000997,0.0,0.9680931833370804,0.0,0.0,0.0,0.0,0.0,0.03190681666291961,3
C000998,0.0,0.590334709365767,0.0,0.0,0.0,0.0,0.0,0.40966529063423296,4
C000999,0.0,0.012015050183864175,0.0,0.0,0.1391560167348495,0.03615080226011748,0.020044248565305185,0.7926338822558636,0
C001000,0.0,0.0,0.22304552436279557,0.0,0.0,0.0,0.3208269996876703,0.4561274759495342,3
C001002,0.008620641437208353,0.0,0.0,0.014359382371150337,0.8659665989365547,0.0,0.0,0.11105337725508657,3
C001004,0.0,0.0,0.0,0.39154214620612976,0.0,0.20232289373631848,0.0,0.4061349600575518,0
C001006,0.7882823865978658,0.0,0.0,0.0,0.0,0.0,0.0,0.21171761340213424,4
C001008,0.0,0.6449947071927744,0.0,0.0,0.0,0.0,0.027805955380727346,0.3271993374264982,4
C001013,0.0,0.0,0.0,0.0,0.0,0.047700608798831326,0.0,0.9522993912011687,0
C001018,0.0,0.0,0.0,0.0,0.0,0.015260703745366158,0.0,0.9847392962546339,2
C001020,0.0,0.0,0.0,0.0,0.0,0.7623216642314675,0.19214768863497977,0.045530647133552704,3
C001021,0.0235334621323964,0.1861191068074296,0.0,0.0,0.0,0.0,0.0,0.790347431060174,3
C001022,0.0,0.36961987188326906,0.0,0.0,0.0,0.028519198819960782,0.04860926558585544,0.5532516637109147,4
C001024,0.0,0.0,0.09580226076031938,0.5728930574736463,0.0,0.0,0.14815811290194142,0.18314656886409297,2
C001027,0.0,0.22199152542617728,0.0,0.4587139835297509,0.18223193423460832,0.0,0.0,0.13706255680946344,0
C001028,0.0,0.08050953206301521,0.0,0.0,0.0,0.6115559952891328,0.25775450478690287,0.050179967860949026,1
C001029,0.0,0.256033523121624,0.0,0.0,0.0,0.5817967834666838,0.08222863988680232,0.0799410535248899,0
C001030,0.0,0.0,0.0,0.0,0.3314957709173266,0.0,0.09863665742341847,0.569867571659255,4
C001033,0.05846258693428174,0.0,0.0,0.0,0.0,0.0,0.4731470766522686,0.46839033641344974,2
C001035,0.0,0.0,0.6130107027441907,0.0,0.0,0.18059176473590757,0.0,0.20639753251990178,1
C001037,0.0,0.029484585280790704,0.0,0.10816026998088339,0.03239943382400154,0.0,0.0,0.8299557109143244,2
C001038,0.0,0.0,0.0,0.09541845478070954,0.35470421444293526,0.0,0.04841597908318873,0.5014613516931665,2
C001040,0.0,0.05322685538810127,0.2289202036110375,0.028944761495217915,0.0,0.6245930041316539,0.0,0.06431517537398945,4
C001043,0.8042953660265576,0.0,0.0,0.062334488689511934,0.01869647530732168,0.08623634211664707,0.0,0.02843732785996167,4
C001046,0.0,0.9418823705012478,0.0,0.0,0.0033822447467745727,0.0,0.02662820480090395,0.02810717995107359,2
C001050,0.0,0.14004195428040853,0.04715248273533574,0.0,0.30500358328544286,0.034272318039215495,0.0,0.4735296616595974,3
C001051,0.0,0.0,0.0,0.045786523096856976,0.5301329554483075,0.058297608451104564,0.05680751525508192,0.3089753977486491,1
C001055,0.0,0.0,0.0,0.0,0.0,0.0,0.0,1.0,2
C001056,0.0,0.0,0.1360126536986736,0.048756132148288125,0.7290699069193111,0.005364764852935485,0.0,0.08079654238079181,1
C001060,0.0,0.0,0.3867467477866298,0.0,0.0,0.0,0.0,0.6132532522133702,1
C001061,0.1290556787902016,0.0,0.0,0.0,0.04537951563817293,0.0,0.15193844796134648,0.673626357610279,4
C001062,0.0,0.0,0.0,0.0,0.5128627003506426,0.0344459067505888,0.13987610187189642,0.3128152910268722,0
C001063,0.8394308595393729,0.0,0.0,0.0,0.008323842101547579,0.0,0.0,0.15224529835907952,4
C001064,0.0,0.0,0.06145862211375082,0.0,0.0,0.9240726349336059,0.0,0.014468742952643221,4
C001066,0.0,0.0,0.0,0.0,0.7347910020225729,0.0,0.0,0.26520899797742714,0
C001067,0.0,0.01035865193471974,0.0,0.008083673536569812,0.0,0.0,0.0,0.9815576745287105,2
C001068,0.012062333926415687,0.0,0.9846545575576139,0.0,0.0,0.0,0.0,0.0032831085159704676,2
C001072,0.4748454914809749,0.29727178950396965,0.0,0.0,0.0,0.0,0.0,0.2278827190150554,0
C001074,0.0,0.0,0.0,0.0,0.0,0.25847535922753184,0.5831061031303084,0.15841853764215974,0
C001075,0.0,0.06719753192176992,0.09227517411173648,0.0,0.0,0.0,0.0,0.8405272939664936,0
C001077,0.03724017665270936,0.45515827453989144,0.0,0.0,0.0,0.0,0.3184591132185497,0.18914243558884958,1
C001080,0.2748999918148038,0.0,0.0,0.0,0.2641351837162926,0.0,0.0,0.46096482446890363,2
C001084,0.0,0.0,0.10269580337381976,0.0,0.0,0.7983727942087675,0.05062481249292163,0.048306589924491106,4
C001086,0.0693522127993244,0.0360594148358035,0.07332307840660132,0.0,0.0,0.014421524778180931,0.008667674046839054,0.7981760951332508,0
C001088,0.23375729977469664,0.27846740615376603,0.0,0.0,0.0,0.0,0.432626004463997,0.055149289607540286,1
C001090,0.027065185518332858,0.0,0.0,0.0,0.0,0.0,0.08380708137043925,0.889127733111228,4
C001092,0.0,0.0,0.45528610454431667,0.4481232991330358,0.0,0.0,0.0,0.09659059632264755,2
C001093,0.0,0.0,0.674805272556406,0.0,0.0,0.0,0.0,0.325194727443594,3
C001095,0.0,0.9227155266725071,0.0,0.0,0.0,0.0,0.0,0.07728447332749289,2
C001096,0.0,0.0,0.0,0.17312243850718806,0.0,0.5568097941775646,0.0,0.2700677673152474,1
C001098,0.21343568941187516,0.0,0.7321862326295691,0.0,0.0,0.0,0.0,0.05437807795855576,3
C001100,0.0,0.0,0.0,0.0,0.0,0.0,0.7987798598527973,0.2012201401472027,1
C001102,0.7859463517102143,0.0,0.0,0.0,0.0,0.0,0.08432222886944048,0.12973141942034516,1
C001106,0.09553668925291633,0.0,0.3173768516537774,0.38838587399738683,0.16100976875779038,0.0,0.0,0.037690816338128985,4
C001108,0.0,0.7575713349472977,0.0,0.0,0.15966955978297692,0.0,0.0,0.08275910526972541,4
C001109,0.0,0.2376480902470773,0.0,0.0,0.48248173745720296,0.0,0.0,0.27987017229571975,0
C001110,0.28368481878338436,0.3875314662189177,0.0,0.0,0.0,0.0,0.0,0.328783714997698,0
C001112,0.0,0.072747282410996,0.0,0.7725897184257625,0.004219378567520281,0.04444779169503704,0.0,0.10599582890068415,1
C001113,0.0,0.0,0.0,0.0,0.7335977256782702,0.0,0.0,0.2664022743217298,4
C001115,0.0,0.0,0.04555093326275943,0.0,0.0,0.0,0.6581763127122625,0.2962727540249781,0
C001119,0.0,0.0,0.0,0.07807412129461477,0.1865740083927481,0.0,0.0,0.7353518703126372,4
C001120,0.0,0.04932650908572244,0.0,0.0,0.0,0.900455892765824,0.0,0.0502175981484535,4
C001121,0.0,0.006363420654578584,0.5371741646973418,0.033241900917365536,0.0,0.410874920396213,0.0,0.012345593334501026,4
C001122,0.0,0.0,0.0,0.0,0.0,0.0,0.28478299663754125,0.7152170033624587,4
C001123,0.1030740975012756,0.3211817125369159,0.0,0.21167578019358357,0.0,0.0,0.025761664342829067,0.33830674542539585,4
C001129,0.0,0.0,0.17690972224068824,0.0,0.2572778807301567,0.052309032101175934,0.3868201439800377,0.12668322094794138,0
C001130,0.0,0.0,0.008964775621345428,0.0,0.0,0.0,0.9019085540122034,0.08912667036645117,3
C001132,0.0,0.0,0.0,0.0,0.4939935202973187,0.31783519102412094,0.0,0.18817128867856037,4
C001134,0.6917779205430761,0.0,0.16601484609075756,0.0,0.0,0.0,0.007959877368068575,0.13424735599809778,3
C001135,0.0,0.0,0.0,0.034694742869845405,0.006769253298942252,0.0,0.0,0.9585360038312123,2
C001136,0.0,0.0,0.5035036598600351,0.0,0.0491830086261264,0.3923081459260444,0.0,0.05500518558779399,2
C001138,0.0,0.0,0.0,0.4086797674010802,0.5255464727544293,0.0,0.0,0.06577375984449052,3
C001139,0.0,0.0,0.0,0.0,0.0,0.0,0.0,1.0,1
C001140,0.3962144459553954,0.20705533226763706,0.0,0.0,0.0,0.0,0.2588234527434048,0.1379067690335627,1
C001141,0.0,0.0,0.0,0.0,0.0,0.9573629784726175,0.0,0.04263702152738247,3
C001143,0.0040686025476695704,0.20161749547926625,0.0,0.07413428385205706,0.0,0.642554276309827,0.0,0.07762534181118008,3
C001147,0.0,0.0,0.9216250905002293,0.0,0.0,0.0,0.0,0.07837490949977066,2
C001148,0.28902851995646883,0.0,0.0,0.0,0.5239515229543532,0.0,0.0,0.18701995708917796,0
C001149,0.0,0.06309898724711023,0.0,0.7736086959547737,0.0,0.0,0.0,0.16329231679811607,4
C001151,0.1445584055126838,0.0,0.0,0.0,0.06769700052613892,0.0,0.0,0.7877445939611772,1
C001152,0.0,0.0,0.0,0.0,0.0,0.29510883509363967,0.26318067833563397,0.4417104865707264,0
C001153,0.0,0.0,0.4506145889808046,0.0,0.03951565788645704,0.1443497257357466,0.0,0.36552002739699174,0
C001154,0.0,0.0,0.6529532515518512,0.0,0.20306901933438568,0.0,0.0,0.14397772911376305,1
C001156,0.0,0.0,0.0,0.0,0.0,0.0,0.029743455610492613,0.9702565443895074,4
C001157,0.018581025296136238,0.0,0.0,0.0,0.0,0.0,0.015267975101808514,0.9661509996020552,2
C001160,0.2052713289439629,0.0,0.0,0.0,0.5496275635564609,0.0,0.09301493362008909,0.15208617387948709,0
C001164,0.0,0.0,0.9083667774723686,0.007076662283680571,0.07639889137660748,0.0,0.0019271235496284306,0.006230545317714942,3
C001165,0.9376043474439817,0.0,0.0,0.0,0.0,0.0,0.0,0.06239565255601831,1
C001168,0.0,0.06748980854426183,0.0,0.0,0.0,0.09090051108222416,0.5880045160480528,0.2536051643254612,0
C001170,0.5823942013277158,0.0,0.0,0.0,0.0,0.3681950644264268,0.0,0.0494107342458574,3
C001171,0.05763966026126554,0.0,0.44483482801088814,0.0,0.12853991414975066,0.0,0.0,0.3689855975780957,2
C001172,0.6068352691148953,0.03273129244421437,0.0,0.0,0.1389569840798478,0.0,0.0,0.22147645436104257,2
C001173,0.9185378837587806,0.055766674071130985,0.0,0.0,0.0,0.0,0.0,0.025695442170088345,0
C001174,0.09586529066982549,0.805058172294354,0.0,0.0672577690173434,0.0,0.0,0.0,0.03181876801847716,0
C001175,0.03832646575793902,0.13116468788985772,0.0,0.0,0.0,0.024206502065049346,0.0,0.806302344287154,3
C001176,0.8220905388366572,0.0,0.030496830260792994,0.0,0.03598364614232656,0.0,0.009098262999893143,0.1023307217603302,0
C001181,0.005411160720604306,0.0,0.06592760020693485,0.8929884546725453,0.0,0.0,0.0,0.035672784399915614,3
C001182,0.0,0.0,0.0,0.06782278201550133,0.0,0.8929240416586611,0.0,0.03925317632583758,0
C001183,0.0,0.0,0.1389105369278905,0.0,0.04922346571416543,0.04178822506779101,0.0,0.7700777722901531,2
C001184,0.0,0.9411243049095743,0.0,0.0,0.0,0.0,0.0,0.05887569509042567,0
C001185,0.0,0.0,0.0,0.0,0.5052473609137135,0.47975818126425895,0.0,0.014994457822027574,0
C001188,0.0,0.0,0.0,0.0,0.0,0.8640303196704066,0.0,0.13596968032959345,0
C001191,0.0,0.0,0.0,0.0,0.17501877753546805,0.633445028596706,0.0,0.19153619386782594,0
C001192,0.025504467900882538,0.0,0.0,0.0,0.4893583358223622,0.17593809190100518,0.0,0.30919910437575004,4
C001194,0.0,0.0,0.0,0.028008528863852432,0.03343582298509812,0.08030187749308171,0.0,0.8582537706579677,4
C001202,0.0,0.0,0.0,0.7736726168806133,0.0,0.0,0.0,0.22632738311938672,3
C001203,0.03823680710047499,0.0,0.0,0.02473336213762911,0.10375385343923517,0.7628970246253189,0.04302576065948418,0.027353192037857577,0
C001204,0.0,0.0,0.6872250146242046,0.0,0.05752026156863158,0.05690894500923634,0.021803748559733903,0.1765420302381936,2
C001207,0.0,0.0,0.0,0.0,0.0,0.0,0.0,1.0,4
C001209,0.0,0.0,0.11670126084965554,0.0,0.3845052130639734,0.039851004148141446,0.2629764945775666,0.19596602736066293,4
C001210,0.17862448612657084,0.0,0.0,0.5952847798866755,0.0,0.0,0.17730377230928152,0.04878696167747221,0
C001211,0.40538944754219086,0.0,0.0,0.066049608609428,0.018758227233984612,0.0,0.0,0.5098027166143966,0
C001214,0.0,0.23235987049759482,0.27754367480213227,0.0,0.36774000816141045,0.0,0.0,0.12235644653886246,2
C001216,0.0,0.019644660699878958,0.0,0.0,0.0,0.5343932666519715,0.42653259787786046,0.019429474770289112,0
C001220,0.6119503360440753,0.24097785462796598,0.0,0.0,0.0,0.0,0.0,0.1470718093279587,2
C001221,0.0,0.0,0.0,0.39914903515460515,0.0,0.0,0.0,0.6008509648453948,4
C001222,0.011319702622495329,0.0,0.05968747911884829,0.0,0.0,0.9222579126907483,0.00012010528337134282,0.006614800284536759,2
C001223,0.0,0.5425535884007443,0.0,0.0887639736738437,0.0,0.0,0.05682332572638085,0.3118591121990312,3
C001224,0.030770819412019406,0.06109119209665538,0.3545204061249936,0.11219823235858793,0.0,0.0,0.0,0.4414193500077437,0
C001225,0.0,0.22402178527725172,0.25587070301902826,0.0,0.0,0.10352410892628112,0.0,0.4165834027774389,2
C001229,0.0,0.26971878366957236,0.055576260338190034,0.0,0.6643145359004787,0.0,0.0,0.010390420091758834,4
C001230,0.06856109412631536,0.025076297587803276,0.027974715552263125,0.0,0.0,0.0,0.0,0.8783878927336183,3
C001232,0.0198165384113367,0.3962239909495252,0.0,0.0,0.14912930133794236,0.031290065719153354,0.0,0.4035401035820424,4
C001234,0.0,0.0,0.0,0.0,0.0,0.0,0.0,1.0,1
C001237,0.0,0.9606823357605632,0.0,0.0,0.0,0.0,0.0,0.039317664239436834,0
C001238,0.05933053424877714,0.0,0.0,0.15302789126858707,0.40447290559379706,0.0,0.0,0.3831686688888387,0
C001239,0.40189231295849986,0.0,0.0,0.0,0.0,0.0,0.5485446702873951,0.049563016754105016,1
C001241,0.0,0.0,0.0,0.0,0.0,0.8479679269401619,0.0,0.15203207305983812,1
C001243,0.0,0.0,0.0,0.0,0.0,0.6123476285572091,0.0,0.38765237144279086,1
C001244,0.0,0.2951595810298975,0.03824362164757716,0.0,0.0,0.12763769289671836,0.30514226381836906,0.2338168406074379,1
C001248,0.0,0.0,0.0,0.009186795865683887,0.0,0.01628342098626313,0.0,0.9745297831480529,4
C001249,0.005594245620686089,0.0,0.3021804420047661,0.0,0.5698250397148796,0.06123899528620369,0.0,0.06116127737346444,0
C001252,0.6241924669828434,0.0,0.0,0.23474746721491657,0.0,0.0,0.0,0.14106006580224006,1
C001254,0.0,0.0,0.0,0.711502999698483,0.0,0.0,0.0,0.28849700030151704,1
C001255,0.35700870189755407,0.0734064153646312,0.0,0.0,0.5404314048565423,0.0,0.0,0.029153477881272427,0
C001256,0.6115100729807574,0.0,0.013759052446728561,0.0,0.0,0.0,0.22419653152570926,0.1505343430468047,1
C001258,0.0,0.843562491496743,0.0,0.04116848453025333,0.0,0.0,0.0,0.11526902397300365,0
C001260,0.0,0.0,0.0,0.0,0.0,0.43259477642151933,0.3265036039659946,0.24090161961248602,2
C001265,0.0,0.5982573300568976,0.0,0.1826833161158753,0.019795152667098144,0.047961173314838505,0.019073970238419717,0.13222905760687065,4
C001266,0.7802672372320034,0.0,0.017165303103802824,0.016577326487778453,0.0,0.0,0.0,0.18599013317641533,1
C001267,0.0,0.18763289163891514,0.0,0.0,0.008250810376489549,0.0,0.2576517187907171,0.5464645791938783,2
C001268,0.004408996490316269,0.0,0.09553389540926319,0.6934049078528064,0.0,0.05467835732601094,0.0,0.1519738429216032,3
C001269,0.0,0.0,0.0,0.5350321530994308,0.0,0.0,0.0,0.46496784690056925,3
C001271,0.0,0.0,0.0,0.0,0.6607363041264893,0.0,0.0,0.3392636958735107,2
C001272,0.09070727094379503,0.0,0.0,0.0,0.0,0.0,0.11220722286581344,0.7970855061903915,1
C001275,0.0,0.0,0.0,0.0,0.0,0.09290121986490409,0.7075208804036472,0.19957789973144868,3
C001276,0.0,0.0,0.0,0.017871108676041806,0.0,0.9271822844129131,0.0,0.05494660691104514,2
C001279,0.605398475591799,0.21726399854617848,0.0,0.02847862694169956,0.0,0.0,0.058988252929084446,0.0898706459912384,4
C001280,0.0,0.3374965027208779,0.0,0.0,0.0,0.0,0.4946435695571093,0.16785992772201275,0
C001283,0.0,0.05886489838569464,0.2316962988152147,0.0,0.0,0.0,0.0,0.7094388027990907,4
C001284,0.0,0.0,0.0,0.0,0.0,0.0,0.0,1.0,4
C001288,0.13098129887595553,0.20616542051668485,0.2141493209305243,0.0,0.0,0.36386475252241335,0.0,0.08483920715442195,3
C001289,0.0,0.0,0.0,0.0,0.0,0.0,0.0,1.0,4
C001290,0.0,0.0,0.42563688391217985,0.0,0.0,0.048150386127381616,0.0,0.5262127299604386,3
C001291,0.6542971132415647,0.09581245173584249,0.0,0.16980453474294108,0.0,0.0,0.0,0.08008590027965168,3
C001292,0.0,0.0,0.0,0.0,0.0,0.0,0.9864018606989822,0.01359813930101783,0
C001293,0.34932304756309984,0.016947523718992247,0.0,0.0,0.0,0.0,0.6027574533212108,0.03097197539669716,3
C001294,0.026703387448314103,0.5813991609436368,0.0,0.0,0.0,0.0,0.0,0.3918974516080491,2
C001299,0.0,0.0,0.7633509970612711,0.1864822100912631,0.0,0.0,0.0,0.050166792847465835,0
C001301,0.07774727903549442,0.09026254714377938,0.0,0.26398697528163195,0.0,0.0,0.08800459668888866,0.4799986018502056,2
C001306,0.0,0.0,0.9448916782880131,0.0,0.0,0.0,0.0,0.055108321711986874,2
C001307,0.0,0.0,0.05249166423085638,0.406729849963006,0.28934558926161896,0.010708577959897877,0.20752371483952164,0.033200603745099144,1
C001308,0.0,0.0,0.0,0.0,0.0,0.018059138561027865,0.0,0.9819408614389722,4
C001310,0.15770448349358399,0.0,0.08210031534152773,0.18429434534571892,0.4684190853683146,0.0,0.0,0.10748177045085483,4
C001312,0.4952236905335381,0.0,0.0,0.36348863564038475,0.11476871857556034,0.0,0.0,0.02651895525051673,0
C001316,0.008010382647024607,0.013400907448373816,0.014183518470853933,0.0,0.0,0.0,0.7607531573779568,0.2036520340557908,4
C001317,0.023463908910947698,0.0,0.0,0.06446606959154205,0.16393309137846604,0.0,0.0,0.7481369301190441,1
C001318,0.0,0.0,0.0,0.0,0.0,0.0,0.0,1.0,0
C001320,0.42958656541608387,0.0,0.0,0.021972158920555696,0.0,0.0,0.0,0.5484412756633604,2
C001321,0.9399707123977296,0.0,0.0,0.03606018517678982,0.0,0.0,0.0,0.02396910242548067,2
C001322,0.0,0.007182416222271888,0.0,0.45975520374997086,0.3746535570213629,0.0,0.09532668220243576,0.06308214080395858,4
C001323,0.0036906309988514793,0.0,0.0,0.007591180195069594,0.659316414744607,0.028963969177669427,0.2412303241467673,0.0592074807370353,2
C001324,0.0,0.0,0.03105011052987748,0.0,0.042075376794420596,0.0,0.0,0.9268745126757019,4
C001326,0.0,0.0,0.0,0.0,0.0,0.6037152064642752,0.0,0.39628479353572477,0
C001328,0.0,0.0,0.0,0.028969268287947134,0.04405412863260303,0.0,0.0,0.9269766030794498,0
C001331,0.05287625200423354,0.06446398249608178,0.1030729618489984,0.0,0.0,0.0,0.49478624714260305,0.2848005565080832,4
C001335,0.8416760569063508,0.0,0.0,0.0,0.0,0.0,0.09312498249437651,0.06519896059927266,1
C001336,0.0,0.0,0.043018175481323404,0.0,0.0,0.0,0.01196518317374576,0.9450166413449308,4
C001337,0.012373076249024395,0.035747723151998895,0.0,0.0,0.1908796325396671,0.7413795973960005,0.0,0.019619970663309116,1
C001340,0.0,0.0,0.0,0.0,0.0,0.0,0.7378979849483635,0.26210201505163655,1
C001345,0.6252856024535406,0.0,0.046431403640041245,0.0,0.0,0.0,0.0,0.32828299390641813,1
C001347,0.015141112727594046,0.0,0.0,0.0,0.0,0.0,0.0,0.984858887272406,0
C001348,0.0,0.02797998985739643,0.0,0.0,0.0,0.0,0.0,0.9720200101426035,3
C001351,0.0,0.0,0.4588527825965886,0.036917229928928305,0.0,0.09868545142960519,0.0,0.40554453604487783,4
C001354,0.8051252330239609,0.08397612879312634,0.0,0.0,0.01099470607523017,0.0,0.0,0.09990393210768267,3
C001355,0.0,0.0,0.05505967511459084,0.0,0.0,0.0,0.2593225055969862,0.6856178192884229,3
C001356,0.32926827001071857,0.0,0.0,0.5289563753765811,0.0,0.0,0.0,0.1417753546127003,2
C001359,0.0,0.020415617328041764,0.0,0.0,0.0,0.0,0.8882331202979461,0.09135126237401214,4
C001361,0.0,0.0,0.0,0.0,0.0,0.0,0.0,1.0,0
C001364,0.0,0.0,0.0,0.4774724173239518,0.46067837336993395,0.0,0.0,0.06184920930611426,3
C001366,0.0,0.0,0.0,0.0,0.0,0.12011999630970634,0.0,0.8798800036902936,0
C001367,0.7458184562514609,0.0,0.0,0.0,0.05700534024992925,0.0,0.0,0.19717620349860987,4
C001374,0.39844159594901996,0.0,0.0,0.0,0.0,0.0,0.0,0.60155840405098,2
C001377,0.0,0.0,0.0,0.0,0.0,0.0,0.0,1.0,3
C001378,0.22634602909128787,0.029589453591118624,0.6314256264278864,0.0,0.0,0.0,0.0,0.11263889088970713,4
C001380,0.12476661075008345,0.0,0.10810218055248233,0.0,0.0,0.0,0.1602407824234354,0.6068904262739988,2
C001382,0.0,0.0,0.10892818638545289,0.0,0.0,0.02036725403304757,0.0,0.8707045595814995,4
C001385,0.053194847005768826,0.0,0.0,0.0,0.0,0.5425900975282896,0.0,0.4042150554659416,2
C001386,0.0,0.18925500146590876,0.5171173564578502,0.1265726438957376,0.04147746832049415,0.0,0.0,0.12557752986000925,4
C001389,0.008726104116436904,0.28705091396619314,0.0,0.020159467300621542,0.0,0.0,0.1515783478282648,0.5324851667884836,4
C001391,0.0,0.15548144729572336,0.0,0.0,0.7176571553794096,0.0,0.0,0.12686139732486712,4
C001397,0.11296509964401483,0.0,0.8677506292442843,0.0,0.0,0.0,0.004376653604587824,0.014907617507113113,3
C001399,0.0,0.0,0.0,0.5056326566556265,0.0,0.1592737005846837,0.05545441923135685,0.2796392235283329,3
C001400,0.0,0.0,0.0,0.04907647956065392,0.6049974486630706,0.0,0.30147971293374476,0.044446358842530787,1
C001402,0.0,0.0,0.0,0.0,0.08679123277788191,0.0,0.2817029097696451,0.631505857452473,1
C001406,0.5873684718140504,0.0,0.0,0.0,0.0,0.13450824687126442,0.0,0.2781232813146852,1
C001408,0.03305175998681492,0.023568241572460083,0.0,0.0,0.0,0.0,0.0,0.943379998440725,3
C001409,0.0,0.0,0.0,0.0,0.0,0.18345991723328303,0.0,0.816540082766717,0
C001410,0.0,0.0,0.21280531679315773,0.0,0.0,0.12632649598349568,0.5825350186903445,0.0783331685330021,4
C001413,0.09024391206911195,0.010976609709418418,0.45054618568025645,0.0,0.0,0.0,0.017343417551389163,0.430889874989824,3
C001414,0.0,0.06895428391950921,0.18803901272101659,0.0,0.6830191472752875,0.0,0.002900887735215712,0.057086668348971026,3
C001415,0.10519511278126777,0.02709295264953538,0.0,0.05764484838485144,0.0,0.0,0.0,0.8100670861843454,4
C001416,0.5935464151389604,0.0,0.0,0.0,0.0,0.0,0.0,0.40645358486103955,1
C001417,0.0,0.5649263433139334,0.0,0.0,0.0,0.0,0.17476112332468816,0.2603125333613784,1
C001419,0.00868564867217709,0.0,0.9875799414502898,0.0,0.0,0.0,0.0,0.0037344098775330403,0
C001420,0.0,0.0,0.0,0.0,0.8066491449333989,0.13769451393608542,0.0,0.05565634113051565,2
C001421,0.18869464824432344,0.017201210073807267,0.0,0.0,0.5699527402369593,0.0,0.0,0.22415140144490997,1
C001422,0.0,0.0,0.022415260371838813,0.0,0.9430937166509795,0.0,0.0,0.03449102297718165,0
C001424,0.0,0.0,0.07371014556526836,0.30823443809849416,0.0,0.20383274155405556,0.0529184526152674,0.3613042221669146,3
C001427,0.533598793105573,0.0,0.0,0.0,0.0,0.19788114977404728,0.0,0.26852005712037974,3
C001428,0.0029144496289257244,0.13142185463253928,0.8318489819033217,0.0,0.0,0.0,0.007736702767995914,0.02607801106721741,0
C001433,0.0,0.9174721758300634,0.02217061706049992,0.0,0.0,0.0,0.0381864444220865,0.022170762687350187,4
C001436,0.0,0.0,0.7681526343184989,0.0,0.0,0.0,0.05152557014838432,0.18032179553311678,3
C001437,0.7915457307639475,0.0,0.0,0.0,0.07140252646601035,0.0,0.0,0.13705174277004217,2
C001439,0.2924811032057225,0.0,0.0,0.6857031205659693,0.0,0.0,0.0,0.021815776228308215,2
C001440,0.0,0.0,0.0,0.0,0.0,0.0,0.0,1.0,2
C001441,0.0,0.11075848625127506,0.6727122372232829,0.0,0.0,0.1443012493367151,0.0,0.072228027188727,3
C001442,0.0,0.0,0.9273177399948558,0.0,0.0,0.0,0.0,0.07268226000514422,0
C001444,0.0,0.0,0.0,0.0,0.0,0.10864328816014814,0.0,0.8913567118398519,0
C001445,0.0,0.0,0.0,0.8491407196653435,0.0,0.0,0.0,0.15085928033465645,1
C001446,0.0,0.0,0.0,0.07145364170628263,0.5839267201900734,0.0,0.0,0.34461963810364393,0
C001448,0.0,0.0,0.0,0.7871773400891416,0.0,0.05772225601356868,0.0,0.15510040389728963,0
C001449,0.0,0.6678599327792415,0.12202686098040381,0.0,0.006516001726373424,0.0,0.1957120978931556,0.007885106620825644,3
C001450,0.7881948739616925,0.0,0.0,0.0,0.0,0.0,0.0,0.21180512603830748,0
C001451,0.0,0.3123953536755778,0.0,0.0,0.0,0.019520508622577825,0.1397068500539254,0.5283772876479189,4
C001452,0.0,0.0,0.0,0.046977121201889106,0.0,0.7160523259283889,0.18198099670058332,0.0549895561691387,2
C001453,0.0,0.0,0.0,0.9008729863211925,0.0,0.0,0.0,0.0991270136788075,1
C001457,0.6285208097871914,0.0,0.042998546758695876,0.0,0.13624792060165455,0.0,0.0,0.19223272285245818,3
C001458,0.49065554058816246,0.0,0.0,0.0,0.0,0.0,0.045549124272216315,0.46379533513962123,4
C001459,0.0262069550419887,0.0,0.0,0.18990731514568282,0.7705096149867421,0.0,0.0,0.013376114825586427,2
C001460,0.045692014350748246,0.041835741983295024,0.0,0.0,0.11832655860716904,0.020579561890170645,0.0,0.7735661231686171,0
C001461,0.0,0.0,0.18849808930369466,0.0,0.15952632500042413,0.0,0.0,0.6519755856958812,2
C001462,0.0,0.0,0.0,0.0,0.5785141893000632,0.05026878074285694,0.33450984267107264,0.0367071872860073,1
C001463,0.0,0.03946470797851659,0.0,0.0,0.0,0.0,0.0,0.9605352920214834,4
C001467,0.8324411549847368,0.0,0.0,0.0,0.0,0.0,0.0,0.1675588450152632,1
C001469,0.0,0.23203067271443456,0.08906875638251549,0.043628030432219064,0.0,0.0229252575823661,0.0,0.6123472828884649,1
C001470,0.13956074406414248,0.0,0.5147605501793653,0.0,0.0,0.0,0.26872423887904956,0.07695446687744267,0
C001472,0.0,0.0,0.0,0.034629560419740635,0.025495812405434647,0.03581350480718269,0.0,0.904061122367642,0
C001474,0.6779344756779878,0.0,0.0,0.0,0.0,0.20859728969988506,0.0,0.11346823462212718,0
C001475,0.0,0.0,0.0,0.47814371996603705,0.0,0.0,0.0,0.521856280033963,1
C001484,0.0,0.059315659238554815,0.7245957608255948,0.0,0.0,0.0,0.18119179496769566,0.034896784968154626,2
C001485,0.42581216575116093,0.0,0.06038291060614818,0.0,0.0,0.0,0.03941451819005538,0.47439040545263544,3
C001486,0.0,0.0,0.0,0.3808723809180533,0.0,0.0,0.0,0.6191276190819467,0
C001487,0.0,0.3311960268615505,0.26488789416599384,0.0,0.0,0.0,0.3311087894538443,0.07280728951861137,0
C001492,0.0,0.038096786919512855,0.0,0.06809714986107897,0.0,0.14005152747825883,0.0,0.7537545357411494,0
C001493,0.01769708333822742,0.052854941323912,0.4064150930336017,0.19950254994397065,0.09663635306899174,0.009726586356019326,0.0,0.2171673929352772,1
C001497,0.6487628302119554,0.0,0.0990403065352565,0.0,0.0,0.0543585458918977,0.0,0.19783831736089041,0
C001498,0.4910781663576508,0.0,0.0,0.0,0.2013240277081045,0.19739876814647947,0.0,0.11019903778776519,3
C001499,0.0,0.9258979285233144,0.0,0.0,0.0,0.0,0.04783195621044846,0.026270115266237126,3
C001500,0.0,0.0,0.5170392897227875,0.0,0.0,0.33641378786090936,0.0,0.14654692241630318,1
C001501,0.5666047568245763,0.0,0.0,0.0,0.0,0.0,0.0,0.43339524317542366,0
C001503,0.0,0.0,0.0,0.16909123044929314,0.1845668737376382,0.0,0.02599459494246677,0.620347300870602,4
C001504,0.8181763647679078,0.0,0.0,0.08203097317541874,0.0,0.0,0.0,0.09979266205667348,3
C001506,0.0,0.0,0.0,0.26737556994005124,0.0,0.0,0.6701107658798306,0.06251366418011806,3
C001509,0.0,0.06119442344453271,0.03179785797937189,0.7378148745512189,0.0,0.0,0.09089476607575603,0.07829807794912047,1
C001513,0.0,0.3689337519769948,0.0,0.0,0.0,0.0,0.0,0.6310662480230051,2
C001514,0.0,0.0,0.3455398336697847,0.42462175278000164,0.0,0.0,0.0,0.22983841355021362,2
C001516,0.0,0.0,0.0,0.0,0.0,0.0,0.07408331026654952,0.9259166897334505,4
C001517,0.0,0.0625785430701494,0.06892624934496873,0.0,0.0,0.80058913235943,0.014547273588303907,0.05335880163714801,2
C001520,0.0,0.2706425033947014,0.0,0.0,0.0,0.6115478088589633,0.0,0.11780968774633527,2
C001524,0.0,0.2987124649499148,0.0,0.39467842016571436,0.20505342166331683,0.0,0.0,0.10155569322105396,1
C001525,0.0,0.0,0.0,0.026823149911955786,0.049479958265077416,0.0,0.0,0.9236968918229668,4
C001526,0.0,0.9217001622657748,0.0,0.0,0.0,0.0,0.0,0.07829983773422522,3
C001527,0.4299690176535713,0.046896113929670684,0.0,0.004036044290367348,0.08637355363424654,0.4201876068722609,0.0,0.012537663619883066,2
C001530,0.0,0.0,0.0,0.8808685124259661,0.0,0.0,0.0,0.11913148757403391,4
C001533,0.0,0.013816057424001977,0.0,0.09847034060856165,0.0,0.8836889071436429,0.0010291014032472,0.0029955934205462276,3
C001536,0.0,0.0,0.0,0.0,0.0,0.9594367642187202,0.0,0.04056323578127985,0
C001540,0.0,0.05779545776297979,0.0,0.6645676102879993,0.0,0.0,0.0,0.27763693194902095,0
C001548,0.03619900738882825,0.0,0.3965948760221949,0.0,0.49496963228841,0.0,0.006635149122677635,0.06560133517788924,3
C001549,0.0,0.01004816192180341,0.0,0.917716851293429,0.0,0.0,0.0,0.0722349867847677,4
C001554,0.3127952899737015,0.36874143749616434,0.10321880050198809,0.0,0.0,0.09906275958596769,0.0,0.11618171244217845,0
C001555,0.0,0.0,0.040964690926217205,0.0,0.0,0.18359515486476913,0.0,0.7754401542090137,2
C001560,0.0,0.0,0.36074691529265057,0.0,0.0,0.0,0.24781818477027734,0.39143489993707203,2
C001561,0.0,0.0,0.0,0.0,0.0,0.0,0.0,1.0,4
C001564,0.0,0.0,0.7837903381363729,0.0,0.0,0.0,0.0,0.2162096618636271,4
C001567,0.0,0.7445229665037383,0.03418159002696335,0.0,0.13867396492876669,0.0,0.0,0.0826214785405317,1
C001569,0.0,0.1554421971906031,0.0,0.0,0.7170765881555964,0.0,0.0,0.12748121465380047,0
C001570,0.051620121403535925,0.6207976909658127,0.0,0.0,0.0,0.2666736722165112,0.011065319781918843,0.04984319563222139,4
C001571,0.0,0.18399074187769154,0.0,0.042555275734832934,0.0,0.6809557135918367,0.036937168178615705,0.05556110061702313,0
C001572,0.5193521056853917,0.0,0.0,0.20448038538135443,0.0,0.0,0.0,0.2761675089332538,3
C001574,0.0,0.0,0.0,0.0,0.0,0.05435394572649292,0.0,0.9456460542735071,4
C001575,0.010300359501616509,0.0,0.0,0.8572510679960249,0.0,0.0,0.0,0.13244857250235853,3
C001576,0.0,0.0,0.0,0.3614463724735254,0.34570572044606934,0.0,0.0,0.2928479070804053,1
C001577,0.0,0.25450933852442525,0.0,0.0,0.06539666870515264,0.27697726422178726,0.2851890306940333,0.11792769785460155,3
C001578,0.0,0.2811930231640879,0.0,0.0,0.0,0.60667118560309,0.0,0.11213579123282214,2
C001581,0.023226479729273438,0.0,0.0,0.0,0.0,0.0,0.0,0.9767735202707266,4
C001582,0.08289463859704038,0.8028680429707108,0.009330417466214993,0.0,0.0660640720229695,0.0,0.0,0.038842828943064345,3
C001583,0.0,0.0,0.0,0.0,0.6447063158962327,0.24955950486503456,0.0,0.10573417923873274,2
C001584,0.0,0.0,0.0,0.0,0.0,0.0,0.06332376809780985,0.9366762319021902,1
C001585,0.0,0.043629376309914654,0.0,0.0,0.015435571926363622,0.5826826242484627,0.12474406632301847,0.2335083611922405,4
C001587,0.0,0.0,0.0,0.035656237598098196,0.0,0.0,0.5393288434094377,0.42501491899246413,1
C001589,0.0,0.0,0.08185894496860713,0.5502753462744052,0.0,0.0,0.17007825769722867,0.19778745105975903,0
C001590,0.0,0.0,0.048249227183610355,0.8677308040863201,0.0,0.0,0.0,0.08401996873006956,0
C001591,0.0,0.0,0.6988121944514263,0.013278695732886616,0.09211891499248728,0.006623005241884418,0.0,0.1891671895813154,4
C001592,0.0,0.0,0.0,0.0,0.09158160559253159,0.0,0.12054898208321155,0.7878694123242569,1
C001593,0.0,0.0,0.5180444815953541,0.0,0.0,0.0,0.06298890269219498,0.418966615712451,0
C001594,0.024957378339793314,0.0,0.5604379074793976,0.0,0.0,0.0,0.0,0.41460471418080913,3
C001599,0.0,0.0,0.0,0.01924707488620754,0.8596176845658219,0.0,0.0,0.12113524054797054,3
C001600,0.07077113910837407,0.0,0.0,0.16100522098641598,0.0,0.0,0.26637418419159875,0.5018494557136112,1
C001601,0.29378975599350726,0.19324904991595104,0.0,0.0,0.0,0.0,0.41088706318093415,0.1020741309096076,3
C001602,0.0,0.0,0.0,0.0,0.0,0.0,0.0,1.0,1
C001604,0.0,0.6761437359652155,0.0,0.0,0.0,0.11313540201656351,0.0,0.21072086201822104,2
C001607,0.0,0.7994388739613371,0.0,0.0,0.0,0.0,0.0,0.20056112603866294,3
C001608,0.0,0.6815026071458582,0.0,0.0,0.0,0.0,0.0,0.3184973928541418,0
C001613,0.019701771377460254,0.0,0.2610014743707623,0.0,0.0,0.08137918944362167,0.28057014792656043,0.3573474168815953,3
C001614,0.0,0.0,0.9240873262846352,0.0,0.0,0.0,0.04587731248321402,0.03003536123215078,2
C001615,0.0,0.0,0.7890355238196621,0.0,0.1298088526915003,0.04214554199284138,0.0,0.03901008149599616,3
C001616,0.0,0.4922465390041216,0.0,0.17982655689430901,0.0,0.1555600278275962,0.0,0.17236687627397318,3
C001617,0.0,0.0,0.0,0.9110900829202025,0.0,0.05782102856741221,0.026204176689565938,0.004884711822819243,0
C001618,0.0,0.010197248274382724,0.0,0.07420672778390144,0.0,0.0,0.0,0.9155960239417158,1
C001621,0.0,0.06759436311306553,0.0,0.0,0.356827163607999,0.0,0.4948366887508596,0.08074178452807579,0
C001624,0.4671039030560037,0.0,0.0,0.0,0.0,0.0,0.062422305735472666,0.4704737912085236,1
C001625,0.0,0.0,0.06393950071254513,0.0,0.0,0.0,0.0,0.9360604992874548,3
C001626,0.0,0.0,0.0,0.0,0.0,0.0,0.0,1.0,0
C001627,0.0,0.0,0.0,0.35415049969697326,0.05670832886615681,0.11270817756197485,0.0,0.4764329938748951,0
C001631,0.0,0.0,0.018637634106415238,0.0,0.0,0.0,0.0,0.9813623658935847,2
C001634,0.06582512785252886,0.0,0.0,0.8803409549519442,0.048518583975820595,0.0,0.0,0.005315333219706231,2
C001635,0.33539826704217574,0.1125559136224723,0.0,0.0,0.0,0.10089117648278119,0.2768775523534647,0.1742770904991061,0
C001639,0.11862192425238115,0.0,0.0,0.0,0.4992385850895963,0.0,0.0,0.38213949065802255,0
C001640,0.0,0.0,0.0,0.1755391294462838,0.0,0.0,0.0,0.8244608705537162,0
C001641,0.0,0.0,0.0,0.0,0.025883951089194092,0.0,0.0,0.9741160489108059,3
C001642,0.0,0.0,0.0,0.0,0.0,0.0,0.0,1.0,3
C001644,0.0,0.0,0.0,0.03907499491868204,0.1964747834724044,0.0,0.0,0.7644502216089135,2
C001645,0.0,0.27222446042209925,0.0,0.0,0.0,0.3385963368865692,0.0,0.38917920269133155,3
C001648,0.0,0.0,0.036333950605148685,0.0,0.0,0.40968216517572864,0.07352143901584966,0.4804624452032731,2
C001650,0.0,0.06102350455781677,0.5188540541647025,0.0,0.0,0.0,0.0,0.42012244127748066,4
C001655,0.0,0.0,0.0,0.0883304297238265,0.6262473415639968,0.0,0.24096199937806848,0.0444602293341082,0
C001656,0.0,0.11518901313179562,0.8082214922571624,0.0,0.0,0.046193693216306286,0.0,0.030395801394735633,1
C001660,0.0,0.0,0.0,0.277591837958417,0.0,0.0,0.0,0.722408162041583,0
C001662,0.07065687372497226,0.0,0.0,0.0,0.8485929478909998,0.04053762420565398,0.0,0.04021255417837388,0
C001664,0.0,0.0,0.0,0.0,0.6937322048271848,0.17296640825057868,0.0,0.1333013869222366,0
C001665,0.0,0.0,0.0,0.0,0.0,0.5307942761263017,0.0,0.4692057238736983,2
C001666,0.0,0.0,0.0,0.07297470452155969,0.0,0.0,0.0,0.9270252954784404,0
C001668,0.0,0.0,0.0,0.07842876160929982,0.46529399452918263,0.44764009524983955,0.0,0.00863714861167808,0
C001670,0.0,0.6781898520924459,0.0,0.0,0.0,0.09022382854537639,0.0,0.23158631936217777,2
C001672,0.0,0.0,0.0,0.8153254205358129,0.0,0.0,0.0,0.18467457946418708,1
C001673,0.0,0.0,0.24931606998705186,0.0,0.0,0.0,0.6326389075083703,0.11804502250457793,1
C001674,0.0,0.0,0.1630078384132894,0.18580460933231244,0.6273115982779157,0.0,0.0,0.023875953976482456,0
C001676,0.0,0.0,0.0,0.04649850185416834,0.0,0.24142095447553874,0.41760477281392994,0.294475770856363,4
C001678,0.0,0.7612439976586226,0.0,0.0,0.0,0.0,0.0,0.2387560023413774,2
C001680,0.14336668558352317,0.24734409529824575,0.0,0.0,0.0,0.0,0.4370191721679455,0.17227004695028558,3
C001681,0.0,0.0458334730645351,0.0,0.0,0.0,0.0,0.2052849646383957,0.7488815622970693,0
C001682,0.0,0.0,0.0,0.034395499698577,0.0,0.0,0.0,0.965604500301423,0
C001686,0.0,0.0,0.04480787281746456,0.0,0.8266201124006467,0.0,0.12158995457789618,0.006982060203992502,0
C001692,0.0,0.0,0.0,0.0,0.16325816552930006,0.383088344809233,0.0,0.453653489661467,0
C001695,0.0,0.0,0.07322892137092016,0.0,0.0,0.0,0.0,0.9267710786290798,4
C001697,0.0,0.0,0.04809618021568615,0.04760616206332677,0.0,0.08470757000384536,0.0,0.8195900877171417,3
C001699,0.0,0.13278288298115754,0.10510766589583702,0.2604087121036571,0.0,0.08603920474188963,0.34738669969070274,0.06827483458675587,0
C001700,0.0,0.0,0.02307874169622947,0.0,0.0,0.0,0.0,0.9769212583037705,2
C001703,0.0,0.0,0.9637129980343011,0.0,0.0,0.0,0.0,0.036287001965698895,0
C001704,0.0,0.029753998114033103,0.0,0.769190885619594,0.09041665456523285,0.0,0.0,0.11063846170114,2
C001705,0.06010094889822003,0.0,0.0,0.12699672222362324,0.0,0.019487814388198473,0.5386368371534331,0.2547776773365251,3
C001706,0.566501572565173,0.0,0.31520986890571634,0.0,0.0,0.0,0.0,0.11828855852911069,1
C001707,0.0,0.09279575796042934,0.0,0.0,0.8944107957770333,0.0,0.0,0.012793446262537311,4
C001708,0.0,0.0,0.3368630860029483,0.3961710697293191,0.0,0.04845554851709564,0.0,0.21851029575063696,3
C001710,0.0,0.021467847091603386,0.14246801278854768,0.0,0.011056827381308658,0.0,0.0,0.8250073127385402,2
C001712,0.0,0.0,0.8414536412827878,0.1421609249645674,0.0,0.0,0.0,0.016385433752644785,0
C001713,0.2786223939063945,0.0,0.03154452311054005,0.0,0.03704735314839841,0.0,0.1698992153999183,0.4828865144347487,4
C001715,0.18882401673374843,0.18287906761962597,0.0,0.0,0.09652746733318623,0.520050017998693,0.0,0.011719430314746315,2
C001717,0.8263890066217953,0.0,0.0,0.0,0.0,0.0,0.0,0.17361099337820474,1
C001718,0.0,0.1341276287393013,0.016611113954594775,0.5691204938917059,0.1824512783549494,0.0,0.0,0.09768948505944852,4
C001719,0.0,0.9133728587545614,0.018007716995299412,0.0,0.0,0.0,0.0,0.06861942425013912,3
C001720,0.0,0.0,0.0,0.0,0.3999432183983441,0.0,0.0,0.6000567816016559,1
C001721,0.0,0.0,0.0,0.0,0.0,0.0,0.9162168253778474,0.08378317462215257,1
C001723,0.0,0.0,0.0,0.0,0.0,0.0,0.7472709445742765,0.25272905542572355,3
C001724,0.0,0.802515021364489,0.0,0.0,0.0,0.0,0.0,0.19748497863551095,3
C001732,0.0,0.02743300114804339,0.045333437384856304,0.0,0.0652135925767131,0.0,0.0,0.8620199688903872,3
C001734,0.0882496291967775,0.0,0.0,0.0,0.0,0.0,0.0,0.9117503708032225,1
C001735,0.2662323204322201,0.3793169629123974,0.0,0.0,0.20413151271156946,0.0,0.11765610474535704,0.032663099198456,4
C001736,0.0,0.0,0.0,0.0,0.5842359673805569,0.13627760452037008,0.0,0.279486428099073,0
C001737,0.2286838316512683,0.3459344203201359,0.01823701674660448,0.022605740648768607,0.0,0.0,0.017498276558465555,0.36704071407475714,1
C001740,0.690034733961395,0.0,0.0,0.0,0.07293728337723797,0.0,0.0,0.23702798266136704,1
C001742,0.0,0.0,0.0,0.0,0.0,0.807270163066676,0.0,0.19272983693332402,4
C001744,0.0,0.11703962084908233,0.26823472189086933,0.0,0.0,0.22971115827028343,0.23818043921820542,0.1468340597715595,4
C001749,0.7055824038393368,0.0,0.0018588623452699003,0.047888512723764765,0.0,0.0,0.22395863202425284,0.02071158906737569,1
C001751,0.0,0.0,0.141737359142805,0.0,0.0,0.0,0.7697132361037298,0.08854940475346518,3
C001753,0.0,0.0,0.15657446925949875,0.0,0.0,0.679738267667715,0.0,0.16368726307278636,1
C001755,0.0,0.0,0.0,0.0,0.5030259029956949,0.0,0.35775991920302286,0.1392141778012822,3
C001757,0.4354239975179302,0.0,0.0,0.0,0.43101653854236005,0.0,0.07463557162934538,0.05892389231036432,3
C001758,0.5731992762489065,0.0,0.07547504010193776,0.0,0.0,0.041912003722523634,0.0,0.30941367992663205,1
C001760,0.0,0.0,0.0,0.0,0.0,0.0,0.0,1.0,1
C001762,0.17537169563224064,0.0,0.21467796606273357,0.0,0.0,0.026978841259244896,0.0,0.5829714970457809,2
C001765,0.05389823103515952,0.0,0.0,0.0,0.03374669623840352,0.06199849227929905,0.0,0.8503565804471379,4
C001766,0.0,0.3862707452769962,0.0,0.0,0.0,0.02565017940919161,0.0,0.5880790753138122,4
C001768,0.0,0.0,0.0,0.0,0.253637802991367,0.0,0.39821873012991726,0.3481434668787158,0
C001772,0.024148289619956593,0.0,0.0,0.013974443949954911,0.8499075950998043,0.0,0.0,0.11196967133028424,2
C001773,0.7072873184136862,0.0,0.0,0.0,0.0,0.0,0.0,0.2927126815863138,1
C001778,0.10926623038794472,0.05412386399398482,0.079433375212055,0.0,0.0,0.311264576425555,0.0,0.44591195398046046,1
C001779,0.0,0.7986582530554796,0.0,0.14651326741116488,0.0,0.0318566272719601,0.0,0.02297185226139542,2
C001785,0.0,0.0,0.0,0.0,0.6334324241607987,0.0,0.07632794974210488,0.2902396260970964,1
C001787,0.11957231545071857,0.01793933837526539,0.0,0.014073596094697743,0.0,0.8216061284593738,0.0,0.026808621619944573,2
C001788,0.5623558828632601,0.043064710717265205,0.0,0.0,0.0,0.0,0.0,0.39457940641947464,0
C001789,0.9025532071816661,0.0,0.0,0.0,0.0,0.0,0.0,0.0974467928183339,2
C001791,0.0,0.0,0.0,0.9510720163329149,0.0,0.0,0.0,0.04892798366708506,2
C001792,0.0,0.0,0.0,0.0,0.0,0.6438126787480586,0.0,0.3561873212519414,2
C001793,0.21455973989769972,0.0,0.0,0.0,0.18583965711223105,0.5066295831498906,0.0,0.09297101984017864,2
C001794,0.022646624548291146,0.0,0.011442763714652766,0.03060755691188646,0.0,0.13423710190170104,0.7926381093036389,0.008427843619829734,2
C001795,0.0,0.0,0.022713250817477913,0.06637502632445974,0.0,0.0,0.5428041945096302,0.3681075283484321,1
C001797,0.0,0.0,0.0,0.3693956075976825,0.0,0.0,0.0,0.6306043924023175,3
C001799,0.0,0.0,0.0,0.059114578437622786,0.0028742454065390343,0.08088299168404305,0.8185359998865679,0.038592184585227285,2
C001801,0.0,0.0,0.0,0.012407032250334788,0.05121758032628964,0.12916758009456356,0.0,0.807207807328812,1
C001802,0.0,0.0,0.007760032113232355,0.0,0.007980040171325246,0.0,0.0,0.9842599277154424,3
C001806,0.0036023085035512595,0.0,0.15063909912543366,0.0,0.7312939844013283,0.0,0.0,0.11446460796968672,4
C001809,0.28556069794343225,0.08914042329932378,0.07975558245034559,0.35501801039912634,0.0,0.06210341233364756,0.0,0.1284218735741245,0
C001810,0.0,0.573450805137635,0.0,0.0,0.3459307256176967,0.0,0.0,0.08061846924466831,4
C001813,0.0,0.0,0.7594341263109902,0.0,0.0,0.0,0.0,0.24056587368900983,2
C001815,0.0,0.9214167758824594,0.0,0.0,0.0,0.0,0.0,0.0785832241175406,4
C001817,0.11373618854302327,0.0,0.0,0.0,0.26710999899106264,0.028934715325371715,0.41569368394261624,0.17452541319792614,0
C001818,0.0,0.6394693392756738,0.07413595751329535,0.0,0.0012562413319227542,0.0,0.2670409903828964,0.01809747149621166,0
C001820,0.0,0.0,0.6977522287029628,0.0,0.0,0.0,0.0,0.30224777129703717,4
C001824,0.07885284310459698,0.0,0.764810316606102,0.0,0.0,0.0,0.0,0.15633684028930106,1
C001826,0.0,0.0,0.0,0.0,0.0,0.0,0.3795116935852365,0.6204883064147635,1
C001827,0.0,0.524786890371297,0.0,0.0,0.09748018825495702,0.0,0.0,0.3777329213737459,1
C001832,0.3097451776565335,0.0,0.17722658483323153,0.0,0.02354789248679789,0.0,0.38956717771494687,0.0999131673084902,3
C001834,0.04797113165422148,0.0,0.0,0.7040502417706868,0.0,0.0,0.0,0.24797862657509173,3
C001838,0.0,0.5944024166864217,0.0,0.0,0.3194003335924275,0.0,0.0,0.08619724972115084,4
C001840,0.14581707345260714,0.0,0.0,0.0,0.0,0.0,0.08778037538057913,0.7664025511668138,2
C001841,0.0,0.0,0.0,0.0,0.8564141849569112,0.0,0.0,0.14358581504308876,3
C001843,0.0,0.0,0.0,0.023878689925939743,0.0,0.12517670593167296,0.7135648358595421,0.13737976828284515,1
C001844,0.2593149631370745,0.11739825159380214,0.0,0.29111747586633036,0.0,0.0,0.08348583200277955,0.2486834774000135,1
C001846,0.0,0.0,0.40585877551888727,0.0,0.0,0.2856059703012855,0.0,0.3085352541798272,1
C001848,0.050956951970337734,0.05483285982925609,0.0,0.0,0.8333180190513406,0.0,0.0,0.06089216914906559,0
C001849,0.0,0.0,0.0,0.0,0.0,0.0,0.0,1.0,1
C001850,0.6998717129162924,0.0,0.0,0.0,0.0,0.2538660837334132,0.0,0.046262203350294406,4
C001851,0.3833659798347696,0.0,0.0,0.0,0.0,0.0,0.5557810853820377,0.06085293478319265,4
C001854,0.0,0.5848418243485988,0.0,0.0,0.12840044400490058,0.0,0.005745136165943031,0.28101259548055757,2
C001855,0.0,0.0,0.08455488099151406,0.0,0.03517935746965016,0.027196020175221058,0.3694735632262776,0.48359617813733713,0
C001856,0.24480184995309384,0.0,0.0,0.6771924696847383,0.0,0.0,0.0,0.07800568036216782,3
C001857,0.0,0.04938739264655199,0.0,0.022067600135213094,0.03268151659826295,0.0,0.8594631615916678,0.036400329028304146,2
C001859,0.2902933392140671,0.0,0.2268182382508045,0.0,0.036623435799048004,0.0,0.0,0.4462649867360804,1
C001860,0.0,0.0,0.0,0.0,0.7527564176521464,0.0,0.0,0.2472435823478536,3
C001863,0.0,0.0,0.0,0.840926222104891,0.0,0.04864773105667478,0.0,0.11042604683843427,1
C001864,0.0,0.08250909345826626,0.14979817269152038,0.0,0.029813060551870437,0.0,0.0,0.7378796732983429,2
C001866,0.022200791057011896,0.04068380446837664,0.0,0.0,0.0,0.0,0.0,0.9371154044746115,2
C001867,0.2954491026783323,0.0,0.0,0.15094155929088932,0.0,0.1376911595201653,0.040963382786834174,0.3749547957237789,2
C001871,0.0,0.0,0.0,0.0,0.026760558747135378,0.0,0.0,0.9732394412528647,4
C001873,0.32400844957148506,0.0,0.0,0.0,0.0,0.0,0.0,0.675991550428515,2
C001875,0.0,0.0,0.3736522553980058,0.0,0.39199810535623664,0.04251317074998869,0.0,0.19183646849576885,4
C001879,0.4442923399031462,0.0,0.30118258136828063,0.0,0.0,0.0537554918390172,0.06265842417862195,0.13811116271093393,1
C001880,0.0,0.0,0.017724546050197708,0.015556333967569076,0.011870060886763244,0.0,0.0,0.9548490590954699,3
C001881,0.0,0.0,0.08766273309707205,0.0,0.0,0.0,0.9069069599204661,0.00543030698246183,1
C001884,0.0,0.0,0.2883423974818737,0.5273167461907038,0.003411656055350363,0.0,0.0,0.18092920027207215,3
C001886,0.0,0.963417959764499,0.0,0.0,0.010332018095003682,0.0,0.0,0.02625002214049732,1
C001891,0.0,0.4080971639878418,0.08140139561087249,0.47472416166604364,0.0,0.0,0.0,0.03577727873524206,3
C001893,0.0,0.0,0.0,0.8170420666690504,0.0,0.0,0.0,0.18295793333094956,2
C001894,0.39219797051243976,0.0,0.0,0.25152077346552815,0.0,0.0,0.0,0.3562812560220321,2
C001896,0.20445008985886212,0.5557097303172328,0.1366768895373942,0.0,0.0,0.02622553443160747,0.059542103531631106,0.017395652323272226,2
C001897,0.0,0.022026621150036556,0.07443255637445934,0.0,0.0,0.0,0.43840463175051886,0.46513619072498524,4
C001898,0.005294505921980803,0.4620509299560118,0.0,0.0,0.025720354089257075,0.0,0.4779290845145495,0.02900512551820078,1
C001900,0.0,0.93510036031948,0.018130304066042106,0.0,0.043281055431498835,0.0,0.0,0.0034882801829790866,4
C001903,0.024075008544997147,0.5350308342461412,0.0,0.3992276216423889,0.0,0.0,0.0,0.04166653556647282,0
C001904,0.15162420397193832,0.0,0.44548514880327766,0.0,0.005110004795573154,0.29157563905213235,0.050394142006410514,0.05581086137066804,1
C001909,0.0,0.0,0.8245687239357736,0.0,0.0,0.0,0.0,0.17543127606422637,2
C001911,0.8988709348800316,0.06810462473000313,0.0,0.0,0.0,0.0,0.02151543733030374,0.011509003059661627,4
C001914,0.0,0.0,0.2105080792113478,0.08953852756592912,0.0,0.0,0.20111745571898965,0.49883593750373345,2
C001921,0.0,0.0,0.0,0.05483677260318857,0.014143123514417653,0.0,0.0,0.9310201038823938,4
C001922,0.0,0.0,0.042415454963674604,0.9324053640909262,0.01051313064078709,0.0,0.0,0.0146660503046121,3
C001923,0.0,0.0,0.0,0.0,0.660309819405585,0.0,0.26016969848330146,0.07952048211111351,0
C001928,0.0,0.0,0.0,0.0484603360665103,0.0,0.0,0.0,0.9515396639334897,4
C001929,0.0,0.0,0.0,0.0,0.8905884873699514,0.0,0.0,0.10941151263004856,4
C001930,0.14249170834991887,0.06959252448120841,0.6398281493275171,0.0,0.0,0.0,0.0,0.1480876178413557,2
C001931,0.0,0.0,0.05026791537468725,0.0,0.0,0.0,0.18565847612335976,0.764073608501953,4
C001932,0.30445749301703084,0.0,0.0,0.03134241964876375,0.0,0.2932595652711121,0.0,0.37094052206309336,0
C001933,0.0,0.0020679768642339236,0.013746700257190152,0.024214227316103933,0.0,0.9019708997995015,0.05238984425136446,0.005610351511605938,0
C001934,0.025849093515481814,0.03840339018739022,0.01648501116516078,0.0,0.015600975368460255,0.0,0.0,0.9036615297635069,1
C001935,0.0,0.0,0.0,0.0,0.31229068858995473,0.0,0.6482455435732867,0.039463767836758645,4
C001937,0.012403303088028826,0.0,0.5503584650312421,0.0,0.17070599340175655,0.0,0.0,0.26653223847897256,3
C001939,0.05872498076060686,0.0,0.0,0.0,0.0,0.0,0.0,0.9412750192393932,4
C001940,0.0,0.0,0.0,0.652278138313186,0.0,0.0,0.21501233791937724,0.13270952376743672,1
C001942,0.0,0.1556763695898501,0.11223928307625229,0.0,0.35388973983937416,0.0,0.0,0.3781946074945235,0
C001943,0.0,0.26895699752227986,0.37940449100478896,0.0,0.0,0.0,0.01184265167653995,0.33979585979639126,0
C001947,0.0293113467139941,0.0,0.188417749909545,0.0,0.24301331097347276,0.0,0.0,0.5392575924029881,3
C001948,0.0,0.5699652655970964,0.0425024350627633,0.0,0.0,0.0,0.1493465407408445,0.2381857585992958,4
C001949,0.14601671826361423,0.07930079122475853,0.5741677053059867,0.018484223555129277,0.0,0.0,0.0,0.18203056165051135,2
C001950,0.0,0.7248806053295158,0.02202464205050491,0.0,0.0,0.21924397215577723,0.0,0.03385078046420209,3
C001951,0.0,0.0,0.0,0.0,0.5458897136512756,0.0,0.0,0.4541102863487244,2
C001952,0.0,0.0,0.0,0.024779995360549725,0.0,0.0,0.0,0.9752200046394502,3
C001953,0.0309442588899383,0.0,0.0,0.0,0.0,0.0,0.0,0.9690557411100617,3
C001955,0.15381797279373532,0.0,0.0,0.0,0.35742848414271405,0.41495262329703575,0.0,0.07380091976651482,4
C001956,0.0,0.0,0.05022291919332097,0.03925963634936522,0.04953773632742392,0.0,0.0,0.8609797081298899,3
C001958,0.5454735322923303,0.04237409288123434,0.015148314903469887,0.0,0.10712793483824969,0.037830921490733485,0.0,0.2520452035939822,1
C001960,0.0,0.0,0.2098681766093399,0.5575107051663213,0.0,0.0,0.0,0.23262111822433884,3
C001962,0.02625299153354319,0.03070798611782377,0.17787040705997703,0.0,0.0,0.09927739528374707,0.0,0.665891220004909,3
C001964,0.0,0.0,0.0,0.0,0.0,0.0,0.6888886078167681,0.3111113921832319,2
C001965,0.8958953367261504,0.0,0.0,0.04088371586923151,0.0,0.0,0.0,0.06322094740461814,1
C001966,0.0,0.12203885622423272,0.0,0.0,0.1574166924103902,0.0,0.0,0.7205444513653771,4
C001968,0.0,0.0,0.0,0.0,0.0462723578863876,0.0,0.16367391955515445,0.790053722558458,2
C001970,0.0013876116312204708,0.0,0.0,0.5374592703327896,0.002340139148604777,0.39849415747384365,0.04356842952896615,0.01675039188457539,1
C001973,0.0,0.0,0.0,0.8477053163061253,0.0,0.0,0.0,0.15229468369387467,0
C001974,0.0,0.0,0.0,0.05725741439607758,0.0,0.7008221603302055,0.0,0.24192042527371693,0
C001975,0.06811651767525558,0.13651394255308216,0.0,0.08403358937512141,0.0,0.0,0.022141574961612728,0.6891943754349281,1
C001978,0.0,0.0,0.7358798062876132,0.0,0.0,0.19947688150786497,0.0,0.0646433122045218,3
C001983,0.0,0.0,0.0,0.0,0.029023528434892046,0.9696662217106988,0.0,0.0013102498544090846,4
C001984,0.0,0.7883825463021101,0.0,0.0,0.0,0.0,0.0,0.21161745369788987,1
C001987,0.047946028335576686,0.0,0.0,0.049868900495492745,0.0,0.0,0.024155463617216162,0.8780296075517144,2
C001993,0.02872791202874503,0.0,0.0,0.0,0.4921163860722748,0.0,0.0,0.47915570189898016,3
C001994,0.0,0.0,0.0,0.4807195512145559,0.0,0.0,0.0,0.5192804487854441,0
C001995,0.0,0.10141184802839308,0.13930718820850274,0.10590305559079662,0.23408617453906336,0.0,0.030233576106573533,0.3890581575266707,0
C001996,0.08842266446679069,0.0,0.26004444272512867,0.0,0.05721851335815607,0.0,0.5412500171988857,0.05306436225103894,4
C001997,0.15360805263721478,0.0,0.0,0.0,0.7560054801905183,0.0,0.0,0.09038646717226695,0
C002000,0.7783631063448908,0.0,0.0,0.0,0.0,0.0,0.0,0.2216368936551092,4
C002002,0.0,0.031789569247071166,0.0,0.6766779157521482,0.06568255257387384,0.031016651058210783,0.0,0.19483331136869597,1
C002003,0.0,0.11922232739518382,0.0,0.0,0.0,0.0,0.10562658444122666,0.7751510881635895,1
C002004,0.0,0.0,0.07585936484074969,0.09066685951570325,0.7651369341043354,0.0,0.0,0.06833684153921171,2
C002005,0.0,0.0,0.05332936109317536,0.0,0.07803489737016982,0.7732785492534471,0.01585390025335695,0.07950329202985074,3
C002008,0.0,0.12005774483448801,0.2815570291042912,0.0,0.39809542232997636,0.0,0.016565867644241974,0.18372393608700244,1
C002010,0.0,0.0,0.27649885180538053,0.0,0.708745340111006,0.013227743793198937,0.0,0.0015280642904145214,4
C002012,0.0,0.0,0.012873500420055075,0.0,0.0,0.0,0.0,0.9871264995799449,2
C002013,0.6213089231629662,0.0,0.17377197413446788,0.0,0.029444162224161068,0.09138459346745491,0.0,0.08409034701095008,3
C002014,0.0,0.23618050140749378,0.2729327719519861,0.05782065097331045,0.0,0.19316910668300494,0.0,0.23989696898420476,1
C002015,0.20941311833417867,0.0,0.2473672141155678,0.0,0.016805443860474695,0.0,0.5223305296348368,0.004083694054942022,3
C002020,0.0,0.646345327403524,0.0,0.06110011087896315,0.1260329240326914,0.0,0.0,0.16652163768482142,4
C002021,0.3506772883076484,0.0,0.0,0.2905189724199061,0.0,0.0,0.0388670378091616,0.3199367014632839,0
C002022,0.5466917773869334,0.0,0.0,0.0,0.04155073026814989,0.0,0.17547516035422916,0.2362823319906875,1
C002024,0.0,0.08956592921210063,0.0,0.28439487336148034,0.4137024156306545,0.08859046647402342,0.0,0.12374631532174096,3
C002025,0.0,0.7726504792094132,0.0,0.01445438722251851,0.004415772652017524,0.16531354281942265,0.0,0.04316581809662812,3
C002026,0.0,0.0,0.007225895603936034,0.020963807830915383,0.0,0.007267429617113155,0.029419565632778588,0.9351233013152569,1
C002028,0.0,0.0,0.028576117438515094,0.0,0.0,0.0,0.0,0.9714238825614849,1
C002031,0.027008132834612293,0.0,0.0,0.05000049825918575,0.0,0.0,0.0,0.9229913689062019,0
C002033,0.0,0.8596304763405509,0.1364142364775961,0.0,0.0,0.0,0.0,0.003955287181853007,1
C002037,0.0,0.3771539522075395,0.0,0.2564862788489529,0.20658334411107349,0.0,0.0,0.15977642483243415,0
C002039,0.0,0.0,0.0,0.0,0.7715207029682438,0.0,0.0,0.22847929703175618,2
C002040,0.0007366511400542774,0.11703064673929132,0.0,0.0,0.848841983783457,0.0,0.0,0.03339071833719742,4
C002041,0.11308667119403039,0.0,0.0,0.8214297890483653,0.0,0.0,0.05689525558516995,0.008588284172434402,2
C002042,0.0,0.0,0.21944691866953023,0.0,0.0,0.5663297785631574,0.0,0.21422330276731238,4
C002044,0.0,0.0,0.0,0.8807358964589591,0.0,0.0,0.0,0.11926410354104089,3
C002045,0.0,0.0,0.0,0.6928985004682893,0.0,0.0,0.0,0.30710149953171073,3
C002046,0.0,0.04174617901639213,0.0,0.0,0.0,0.0,0.0,0.9582538209836079,4
C002049,0.0,0.4239168874243693,0.0,0.0,0.017629649841745483,0.0,0.4205388172280508,0.13791464550583443,2
C002050,0.17894092235475428,0.0,0.0,0.0,0.0,0.0,0.0,0.8210590776452458,2
C002051,0.0,0.038399330766037854,0.27353269692764676,0.0,0.0,0.0,0.05961777106436609,0.6284502012419493,4
C002053,0.0,0.0,0.0,0.0,0.0,0.0,0.0,1.0,4
C002056,0.0,0.0,0.0,0.0,0.8284835157492152,0.0,0.0,0.1715164842507848,0
C002057,0.0,0.0,0.008378903754101956,0.1151194365886262,0.732310876365426,0.0,0.0,0.14419078329184587,2
C002061,0.0,0.0,0.020266726206020148,0.0,0.20054903526348786,0.7679788982485871,0.0,0.011205340281904896,4
C002064,0.5834799409442004,0.0,0.0,0.0,0.0,0.0,0.3561859906695267,0.060334068386272866,4
C002067,0.7803844347473687,0.0,0.14167958933512104,0.0515373116050724,0.0,0.0,0.0,0.02639866431243787,0
C002068,0.0,0.03776928988511806,0.0,0.0,0.0,0.08534381737497673,0.07892783968285971,0.7979590530570455,1
C002069,0.7442821033180234,0.0,0.046549335238134905,0.0,0.08426594431424238,0.05999146471782777,0.0,0.06491115241177159,2
C002072,0.4000499783067847,0.5115545300370221,0.0,0.0,0.0,0.0,0.0,0.0883954916561932,2
C002074,0.0,0.0,0.3037346758371008,0.5809965284802848,0.09946862083229153,0.0,0.0,0.015800174850322812,1
C002075,0.0,0.0,0.0,0.0,0.0,0.3555160686558423,0.5329364029922127,0.11154752835194504,2
C002076,0.0055950752069807,0.10376641839157055,0.007044821600376861,0.0,0.0,0.0,0.7869740503128445,0.09661963448822741,0
C002078,0.4672508694442969,0.0,0.42454600217007094,0.005319297395369417,0.0,0.0,0.01642420818441466,0.08645962280584807,0
C002079,0.0,0.09069130632367622,0.017879755444587444,0.0,0.0,0.0,0.8854547860002177,0.005974152231518648,2
C002081,0.0,0.0,0.7032682496937114,0.0,0.2585656979044289,0.0,0.012558434681552384,0.025607617720307285,0
C002082,0.0,0.0,0.060059313696827654,0.0,0.027054774147366036,0.0,0.0,0.9128859121558063,0
C002084,0.023783048878121722,0.0,0.03161072876558628,0.23325835861194302,0.4819129122811391,0.05707156504960522,0.0,0.1723633864136047,4
C002085,0.0,0.014727223889645272,0.0,0.0,0.0,0.0,0.0,0.9852727761103547,2
C002086,0.06607369312069115,0.8242567767514891,0.059453278156526776,0.0,0.0,0.0,0.0,0.05021625197129298,1
C002088,0.3298094371801687,0.0,0.014248924607352708,0.04192404411590814,0.0,0.0,0.08573353779581869,0.5282840563007517,1
C002089,0.0,0.0,0.0,0.0,0.9160631475081876,0.0,0.0,0.08393685249181237,1
C002091,0.0,0.7742334709895901,0.013092939875009549,0.02789191037013889,0.18292727929539987,0.0,0.0,0.0018543994698615451,0
C002094,0.0,0.0,0.0,0.40854390949972375,0.07602698147905607,0.0,0.44536405898653886,0.07006505003468133,2
C002095,0.0,0.0,0.0,0.0,0.0,0.05919737487484578,0.0,0.9408026251251542,2
C002097,0.0,0.0,0.0,0.0,0.8664979845468209,0.0,0.0,0.13350201545317908,0
C002098,0.0,0.0,0.0,0.0,0.18327806499502705,0.7197672893952394,0.0,0.09695464560973355,1
C002100,0.0,0.0,0.0,0.895044634782293,0.0,0.0193936838345597,0.0,0.08556168138314724,0
C002101,0.0,0.0,0.0039599497203982505,0.07040780255075392,0.7078236485135966,0.0,0.0,0.2178085992152512,1
C002103,0.0,0.0,0.062059136862345474,0.0,0.07970637344229459,0.0,0.7985015562835138,0.059732933411846156,3
C002104,0.0,0.0,0.0,0.0,0.1562101774616805,0.0,0.0,0.8437898225383195,0
C002108,0.0,0.023680946072016082,0.512508904558433,0.0,0.0,0.0,0.0,0.4638101493695509,3
C002111,0.0,0.0,0.0,0.08877383371135802,0.5471499093861492,0.0,0.0,0.3640762569024928,0
C002113,0.005477417074042346,0.006263827057252309,0.6059576152275599,0.0,0.012526737139673545,0.0,0.3483438986071937,0.021430504894278224,0
C002115,0.0,0.0,0.0,0.0,0.0,0.0,0.0,1.0,1
C002116,0.08989117230701,0.0,0.5924392376818466,0.025635637354642398,0.0,0.15537925830707533,0.01011126669453163,0.12654342765489401,4
C002117,0.9088180436729987,0.0330896382857964,0.0,0.0,0.0,0.05164080864239104,0.0,0.006451509398813893,2
C002118,0.0,0.0,0.0,0.0,0.804237426842638,0.0,0.0,0.195762573157362,3
C002119,0.3112090047224683,0.0,0.1840082936610047,0.4845118919930654,0.0,0.0,0.0,0.020270809623461616,0
C002121,0.4782949986783615,0.0,0.0,0.2703039489194271,0.0,0.1516660227089417,0.0,0.09973502969326975,1
C002122,0.48592139144805346,0.0,0.12017730341818501,0.10271530610686821,0.0,0.0,0.0,0.29118599902689335,0
C002124,0.0,0.0,0.0,0.0,0.024011057562471908,0.032683488466966906,0.0,0.9433054539705612,2
C002126,0.47746295800323235,0.0,0.0,0.31382369033445234,0.021847604902038766,0.0,0.0,0.18686574676027656,3
C002127,0.006530260587195227,0.0,0.0,0.8569319051049427,0.0,0.0,0.0,0.13653783430786215,2
C002128,0.0,0.0,0.0,0.0,0.0,0.0,0.0,1.0,0
C002129,0.0,0.0,0.0,0.031203620399327732,0.3314905619091288,0.0,0.0,0.6373058176915435,3
C002134,0.012404086636677168,0.0,0.0,0.0,0.0,0.8257665534946789,0.0,0.161829359868644,2
C002136,0.0,0.0,0.0,0.0,0.0,0.3345324880195641,0.6448217195467942,0.02064579243364162,4
C002138,0.1066844399593143,0.0,0.0,0.0,0.5484212312872572,0.3165603945355349,0.0,0.028333934217893653,2
C002139,0.0,0.0,0.0,0.0,0.0,0.7467800077015438,0.0,0.25321999229845615,3
C002142,0.0,0.19832057266430944,0.0,0.6088269607847064,0.0,0.0,0.0,0.1928524665509841,1
C002144,0.0,0.0,0.0,0.9532349953916786,0.0,0.0,0.0,0.04676500460832145,0
C002146,0.0,0.0,0.03703046647178729,0.0,0.0,0.041731269573386826,0.0,0.9212382639548259,1
C002147,0.0,0.0,0.3944234166584023,0.0,0.38211746402088975,0.0,0.0,0.22345911932070794,2
C002148,0.0,0.0,0.0,0.0,0.4057542870875808,0.24535524158918245,0.0,0.3488904713232367,2
C002149,0.0,0.3267504043932865,0.0,0.5539855178362125,0.0,0.0,0.0,0.11926407777050096,4
C002150,0.10653986006343867,0.0,0.0,0.0,0.0,0.0,0.0,0.8934601399365614,0
C002151,0.0,0.0,0.0,0.0,0.7711843693097881,0.14488907241480126,0.0,0.08392655827541073,3
C002153,0.0,0.0,0.0,0.0,0.0,0.8399365739205857,0.0,0.16006342607941426,0
C002154,0.0,0.883577319462382,0.0,0.0,0.03280196613263931,0.06408608391635685,0.0,0.019534630488621807,0
C002157,0.0,0.0,0.08789215042996888,0.0,0.0,0.0,0.4042391480327036,0.5078687015373275,3
C002158,0.0,0.0,0.0,0.0,0.0,0.0,0.0,1.0,4
C002160,0.0,0.06587422418340771,0.6106307291198378,0.0,0.0,0.0,0.0,0.32349504669675444,2
C002162,0.1886518889198996,0.12284978488556292,0.33473667349212727,0.0,0.0,0.0,0.0,0.3537616527024102,4
C002163,0.0,0.0401934582699918,0.0,0.0,0.0,0.0,0.0,0.9598065417300082,0
C002165,0.024934853587031583,0.12565934271607793,0.0,0.0,0.0,0.5176218923600469,0.0,0.3317839113368437,4
C002166,0.0,0.38309766420346864,0.0,0.0,0.0,0.0,0.10964675893692424,0.5072555768596071,3
C002167,0.0,0.0,0.28560148919172684,0.0,0.0,0.0,0.0,0.7143985108082731,0
C002168,0.0,0.05146721503756509,0.0,0.14489220045900186,0.015295081955265305,0.0402737717058848,0.5084053884666274,0.23966634237565554,2
C002172,0.10051023709173597,0.0,0.0,0.08728263402735066,0.587163947781142,0.0,0.0,0.2250431810997714,3
C002173,0.17698406247018844,0.0,0.0,0.0,0.653856856716935,0.0,0.0,0.16915908081287645,4
C002174,0.0,0.0,0.0,0.0,0.9043072041000857,0.0,0.0,0.0956927958999143,4
C002175,0.0,0.042772348076232355,0.0,0.0,0.033573258444527375,0.029465821712724542,0.2120498992217181,0.6821386725447977,0
C002176,0.0,0.0,0.0,0.04348854418832142,0.6379894729862147,0.0,0.29298158166455823,0.025540401160905724,0
C002177,0.0,0.0,0.0,0.0,0.696596294973488,0.0,0.0,0.30340370502651204,3
C002183,0.0,0.0,0.0,0.46381696218264307,0.15350146971970954,0.0,0.0,0.3826815680976474,2
C002184,0.4657292506463538,0.47893909276780655,0.0,0.043377238143314754,0.0,0.0,0.0,0.011954418442524983,3
C002187,0.0,0.0,0.0,0.21647536615050014,0.7734366932127694,0.0,0.0,0.010087940636730464,0
C002188,0.0,0.0,0.023529139162468272,0.07534113109478789,0.0,0.0,0.0,0.9011297297427439,1
C002189,0.0,0.5194917121103007,0.07653115408194916,0.0,0.0,0.0,0.0,0.40397713380775024,0
C002191,0.0,0.2551653332059097,0.1646891068388559,0.0,0.0,0.0,0.06908946895982324,0.5110560909954112,2
C002194,0.0,0.0,0.24978387987584075,0.0,0.22311659052851499,0.11180579132322349,0.17156677901762055,0.24372695925480026,2
C002195,0.0,0.3930320757391011,0.0,0.0,0.0,0.0,0.0,0.606967924260899,3
C002196,0.0,0.5880339855035304,0.0,0.0,0.0,0.0,0.3471110109043672,0.0648550035921025,4
C002197,0.0,0.0,0.0,0.13333133589177082,0.0,0.0,0.04043863534159665,0.8262300287666325,4
C002198,0.0,0.013014902341871306,0.0,0.0,0.0,0.0,0.010371018348235657,0.9766140793098931,2
C002199,0.25445793744147555,0.0,0.0,0.09809498721677529,0.0,0.06887384566279421,0.10632447573345052,0.4722487539455045,3
C002200,0.0,0.009490175438210355,0.549721867487311,0.0,0.0,0.28735466090203593,0.043217294155354545,0.11021600201708814,1
C002206,0.4244737790394481,0.0,0.08041274262504257,0.0,0.0,0.0,0.3303372022141464,0.16477627612136292,1
C002212,0.0,0.0,0.0,0.1846774191313253,0.7025772666116141,0.0,0.0,0.11274531425706058,1
C002215,0.09972141053454783,0.0,0.0,0.0,0.1910489079448486,0.0,0.5401320123199002,0.16909766920070335,2
C002216,0.0,0.26341318840022565,0.0,0.17034291388035486,0.0,0.0,0.24819680874538372,0.3180470889740358,1
C002218,0.0,0.6566482923224684,0.0,0.0,0.005058334591675916,0.31187960788612595,0.0,0.02641376519972982,3
C002222,0.05589288926849872,0.0,0.03827795380148396,0.0,0.0,0.0,0.0,0.9058291569300173,2
C002227,0.0,0.0,0.0,0.07298367433963268,0.18583253178397235,0.03688147689567377,0.4042194341524433,0.3000828828282779,3
C002232,0.17477296114567428,0.6482302903263566,0.0,0.02636883811375619,0.0705234843527901,0.0,0.0,0.08010442606142276,0
C002234,0.0,0.0,0.025331445289768117,0.0,0.03684299407680075,0.0,0.0,0.9378255606334311,2
C002235,0.0,0.6773845037992587,0.0,0.0,0.0,0.0,0.0,0.32261549620074126,2
C002236,0.0,0.006593115750373834,0.6715754810241219,0.0,0.25291343714182973,0.0,0.0,0.06891796608367451,1
C002238,0.46100375653302356,0.0,0.0,0.0832857066745051,0.0,0.0,0.03172284380683974,0.42398769298563155,4
C002241,0.10513425174795236,0.10372792223248957,0.0,0.0,0.037707315886042175,0.0,0.6620495431777751,0.09138096695574083,0
C002242,0.0,0.0,0.0,0.06648709707224337,0.35868051855154726,0.5450623738333995,0.0,0.02977001054280981,2
C002243,0.04085452507277013,0.0,0.0,0.11972652562156083,0.012117361240092986,0.2789018994171355,0.33930836515235985,0.20909132349608073,2
C002245,0.0,0.0,0.0,0.0,0.0,0.0,0.2487071665570852,0.7512928334429148,2
C002247,0.0,0.04675501856863608,0.19449806646347018,0.0,0.0,0.0,0.44195968836517713,0.31678722660271663,3
C002250,0.0,0.06502758781090458,0.4439014030949864,0.04497436620138228,0.20538179261011502,0.0,0.10677802278816644,0.13393682749444535,2
C002251,0.11119552550343495,0.0,0.0,0.0,0.0,0.7819129567191037,0.0,0.10689151777746142,1
C002256,0.11043330050165087,0.0,0.0,0.0,0.0,0.4681386925638678,0.0,0.42142800693448135,4
C002261,0.0,0.6666228240964029,0.0,0.0,0.20414633347681238,0.05369954460086083,0.0,0.07553129782592394,0
C002265,0.0,0.03728446667337362,0.0,0.0,0.0,0.0,0.0,0.9627155333266264,2
C002266,0.0,0.0,0.0,0.004973228352056862,0.940938840538725,0.0,0.0,0.05408793110921817,4
C002274,0.0,0.0,0.0,0.12345111590449426,0.0,0.0,0.0,0.8765488840955058,0
C002275,0.17524448670096407,0.7782597925699137,0.0,0.0,0.0,0.0,0.0,0.046495720729122225,0
C002276,0.029702867198032064,0.0,0.0,0.013195275515213996,0.0,0.0,0.0,0.9571018572867539,2
C002277,0.0,0.0,0.0,0.0,0.01617203984263323,0.6660287207228957,0.0,0.3177992394344711,4
C002278,0.3324561597730676,0.0,0.0,0.0,0.0,0.0,0.4826927008178457,0.1848511394090867,3
C002280,0.0,0.0,0.0,0.0,0.0,0.0,0.0,1.0,2
C002281,0.0,0.07609067582310246,0.1476607117953545,0.0,0.0,0.0,0.0,0.7762486123815431,3
C002282,0.5800191846853647,0.1403109687855116,0.0,0.24565707439060985,0.0,0.0,0.0,0.034012772138513725,2
C002285,0.0,0.0686142577563695,0.06819030176559666,0.0,0.0,0.0,0.052736749074945,0.8104586914030888,2
C002286,0.0,0.0,0.10009242950506775,0.0,0.03227081394763208,0.4997407980057509,0.0,0.36789595854154933,1
C002288,0.07523978315000077,0.20900595265436817,0.0,0.6706116391508272,0.0,0.0,0.0,0.04514262504480382,4
C002291,0.24054590786066316,0.1333167330247523,0.0,0.0,0.0,0.0,0.0,0.6261373591145846,1
C002292,0.0,0.17934450059647525,0.031658715762444355,0.5435750614738533,0.0,0.0,0.0,0.24542172216722713,1
C002293,0.023474223945008334,0.0,0.027994348014933702,0.0,0.0,0.12349612133963982,0.0,0.8250353067004181,3
C002294,0.0,0.4541619956786906,0.0,0.0,0.05740615587139737,0.3085184870039065,0.012111608446983108,0.16780175299902245,0
C002296,0.019555861696109327,0.2143862449729756,0.0,0.0,0.0,0.053097094603908025,0.0,0.712960798727007,4
C002297,0.0,0.06913165322551267,0.0,0.0,0.0,0.0,0.8752940102297365,0.05557433654475086,1
C002299,0.0,0.08386462111687681,0.0,0.0,0.0,0.0,0.41187687679174506,0.5042585020913781,0
C002300,0.6235817678146874,0.0,0.0,0.07018616651768261,0.0,0.2565076620199684,0.0,0.04972440364766162,0
C002301,0.0,0.12999934274785035,0.0,0.6865292576914772,0.0,0.0,0.08512083838049216,0.09835056118018037,2
C002303,0.0,0.0,0.0,0.0,0.0,0.5367842867683219,0.0,0.4632157132316781,3
C002304,0.6899712547051443,0.0,0.0,0.0,0.0,0.0,0.0,0.3100287452948557,0
C002307,0.0,0.0,0.0,0.0,0.0,0.0,0.05418215638468735,0.9458178436153126,0
C002310,0.0,0.0,0.0,0.0,0.0,0.0,0.14529436043440028,0.8547056395655998,1
C002311,0.0,0.0,0.7664078006747738,0.0,0.0,0.0,0.0,0.23359219932522624,0
C002312,0.0,0.03929896660733802,0.0,0.2059500154247589,0.0,0.41032521467178906,0.0,0.34442580329611405,1
C002313,0.0,0.0,0.0,0.014844472814020338,0.0,0.01775705619236029,0.0,0.9673984709936194,2
C002316,0.0,0.7540438493359961,0.0,0.0,0.09259077957504999,0.0,0.12558984520908495,0.027775525879868868,3
C002318,0.40588177665388214,0.0,0.0,0.19283009338023932,0.0,0.0,0.0,0.4012881299658786,3
C002320,0.0,0.026213783115752603,0.13482943824668817,0.037015848005704,0.43772125467791806,0.0,0.1565803041686202,0.20763937178531688,1
C002321,0.0,0.019934479917557636,0.0,0.035860050166692255,0.0,0.0,0.0,0.94420546991575,4
C002323,0.5791381331567571,0.0,0.0,0.22372622395687378,0.0,0.0,0.0,0.1971356428863691,0
C002331,0.0,0.0,0.0,0.0,0.0,0.9881940255089452,0.0,0.011805974491054805,4
C002333,0.24224567729394672,0.0,0.0,0.0,0.4726998014694831,0.0,0.17446519167386343,0.11058932956270673,3
C002335,0.0,0.0,0.0,0.0,0.0,0.0,0.03910270692566332,0.9608972930743367,4
C002338,0.0,0.0,0.5425647224106992,0.0,0.0,0.0,0.0934205388445456,0.3640147387447552,2
C002346,0.2613788214891371,0.0,0.29000408838592917,0.053879668111414425,0.0,0.0,0.0,0.39473742201351936,2
C002349,0.0,0.0,0.0,0.0,0.0,0.0,0.0,1.0,1
C002351,0.0,0.0,0.0,0.0,0.04369762586925128,0.0,0.07960695357202513,0.8766954205587236,0
C002353,0.0,0.0,0.8541246480660074,0.0,0.10686340061741771,0.0,0.0,0.03901195131657487,3
C002354,0.0,0.0,0.0,0.0,0.00334052681129044,0.9796924455184511,0.0,0.016967027670258372,2
C002355,0.0,0.0,0.0,0.07095438344604423,0.6588840952435137,0.0,0.22164516717836574,0.048516354132076334,2
C002358,0.0,0.0,0.08923974685521782,0.5111446847317475,0.3112305218010377,0.0,0.0,0.08838504661199698,4
C002360,0.036282597974792684,0.0,0.0,0.0,0.8077347685697573,0.0,0.034167309368981935,0.121815324086468,2
C002361,0.17700091437215607,0.0,0.0,0.0,0.0,0.0,0.0,0.822999085627844,1
C002362,0.2536882771671294,0.3098854669717183,0.0,0.2698039291359027,0.0,0.0,0.0,0.16662232672524957,0
C002363,0.0,0.0,0.3074761590516451,0.28329283316668297,0.13141222182942922,0.027023915291308265,0.0,0.2507948706609344,3
C002365,0.0,0.0,0.0,0.0,0.5240186716784739,0.04129494158643841,0.021306069525103517,0.41338031720998414,1
C002366,0.23818374714083787,0.0,0.15715677373549236,0.0,0.3433592784068679,0.0,0.0,0.26130020071680193,2
C002367,0.0,0.0,0.0,0.7359427305682634,0.0,0.0,0.22327962808314236,0.040777641348594185,1
C002368,0.8246798607691029,0.0,0.0,0.0,0.15421065846251675,0.0,0.0,0.021109480768380262,2
C002370,0.0,0.0,0.0,0.0,0.865593505533965,0.0,0.0,0.13440649446603503,4
C002371,0.024527907747413397,0.0,0.0,0.0,0.022645976682832386,0.0,0.0,0.9528261155697542,4
C002372,0.002554256675138994,0.0,0.0,0.0,0.16172334103324365,0.784625524889308,0.0,0.05109687740230928,4
C002373,0.04093512708510157,0.0,0.24520055860955878,0.0,0.19094847330532755,0.031235578376761473,0.016148752005800692,0.4755315106174499,0
C002375,0.0,0.0,0.0,0.8247801782494459,0.0,0.0,0.0,0.17521982175055406,3
C002376,0.0,0.4874736785240181,0.008156993679673518,0.0,0.0,0.004831318633241694,0.31222122120502205,0.18731678795804463,1
C002378,0.0,0.03757546831906093,0.0,0.0,0.0,0.0,0.28899149239277694,0.6734330392881621,4
C002379,0.0,0.0,0.0,0.0,0.0,0.3854249742786843,0.03366332466813542,0.5809117010531804,2
C002380,0.0,0.0,0.0,0.5593171821594134,0.04568128005319005,0.0,0.0,0.39500153778739655,1
C002382,0.0,0.0,0.0,0.09662714843549723,0.0,0.5120370621428967,0.0,0.3913357894216061,2
C002386,0.0,0.0,0.40795644380196827,0.0,0.0,0.0,0.0,0.5920435561980317,4
C002388,0.0,0.018837963538307183,0.0,0.0,0.0,0.9200540343937127,0.0,0.06110800206798017,0
C002389,0.04315352269900108,0.0,0.06028011263671261,0.22865825217722355,0.0,0.0,0.0,0.6679081124870627,1
C002394,0.0,0.0,0.0,0.2750671849706024,0.04752200289908481,0.0,0.5064437381626185,0.17096707396769428,2
C002395,0.17913153393271014,0.10854393416772466,0.0,0.0,0.06977918360341474,0.27888012704731424,0.26657379715459356,0.09709142409424265,0
C002397,0.0,0.0,0.3270974779013932,0.0,0.0,0.0,0.0,0.6729025220986068,0
C002398,0.42825575636452884,0.0,0.0,0.0,0.0,0.3478221440489259,0.0,0.2239220995865452,4
C002399,0.0,0.0,0.0,0.7564393130621181,0.0,0.0,0.0,0.2435606869378819,2
C002401,0.08991892404029651,0.0,0.0,0.0,0.0,0.0,0.48464098217820184,0.4254400937815016,1
C002402,0.0,0.0,0.10641459950662796,0.0,0.0,0.0,0.0,0.8935854004933721,3
C002404,0.0,0.4223444285837325,0.0,0.0,0.0,0.0,0.0,0.5776555714162674,2
C002405,0.17079020245966586,0.0,0.5937679556921054,0.01012504895266776,0.0,0.0,0.22440820517077778,0.0009085877247831942,2
C002406,0.0,0.01141422578036639,0.0,0.007253217210797583,0.0,0.9025436069021784,0.0,0.07878895010665765,2
C002413,0.0,0.0,0.033595945766849086,0.0,0.013048149165931361,0.0,0.0,0.9533559050672196,4
C002414,0.0,0.0,0.0,0.0,0.0,0.0,0.0,1.0,1
C002419,0.0,0.0,0.0,0.31528906324675865,0.0,0.0,0.5111701463970666,0.17354079035617476,2
C002421,0.006649227749081048,0.0,0.0,0.0,0.0,0.014833291851846463,0.9763311661402662,0.0021863142588063322,4
C002424,0.0,0.0,0.0,0.0,0.8350656072962241,0.0,0.0,0.16493439270377586,1
C002426,0.0,0.0,0.0,0.0,0.0,0.0,0.2997974217618882,0.7002025782381118,1
C002428,0.0,0.0,0.0,0.0,0.0,0.0,0.8040095444041496,0.19599045559585038,0
C002429,0.0,0.0,0.48503167752912785,0.15974137660412288,0.2693026617082344,0.0,0.0,0.08592428415851483,4
C002430,0.0,0.3198221401964509,0.0,0.0454877619813121,0.08178708798579427,0.0,0.0,0.5529030098364427,4
C002431,0.9143794598114419,0.0,0.0,0.0,0.0,0.0,0.0,0.08562054018855814,1
C002438,0.0,0.0,0.09229704693346319,0.5790854880998119,0.2477502771247499,0.0,0.017623435132611404,0.06324375270936367,3
C002439,0.04912560003263638,0.0,0.015928416752831482,0.0,0.0,0.06414237030690935,0.40003908395028903,0.4707645289573338,3
C002441,0.0,0.07940970147223829,0.5639010654295701,0.0,0.0,0.26697721301899574,0.0,0.08971202007919588,3
C002442,0.0,0.3875880580143838,0.0,0.06939953219922024,0.0,0.47745068197429,0.0,0.0655617278121059,1
C002448,0.0,0.06564013144214711,0.0,0.053777618340246414,0.0,0.0,0.0,0.8805822502176065,2
C002449,0.0,0.0,0.0,0.0,0.0,0.9612924252664246,0.004577701356139446,0.034129873377436004,3
C002450,0.057412739865038885,0.02919149191546837,0.029203439762798076,0.0,0.0,0.0,0.0,0.8841923284566947,3
C002451,0.0,0.0,0.1980576039465771,0.042076030268141544,0.0,0.5547886482876094,0.0,0.2050777174976719,0
C002452,0.0,0.03375848814094174,0.5783090423754212,0.18350316609845513,0.0,0.137641372082178,0.0,0.06678793130300387,1
C002456,0.0,0.0,0.0,0.13952109897520998,0.0,0.5437693334685305,0.0,0.31670956755625945,4
C002457,0.5641560822039954,0.3535520679704348,0.0,0.0,0.0,0.0,0.0,0.08229184982556981,3
C002458,0.0,0.0,0.7541366885761946,0.0,0.0,0.0,0.0,0.24586331142380535,0
C002460,0.036529475663069626,0.0,0.17812309734080053,0.0,0.0,0.0,0.0,0.7853474269961298,2
C002461,0.0,0.0,0.26094591754957824,0.0,0.0,0.16458505319564334,0.1052582042436846,0.4692108250110938,2
C002462,0.0,0.0,0.0,0.41080533481938697,0.0,0.5342244623863025,0.0,0.05497020279431053,2
C002463,0.26476850298491844,0.14374030560937057,0.03219741641945034,0.02270616444848712,0.13333958741240948,0.25634175252748215,0.0,0.14690627059788197,4
C002474,0.0,0.0,0.0,0.6298124166878498,0.0,0.0,0.34609126773616494,0.02409631557598524,1
C002476,0.0,0.9293036655537259,0.0,0.0,0.0,0.0,0.0,0.0706963344462741,0
C002479,0.0,0.0,0.0,0.08602463375460205,0.0,0.0,0.0,0.913975366245398,4
C002485,0.0,0.4569275620200147,0.0,0.0,0.0,0.0,0.13926359669877303,0.4038088412812122,3
C002488,0.0,0.0,0.0,0.0,0.07856319829066159,0.0,0.0,0.9214368017093384,2
C002490,0.0,0.2181080110897214,0.4465401241301713,0.0,0.0,0.06384190759028546,0.2560978874930708,0.015412069696751018,3
C002491,0.3981373007701891,0.0,0.0,0.1347560625694333,0.0,0.0,0.2145397932719246,0.2525668433884529,2
C002492,0.0,0.0,0.0,0.3514151713797458,0.0,0.0,0.45204117985588466,0.19654364876436947,2
C002493,0.0,0.0,0.34735941803328346,0.0,0.0,0.0,0.0,0.6526405819667165,3
C002495,0.2093476094788037,0.0,0.0,0.7451612444421639,0.009657758758772516,0.0,0.01238665206499376,0.023446735255266082,0
C002498,0.0,0.0,0.0,0.8748913766218519,0.0,0.0,0.0,0.1251086233781481,3
C002499,0.19820565698113718,0.0,0.02858463876068126,0.3350633318100367,0.024558322894010862,0.2549086817321644,0.0,0.15867936782196956,2
C002500,0.0,0.07184281720124737,0.0,0.0,0.0,0.06821293293037381,0.0,0.8599442498683788,3
C002501,0.0493681349405993,0.0,0.0,0.0,0.2417394013375661,0.02427690623548669,0.019812221220687366,0.6648033362656605,1
C002503,0.0,0.0,0.0,0.05970019915792725,0.07568133379179719,0.044901159560823516,0.0,0.819717307489452,0
C002512,0.274283975780932,0.1754260352618454,0.0,0.0,0.034213170925748285,0.0,0.3365257427208226,0.17955107531065173,1
C002514,0.0,0.010986285292103434,0.5645145903590864,0.11902582701691199,0.0,0.0,0.0,0.3054732973318982,2
C002516,0.0,0.0,0.0,0.0,0.0,0.9417439901474634,0.0,0.05825600985253665,3
C002519,0.0,0.0,0.0,0.0,0.0,0.0,0.884483142029604,0.11551685797039601,4
C002522,0.0,0.0,0.0,0.0,0.09985473383190382,0.8385535616594926,0.0,0.06159170450860363,0
C002523,0.0,0.024403428321550878,0.86240753744943,0.0,0.0795481482247775,0.023205404536522287,0.0,0.010435481467719332,2
C002526,0.0,0.003209647125755461,0.0,0.5793385708370203,0.14967076078194808,0.20951626787470062,0.01801143982433333,0.04025331355624229,4
C002527,0.1296414442214774,0.0,0.0,0.0,0.0,0.0,0.029004046905112803,0.8413545088734098,1
C002528,0.11604075709228864,0.08939084451598195,0.0,0.06682043477458176,0.2672790943038678,0.007794924058255319,0.12521105880180822,0.3274628864532163,0
C002530,0.10845156069701332,0.0,0.7066079185544697,0.0,0.0,0.08567782194118455,0.0,0.0992626988073324,2
C002531,0.0,0.0,0.0,0.4321186193108941,0.2545626564270254,0.0,0.0,0.3133187242620805,2
C002533,0.0,0.0,0.0,0.0,0.0,0.0,0.0,1.0,2
C002534,0.47837690950221295,0.3678955983097979,0.008971470712936327,0.0,0.0,0.0,0.1347055738299845,0.01005044764506835,4
C002539,0.0,0.0,0.0,0.0,0.0,0.0,0.02653080677353142,0.9734691932264686,1
C002541,0.0,0.014625139864699193,0.13580766551759477,0.0,0.0,0.7691785475678532,0.0,0.08038864704985282,0
C002542,0.0,0.0,0.0,0.0,0.0,0.0,0.9969071820841168,0.003092817915883228,0
C002544,0.0,0.0,0.0,0.0737142570730993,0.0,0.7673210275950628,0.03614824472564217,0.12281647060619572,2
C002548,0.0,0.07764328211790647,0.29170570252934463,0.0,0.0,0.5488187661982671,0.0,0.08183224915448184,1
C002550,0.0,0.0,0.00904337097507489,0.0,0.0,0.9017104979445166,0.0,0.08924613108040846,2
C002553,0.0,0.0,0.7310902350541354,0.0,0.11884740473054485,0.0,0.0,0.1500623602153197,3
C002555,0.0,0.2931104000039952,0.6279069292286241,0.0,0.0,0.0,0.0,0.07898267076738064,0
C002559,0.0,0.0,0.1667256647359057,0.0,0.0,0.0,0.0,0.8332743352640943,0
C002563,0.0,0.023923151403297038,0.5065223669469572,0.0,0.022580855639231068,0.0,0.0,0.4469736260105147,4
C002564,0.4195012370843134,0.0,0.028645910424440906,0.09912486859069523,0.0,0.0,0.018020800697423515,0.43470718320312696,4
C002566,0.0,0.0,0.1022728922654378,0.7310021758639399,0.0,0.0,0.017167164739171483,0.14955776713145086,3
C002567,0.09491369273770377,0.0,0.0,0.0,0.14776340116555048,0.0,0.0,0.7573229060967457,2
C002569,0.0,0.26508706962606987,0.009835834993818007,0.22772765851557902,0.0,0.004156789870603706,0.42371323363951524,0.0694794133544141,4
C002571,0.6195181940718112,0.0,0.0,0.0,0.2917378463454778,0.0,0.0,0.08874395958271108,3
C002573,0.0,0.04410682296906048,0.4776334864736783,0.06887523806609075,0.0,0.0,0.0,0.4093844524911705,2
C002581,0.06633607870541774,0.0,0.21423268558994138,0.0,0.0,0.008615877164067531,0.619130399357006,0.09168495918356734,1
C002585,0.0,0.050206062218868044,0.04312233862417966,0.0,0.0,0.0,0.05819703625981962,0.8484745628971326,1
C002587,0.0,0.0,0.0,0.24814386440936356,0.7338870724984055,0.016864619709719433,0.0,0.0011044433825115885,1
C002590,0.0,0.0,0.05820200524370373,0.7098734706704523,0.0,0.0,0.014448714976686894,0.2174758091091571,1
C002594,0.0,0.0,0.0,0.14892925853780076,0.7788996914789101,0.0,0.0,0.07217104998328905,4
C002595,0.0,0.0,0.0,0.703141513384741,0.0,0.0,0.0,0.29685848661525904,2
C002599,0.0,0.0,0.0,0.10542899801902338,0.0,0.12661645482510578,0.0,0.7679545471558709,1
C002606,0.12147574790509105,0.0,0.0372246121441946,0.0,0.2779624374877241,0.0,0.0,0.5633372024629902,0
C002608,0.1101385502186625,0.6094774009108259,0.0,0.0,0.0,0.0,0.0,0.2803840488705116,1
C002610,0.0,0.07360661771857395,0.6674224967254477,0.2105729450183864,0.0,0.0,0.0,0.048397940537591944,4
C002611,0.0,0.3638894709261318,0.0,0.09885409160429588,0.03279350139339179,0.0,0.0,0.5044629360761805,1
C002612,0.0,0.0,0.0,0.2770452777575273,0.02998721411534599,0.0,0.0,0.6929675081271267,0
C002615,0.0,0.0,0.0,0.0,0.7651671325215776,0.0,0.1862993839735884,0.048533483504833996,1
C002617,0.008610438557913097,0.012443158101193194,0.0,0.0,0.0,0.0,0.013643872049975359,0.9653025312909184,0
C002620,0.0,0.0,0.0,0.22114867416453377,0.10305374592573736,0.5319150997612325,0.0,0.14388248014849636,0
C002621,0.0,0.024607529388066054,0.18455717344773445,0.3097453609686553,0.03543576014788202,0.0,0.3313785216440677,0.11427565440359455,2
C002622,0.5980489443096568,0.06036484606518054,0.0,0.0,0.0,0.0,0.256226400048772,0.08535980957639056,1
C002623,0.0,0.0,0.5301299893129625,0.2601590461940189,0.0,0.0,0.18074748459825596,0.028963479894762667,4
C002625,0.0,0.8017099278414268,0.13582980716201973,0.0,0.0,0.0,0.0,0.06246026499655344,0
C002626,0.0,0.0,0.5789934194451277,0.0,0.0,0.18828572179103312,0.0,0.2327208587638392,3
C002627,0.0,0.03379372181029928,0.0,0.0,0.0,0.0,0.5544260235050781,0.41178025468462265,4
C002628,0.0,0.0,0.0,0.0,0.8632436045898604,0.0,0.0,0.13675639541013962,2
C002629,0.07913875081415259,0.0,0.0,0.0,0.0,0.0,0.011739786289343492,0.9091214628965039,0
C002634,0.03580198308474764,0.0,0.0,0.0,0.017268628505358458,0.05090001188163862,0.0,0.8960293765282553,4
C002635,0.0,0.9216576427962773,0.0,0.0,0.0,0.0,0.0,0.07834235720372273,3
C002636,0.0,0.0,0.0053818753409991555,0.025732313924694095,0.0,0.07257032739442867,0.015312138184561324,0.8810033451553168,3
C002637,0.0,0.8928670728605864,0.0,0.055752877121662485,0.028217841381726658,0.0,0.0,0.023162208636024473,3
C002638,0.2568558788247094,0.0,0.32104927389725074,0.0,0.0,0.0,0.2648030691879923,0.15729177809004757,4
C002642,0.14398534679021693,0.2740241584760025,0.0,0.20543620099628862,0.0,0.3039127713907152,0.0,0.07264152234677668,1
C002643,0.0,0.0,0.0,0.0,0.021536331210183772,0.0,0.0,0.9784636687898163,3
C002644,0.0,0.03287221426613623,0.0,0.0,0.0,0.0,0.0,0.9671277857338638,0
C002647,0.0,0.0,0.0,0.7498279543127113,0.06046999704125077,0.0,0.0,0.1897020486460379,2
C002649,0.0,0.0,0.0,0.0,0.0,0.7548747395474034,0.0,0.24512526045259664,2
C002650,0.0,0.0,0.0,0.0,0.0,0.0,0.14298004034891731,0.8570199596510827,2
C002653,0.0,0.0,0.0,0.0,0.2508943417731028,0.3702718934459884,0.0,0.3788337647809088,2
C002655,0.0,0.0,0.0,0.0,0.6915483002831575,0.24513917227553497,0.0,0.06331252744130755,3
C002656,0.0,0.0,0.0,0.05360424035397658,0.0038513472350427927,0.7739194359307513,0.0,0.16862497648022934,2
C002657,0.0,0.0,0.0,0.05982914348673112,0.7441989256893226,0.0,0.0,0.19597193082394637,2
C002660,0.012656597301569652,0.9014397478729848,0.0,0.008240323246093145,0.0,0.0,0.0,0.07766333157935246,2
C002663,0.0,0.0,0.0,0.0,0.0,0.0,0.6045394794089437,0.3954605205910563,1
C002665,0.014320337914449893,0.018823037389405363,0.011127428450007722,0.0,0.4323819791678303,0.0,0.0,0.5233472170783067,2
C002666,0.1354451824208777,0.0,0.1155556493631593,0.08269023700563022,0.0,0.0,0.0,0.6663089312103327,0
C002667,0.0,0.8368138476903058,0.0,0.0,0.0,0.0,0.0,0.16318615230969424,1
C002668,0.04673272067819404,0.0,0.0,0.008128634650552186,0.01938857870603923,0.5633576478631686,0.0,0.36239241810204603,1
C002671,0.0,0.38424752820975105,0.0,0.0,0.06260584842339613,0.07868891005942313,0.0,0.4744577133074297,0
C002677,0.45037012866554693,0.1276910974290484,0.0,0.0,0.03768255023861709,0.0,0.0,0.3842562236667876,1
C002678,0.0,0.0,0.0,0.7162336414846371,0.020758743603187524,0.0,0.0,0.2630076149121754,4
C002680,0.22339005953418883,0.6079453234096653,0.15748365972225425,0.0,0.0,0.0,0.0,0.011180957333891683,2
C002683,0.0,0.0,0.0,0.05641828657946286,0.0,0.03332317894709971,0.06101121132910896,0.8492473231443285,4
C002686,0.0,0.6892521033845939,0.0,0.2388212759302573,0.0,0.03728545617989952,0.0,0.034641164505249344,3
C002687,0.24030925639013867,0.0,0.0,0.0,0.0,0.41170441221470494,0.0,0.34798633139515633,4
C002688,0.0,0.0,0.0,0.3887926345082259,0.0,0.0,0.5725673816306812,0.03863998386109291,1
C002689,0.007117493965045102,0.17655583855509055,0.0,0.0,0.7067716725841334,0.0,0.0,0.10955499489573095,2
C002692,0.018193340231916155,0.0,0.031432298855870504,0.0,0.0,0.02628909877553067,0.0,0.9240852621366826,0
C002694,0.0,0.04239394518846775,0.0,0.0,0.0,0.9474376419394572,0.0002687841812343155,0.009899628690840712,0
C002696,0.0,0.39154800016763963,0.0,0.0545814116386084,0.0,0.0,0.0,0.553870588193752,0
C002697,0.0,0.0,0.21555717286138423,0.6235965218282666,0.0,0.0,0.0,0.16084630531034916,2
C002698,0.0,0.0,0.10698007974392754,0.0,0.0,0.0,0.0,0.8930199202560725,4
C002699,0.7199190937609443,0.0,0.0,0.1339379643688456,0.11545123902544037,0.0,0.0,0.03069170284476963,3
C002700,0.07299106377409434,0.0,0.0,0.13486150853179685,0.0,0.1327803037198266,0.2007778695745342,0.45858925439974807,0
C002703,0.0,0.0,0.2302383817964278,0.0,0.0,0.0,0.0,0.7697616182035723,2
C002705,0.6256210037234387,0.0,0.0,0.0,0.0,0.0,0.0,0.37437899627656135,1
C002707,0.5943562318269922,0.0,0.0,0.03079551028030354,0.0,0.0,0.0,0.37484825789270426,3
C002714,0.14427060808583522,0.7483602447504952,0.0,0.0,0.016629685534968186,0.0,0.034276342086526725,0.056463119542174645,4
C002715,0.12959017966953565,0.16021392817678437,0.06239106514070977,0.020853554945153206,0.0,0.009661464552850276,0.024017655249925038,0.5932721522650416,2
C002719,0.06620895609018398,0.0,0.0,0.010859207368326415,0.7275807481881255,0.007276904744234062,0.17456107680400432,0.01351310680512574,1
C002720,0.0,0.6403940149519073,0.1213950909934169,0.0,0.0,0.021947400725272587,0.0,0.2162634933294032,2
C002721,0.0,0.0,0.0,0.0,0.3052744668686222,0.0,0.0,0.6947255331313777,3
C002725,0.0,0.5557985617195658,0.0,0.10708148196164584,0.06708573093143422,0.0,0.0,0.2700342253873542,1
C002729,0.06920346557271877,0.0,0.058956161009215934,0.0,0.0,0.0,0.08392171657296774,0.7879186568450975,4
C002731,0.0,0.029462671733068546,0.0,0.11766982474262315,0.01227331705895092,0.0,0.009402641440824588,0.8311915450245329,4
C002733,0.0,0.0,0.0,0.4557868057625566,0.05244580694536844,0.46832274081023034,0.0,0.023444646481844522,3
C002734,0.0427730409866065,0.0,0.0,0.0,0.301695922763387,0.509372525797959,0.0,0.14615851045204753,0
C002736,0.0,0.0,0.7487120917211425,0.0,0.0,0.20480326185469985,0.0,0.046484646424157616,1
C002737,0.0,0.0,0.3026219848761304,0.07408144974167631,0.520089832732973,0.0,0.0,0.10320673264922031,1
C002738,0.06981838214070368,0.8567144522058955,0.0,0.0,0.02617402594796193,0.0,0.0,0.047293139705438914,2
C002739,0.0,0.0,0.0,0.0,0.6367519787242187,0.0,0.0,0.36324802127578126,2
C002740,0.039112951080750795,0.3832435692886022,0.0,0.0,0.0,0.06003603508119244,0.0,0.5176074445494545,1
C002742,0.09412038635206325,0.0,0.0,0.3838938706519462,0.0,0.09975955718220246,0.34186546312743227,0.08036072268635586,1
C002746,0.0,0.0,0.0,0.1705933179999273,0.0,0.0,0.5767866366131161,0.2526200453869566,3
C002747,0.8131347205721088,0.0,0.0,0.0,0.0,0.0,0.0,0.18686527942789122,0
C002749,0.0,0.0,0.0,0.5218702746404912,0.0,0.0,0.040072363312261335,0.43805736204724743,2
C002751,0.0,0.0,0.0,0.034768700567970184,0.0,0.0,0.0,0.9652312994320298,2
C002753,0.0,0.0,0.0,0.34310784329345506,0.0,0.4455275127780661,0.0,0.21136464392847887,4
C002755,0.0,0.14329902241771109,0.0,0.5541577493610247,0.005732417348458066,0.0,0.04429468828956111,0.2525161225832451,0
C002757,0.0,0.12932285958595732,0.0,0.1975734367702125,0.5476954196696824,0.0,0.0,0.12540828397414783,4
C002758,0.0,0.0,0.0,0.0,0.0,0.0,0.0,1.0,2
C002760,0.0,0.0,0.0,0.0,0.3234031623390985,0.5935522348782771,0.011387327213496631,0.07165727556912771,4
C002762,0.461547653513942,0.0,0.021548329630860077,0.0,0.0,0.0,0.2458228328600873,0.2710811839951106,4
C002764,0.0,0.0,0.10201120590272639,0.0,0.21972539573854172,0.5942076709955566,0.0,0.08405572736317524,1
C002767,0.0,0.0,0.6998871805484282,0.0,0.0,0.0,0.2720368812866834,0.028075938164888292,3
C002768,0.0,0.0,0.0,0.0,0.0,0.0,0.0293905258554149,0.9706094741445851,3
C002769,0.015220046068503416,0.0,0.49316220535178024,0.05959231787262467,0.0,0.0,0.0,0.43202543070709165,4
C002771,0.540169813656784,0.0,0.4064980112767245,0.0,0.0,0.0393330328489755,0.0,0.01399914221751597,4
C002772,0.0,0.26985510420100794,0.0,0.0,0.07484239186885568,0.0,0.0,0.6553025039301363,0
C002773,0.0,0.0,0.24274269599280307,0.7220573533251032,0.027605985972280474,0.0,0.0,0.007593964709813217,2
C002775,0.0,0.7569355871608953,0.08042922784959564,0.010281371545907147,0.0,0.0,0.0,0.152353813443602,2
C002779,0.4776566371528361,0.0,0.0,0.05301747112778267,0.0,0.12043070327207282,0.15418657082254805,0.19470861762476033,2
C002780,0.0,0.8970917368910427,0.0,0.0,0.0,0.0,0.0,0.10290826310895729,3
C002786,0.0,0.7706378065994162,0.0,0.0,0.0,0.0,0.0,0.22936219340058384,1
C002788,0.21933361369489057,0.0,0.0,0.0,0.34989571243532636,0.05453215048022934,0.0,0.37623852338955377,1
C002793,0.0,0.0,0.0,0.0,0.0,0.43726561770063704,0.4233309660363895,0.13940341626297348,4
C002794,0.0,0.0,0.06899623595581926,0.0,0.0,0.6250163464787372,0.0,0.30598741756544356,2
C002795,0.5972146635070353,0.0,0.0,0.0,0.0,0.14659046166878462,0.0,0.25619487482418,4
C002796,0.0,0.0,0.0,0.0,0.6731172052851495,0.0,0.0,0.3268827947148505,3
C002798,0.0,0.0,0.4911107211448705,0.07290417546074529,0.022400671416910323,0.0,0.0,0.41358443197747397,0
C002800,0.01957606359729503,0.0,0.6624174331878749,0.0,0.0,0.0,0.0,0.31800650321483004,1
C002801,0.027499953115442694,0.11443271313932565,0.026488273622943623,0.05308534536086296,0.027341555140606707,0.33359519326181264,0.0,0.41755696635900574,4
C002802,0.0,0.015985327894114172,0.07737093729817977,0.3583793855900498,0.0,0.0,0.31299578004291617,0.23526856917474004,4
C002804,0.02676705165846955,0.0,0.19150720732494977,0.0,0.0,0.09476982415491607,0.0,0.6869559168616646,0
C002805,0.0,0.0,0.0,0.0,0.0,0.0,0.0,1.0,3
C002808,0.0,0.3105094917972712,0.0,0.0,0.0,0.0,0.0,0.6894905082027287,2
C002809,0.0,0.0,0.0,0.748401923804754,0.0,0.0,0.0,0.251598076195246,4
C002810,0.0,0.0,0.0,0.43614834972670086,0.0,0.0,0.3615100031149217,0.20234164715837744,0
C002812,0.04454659627256192,0.0,0.1074719806213887,0.0,0.0,0.8403232240281489,0.0,0.0076581990779005515,0
C002813,0.16151146076389236,0.0,0.0,0.49912887693256847,0.0,0.0,0.0,0.3393596623035392,4
C002814,0.0,0.10886071784031554,0.0,0.0,0.6055513122832272,0.0,0.0,0.2855879698764572,4
C002816,0.0,0.0,0.04781970518146234,0.0,0.36675717636793215,0.05477049225429533,0.0,0.5306526261963103,2
C002817,0.0,0.627337817477654,0.0,0.0,0.18041565039368818,0.0,0.0,0.19224653212865772,1
C002820,0.29423229002477946,0.0,0.0,0.0,0.0,0.5335151020214415,0.0,0.17225260795377906,3
C002821,0.05497076355167099,0.3231128029801937,0.0,0.21686708678326683,0.0,0.27767861897373347,0.0,0.127370727711135,2
C002822,0.3779731606316905,0.09232424529058944,0.0,0.0,0.0,0.0,0.0,0.52970259407772,4
C002826,0.0,0.0,0.0,0.143482702328483,0.0,0.1511624286679849,0.6643399355847015,0.04101493341883056,2
C002829,0.09342752949821351,0.0,0.0,0.2311255880095282,0.0,0.5394329676048317,0.0,0.13601391488742653,2
C002834,0.0,0.0,0.0,0.0,0.43273797169744127,0.0,0.4912524242847731,0.07600960401778556,2
C002836,0.0,0.0,0.6184499671986501,0.0,0.0,0.0,0.2336536896114481,0.14789634318990186,0
C002838,0.08249451060752985,0.0,0.0,0.0,0.15800277867941817,0.6359456463321381,0.024470744242070592,0.09908632013884322,0
C002839,0.0,0.0,0.09039030012565409,0.0,0.0,0.191734275181483,0.29092522334094956,0.4269502013519133,1
C002840,0.0,0.16192671114737273,0.0,0.0,0.0,0.20824245785022621,0.0,0.629830831002401,2
C002842,0.0,0.0,0.0,0.0,0.0,0.13818111548864476,0.0,0.8618188845113552,1
C002843,0.2344318732531272,0.13776862562962475,0.0,0.02951612462193877,0.0,0.176652065539753,0.16035640316667593,0.2612749077888803,3
C002844,0.32642395847770145,0.0,0.0,0.0,0.5536446606532244,0.0,0.0,0.11993138086907418,4
C002846,0.0,0.0,0.0,0.0,0.0,0.0,0.0,1.0,2
C002847,0.0,0.0,0.0,0.0,0.0,0.5535710906271316,0.0,0.4464289093728684,4
C002849,0.0,0.0,0.5831462612672117,0.0,0.10952337135348914,0.03571433441278506,0.0,0.27161603296651415,1
C002851,0.0,0.0,0.0,0.0,0.011706414570137321,0.0,0.006827325605644741,0.981466259824218,3
C002852,0.0,0.0,0.04469340833694278,0.4964975737208436,0.021346176056204848,0.22365726869725866,0.0,0.21380557318875015,3
C002853,0.0,0.0,0.54354101376378,0.3692631133147025,0.025114051950441994,0.0,0.0,0.06208182097107551,2
C002855,0.01710549105354754,0.48949430726965987,0.0,0.4098745133070556,0.0,0.0,0.0,0.08352568836973695,4
C002856,0.0,0.0,0.007806308429786505,0.0,0.03547958635345605,0.07206497059878884,0.8348892779555238,0.04975985666244476,1
C002859,0.05287469336266778,0.8409514502834904,0.0,0.0,0.0,0.02432029221206067,0.061430098876322496,0.020423465265458685,2
C002861,0.0,0.0,0.0,0.05565255163131458,0.0,0.0,0.0,0.9443474483686854,4
C002862,0.0,0.42082178342366655,0.037968446957792744,0.0,0.3291345314102853,0.08280817542424515,0.0,0.12926706278401023,4
C002863,0.0,0.0,0.0,0.0,0.0,0.0,0.0,1.0,2
C002866,0.0,0.3963842386385943,0.11271815821951962,0.0,0.2033014943431731,0.0,0.0,0.287596108798713,4
C002869,0.0,0.1620167802726425,0.0,0.21710145667462902,0.0684773204906176,0.0,0.19948309830777766,0.3529213442543332,2
C002870,0.590412102681031,0.0,0.0,0.0,0.0,0.0,0.3692455272839823,0.04034237003498675,0
C002871,0.0,0.0,0.6671896629033293,0.15326977910868206,0.0,0.12824154053002002,0.0,0.05129901745796872,3
C002876,0.0,0.0,0.186239545943082,0.0,0.0,0.0,0.0,0.813760454056918,2
C002877,0.0,0.2796435727333603,0.0,0.3057149939969419,0.37839524824657583,0.0,0.0,0.036246185023121935,4
C002879,0.09223029329074937,0.0,0.14175569042253125,0.0,0.0,0.23923306827822946,0.4154868469960025,0.11129410101248749,2
C002880,0.08724659108558941,0.0,0.0,0.0,0.0,0.0,0.0,0.9127534089144106,3
C002883,0.0,0.11245812554956901,0.4015987959307235,0.22787369640423996,0.12192789069077692,0.0,0.0,0.13614149142469067,0
C002884,0.0,0.013115342480081277,0.16913798678756636,0.0,0.09212584971662396,0.679198015777526,0.0,0.0464228052382023,1
C002885,0.0,0.0,0.7467919676224066,0.0,0.0,0.0,0.0,0.2532080323775934,2
C002889,0.0,0.0,0.0,0.03905935192118279,0.7311291623336722,0.09454369837240822,0.0,0.13526778737273681,1
C002890,0.05252888550906103,0.0,0.0,0.025698562060176684,0.0,0.8773519709450122,0.0057390775323767915,0.03868150395337333,1
C002891,0.10290406111690052,0.0646240888490531,0.6673337008644946,0.0,0.0,0.0,0.0,0.16513814916955183,4
C002892,0.0,0.6030879537072518,0.0,0.0,0.0,0.0,0.0,0.39691204629274823,1
C002894,0.0,0.0,0.0,0.0,0.0,0.0,0.0,1.0,2
C002895,0.7816850312867457,0.0,0.0,0.0,0.0,0.0,0.0,0.2183149687132543,4
C002896,0.0,0.4505125448230935,0.0,0.0,0.1616992173644997,0.0,0.0,0.3877882378124068,0
C002898,0.0,0.27778077802582263,0.0,0.44244494117143923,0.054550936432856724,0.09480074842744092,0.0,0.13042259594244054,1
C002899,0.0,0.0,0.04905449162551682,0.0,0.0,0.0,0.0,0.9509455083744832,4
C002900,0.0,0.0,0.0,0.0,0.39574890932230594,0.5882025456478825,0.0,0.016048545029811567,0
C002902,0.0,0.0,0.6414644569440542,0.0,0.3097686166655794,0.0,0.0,0.048766926390366394,4
C002903,0.0798373728206203,0.0,0.11349955060035946,0.0,0.0,0.0410583665863973,0.0,0.765604709992623,1
C002907,0.0,0.0,0.0,0.0,0.03431989583171413,0.0,0.1680455057262497,0.7976345984420361,2
C002908,0.0,0.6215668320458269,0.0314007734351175,0.0,0.33126045786099195,0.0008459744498881029,0.0,0.014925962208175658,4
C002909,0.0,0.0,0.09799139912307536,0.0,0.0,0.0,0.0,0.9020086008769246,1
C002910,0.0,0.0,0.0,0.0,0.0,0.0,0.6776220740767757,0.32237792592322434,4
C002912,0.0,0.024644853247485648,0.561461253737257,0.0,0.0,0.17014194038603106,0.0,0.24375195262922633,1
C002913,0.11140460407941108,0.1597894841575609,0.0,0.07994667950725826,0.0,0.0,0.0,0.6488592322557698,2
C002916,0.0,0.0,0.08651991780185969,0.0,0.005044381719649277,0.01819225134010077,0.7654872944573351,0.12475615468105516,0
C002918,0.0,0.0,0.0,0.1156615079887208,0.0,0.0,0.5335101536071111,0.35082833840416816,2
C002919,0.11512416401118596,0.06250940515342399,0.0,0.0,0.0,0.0,0.45644650491990796,0.36591992591548217,1
C002920,0.1521535358557406,0.07399342944349534,0.0,0.0,0.6467296347247382,0.0,0.0,0.12712339997602584,4
C002924,0.0,0.0,0.1569332656652277,0.0,0.011497917848505616,0.5983826368922945,0.0,0.23318617959397214,1
C002926,0.0,0.02364867577199345,0.0,0.0,0.013018349695087547,0.009804781912743888,0.0,0.9535281926201751,3
C002927,0.0,0.8417094566845755,0.0,0.0,0.050021944244603815,0.0,0.0,0.10826859907082065,3
C002928,0.0,0.0,0.0,0.0,0.0,0.5140646843302352,0.0,0.4859353156697648,0
C002931,0.23650767479209356,0.24447054767799697,0.48896616850113045,0.0,0.024159323999834077,0.0,0.0,0.005896285028944903,4
C002932,0.0,0.0,0.0,0.6890056501902486,0.02795117160545787,0.0,0.0,0.2830431782042935,3
C002934,0.3378495720293651,0.03969830424874426,0.0,0.0,0.0,0.0327205557974463,0.02195032697164325,0.5677812409528011,0
C002935,0.0,0.0,0.7823554218625497,0.0,0.16844870809943427,0.006310353588656589,0.0,0.04288551644935945,4
C002940,0.0,0.0,0.0,0.7080736399215423,0.25277254551689143,0.0,0.005179057995274454,0.0339747565662919,4
C002941,0.0,0.3063377619152613,0.0,0.0,0.0,0.5479826876702252,0.08477264077555104,0.0609069096389625,4
C002942,0.01164016838990902,0.0,0.0,0.0950126394876772,0.0,0.4370466140155213,0.4157259371301262,0.04057464097676633,2
C002943,0.0,0.0,0.0,0.0,0.0,0.0,0.02758987983897911,0.9724101201610209,3
C002948,0.006066130961499492,0.0,0.0,0.7470717423982848,0.0,0.0,0.15557774527530904,0.09128438136490669,2
C002953,0.0,0.5604907618433893,0.0,0.035774263212377096,0.22064309655748207,0.0,0.0,0.18309187838675156,3
C002955,0.0,0.0,0.0,0.0,0.020509633505810893,0.0,0.0,0.9794903664941891,0
C002957,0.0,0.0,0.1883915625935302,0.0,0.0,0.0,0.30164156236304446,0.5099668750434253,2
C002958,0.21216137443900918,0.0,0.0,0.0,0.0009726210504120043,0.75758875428393,0.0,0.029277250226648732,1
C002964,0.0,0.8595415282129539,0.0,0.0,0.0,0.0,0.0,0.14045847178704607,1
C002966,0.0,0.0,0.1387936469466041,0.0,0.0,0.5992712229960434,0.12134657225906981,0.1405885577982826,4
C002967,0.004918339053645076,0.0,0.0,0.0,0.1752186711349046,0.0,0.7923955050506911,0.02746748476075922,0
C002970,0.0,0.0,0.03515115348813734,0.3933701251902209,0.0,0.0,0.2853922893111558,0.2860864320104859,0
C002971,0.0,0.0,0.0,0.13778247399125965,0.0,0.07331026969116139,0.0,0.788907256317579,2
C002973,0.20466400003401572,0.4972860465952718,0.0,0.15239274340622175,0.008044131054351134,0.0,0.0,0.13761307891013963,2
C002975,0.0,0.20424488360457357,0.0,0.0,0.0,0.0,0.7703231069667917,0.02543200942863466,2
C002977,0.0,0.0,0.0,0.017133474717844675,0.4115367243395245,0.2572041614126561,0.0,0.31412563952997474,2
C002987,0.49089998041878996,0.0,0.04152996730955165,0.2830163230239699,0.0,0.0,0.0,0.18455372924768843,1
C002988,0.0,0.0,0.0,0.0,0.0,0.5187184891505762,0.15536444542930436,0.32591706542011945,1
C002989,0.0,0.0,0.0,0.29655412185282803,0.0,0.0,0.025997266160531413,0.6774486119866405,3
C002990,0.027861436875581035,0.0,0.0,0.5938729715015618,0.10700379707749752,0.0,0.0,0.2712617945453596,0
C002994,0.0,0.0,0.13723021329315443,0.0,0.0,0.7385696562060985,0.0,0.12420013050074707,3
C002996,0.0,0.0,0.0,0.0,0.0,0.0,0.7853683869047293,0.21463161309527068,3
C002998,0.2727387468932796,0.0,0.0,0.0,0.25310156787911947,0.0,0.0,0.4741596852276009,3
C002999,0.0,0.0,0.0,0.0,0.04021919504468859,0.0,0.0,0.9597808049553114,4
C003001,0.0,0.014078808998934468,0.4034354415261582,0.14255870450404762,0.0,0.0,0.07234061697701712,0.36758642799384256,0
C003004,0.0,0.0,0.39052492144368817,0.0,0.08665178975412588,0.0,0.0,0.522823288802186,3
C003006,0.0,0.07055763942694213,0.0,0.5579846434271846,0.0,0.0,0.0,0.3714577171458733,4
C003007,0.0,0.15214210102905723,0.040254715621313,0.0,0.0,0.0,0.0,0.8076031833496298,4
C003008,0.3462875869873858,0.0,0.0,0.0,0.5536242965713575,0.0,0.03432990219506544,0.06575821424619122,1
C003009,0.4676712569157426,0.0,0.0,0.09289569824375359,0.013472251901417945,0.0,0.0,0.42596079293908584,3
C003010,0.0,0.0,0.0,0.0,0.0,0.0,0.0,1.0,0
C003011,0.0,0.0,0.631184845681657,0.029158332918431888,0.2835276046426937,0.0,0.0,0.05612921675721738,4
C003015,0.0,0.0,0.0,0.0,0.0,0.0,0.9683747629137855,0.03162523708621445,4
C003017,0.04523914142222822,0.0,0.0,0.7004050299298805,0.0,0.0,0.0,0.2543558286478913,2
C003020,0.23307612394357322,0.0,0.0,0.5788036370049587,0.0,0.13292285873067014,0.0,0.055197380320797906,0
C003023,0.048827253835993255,0.03840559129906977,0.02711470954823696,0.5207406554698639,0.0,0.0,0.009967174778054803,0.3549446150687814,3
C003024,0.0,0.0,0.0,0.42016329372717387,0.16281173003181718,0.3516478735688098,0.0,0.0653771026721992,4
C003025,0.0,0.0,0.831259428796567,0.0,0.0,0.12019992743754127,0.0,0.04854064376589173,4
C003026,0.0,0.01062297232697859,0.30389208194102124,0.04238918389456399,0.0,0.2901462114460934,0.0,0.3529495503913428,2
C003031,0.16455838494312924,0.0,0.0,0.0,0.041571606558331135,0.0,0.0,0.7938700084985396,1
C003034,0.051684329688594335,0.0,0.43451457133219595,0.0,0.2207505869119303,0.0,0.017651403940000504,0.27539910812727886,2
C003035,0.0,0.0,0.16632747262212993,0.0,0.0,0.2915922373465914,0.0,0.5420802900312787,1
C003037,0.11265085491474222,0.0,0.0,0.6268053525254155,0.0,0.16629018280618424,0.0,0.09425360975365804,4
C003038,0.4295370986473646,0.0,0.034195089038408746,0.0,0.0,0.0,0.04426122153637589,0.4920065907778508,0
C003041,0.0,0.0,0.0,0.0,0.0,0.5777707246624079,0.0,0.42222927533759214,1
C003044,0.04071973724670542,0.0,0.0,0.0,0.0,0.0,0.0,0.9592802627532946,4
C003046,0.0,0.0,0.0,0.0,0.0,0.0,0.0,1.0,1
C003049,0.0,0.17259390938544855,0.0,0.38763483714397456,0.0,0.0,0.1942674427142874,0.24550381075628946,2
C003051,0.0,0.0,0.0,0.5487369681326791,0.14395688442349464,0.0,0.0,0.3073061474438262,1
C003054,0.0,0.0,0.0,0.0,0.0,0.0,0.0,1.0,2
C003058,0.0,0.4116400347086892,0.0,0.0,0.0,0.0,0.456418040090107,0.13194192520120374,4
C003060,0.12230074606447569,0.16948830385709,0.0,0.05165058014490186,0.0,0.28942891363536544,0.0,0.367131456298167,0
C003062,0.0,0.0,0.03129076666125047,0.7332553125784718,0.0,0.0,0.20196576339224906,0.03348815736802868,4
C003065,0.0,0.0,0.0,0.0,0.8161687002227639,0.010532475044979056,0.0,0.1732988247322571,4
C003066,0.0,0.0,0.0,0.24867613597600896,0.5206461661072761,0.12641169751882844,0.0,0.10426600039788647,0
C003067,0.0,0.0,0.0,0.21038962331940275,0.0,0.5841353621937996,0.037187089980147074,0.16828792450665053,1
C003071,0.21398160332960095,0.5105191187760182,0.0,0.0,0.1294226066892159,0.0,0.008297524635820413,0.13777914656934453,2
C003072,0.0,0.0,0.07915830559219048,0.0,0.0,0.0,0.08699579546189719,0.8338458989459123,4
C003073,0.0,0.0,0.0,0.0,0.0,0.0,0.0,1.0,4
C003075,0.0,0.0,0.1670207012002892,0.0,0.2532228182062577,0.5242482631157942,0.0,0.05550821747765888,1
C003076,0.0,0.006166790309946548,0.0,0.8131119511396097,0.04926361703372393,0.0,0.0,0.1314576415167198,2
C003079,0.0,0.22072403803149265,0.6202293316287022,0.0,0.03196741019378924,0.08025339333085141,0.0,0.04682582681516445,4
C003083,0.09469653680396606,0.0,0.07385881762140192,0.09862293678676798,0.0,0.30093149559584786,0.0,0.43189021319201615,4
C003084,0.048647216134928735,0.0,0.0,0.024954757492463415,0.0,0.7157206754065477,0.06681559735843143,0.14386175360762865,2
C003085,0.20658714333551864,0.0,0.0,0.33336853132773336,0.35090122231365084,0.0058160007261934855,0.03870811877404923,0.06461898352285445,0
C003086,0.0,0.0,0.1753620576195915,0.0,0.7157150490389675,0.0,0.0,0.10892289334144101,3
C003095,0.14549672782627912,0.0,0.0,0.0,0.0,0.0,0.24288980783652087,0.6116134643372,3
C003096,0.0,0.0,0.0,0.12584943293296627,0.0,0.0,0.857680688028975,0.016469879038058743,0
C003098,0.0,0.0,0.0,0.0,0.0,0.0,0.0,1.0,1
C003099,0.0,0.0,0.0,0.36125838533205906,0.1285701893571193,0.07132863903706373,0.008199476169744233,0.4306433101040136,3
C003100,0.016843224718140797,0.0,0.04426406894396602,0.0,0.0,0.0,0.05519020754958131,0.8837024987883119,0
C003106,0.0,0.11004263617347933,0.73084188344863,0.0,0.0,0.0,0.011789446808501232,0.14732603356938945,3
C003108,0.0,0.07567478652595183,0.0,0.2318335273042942,0.24535769654164122,0.2016836120487741,0.0,0.24545037757933863,3
C003110,0.0,0.0,0.8552502889362555,0.0,0.0,0.0,0.0,0.14474971106374446,2
C003112,0.0,0.4576221251725461,0.0,0.0,0.07006526445893888,0.052424118273666796,0.0,0.41988849209484824,0
C003113,0.0,0.0,0.0,0.0,0.0,0.0,0.9638480710613164,0.036151928938683575,0
C003114,0.0,0.0,0.0,0.0,0.0,0.0,0.025418467458573245,0.9745815325414268,1
C003116,0.0,0.0,0.0,0.0,0.6544483531174461,0.0,0.0,0.3455516468825539,3
C003118,0.0,0.0,0.0,0.0,0.0,0.7997581342009957,0.0,0.20024186579900427,2
C003119,0.0,0.0,0.0,0.0,0.0,0.5740385288829501,0.0,0.42596147111704985,2
C003122,0.0,0.0,0.0,0.799550359589322,0.0,0.0,0.0,0.20044964041067803,2
C003124,0.0,0.0,0.0,0.0394171815759592,0.0,0.015322609477136913,0.0,0.9452602089469039,4
C003126,0.0,0.0,0.0,0.6907232597710298,0.0,0.0,0.0,0.3092767402289702,0
C003127,0.0,0.0,0.0,0.6526551017362715,0.0,0.23393073288377073,0.0,0.11341416537995774,4
C003129,0.0,0.0,0.4997505861807776,0.0,0.377985241912178,0.0,0.0,0.1222641719070443,0
C003132,0.0,0.0,0.0,0.0,0.0,0.0,0.2062112994954828,0.7937887005045172,2
C003138,0.2711687774505066,0.0,0.0,0.0,0.0,0.5334720574075058,0.0,0.1953591651419876,0
C003139,0.0,0.06744734282064091,0.0,0.0,0.06925835660383547,0.07166425765463798,0.7669556564795692,0.024674386441316365,3
C003140,0.8112412530771118,0.00470190007000161,0.0,0.0,0.09788507869537523,0.04963236452355649,0.0,0.036539403633954914,3
C003143,0.0,0.0,0.0,0.6237205788300875,0.0,0.0,0.0,0.37627942116991253,2
C003144,0.0,0.12316698841247316,0.525400147617049,0.061751928679045213,0.10978178800466196,0.00509818860080589,0.0,0.17480095868596468,3
C003145,0.03512298383288711,0.0,0.0,0.027143876911229773,0.0,0.0,0.0,0.9377331392558831,2
C003146,0.0,0.0,0.0,0.07188082577337399,0.11511692685146804,0.0,0.7206051432005636,0.09239710417459435,3
C003147,0.0,0.0,0.09804351903571014,0.10770978729001318,0.0,0.0,0.0,0.7942466936742767,0
C003148,0.07801294197486756,0.0,0.0,0.047037448785331296,0.0,0.4291570820161885,0.0,0.4457925272236126,3
C003149,0.15864651701439897,0.0,0.0,0.0,0.0,0.782504740143144,0.0,0.058848742842457114,0
C003150,0.5614184985029284,0.0,0.0,0.0,0.0,0.0,0.36281382062816875,0.07576768086890295,1
C003152,0.0,0.21285889568979655,0.0,0.0,0.0,0.0,0.28901707196516246,0.498124032345041,2
C003153,0.01504989098886648,0.05389572294978144,0.5558766733386505,0.0,0.03324917677704695,0.0,0.2499914203795694,0.09193711556608508,1
C003154,0.0,0.108000766810339,0.0,0.0,0.3611516178137158,0.0,0.2841607217454456,0.24668689363049956,2
C003155,0.0,0.0,0.0,0.0,0.0,0.0,0.0,1.0,3
C003157,0.0,0.12658951506362356,0.0,0.0,0.0,0.0,0.0,0.8734104849363764,0
C003160,0.0,0.3772826665435397,0.009169159197052568,0.0,0.028862633970921935,0.0,0.5290254605486187,0.055660079739867196,1
C003162,0.0,0.0,0.9712434895420085,0.017952796242646726,0.0,0.0,0.0005185436127593111,0.010285170602585603,4
C003163,0.1178655404056653,0.0,0.771420273636251,0.036055716238559486,0.0,0.0,0.0,0.07465846971952417,0
C003164,0.002057211651425071,0.0,0.0,0.0,0.6383616416108155,0.0,0.33588792059589356,0.023693226141865864,0
C003167,0.0,0.0,0.0,0.7070178388216255,0.0,0.0,0.09738141811230251,0.195600743066072,0
C003176,0.0,0.0,0.0,0.6052336241081355,0.0,0.031806673280464465,0.1309184138602797,0.2320412887511203,0
C003178,0.0,0.0,0.7283644217618636,0.0,0.12506480686488985,0.10736651692028759,0.03027401783129133,0.008930236621667587,1
C003180,0.07416566000048776,0.0,0.8688640957962663,0.0,0.0,0.0,0.0,0.05697024420324592,3
C003184,0.27904360019882285,0.0,0.0,0.035922925319819866,0.07601117469295365,0.0,0.3955950671777283,0.2134272326106753,4
C003185,0.04360785774039265,0.0,0.054003219520157,0.0,0.0,0.0,0.42750298048033863,0.47488594225911174,3
C003186,0.0,0.0,0.0,0.0,0.0,0.0,0.0,1.0,1
C003188,0.0,0.0,0.0,0.0,0.8659334846453243,0.07598740607049569,0.0,0.05807910928418003,0
C003189,0.0253054085278207,0.0,0.0,0.0,0.13925427524599612,0.0,0.0,0.8354403162261832,4
C003191,0.0,0.9522670585608946,0.0,0.0,0.0,0.0,0.042869057197628915,0.004863884241476546,3
C003194,0.0,0.7925936349776084,0.1525950231807906,0.0,0.005922783614486777,0.0,0.0,0.04888855822711424,4
C003196,0.20161883944467804,0.06701067750967044,0.0,0.08738194746391388,0.0,0.0,0.4466561539590387,0.19733238162269906,2
C003197,0.0,0.0,0.8021781897453542,0.0,0.0,0.0,0.11203601393209109,0.08578579632255479,2
C003198,0.0,0.021936111827436815,0.8105189025255182,0.1092540866680712,0.018143025671614067,0.0,0.0,0.040147873307359694,2
C003201,0.0,0.0,0.0,0.0,0.0,0.0,0.0,1.0,2
C003202,0.0,0.0,0.0,0.0,0.6954304233947711,0.0,0.0,0.3045695766052289,1
C003203,0.0,0.0,0.0,0.0,0.8238543402889112,0.0,0.0,0.17614565971108875,2
C003205,0.0033881468679877727,0.6944468752085713,0.21693498385618584,0.0,0.054471344738538235,0.0,0.0,0.03075864932871697,2
C003206,0.4208708065610108,0.0,0.0,0.0,0.049633027955742516,0.23791954907242296,0.0,0.2915766164108238,4
C003210,0.0,0.3250940509562365,0.5905896654334867,0.0,0.0,0.0,0.04307808484317573,0.04123819876710111,3
C003211,0.0,0.0,0.0,0.0,0.813111509432814,0.0,0.0,0.18688849056718604,0
C003214,0.0,0.09537524580810486,0.0,0.0,0.4998713758998067,0.33613735885752866,0.0,0.06861601943455975,4
C003216,0.0,0.009260796878793703,0.0,0.0,0.0,0.0,0.988145561116989,0.0025936420042173003,4
C003217,0.35702816045721003,0.4699032887272011,0.0,0.0,0.0,0.0,0.0,0.17306855081558892,0
C003218,0.0,0.0,0.9075209438292,0.0,0.0739588635332092,0.0,0.0,0.01852019263759075,0
C003220,0.0,0.0,0.0,0.18035853818147238,0.0,0.07815157819301485,0.0,0.7414898836255128,3
C003223,0.06533736962387046,0.0,0.0,0.0,0.0,0.0,0.19357978723322058,0.741082843142909,2
C003228,0.0,0.17368239787254156,0.6812552864383772,0.0,0.0,0.0,0.0,0.14506231568908123,1
C003229,0.0,0.0,0.0,0.0,0.0,0.0,0.9046015096353223,0.09539849036467773,0
C003231,0.0,0.13872508645972148,0.16694274144957919,0.46391834221650113,0.0,0.010192754500361447,0.0,0.22022107537383673,1
C003232,0.34928905958828,0.0,0.4722883258160422,0.0,0.0,0.0,0.0,0.17842261459567776,2
C003233,0.021924676034978583,0.0,0.4317917092761086,0.0,0.29882241564872003,0.036854261661580096,0.0,0.21060693737861258,2
C003234,0.0,0.0,0.0,0.01330868488489015,0.8670625041863835,0.0,0.0,0.11962881092872635,3
C003238,0.0,0.1824248173034197,0.05934518565764395,0.3249349669276812,0.0,0.11892960644646547,0.07098633538666244,0.24337908827812726,4
C003240,0.0,0.0,0.0,0.0,0.8451704811825993,0.0,0.0,0.1548295188174007,4
C003242,0.0,0.009425216706221843,0.0,0.05346434159213119,0.04919423827830584,0.0,0.3746954512613604,0.5132207521619807,3
C003243,0.0,0.13055187381142574,0.0,0.21057899818815595,0.0,0.6333664265826757,0.0,0.02550270141774258,3
C003244,0.0,0.0,0.06817696138091302,0.0,0.7915474134363899,0.0,0.0,0.1402756251826971,0
C003246,0.0,0.0,0.0,0.0,0.08800468108716611,0.6821458210521965,0.0,0.22984949786063746,4
C003247,0.0,0.0,0.02077526382886916,0.0,0.0,0.0,0.06828963777192533,0.9109350983992055,0
C003248,0.0,0.015039085513865546,0.6099820060901501,0.0,0.0,0.2858078237898892,0.0,0.08917108460609513,2
C003249,0.9500714251279967,0.0,0.0,0.0,0.0,0.0,0.04030898820126127,0.00961958667074203,4
C003250,0.0,0.0,0.3253325438239223,0.175018789330787,0.0,0.0,0.4343752293323284,0.06527343751296233,3
C003252,0.32490528319545653,0.0,0.5291732848101477,0.0,0.0,0.0,0.0,0.14592143199439578,2
C003254,0.0,0.0,0.0,0.7096585776620526,0.0,0.0,0.0,0.29034142233794735,2
C003256,0.01151240003227562,0.16523199801983546,0.14899186767418074,0.0,0.527650847749834,0.0,0.0,0.14661288652387428,3
C003257,0.0,0.03944219045723897,0.0,0.0,0.0,0.0,0.0,0.960557809542761,1
C003259,0.0,0.0,0.0,0.0,0.0,0.35289292390756066,0.3244848071537152,0.32262226893872414,4
C003260,0.0,0.0,0.0,0.0,0.0,0.0,0.03728856553607277,0.9627114344639273,0
C003261,0.029625301644653816,0.0,0.0999063354040094,0.1267420524826027,0.0,0.0,0.10618531992369877,0.6375409905450353,4
C003266,0.05876083819590882,0.0,0.11419606854276687,0.0,0.0,0.0,0.7309775328943359,0.09606556036698843,3
C003268,0.0,0.034164808525098705,0.0,0.0,0.06202963650112987,0.30332608473996736,0.0,0.6004794702338041,3
C003270,0.0,0.0,0.0,0.5221394382459063,0.0,0.20006498530611008,0.0,0.2777955764479837,3
C003278,0.021237009878369757,0.0,0.0,0.0,0.0,0.0,0.0,0.9787629901216303,1
C003280,0.0,0.0,0.0,0.0,0.0,0.019003284915780124,0.0,0.9809967150842199,4
C003281,0.0,0.16128022537655645,0.0,0.0,0.0,0.4860342503659941,0.0,0.35268552425744937,0
C003282,0.0,0.0,0.0,0.0,0.0,0.0,0.0,1.0,3
C003283,0.0,0.3020004398084886,0.0,0.0,0.038852321149506056,0.207100546038684,0.2407244542099965,0.2113222387933249,2
C003285,0.08083992040040024,0.36049711373870486,0.0,0.0,0.16717970570609755,0.16291047633107097,0.0,0.22857278382372637,3
C003290,0.0,0.30916906802461686,0.025630335489359196,0.0,0.0,0.027922522203559216,0.0,0.6372780742824646,4
C003294,0.0,0.0,0.0,0.6992487240924686,0.282325108017887,0.0,0.0,0.01842616788964435,3
C003295,0.07650751744091998,0.0,0.8757997436026309,0.0,0.0,0.0,0.0,0.0476927389564491,2
C003299,0.0,0.0,0.02097405955696091,0.0,0.5429275586211136,0.1514492892963253,0.0,0.2846490925256002,3
C003301,0.0,0.0,0.0,0.09820037323699302,0.0,0.7720894407797205,0.0,0.12971018598328643,0
C003302,0.0,0.03589066667973442,0.08702994327644546,0.0,0.42692915867827175,0.0,0.1588436054765043,0.291306625889044,1
C003303,0.0,0.0,0.02604797481353202,0.0,0.0,0.0,0.0,0.973952025186468,2
C003305,0.0,0.0,0.016930335799498614,0.5122645738955378,0.016357680056264902,0.0,0.0,0.4544474102486986,2
C003306,0.060115715566219696,0.08708654943326921,0.0,0.0,0.0,0.6894843900015588,0.0,0.16331334499895234,2
C003308,0.0,0.0,0.26089218709633133,0.0,0.0,0.0,0.3549475575109592,0.3841602553927095,4
C003310,0.13489441723548953,0.03067026992655707,0.0,0.0,0.0,0.0,0.0,0.8344353128379534,2
C003311,0.0,0.0,0.0,0.0,0.7697493926863554,0.0,0.0,0.23025060731364455,3
C003312,0.0,0.0,0.022685489039064477,0.0,0.5498845831863733,0.0,0.03660795775304835,0.39082197002151375,4
C003313,0.0,0.0,0.0,0.0,0.027264376446518458,0.0,0.0,0.9727356235534815,0
C003315,0.0,0.6094386125273106,0.0,0.0,0.0,0.033576588640403374,0.0,0.35698479883228607,0
C003319,0.1561192351630907,0.07074013373430715,0.0,0.0,0.06504809181501599,0.0,0.6934886358489608,0.014603903438625387,3
C003322,0.9407431033984851,0.0,0.0,0.0,0.0,0.0,0.026353903436056186,0.03290299316545875,2
C003325,0.0,0.0,0.0,0.042289499028530575,0.0,0.0,0.021642505645933043,0.9360679953255364,3
C003326,0.0,0.011081207041979511,0.0,0.0,0.021533339780984234,0.0,0.319619882212423,0.6477655709646133,0
C003327,0.12711731564626483,0.0,0.0,0.4658659537857614,0.0,0.21457327514656357,0.0,0.19244345542141017,4
C003330,0.03202465829672873,0.0,0.5503306815561426,0.0,0.0,0.0,0.0,0.41764466014712864,4
C003332,0.0,0.0,0.0,0.876310587839631,0.10664523297899857,0.0,0.0,0.017044179181370467,2
C003333,0.0,0.8740428840598446,0.0,0.0,0.0,0.0,0.11180278104414625,0.014154334896009146,3
C003334,0.0,0.0,0.0,0.539107017529059,0.0,0.0,0.25184951718475806,0.209043465286183,2
C003338,0.0,0.0,0.021618519646805053,0.0,0.07057051626144999,0.0,0.0,0.907810964091745,2
C003339,0.1714743786085321,0.5206951861658997,0.10623725271648475,0.0,0.0,0.0744654259541783,0.0,0.12712775655490516,3
C003340,0.0,0.0,0.0,0.0,0.855405171377663,0.0,0.0,0.14459482862233697,1
C003342,0.006861575050670322,0.7053383108819515,0.0,0.2122628402929478,0.0,0.0,0.0,0.07553727377443031,3
C003343,0.5013597373105324,0.09718138008577559,0.0,0.0,0.0,0.0,0.0,0.401458882603692,4
C003345,0.0,0.0,0.0,0.0,0.0,0.009511103712427575,0.0,0.9904888962875724,2
C003346,0.0,0.8578082746626943,0.0,0.0,0.0,0.0,0.0,0.14219172533730573,4
C003347,0.0,0.0,0.0,0.04542946870139001,0.6522920551907305,0.0,0.0,0.3022784761078795,0
C003348,0.010622492441187705,0.0008881448608449844,0.0,0.0,0.0,0.1446272842392669,0.8371606827973834,0.006701395661317,1
C003349,0.0,0.7737822531294974,0.0,0.0,0.042486389864402875,0.0,0.0,0.18373135700609966,2
C003352,0.0,0.0,0.0,0.0,0.0,0.0,0.0,1.0,1
C003354,0.03818464812291307,0.0,0.678061272908079,0.0,0.0,0.0,0.0,0.28375407896900784,2
C003355,0.015637157051787275,0.2505885194354434,0.0,0.0,0.4110038881913918,0.0,0.0,0.3227704353213776,4
C003356,0.0,0.0,0.0,0.2439900690095546,0.0,0.31432291287258124,0.0,0.44168701811786415,3
C003357,0.012187884069862535,0.04285800328411378,0.0,0.0,0.0,0.01963577609140105,0.0,0.9253183365546226,1
C003359,0.0,0.0,0.0,0.0,0.0,0.01639332096306908,0.0,0.9836066790369309,0
C003361,0.0,0.5832126581359581,0.0,0.033406873652412516,0.0,0.0,0.0,0.3833804682116293,0
C003362,0.0,0.2143175549549018,0.09182462374556091,0.16637428570343926,0.025135977683997463,0.24227175970263015,0.0,0.26007579820947047,2
C003364,0.0,0.28412631626818663,0.0,0.08764267429424882,0.0,0.0,0.5721979052728573,0.056033104164707304,0
C003365,0.3556930621412106,0.4044529921012958,0.0,0.0,0.08338130723403907,0.10183905312127187,0.0,0.05463358540218266,0
C003371,0.0,0.08978147525829842,0.0,0.40488598024273637,0.0,0.17079874649370977,0.10057351563277686,0.23396028237247857,2
C003372,0.0,0.0,0.6051277719145908,0.0,0.0,0.0,0.1583083533244834,0.23656387476092577,1
C003373,0.07045482274838752,0.0,0.3239718151956005,0.0,0.0,0.49197935239261326,0.0,0.11359400966339872,4
C003374,0.0,0.0,0.0,0.03138159125662511,0.0,0.0,0.0,0.9686184087433749,3
C003375,0.0,0.025579757629013808,0.04173630608403932,0.011943039145154252,0.0,0.87454651456827,0.0,0.0461943825735226,4
C003376,0.254134432277824,0.07449957692934814,0.0,0.05135929505299716,0.0,0.09336077458400974,0.25105227206112285,0.2755936490946982,4
C003378,0.08679022378458891,0.03260367147111804,0.8271307306023852,0.0,0.0,0.0064365649095474075,0.0,0.04703880923236048,4
C003381,0.0,0.0,0.11456818295270248,0.8697185207065036,0.0009188101357926534,0.0,0.0,0.014794486205001345,3
C003382,0.0,0.03386444288348253,0.0,0.0,0.0,0.0,0.0,0.9661355571165174,4
C003383,0.008085146265971527,0.016084058409829953,0.0,0.0,0.8652472112153601,0.0,0.0,0.1105835841088384,4
C003385,0.0,0.896519595864549,0.0,0.0,0.0,0.0,0.0,0.10348040413545101,1
C003386,0.0,0.0,0.0,0.7417830431162565,0.0,0.0,0.0,0.25821695688374346,4
C003387,0.0,0.0,0.0,0.0,0.0,0.03298687358551288,0.03446735393310535,0.9325457724813817,0
C003388,0.3787073794515559,0.04260095636407026,0.0,0.0,0.4931242440748576,0.0,0.0,0.08556742010951623,4
C003392,0.0,0.0,0.0,0.0,0.7616317130788333,0.1023209775545658,0.0077605592041409014,0.12828675016246005,4
C003393,0.0,0.0,0.0,0.0,0.0,0.3199081847107801,0.01735381301131553,0.6627380022779044,3
C003396,0.0,0.0,0.0,0.0,0.0,0.49018122920979046,0.3518284517648788,0.15799031902533067,4
C003398,0.0,0.29513874594337974,0.0,0.0,0.0,0.5035892607220036,0.0,0.20127199333461665,1
C003399,0.025553685425887554,0.0,0.01051462805111023,0.0,0.695034284203541,0.25033937568131553,0.0,0.018558026638145764,3
C003400,0.43839536585262656,0.0,0.0,0.0,0.2422977235233102,0.0,0.0,0.31930691062406324,2
C003401,0.0,0.1813353639796998,0.0,0.0,0.0,0.0,0.0,0.8186646360203003,3
C003403,0.0,0.0,0.0,0.9110736025563317,0.0,0.0,0.0,0.08892639744366826,0
C003404,0.0,0.0,0.7142124948717653,0.0,0.12929661914430415,0.0,0.03720234217802516,0.11928854380590537,4
C003405,0.0,0.0,0.18630348195254315,0.0,0.4052286752837995,0.0,0.0,0.40846784276365733,3
C003406,0.18182763501966512,0.0,0.0,0.5449751670054569,0.02861163228233658,0.0,0.15829100134160023,0.08629456435094118,0
C003408,0.0,0.0,0.4066226957186211,0.3025762394463,0.0,0.0,0.0,0.29080106483507895,3
C003409,0.04957716083769748,0.0,0.0,0.08748695163368747,0.0,0.0,0.8106430287273105,0.05229285880130452,3
C003412,0.0,0.0,0.4804619402459461,0.0,0.0,0.0,0.297778367770309,0.2217596919837449,1
C003414,0.0,0.09451490074337819,0.0,0.0,0.0,0.13349440947900598,0.7474300493430714,0.024560640434544423,4
C003419,0.0,0.5834818682058442,0.0,0.0,0.0,0.0,0.19915731201728373,0.21736081977687205,1
C003420,0.0,0.4827100079615139,0.15783766447788145,0.0,0.018310742304473406,0.0,0.020813070844461025,0.3203285144116702,0
C003421,0.0,0.0,0.0,0.0,0.0,0.0,0.0,1.0,2
C003422,0.0,0.0,0.0,0.0,0.34176078404996274,0.0,0.01308509564967505,0.6451541203003622,2
C003423,0.0,0.0,0.0,0.0,0.0,0.0,0.11182112249311156,0.8881788775068884,3
C003428,0.063660334104085,0.0,0.0,0.0,0.0,0.5723287913494406,0.0,0.3640108745464744,2
C003430,0.0,0.19374476165299254,0.11160551122865657,0.0,0.024143197759024047,0.6514431690751408,0.0,0.019063360284186093,3
C003431,0.0688128396519192,0.25977935331650387,0.03063107241865632,0.38887905400288264,0.0,0.0,0.1367000297581721,0.11519765085186584,4
C003435,0.33360363510132585,0.0,0.26598399371253517,0.05236103445080899,0.0,0.0,0.0,0.34805133673532995,1
C003437,0.0,0.0,0.0,0.3378604189901008,0.6332183085565298,0.0,0.0,0.028921272453369395,3
C003446,0.0670863254882396,0.2988627598825002,0.0,0.0,0.03712628247430896,0.0,0.0,0.5969246321549513,2
C003447,0.0,0.0,0.0,0.0,0.942241828703712,0.0,0.0,0.05775817129628802,0
C003448,0.0,0.3842259043967184,0.2499921412990842,0.14847784349778942,0.0,0.0,0.0,0.217304110806408,3
C003449,0.0,0.5294008184812934,0.10308172283349586,0.0,0.0,0.0,0.0,0.3675174586852108,1
C003453,0.0,0.0,0.0,0.5960149804639155,0.0,0.014632638523299143,0.0,0.38935238101278535,0
C003455,0.0,0.0,0.0,0.609259677644079,0.0,0.0,0.0,0.39074032235592104,2
C003456,0.0,0.3442242670786607,0.0,0.0,0.0,0.0,0.6314830074470001,0.02429272547433914,4
C003457,0.0,0.5931767292209484,0.014784071212794264,0.031526973179276885,0.0,0.0,0.0,0.36051222638698044,3
C003460,0.0,0.0,0.0,0.0,0.9278020080147746,0.0,0.0,0.07219799198522536,1
C003462,0.12025816500929093,0.0,0.15325248667793284,0.03453797558861992,0.0,0.0,0.0,0.6919513727241563,0
C003466,0.0,0.0,0.0,0.18342084457145075,0.0,0.0,0.0,0.8165791554285493,0
C003468,0.5411828491302603,0.18021481067468134,0.0,0.0,0.0027217746888253953,0.0,0.1966888162639192,0.07919174924231376,1
C003469,0.0,0.0,0.0,0.023794751466850284,0.10386843272615574,0.014381043026072864,0.0,0.857955772780921,2
C003470,0.398344994508757,0.09887742403979927,0.0,0.0,0.0,0.0,0.0,0.5027775814514437,2
C003472,0.0,0.08818862571708555,0.0,0.0,0.24482685985603983,0.0,0.5563069171653481,0.1106775972615266,1
C003473,0.0,0.0,0.1830877331440641,0.0,0.1707708140492501,0.0,0.5759103695209052,0.07023108328578054,2
C003474,0.06347580079894426,0.06745281986136978,0.0,0.0,0.0,0.0,0.6932917378171608,0.17577964152252523,3
C003475,0.0,0.01511426185877107,0.0,0.7915082727233559,0.0,0.0,0.0,0.19337746541787304,4
C003478,0.008700655863908386,0.0,0.020498262641054418,0.0,0.6817426517269972,0.0,0.26796657647418665,0.021091853293853324,4
C003479,0.0,0.4596873015046369,0.500093124676729,0.0,0.0,0.026172669782997496,0.0,0.014046904035636687,4
C003481,0.6153706149278708,0.0,0.29101438974210725,0.0,0.0,0.03539177074639063,0.0,0.05822322458363127,2
C003482,0.03821890318516601,0.0,0.014219853850953744,0.0,0.17438130513171127,0.7208566927207853,0.0,0.05232324511138364,4
C003484,0.20333144772776318,0.0,0.48234723419928577,0.0,0.0,0.15895332294748069,0.0,0.1553679951254704,2
C003487,0.0,0.08881402496797976,0.0,0.14951257221125833,0.6266270883444848,0.0,0.0,0.13504631447627713,0
C003488,0.0,0.0,0.2581925065341184,0.022185913373659865,0.0,0.012720148699416088,0.0,0.7069014313928057,4
C003489,0.0,0.0,0.0,0.0,0.8221024790197993,0.0,0.0,0.17789752098020073,4
C003490,0.0,0.0,0.6020263344737018,0.0,0.15105395408146738,0.0,0.0,0.24691971144483083,3
C003491,0.0,0.0,0.40327585637107266,0.2863905302021951,0.0,0.13687960038765012,0.0,0.17345401303908214,4
C003492,0.0,0.0,0.0,0.0,0.13067180074155238,0.2080472529210864,0.0,0.6612809463373612,1
C003493,0.0,0.2892819521124584,0.0,0.0,0.0,0.0,0.0,0.7107180478875417,4
C003494,0.0,0.0,0.6324330789740481,0.0,0.0,0.0,0.2383534947525106,0.12921342627344123,4
C003496,0.06884983913956426,0.0,0.0,0.0,0.0,0.0,0.5765418766686451,0.3546082841917907,4
C003497,0.0,0.0,0.0,0.0,0.0,0.09028481905312431,0.0,0.9097151809468756,1
C003498,0.0,0.0,0.0,0.0,0.0,0.0,0.2526203376443551,0.7473796623556449,2
C003504,0.0,0.14300988150172791,0.0,0.0,0.0,0.0,0.0,0.8569901184982721,3
C003506,0.0,0.0,0.0,0.36893618869130257,0.02805401236845222,0.2298666205701669,0.1700080973101818,0.20313508105989642,1
C003507,0.0,0.0,0.0,0.22885285653564674,0.059006790692521426,0.6255135321210229,0.0,0.08662682065080896,1
C003508,0.2687303708189309,0.0,0.0,0.0,0.0841942573580329,0.4289349062756408,0.0,0.2181404655473954,4
C003510,0.5285136250243617,0.0,0.0,0.0,0.044166814798218886,0.0,0.20626321364464065,0.22105634653277872,3
C003514,0.0,0.0,0.11753549714715991,0.0,0.06302235279419621,0.0,0.661888793522455,0.15755335653618885,0
C003515,0.46349001097131554,0.004487516556083741,0.0,0.0,0.05265795331644104,0.0,0.4169892776781851,0.062375241477974575,1
C003516,0.21352598404698467,0.0,0.0,0.08619658674675766,0.025976517587151096,0.0,0.5447312825247084,0.12956962909439818,2
C003517,0.0,0.0,0.0,0.03991540250884571,0.7863166001993691,0.11649955147790123,0.0,0.057268445813883906,1
C003518,0.0,0.40826087860346455,0.0,0.1559955143597837,0.30520695417018756,0.0,0.039463943912201246,0.09107270895436292,3
C003520,0.0,0.0,0.44246218022043127,0.0,0.10177152382626797,0.0,0.030135945110498406,0.4256303508428023,3
C003521,0.013344182510651286,0.0,0.0,0.25935445854470907,0.004042420911891299,0.1779056672716602,0.43650739639794733,0.10884587436314086,1
C003522,0.20732131950743327,0.0,0.5449610432217038,0.0,0.0,0.0,0.0,0.24771763727086293,1
C003526,0.018640460754778584,0.0,0.0,0.022796246193127874,0.6082571082062385,0.0,0.0,0.3503061848458551,3
C003528,0.0,0.7869074465624485,0.0,0.0,0.019818844325823454,0.0,0.0,0.19327370911172803,1
C003529,0.005247685884455603,0.0,0.0,0.4741912110762775,0.0,0.0,0.0,0.520561103039267,0
C003531,0.5124771895571606,0.053934696322315664,0.0,0.019316923633058716,0.0,0.0,0.0,0.4142711904874651,3
C003532,0.15775312860909885,0.6386770986173391,0.02680460894226396,0.0,0.0,0.0,0.0,0.17676516383129803,2
C003534,0.4324031971988367,0.0,0.08196659999407727,0.30657333364301326,0.008753877859412468,0.0,0.0,0.1703029913046603,1
C003537,0.01775078021453232,0.6339410746409596,0.0,0.0,0.0,0.0,0.0,0.34830814514450803,4
C003540,0.13027820151303715,0.0,0.0,0.0,0.052303825084373305,0.3640385335301416,0.0,0.453379439872448,1
C003542,0.0,0.0,0.0,0.6672161818300996,0.10521855860925824,0.18709968386935863,0.0,0.04046557569128362,2
C003543,0.0,0.0,0.0,0.4671371495169415,0.0,0.2073033470145514,0.0,0.32555950346850704,3
C003544,0.1012586785754422,0.011829474478546743,0.0,0.8272397742540638,0.0,0.0,0.0,0.0596720726919473,2
C003546,0.47799321437543996,0.0,0.3519010101326305,0.0,0.0,0.0,0.08869858632050748,0.08140718917142209,0
C003549,0.0,0.0,0.0,0.0,0.0,0.0,0.0,1.0,0
C003550,0.0,0.0,0.0,0.06864661021557199,0.31562692015257565,0.02852177973953513,0.0,0.5872046898923172,4
C003553,0.0,0.0,0.25843302697258796,0.0,0.6563281699077512,0.0,0.0,0.08523880311966081,4
C003558,0.0,0.9984562181973282,0.0,0.0,0.0,0.0,0.0,0.0015437818026717842,1
C003559,0.0,0.0,0.7331678261802788,0.0,0.0,0.0,0.0,0.26683217381972124,3
C003562,0.0,0.5486849302903306,0.0,0.0,0.0,0.1652705243957595,0.0,0.2860445453139099,3
C003563,0.0,0.7588710628365773,0.0,0.13869056703528612,0.0,0.022497634297551927,0.026463553754116863,0.05347718207646768,2
C003567,0.0,0.5188711134915237,0.0,0.2291666836858468,0.0,0.0,0.0,0.2519622028226295,1
C003569,0.14170887432220441,0.0,0.0,0.0,0.0,0.0,0.5289233378792244,0.32936778779857123,1
C003570,0.0,0.0,0.0,0.011745119330898737,0.0,0.0,0.886181919832753,0.10207296083634831,0
C003573,0.0,0.0,0.3993476885692252,0.0,0.0,0.5497935704661663,0.0,0.05085874096460852,0
C003576,0.0,0.0,0.9359516598074427,0.0,0.0,0.0,0.0,0.06404834019255734,0
C003577,0.0,0.0,0.0,0.0,0.0,0.0,0.9137956856913302,0.08620431430866982,3
C003579,0.39045975042166503,0.06293696678024646,0.016463934426522265,0.0,0.0,0.4885241407598066,0.0,0.04161520761175963,3
C003580,0.0,0.0,0.38709747204436495,0.0,0.0,0.0,0.0,0.612902527955635,2
C003585,0.0,0.0,0.09440987743560202,0.0,0.0,0.014639291642358457,0.0,0.8909508309220395,1
C003586,0.0,0.0,0.04472305045565592,0.0,0.5323416382122937,0.0,0.0,0.4229353113320503,3
C003590,0.08524912276295586,0.0,0.0,0.48801717514105836,0.0,0.0,0.3081018559865156,0.1186318461094702,4
C003591,0.0129117818863006,0.0,0.009650002856882877,0.016492091671406504,0.0,0.0,0.08308978615798603,0.877856337427424,1
C003593,0.0,0.0,0.0,0.0,0.0,0.0,0.0,1.0,1
C003594,0.0,0.0,0.0,0.0,0.020072822502636187,0.0,0.48733773739971314,0.4925894400976507,1
C003595,0.0,0.0,0.0,0.032739188844571394,0.0,0.0,0.0,0.9672608111554286,4
C003596,0.0,0.129682305080933,0.0,0.0,0.0,0.8238223254747208,0.0,0.04649536944434618,0
C003597,0.0,0.0,0.0,0.5980689393499743,0.20818349646953313,0.0,0.0,0.19374756418049255,0
C003598,0.0,0.0,0.0,0.0,0.8714722319683911,0.0,0.0,0.12852776803160892,2
C003599,0.0,0.69575087821269,0.0,0.0,0.0,0.022391948355079443,0.0,0.2818571734322306,0
C003600,0.0,0.0,0.0,0.9463227004342696,0.0,0.0063167078423523315,0.0,0.04736059172337814,0
C003607,0.0,0.0,0.0,0.0,0.07636010659109876,0.1543699594670051,0.0,0.7692699339418961,4
C003609,0.0,0.0388759159593861,0.0,0.0,0.018807106278186263,0.0,0.0,0.9423169777624276,0
C003612,0.0,0.0,0.0,0.15260917822937,0.0,0.0,0.8419547457092222,0.005436076061407724,4
C003613,0.0,0.0,0.0,0.026811847390405222,0.0,0.0,0.0,0.9731881526095948,2
C003614,0.0,0.0,0.0273294271688221,0.0,0.028165857050124112,0.0,0.0,0.9445047157810538,1
C003617,0.2869868201984805,0.08524285608875741,0.0,0.0,0.47985785643424056,0.0,0.0,0.14791246727852148,0
C003619,0.0,0.0,0.0,0.4991067312297147,0.3734033659838462,0.0,0.0,0.12748990278643912,3
C003621,0.0,0.0,0.0,0.7207474072658483,0.0,0.0,0.0,0.2792525927341517,0
C003623,0.0,0.0,0.008842539692792476,0.0,0.0,0.7049835277939176,0.0239096690734191,0.26226426343987086,1
C003624,0.0,0.08713901444877638,0.0,0.0,0.0,0.0,0.10245889296716716,0.8104020925840565,0
C003626,0.0,0.0,0.3510083172211855,0.29090160172954443,0.0,0.20638775715192265,0.0,0.1517023238973474,2
C003629,0.0,0.0,0.020823523523745672,0.010696315272920861,0.0,0.0,0.0,0.9684801612033335,2
C003631,0.0,0.6496770245958523,0.0,0.16462812217642023,0.0,0.0,0.029790417008426693,0.15590443621930083,1
C003634,0.0,0.0,0.017894646979705855,0.24279336313884997,0.002563868574179985,0.7000814800579738,0.0,0.03666664124929042,2
C003635,0.05652755105218207,0.19431383581406747,0.6003305449136735,0.0,0.0,0.0,0.0,0.14882806822007688,1
C003636,0.0,0.0,0.0,0.11554516250882384,0.0,0.0770949439382169,0.0,0.8073598935529592,3
C003638,0.6241210686694834,0.0,0.0,0.0,0.0,0.2964025265910161,0.0,0.07947640473950046,1
C003639,0.14331625310655383,0.0804224426212946,0.07323031743056033,0.08672221599462811,0.0,0.0,0.0,0.6163087708469632,1
C003640,0.0,0.18367831372527313,0.0,0.0,0.4009182842076119,0.05030383873935646,0.2627304287911476,0.1023691345366109,3
C003642,0.0,0.0,0.0,0.0,0.0,0.0,0.0,1.0,4
C003647,0.0,0.0893502708489293,0.4832889900457185,0.0,0.0,0.0,0.0,0.4273607391053522,2
C003648,0.06710572986703889,0.0,0.0,0.0,0.0,0.0,0.8496063012396923,0.08328796889326884,3
C003649,0.0,0.0,0.042906002190884175,0.0,0.9185153776125685,0.0,0.0,0.03857862019654734,4
C003652,0.0,0.0,0.0,0.0,0.0,0.787292883601908,0.0,0.21270711639809203,3
C003653,0.0,0.03991167022907832,0.0,0.3167757445657873,0.0,0.0,0.0,0.6433125852051345,0
C003654,0.0,0.0,0.4711819532497876,0.0714344354626988,0.0054212907360339825,0.37537205107608146,0.0,0.07659026947539815,1
C003658,0.0,0.0,0.0,0.0,0.0,0.0,0.01554461732165109,0.9844553826783489,0
C003659,0.07504109753092345,0.0,0.42664115787661344,0.0,0.0,0.46157228542621614,0.015730925573955317,0.021014533592291773,4
C003660,0.03838062304191455,0.0,0.0,0.07627606743761686,0.0,0.0,0.011816268634997809,0.8735270408854707,0
C003661,0.0,0.0,0.0,0.23840286870880714,0.0,0.0,0.6566406232244141,0.10495650806677881,2
C003662,0.2575711410149249,0.0,0.0,0.0,0.0,0.0,0.0,0.7424288589850752,4
C003663,0.058751742632939655,0.20206178970189295,0.0,0.0,0.0,0.0,0.5753162653602899,0.16387020230487748,2
C003664,0.0,0.0,0.0,0.0,0.6595324162741883,0.05315178368321516,0.20299016165959632,0.08432563838300022,3
C003666,0.13346004343160445,0.6300393880327738,0.0,0.0,0.0,0.0,0.19476992273449725,0.04173064580112451,2
C003667,0.41364343634008005,0.5427891715386249,0.0,0.0,0.0,0.0,0.0,0.04356739212129501,1
C003669,0.3988826195531615,0.0,0.0,0.0,0.0,0.5371147861230251,0.03772655274529254,0.026276041578520815,2
C003672,0.0,0.0,0.09655019165850795,0.0,0.009832459452361391,0.0,0.0,0.8936173488891307,1
C003676,0.0,0.060934596714782,0.0,0.19979936457669567,0.0,0.019873744447437683,0.0,0.7193922942610846,1
C003677,0.0064695293335759385,0.047093496214888474,0.03089633610007664,0.16344710339034618,0.06972421300461998,0.0,0.5752857164047225,0.10708360555177032,1
C003684,0.0,0.0,0.5472413900136601,0.016015242173928475,0.0,0.0,0.3631168337257136,0.07362653408669784,4
C003687,0.0,0.0,0.0,0.48494512228272485,0.025491973052536684,0.326202126495089,0.0,0.16336077816964956,1
C003689,0.0,0.0,0.0,0.0,0.11575343998567676,0.0,0.0,0.8842465600143232,3
C003690,0.0,0.6115286998928801,0.0,0.0,0.0,0.2447127966871312,0.1354994776841895,0.008259025735799286,1
C003693,0.0,0.0,0.0,0.0,0.0,0.0,0.0,1.0,0
C003696,0.0,0.7876219258922584,0.0,0.18955916573521123,0.0,0.0,0.0,0.02281890837253031,3
C003697,0.0,0.0,0.0,0.0,0.049718549934999454,0.0,0.5893322620707534,0.36094918799424713,0
C003698,0.0,0.0,0.0,0.0,0.0,0.5042213967704264,0.1916026807047156,0.3041759225248579,3
C003699,0.0836691117362653,0.016419392508870447,0.8471733683607982,0.0,0.0,0.0,0.0,0.05273812739406614,4
C003700,0.17014409358336577,0.0,0.0,0.0,0.0,0.7536497074856845,0.0,0.07620619893094971,4
C003708,0.0,0.0,0.0,0.0,0.0,0.0,0.0,1.0,3
C003710,0.7876851129753387,0.0,0.0,0.132770584965323,0.0,0.0,0.0,0.07954430205933827,3
C003715,0.17331691835965482,0.11479870110550115,0.6695021893136377,0.0,0.0,0.0,0.0,0.042382191221206345,2
C003716,0.016756706565000702,0.0,0.025576607457201465,0.0,0.0,0.0,0.06048471129712574,0.8971819746806721,1
C003717,0.25075717986438795,0.0,0.06481876605070032,0.32377537901173503,0.0,0.0,0.17772757862557947,0.18292109644759735,0
C003718,0.0,0.0,0.0,0.0,0.8699415129562836,0.0,0.0,0.13005848704371636,0
C003719,0.48475297417292057,0.0,0.4348253483231278,0.0,0.0,0.0,0.0030516562638701152,0.07737002124008152,3
C003722,0.0,0.0,0.0,0.0,0.02657588659959123,0.022733022627783886,0.0,0.9506910907726249,2
C003723,0.7026581603282528,0.0,0.0,0.0,0.05931392392854539,0.1406938077291881,0.0,0.09733410801401376,3
C003727,0.08150275263570499,0.0,0.012034798352903213,0.7108942804031345,0.0,0.11794507724021953,0.0,0.0776230913680378,3
C003728,0.26793127790092747,0.0,0.0,0.0,0.4377593703433298,0.26512574993104726,0.0,0.02918360182469537,1
C003733,0.02445633664151821,0.0,0.019578758797400574,0.0,0.0762470759231448,0.032783524153040394,0.0,0.846934304484896,0
C003734,0.3068209739576106,0.0,0.07046470996062301,0.0,0.5052771286331426,0.0,0.06361431605104484,0.05382287139757902,4
C003736,0.40246684845604214,0.0,0.0,0.378007540697387,0.06963071877208438,0.0,0.0,0.14989489207448647,0
C003738,0.0,0.0,0.0,0.23613611903845846,0.29268718671800237,0.0,0.24457907159855224,0.22659762264498684,1
C003739,0.0,0.0,0.053739731103487544,0.0,0.0,0.1470232413047907,0.0,0.7992370275917218,0
C003740,0.1613042150247799,0.040397271427097016,0.0,0.0,0.0,0.0,0.6550626129978533,0.1432359005502698,3
C003741,0.0,0.02150169202497745,0.7245024564619533,0.0,0.0,0.0,0.0,0.25399585151306925,3
C003743,0.0,0.8350536334995069,0.0,0.15484301624990876,0.0,0.0,0.0,0.010103350250584286,1
C003745,0.007793124033702251,0.08784708094395512,0.0,0.0,0.0,0.024179527890608055,0.0,0.8801802671317346,0
C003746,0.05778240382070876,0.0,0.297129041316194,0.0,0.0,0.13377500577233897,0.1804893221440684,0.3308242269466899,3
C003748,0.0,0.0,0.36920665093493243,0.5691294191846179,0.0,0.0,0.031394216320320585,0.030269713560129086,1
C003750,0.0,0.0,0.0,0.16345521014038483,0.0,0.0,0.06629734378564002,0.7702474460739752,3
C003751,0.5034441205301358,0.07787361416642337,0.106353953448551,0.0,0.0,0.23459550367581716,0.0,0.07773280817907269,4
C003753,0.0,0.3440871316913419,0.043808911048579306,0.0,0.0,0.0,0.0,0.6121039572600788,0
C003754,0.0,0.0,0.0,0.0,0.05609091242295676,0.9039058258082011,0.0,0.04000326176884217,4
C003756,0.3432931114647488,0.0,0.0,0.0,0.10353026546157723,0.0,0.025731269288226374,0.5274453537854475,0
C003764,0.3208644059977458,0.018256795825382977,0.0,0.0,0.0,0.0,0.0,0.6608787981768712,2
C003765,0.0,0.012167051425505669,0.10079804827730862,0.0353402850452657,0.08942251183914365,0.0,0.7434600010476563,0.018812102365119987,1
C003766,0.05658551161910065,0.0,0.0,0.0675337544058405,0.0,0.0,0.0,0.8758807339750588,0
C003770,0.1544231621855298,0.0,0.7929082911566037,0.0,0.0,0.0,0.0,0.05266854665786658,1
C003773,0.0,0.0,0.08635591997580423,0.0,0.0,0.8415710255780926,0.016147010473143066,0.05592604397296008,1
C003774,0.0,0.0,0.0,0.9706959383991726,0.0,0.0,0.02059749417167865,0.00870656742914877,1
C003775,0.025938802551360707,0.0,0.0,0.0,0.0,0.013057660579256978,0.020679778007970932,0.9403237588614114,4
C003776,0.0,0.0,0.6304916945108321,0.0,0.0,0.32289156625082527,0.0,0.04661673923834264,1
C003778,0.42621199558755046,0.0,0.061051427014129654,0.0,0.011439338001331319,0.0,0.0,0.5012972393969886,4
C003779,0.02633624890978358,0.016837437584761937,0.0,0.0,0.11098507863382567,0.0,0.49236811311521766,0.3534731217564111,4
C003781,0.48944917032143603,0.0,0.0,0.0,0.0,0.0,0.0,0.5105508296785639,4
C003784,0.0,0.4247315128722592,0.0,0.05109941763515453,0.0,0.07236490722550325,0.0,0.4518041622670831,1
C003785,0.0,0.0,0.5240645435526604,0.0,0.0,0.43190768071773167,0.0,0.04402777572960792,3
C003786,0.0,0.0,0.43162611507158455,0.03321818322386424,0.43482897712897095,0.007493923959982712,0.0,0.09283280061559762,3
C003788,0.0,0.0,0.021397897470361887,0.0,0.48339082110915316,0.09143776492729586,0.3804644108171775,0.023309105676011632,1
C003789,0.0,0.0,0.0,0.0,0.6658328603268557,0.0,0.09438027787404443,0.2397868617990998,1
C003790,0.0,0.0,0.0,0.43689755083803405,0.0,0.36484185759058513,0.1102379095453542,0.0880226820260267,3
C003791,0.0,0.3030250216235629,0.0,0.0,0.0195870042251805,0.0,0.0,0.6773879741512566,4
C003792,0.0,0.0,0.12804965354900072,0.0,0.14495822712765422,0.0,0.45036050363117397,0.2766316156921711,1
C003793,0.0,0.0,0.4523479731860707,0.0,0.1021573861637246,0.0,0.4108630455764842,0.0346315950737206,3
C003799,0.11944765090773199,0.4537660089822981,0.0,0.19952695005243867,0.0,0.0,0.1438236135727598,0.08343577648477152,1
C003801,0.0,0.0,0.0,0.4302814058158236,0.06526353029147637,0.0,0.0708461344299908,0.43360892946270924,0
C003802,0.0,0.0,0.07723432037147303,0.0,0.0,0.0,0.8936982274255225,0.02906745220300444,1
C003805,0.24050080265597223,0.0,0.0,0.0,0.0,0.658773455320344,0.0,0.10072574202368378,1
C003806,0.0,0.0495018543582769,0.0,0.011962819117363323,0.0,0.1967604946597538,0.15467422113711607,0.58710061072749,3
C003807,0.0,0.0,0.0,0.4777956473949676,0.262114659668529,0.0,0.23370905021680527,0.0263806427196982,1
C003808,0.0,0.0,0.0,0.0,0.0,0.0,0.0,1.0,4
C003809,0.0,0.0,0.0,0.0,0.0,0.21643753202853877,0.6328665745665721,0.1506958934048891,0
C003811,0.0,0.9491911858707347,0.0,0.0,0.0,0.014421920762846712,0.01687038652052677,0.01951650684589179,3
C003812,0.0,0.0,0.0,0.0,0.07387923342712213,0.0,0.563606141791362,0.36251462478151586,0
C003813,0.0,0.0,0.0,0.14479873474045366,0.0,0.7866922408373431,0.0,0.06850902442220319,2
C003814,0.0,0.0,0.0435424890528514,0.0,0.5971533595724969,0.0,0.0,0.35930415137465166,3
C003816,0.0,0.0,0.3151941073419889,0.0,0.0,0.4662923783710624,0.0,0.21851351428694876,4
C003817,0.5534219893819599,0.0,0.0,0.0,0.0,0.06834624338692491,0.0,0.3782317672311153,3
C003818,0.02774911895327021,0.19963665078974954,0.0,0.0,0.0,0.035045265435274385,0.4142231939325866,0.3233457708891192,4
C003821,0.0,0.0,0.34144760277606845,0.11611510251304817,0.09367070371130899,0.416134500929902,0.0,0.03263209006967238,1
C003822,0.0,0.0,0.0,0.631306780987936,0.0,0.31003494592845676,0.0,0.05865827308360716,1
C003823,0.0,0.0,0.16127586788071713,0.0,0.0,0.0,0.0,0.8387241321192829,1
C003824,0.094627566671902,0.0,0.0,0.0,0.5206293316076355,0.0,0.0,0.38474310172046255,3
C003826,0.0,0.0,0.0,0.16511458140295676,0.0,0.0,0.0,0.8348854185970432,1
C003831,0.0,0.0,0.0,0.05904105012315163,0.0,0.0,0.02223792710678364,0.9187210227700647,0
C003838,0.0,0.026098455171724263,0.0,0.010449200792202787,0.9341479192372478,0.0,0.0,0.029304424798825113,1
C003843,0.8066503796797481,0.0,0.0,0.0,0.1461308296751547,0.0,0.0,0.047218790645097264,2
C003846,0.01727099293991416,0.0,0.0,0.2546317047068359,0.08868405525845995,0.0,0.3383886297697834,0.3010246173250066,0
C003848,0.0,0.40107452977003205,0.0,0.10054489545574156,0.26959071129220946,0.0,0.0,0.2287898634820169,2
C003850,0.0,0.1284335743344396,0.8574555606088734,0.0,0.0,0.0,0.0,0.014110865056687016,0
C003852,0.0,0.0,0.0,0.0,0.0,0.81279556729233,0.0,0.18720443270766995,1
C003854,0.0,0.0,0.0,0.0,0.0,0.0,0.7499854926761379,0.2500145073238621,1
C003856,0.0,0.9830691344208794,0.0,0.0,0.0,0.0,0.0,0.016930865579120602,4
C003858,0.0,0.0,0.0,0.31310596761706616,0.09725721414393121,0.49369855415066655,0.0,0.09593826408833606,1
C003860,0.0,0.0,0.026833281506462192,0.0,0.0,0.0,0.1385879757804653,0.8345787427130725,4
C003862,0.0,0.03937866208293366,0.03811576255291314,0.0,0.0,0.0,0.534186724624146,0.38831885074000727,2
C003869,0.0,0.0,0.0,0.0,0.0,0.6103510277929775,0.02347708024327895,0.36617189196374356,4
C003870,0.007225764647274168,0.20514271603789208,0.0,0.039188881359077526,0.009572692719979013,0.0,0.0,0.7388699452357772,1
C003872,0.0,0.0,0.0,0.0,0.6093167108559497,0.0,0.0,0.39068328914405026,4
C003873,0.0,0.0,0.0,0.9065934694800147,0.0,0.0,0.0,0.09340653051998526,0
C003877,0.0,0.0,0.0,0.0,0.0,0.6118334922123745,0.30494215277256287,0.08322435501506265,2
C003880,0.021818367831602507,0.0,0.0,0.07608510918833786,0.19241606935562838,0.3163674471471809,0.0,0.3933130064772503,2
C003881,0.0,0.6533088184801437,0.0,0.0,0.0,0.0,0.315196803162231,0.03149437835762536,1
C003886,0.0,0.0,0.0,0.6360771794209725,0.029450076740927845,0.0,0.006426756860352724,0.3280459869777469,1
C003887,0.0,0.7356630995492043,0.0,0.0,0.0,0.0,0.0,0.2643369004507957,1
C003888,0.7416098443082386,0.0,0.0,0.0,0.0,0.01223367237050777,0.14877216626972642,0.09738431705152717,3
C003889,0.46173935434596636,0.0,0.27685705579016906,0.0,0.0070883676717193615,0.0,0.0,0.2543152221921452,3
C003891,0.0,0.0,0.0,0.0,0.04888089103699832,0.0,0.0,0.9511191089630017,0
C003892,0.06760074989879351,0.14110301460112218,0.13734018035594323,0.0,0.0,0.0,0.0,0.6539560551441411,3
C003894,0.0,0.38728622203810387,0.0,0.08167631587971609,0.0,0.11619782759528866,0.0,0.41483963448689143,1
C003898,0.08023640219082491,0.0,0.3468804057024537,0.1895162535053808,0.33807885266333726,0.0,0.0,0.045288085938003375,0
C003901,0.3556051075117453,0.0,0.0,0.0,0.0,0.0,0.04427757527432115,0.6001173172139336,4
C003907,0.12175582697161376,0.06553456449915418,0.0,0.42317026208516834,0.0,0.22879952323080185,0.07068311873257865,0.09005670448068326,0
C003908,0.09475863064232282,0.0,0.0,0.0,0.0,0.14933148209106675,0.0,0.7559098872666105,2
C003910,0.0,0.0,0.0,0.9242470770772743,0.002518088647855245,0.04325608699768941,0.0,0.029978747277180973,4
C003912,0.632376097419884,0.0,0.09252870478643639,0.0,0.0,0.05946354902311984,0.16237407946945762,0.05325756930110226,2
C003918,0.03893834459877679,0.0,0.0,0.03364752781808063,0.5090450391613258,0.0,0.0,0.41836908842181675,4
C003919,0.0,0.028810460299113032,0.0,0.0,0.0,0.39659032302173264,0.0,0.5745992166791543,3
C003920,0.0,0.0,0.0,0.0,0.0,0.0,0.0,1.0,0
C003921,0.03703566706827319,0.20167298190545063,0.010795486799610822,0.0,0.015183877789553803,0.053215224972275134,0.0,0.6820967614648363,3
C003924,0.0899800690171997,0.11970525624938451,0.0,0.013430843172308743,0.08312308562773911,0.0,0.35246844178404696,0.341292304149321,1
C003925,0.0,0.0,0.38581726423443186,0.0,0.09382474293572236,0.44682833933426364,0.0,0.07352965349558216,3
C003926,0.0,0.0,0.0,0.0,0.0,0.0,0.8681245529762762,0.13187544702372378,4
C003928,0.01790013468236639,0.0,0.38666728692889457,0.0,0.01605000364211002,0.5695059972616925,0.0,0.009876577484936533,2
C003929,0.0,0.0,0.0,0.028851276215759013,0.0,0.0,0.9583075432311577,0.012841180553083253,1
C003930,0.0,0.0,0.0,0.6526301800724724,0.0,0.0,0.03525747960141795,0.3121123403261097,1
C003931,0.0,0.0,0.0,0.0,0.9573334877012463,0.0,0.012461987395524716,0.030204524903229002,0
C003933,0.0,0.0,0.0,0.0,0.0,0.49113153109782126,0.03027716984042205,0.4785912990617567,3
C003935,0.08113310538715265,0.0,0.0,0.0,0.5813602251706679,0.0,0.0,0.33750666944217944,0
C003936,0.0,0.09099324294753224,0.4450581878693407,0.11650917473533808,0.0402600891273448,0.07579541714182675,0.0,0.23138388817861744,0
C003938,0.0,0.0,0.024180017095467264,0.0,0.17611769289524554,0.04120731673630321,0.7205820663245994,0.03791290694838456,3
C003939,0.0,0.0,0.0,0.0,0.0,0.0,0.9004870508871673,0.0995129491128327,4
C003941,0.0,0.9663300993844084,0.0,0.0,0.0,0.0,0.0,0.03366990061559161,2
C003942,0.0,0.0,0.0,0.0,0.06570681737946041,0.0,0.9170259186808523,0.01726726393968736,4
C003944,0.0,0.0,0.12510853632548988,0.0,0.0,0.6363697223461895,0.1308598704633849,0.10766187086493573,4
C003946,0.8445857607638642,0.0,0.08066647126935816,0.0,0.0,0.0,0.02632285270624973,0.048424915260527945,3
C003947,0.0,0.1015173832765815,0.0,0.5553617088820706,0.05769485521276526,0.19687854031899504,0.0,0.08854751230958757,3
C003949,0.0,0.0,0.03794459182882513,0.1497543156539476,0.0,0.44184427445551666,0.0,0.3704568180617106,3
C003959,0.0,0.54003059190689,0.23585749441826098,0.0,0.0,0.0,0.008961510632423588,0.2151504030424255,4
C003961,0.5455590451590782,0.13911946441548204,0.1270333813365947,0.0,0.0,0.0,0.0,0.18828810908884508,2
C003963,0.0,0.0,0.0,0.0,0.1318113186051173,0.6661041241124958,0.09417287710761266,0.10791168017477426,3
C003964,0.0,0.0,0.0,0.0,0.2789690088907173,0.1461866372703376,0.36163225261667675,0.2132121012222683,3
C003965,0.0,0.3039061618371327,0.5454923433007627,0.0,0.05164168889816314,0.0,0.0,0.0989598059639415,3
C003966,0.7824395318428976,0.0,0.0,0.0,0.0,0.1035916137520774,0.0,0.11396885440502502,0
C003967,0.014987966472081659,0.02671893995303533,0.7663890490855922,0.0,0.0,0.17243238855617166,0.0,0.01947165593311917,1
C003970,0.0,0.0,0.0348493334095899,0.0,0.21165586795466612,0.4953682874447313,0.15368972792806507,0.10443678326294759,3
C003976,0.19740596823156026,0.0,0.0,0.0,0.0737830437410283,0.006926839042839941,0.0,0.7218841489845715,0
C003978,0.0,0.0,0.0711872164520167,0.017739535439781386,0.4292514151163216,0.0,0.14545803507159807,0.33636379792028226,4
C003980,0.0,0.03220247760538838,0.0,0.0,0.1211199020990592,0.0,0.36403254706882054,0.4826450732267319,2
C003981,0.4034242481252839,0.0,0.0,0.0,0.0,0.37426723313500093,0.0,0.22230851873971513,2
C003982,0.0,0.0,0.0,0.40174057760654724,0.14302527854749286,0.25833541491647655,0.0,0.19689872892948346,4
C003985,0.0,0.0533919392116327,0.0,0.31785383860858174,0.0,0.0,0.5687971258414408,0.05995709633834467,1
C003986,0.0,0.8267075396501955,0.0,0.0,0.0,0.0,0.0,0.1732924603498045,2
C003987,0.038400184649120574,0.0,0.023242195720536728,0.0,0.0,0.030209418020475262,0.0,0.9081482016098674,1
C003988,0.0,0.0,0.0,0.5551636372657786,0.0,0.13811639632408076,0.0,0.30671996641014065,4
C003990,0.0,0.13105915490445635,0.0,0.0,0.5470877560365858,0.0,0.0,0.32185308905895793,1
C003991,0.0,0.04164934407898828,0.0,0.0,0.0,0.0,0.0,0.9583506559210118,3
C003992,0.0,0.0,0.0,0.0,0.0,0.0,0.7855370551901171,0.21446294480988293,3
C003993,0.0,0.04096691200802532,0.12763578278411097,0.0,0.0,0.7108179918330707,0.0,0.120579313374793,0
C003994,0.0,0.0,0.0,0.0,0.0,0.0,0.0,1.0,2
C003995,0.0,0.5299028768580553,0.0,0.0,0.0,0.07921711329825956,0.09816519935115568,0.29271481049252956,2
C003999,0.7089149776343295,0.0,0.0,0.0,0.0,0.0,0.0,0.29108502236567046,4
