client_id,cloud,gym,insurance,mobile,music,software,streaming,none,fold
C000001,0.0,0.19735829648090514,0.279260990569967,0.152796247110309,0.0,0.0,0.31780701130374606,0.052777454535072904,2
C000005,0.0,0.07835772595255734,0.0,0.8100163351382238,0.0,0.0,0.0,0.11162593890921886,3
C000007,0.6213209462075339,0.0,0.0,0.0,0.0,0.22038605184510118,0.0,0.158293001947365,3
C000009,0.07530720591842387,0.0,0.0,0.0,0.0,0.41871815414533176,0.3886673694509721,0.11730727048527238,2
C000012,0.0,0.0,0.0,0.0,0.0,0.9430055426005297,0.0,0.05699445739947028,4
C000014,0.22448241865649357,0.0,0.0,0.0,0.0,0.6058825865629354,0.0,0.16963499478057098,4
C000015,0.0,0.0,0.28584197092374164,0.0,0.0,0.0,0.0,0.7141580290762584,0
C000016,0.0,0.21052593432560987,0.5892828434340005,0.0,0.0,0.0,0.0,0.20019122224038965,1
C000017,0.0,0.25122569848212417,0.1815852979317374,0.2668503926970709,0.0,0.0,0.20140639628112134,0.09893221460794623,3
C000021,0.0,0.0,0.0,0.6770483464507672,0.0,0.07504698807817034,0.2003609877760011,0.047543677695061445,1
C000022,0.0,0.0,0.0,0.0,0.0,0.6710620017776863,0.17289384475340977,0.15604415346890402,2
C000024,0.0,0.4787686693053052,0.0,0.0,0.09467813872333948,0.22148270662176625,0.0,0.2050704853495891,1
C000025,0.26101896224217125,0.0,0.0,0.14298710113187782,0.08268575736078267,0.16566817757626656,0.08210959686561846,0.2655304048232831,0
C000026,0.0,0.22159103972673191,0.20638715751672118,0.22018017629529552,0.0,0.16499855006640488,0.12428499968406354,0.0625580767107831,1
C000027,0.0,0.12609924277554302,0.0,0.24937946856666632,0.47270819568437583,0.09845505084733935,0.0,0.053358042126075526,2
C000028,0.2928490667171524,0.24387445817940545,0.0,0.0,0.152564030942648,0.2131470691290296,0.0,0.0975653750317645,3
C000029,0.12986593601944843,0.0,0.0,0.05726603243182171,0.21272360951957897,0.26245350062584194,0.15467482882766234,0.18301609257564666,3
C000030,0.16272663980936675,0.0,0.0,0.0,0.29411800800545923,0.0,0.0,0.5431553521851741,3
C000033,0.10422384869498712,0.0,0.0,0.0,0.0,0.0,0.08823517455049326,0.8075409767545196,0
C000035,0.0,0.08127419165617146,0.0,0.14249891940539833,0.17399537710117813,0.0,0.08051312589528042,0.5217183859419716,2
C000038,0.0,0.0,0.0,0.0,0.2778996084441288,0.5127896990063983,0.0,0.20931069254947296,3
C000039,0.0,0.0,0.0,0.0,0.0,0.0,0.0,1.0,0
C000040,0.5475116145597541,0.17340681742054792,0.24822056188259511,0.0,0.0,0.0,0.0,0.030861006137103107,2
C000041,0.0,0.0,0.7954464459885892,0.0,0.18548525989331732,0.0,0.0,0.019068294118093618,3
C000043,0.0,0.0,0.05121341826915764,0.0,0.0,0.0,0.11724424204370026,0.8315423396871421,1
C000044,0.0,0.0,0.0,0.0,0.0,0.0,0.1260349349872314,0.8739650650127686,1
C000047,0.0,0.3986746421715294,0.0,0.0,0.5099923486199456,0.0,0.0,0.09133300920852505,2
C000053,0.25027485867656674,0.3705814461796534,0.0,0.0,0.0,0.0,0.0,0.3791436951437798,3
C000055,0.0,0.0,0.0,0.0,0.0,0.650904418200534,0.0,0.349095581799466,1
C000060,0.0,0.0,0.6300346451281528,0.0,0.0,0.0,0.0,0.36996535487184723,0
C000062,0.05879049929654267,0.0,0.0,0.06968151084546939,0.0,0.0,0.0,0.871527989857988,4
C000063,0.0,0.0,0.8581784854123466,0.0,0.0,0.0,0.0,0.14182151458765332,1
C000064,0.0,0.0,0.2799203154026578,0.05209772269938886,0.0,0.5597027355945305,0.0,0.10827922630342285,1
C000066,0.17604753567371909,0.0,0.0,0.0,0.0,0.0,0.1634191257878295,0.6605333385384514,1
C000069,0.09027777736688135,0.0,0.1993285279316476,0.11203118539176246,0.0,0.0,0.03791872212249363,0.560443787187215,3
C000072,0.0,0.0,0.0,0.2869607544636604,0.0,0.5749247020324517,0.09107980119427252,0.04703474230961544,1
C000073,0.0,0.0,0.0534497210511462,0.0,0.08350759058655378,0.0,0.0,0.8630426883623,4
C000077,0.46857643235342594,0.0,0.0,0.10866450115436202,0.0,0.0,0.0,0.422759066492212,4
C000078,0.0,0.0,0.42013045063328913,0.0,0.42862736358033804,0.0,0.09914074251200435,0.0521014432743685,4
C000079,0.0,0.23369947143223208,0.0,0.10311763119646285,0.0,0.40130101805352686,0.19475434221676016,0.06712753710101792,2
C000080,0.0,0.0,0.0,0.0,0.0,0.0,0.0,1.0,2
C000084,0.0,0.0,0.01592836114089821,0.057965946647238226,0.0,0.0,0.0,0.9261056922118636,3
C000085,0.0,0.0,0.7940595539525372,0.0,0.0,0.0,0.0,0.2059404460474628,2
C000088,0.11196733369926264,0.13736493460926144,0.6768218992381322,0.0,0.0,0.0,0.0,0.07384583245334375,1
C000093,0.2635203286249992,0.0,0.13736877970415534,0.0,0.0,0.0,0.0,0.5991108916708454,0
C000094,0.31472242267642664,0.0,0.18971730206886572,0.0,0.3222439390355004,0.0,0.0,0.1733163362192071,1
C000095,0.17504327774091885,0.0,0.0,0.44589262309445493,0.08433330582896502,0.2594697117435999,0.0,0.03526108159206132,1
C000100,0.1528272229644333,0.22139979511677624,0.11896951465499245,0.0,0.0,0.0,0.0,0.506803467263798,2
C000101,0.0,0.8988449989247984,0.0,0.0,0.0,0.0,0.0,0.10115500107520156,1
C000102,0.0,0.26097084808287846,0.0,0.0,0.0,0.18557108958856602,0.0,0.5534580623285555,4
C000103,0.0,0.0,0.3730465484062133,0.35843903603976096,0.09763269085658147,0.1349708901630953,0.0,0.03591083453434883,3
C000104,0.0,0.0,0.5005089145276012,0.0,0.3280559567029278,0.0,0.0,0.17143512876947106,3
C000105,0.0,0.29748022410876257,0.09159051719417517,0.0,0.0,0.0,0.583862182089483,0.027067076607579194,4
C000106,0.0,0.0,0.0,0.0,0.0,0.0,0.9195705245258903,0.08042947547410974,4
C000109,0.5026044569340655,0.0,0.0,0.0,0.0,0.452214310511819,0.0,0.04518123255411545,1
C000110,0.0,0.09688388361371353,0.26960955388853286,0.3900953324675394,0.1062108828679893,0.0,0.06913601118731547,0.06806433597490946,1
C000111,0.0,0.0,0.6417976194053023,0.0,0.0,0.0,0.2901945663217728,0.06800781427292481,1
C000113,0.0,0.0,0.0,0.5380471429599957,0.16518404996778127,0.0,0.0,0.29676880707222303,0
C000115,0.3359967872331194,0.0,0.0,0.0,0.17333874731448978,0.17367151526966607,0.19488209211495858,0.12211085806776616,1
C000116,0.3327695114174189,0.0,0.5923066272808918,0.0,0.0,0.0,0.060195429614992094,0.014728431686697244,0
C000117,0.0,0.9068309314343327,0.0,0.0,0.0,0.0,0.0,0.09316906856566734,1
C000119,0.2168743704767002,0.0,0.0,0.0,0.0,0.0,0.7242455706467084,0.058880058876591444,1
C000120,0.0,0.5240453466163403,0.0,0.0,0.19263931340604887,0.0,0.19553401423327735,0.08778132574433362,3
C000122,0.28984573112052814,0.0,0.0,0.13111816022436099,0.0,0.0,0.0,0.5790361086551109,0
C000127,0.0,0.04422529403490496,0.0,0.0,0.0,0.10126453332981397,0.04228228846677239,0.8122278841685087,3
C000128,0.0,0.0,0.48900312828872133,0.0,0.4338345935542031,0.0,0.0,0.0771622781570755,1
C000129,0.17326229806119434,0.0,0.0,0.0,0.0,0.5472384703363476,0.0963989448407406,0.1831002867617174,3
C000130,0.0,0.09007167027581943,0.08745081960338695,0.0,0.0,0.0,0.0,0.8224775101207936,3
C000132,0.0,0.0,0.0,0.3268114386644884,0.15602630710025828,0.49815905130885346,0.0,0.019003202926399922,4
C000134,0.16221820222895003,0.0,0.48864646521309785,0.0,0.0,0.0,0.29014991268411017,0.058985419873841954,3
C000135,0.055675053081754196,0.0,0.0,0.04931002337825607,0.019998388489906583,0.0,0.0,0.8750165350500831,3
C000136,0.0,0.0,0.08747423391674039,0.1442601846317768,0.0,0.0,0.028319878757628952,0.7399457026938538,4
C000137,0.3982124823420075,0.0,0.0,0.0,0.3065985638822911,0.0,0.23396941024833057,0.06121954352737076,3
C000140,0.0,0.07818719945336995,0.0,0.0,0.0,0.4919483616077033,0.14719179020489942,0.2826726487340274,0
C000142,0.17217417788243067,0.14929416901555365,0.0,0.5346138204998754,0.0,0.0,0.11758905134209235,0.026328781260047906,4
C000144,0.0,0.0,0.0,0.0,0.0,0.9622330009648115,0.0,0.03776699903518856,0
C000148,0.11204884981860784,0.3781887765026105,0.0,0.07041365493890792,0.0,0.0,0.34744837952132124,0.09190033921855244,4
C000149,0.0,0.0,0.0,0.0,0.0,0.0,0.5338175888341956,0.46618241116580444,3
C000150,0.0,0.0,0.0,0.0,0.0,0.6650465990885541,0.274858841366428,0.060094559545017856,3
C000152,0.4775018131670024,0.0,0.0,0.0,0.08673773838419649,0.0,0.17234645619612574,0.2634139922526755,4
C000153,0.0,0.0,0.0,0.9071480012029485,0.0,0.0,0.0,0.09285199879705158,3
C000155,0.0,0.0,0.037800578463806356,0.0,0.0,0.0,0.0,0.9621994215361936,2
C000157,0.0,0.0,0.0,0.0,0.0,0.0,0.0,1.0,0
C000159,0.0,0.0,0.3700751736566869,0.1514901152146905,0.0,0.0,0.1547628175184577,0.3236718936101649,4
C000160,0.0,0.0,0.0,0.0,0.0,0.0,0.0,1.0,4
C000162,0.1652652707547604,0.0,0.05896369495622451,0.2029243314779327,0.0,0.23110647354473374,0.10972551641014888,0.2320147128561997,4
C000164,0.2914161408764577,0.0,0.18363802909011354,0.0,0.4016322555763355,0.0,0.0,0.12331357445709328,4
C000168,0.0,0.1716478207838643,0.0,0.0,0.0,0.5399023029042612,0.0,0.2884498763118746,2
C000169,0.0,0.10831092601642678,0.0,0.16569717011015528,0.0,0.0,0.5796242925972774,0.1463676112761404,4
C000171,0.0,0.0,0.0,0.3359747820078975,0.0,0.0,0.5986102417321209,0.06541497625998151,3
C000172,0.0,0.0,0.0,0.0,0.0,0.0,0.0,1.0,3
C000173,0.32990962608005237,0.0,0.17553078174252623,0.4776417209912184,0.0,0.0,0.0,0.016917871186203155,3
C000174,0.0,0.0,0.0,0.0,0.0,0.13064144742126194,0.0,0.8693585525787381,0
C000175,0.12040397636569307,0.0,0.2642382055378116,0.0,0.3664476141217764,0.0,0.0,0.24891020397471889,3
C000177,0.14009965247255457,0.0,0.26777502682622184,0.18910503051441313,0.20412931921279187,0.0,0.09432896728722212,0.10456200368679656,0
C000179,0.12544763183808047,0.11376041756331884,0.0,0.16839273241167152,0.2886556033887491,0.0,0.0,0.30374361479817996,0
C000181,0.0,0.12240293118459693,0.0,0.0,0.45978215034049763,0.2471314999812236,0.0,0.17068341849368188,2
C000183,0.0,0.202707276586809,0.0,0.31846447727742533,0.0,0.0,0.18193069677112414,0.2968975493646415,3
C000185,0.1996666845482013,0.5810310845114023,0.0,0.0,0.0,0.0,0.0,0.21930223094039641,1
C000187,0.0,0.0,0.24685800006472938,0.0,0.6931377998155267,0.0,0.0,0.060004200119743806,0
C000189,0.08329413076882332,0.0,0.0,0.0,0.04929919367379472,0.11439039697218935,0.054225283431525356,0.6987909951536673,0
C000190,0.6707581720788609,0.0,0.0,0.0,0.0,0.0,0.0,0.32924182792113904,3
C000191,0.0,0.0,0.0,0.32209056820635856,0.1078565041811351,0.0,0.5155805416201398,0.054472385992366555,2
C000192,0.0,0.18803570936882502,0.11928846117453129,0.0,0.5156166182666461,0.15796270903474738,0.0,0.01909650215525021,3
C000196,0.18485223036596626,0.0,0.0,0.0,0.21331150377112165,0.0,0.0,0.6018362658629121,4
C000197,0.0,0.0,0.0,0.0,0.5599425115592253,0.23433753353638634,0.0,0.2057199549043884,3
C000198,0.0,0.0,0.0,0.0,0.0,0.0,0.9041356721962717,0.09586432780372835,3
C000201,0.0,0.8820121644102016,0.0,0.0,0.0,0.0,0.0,0.11798783558979839,4
C000202,0.27941700206763087,0.2121932609203371,0.14435910576773686,0.0,0.0,0.10084522717446408,0.2104117135218752,0.05277369054795581,3
C000203,0.0,0.15516230137391904,0.1702643610272049,0.0,0.0,0.5984237549923959,0.0,0.07614958260648032,4
C000205,0.1588150675144678,0.0,0.0,0.17002953798815348,0.0,0.0716245608187067,0.0,0.599530833678672,2
C000206,0.0,0.0,0.0,0.07171908504675982,0.36224900029949797,0.18243227510201443,0.0,0.3835996395517279,4
C000207,0.5861186459388058,0.07646800797594107,0.0,0.06682002416244016,0.0,0.0,0.2298164956421891,0.040776826280623804,2
C000210,0.2218359720298163,0.10296573442365602,0.04634287378894692,0.5062222310208151,0.0,0.0,0.0,0.12263318873676578,4
C000212,0.5156101372920421,0.1456415919997286,0.09278356694111042,0.12938194359106348,0.0,0.0,0.0,0.11658276017605525,4
C000214,0.0,0.0,0.0,0.1057307629058818,0.12803612453279775,0.0,0.0,0.7662331125613204,0
C000218,0.0,0.05444527662733841,0.31971687346755173,0.13208368398525802,0.06706438884459717,0.0,0.27878898401592717,0.14790079305932746,1
C000219,0.2571577208694644,0.32195618283947236,0.0,0.0955433351665515,0.3023936503125298,0.0,0.0,0.02294911081198193,4
C000222,0.0,0.0,0.0,0.0421827572018605,0.0,0.1545727314604189,0.21075243176825534,0.5924920795694653,4
C000223,0.42653733555388595,0.0,0.0,0.20876662636038007,0.0,0.0,0.1928962725610074,0.17179976552472656,3
C000226,0.0,0.0,0.9422518304879077,0.0,0.0,0.0,0.0,0.05774816951209223,1
C000228,0.0,0.08923265171528424,0.5210651738716805,0.09485905041809468,0.24478402536567634,0.0,0.0,0.05005909862926424,4
C000230,0.0,0.16068171749765137,0.11251380066382907,0.0,0.0,0.0,0.0,0.7268044818385195,2
C000233,0.0,0.0,0.28344425164062853,0.0,0.673741150782424,0.0,0.0,0.042814597576947604,1
C000234,0.17973444641365638,0.0,0.0,0.028689207791038233,0.7633655341967329,0.0,0.0,0.02821081159857239,4
C000235,0.0,0.0,0.0,0.8760291649516997,0.0,0.0,0.0,0.12397083504830034,1
C000236,0.0,0.0,0.0,0.3251399169078087,0.1091690663752633,0.0,0.3596911810324345,0.20599983568449345,3
C000237,0.14252640020857346,0.0,0.0,0.0,0.25311971713672005,0.2636927150773201,0.2517221458564291,0.08893902172095731,0
C000238,0.0,0.2317263554262526,0.0,0.16143737383331258,0.4121174291701725,0.0,0.15854388497102545,0.0361749565992368,1
C000239,0.0,0.0,0.0,0.0,0.0,0.4781674072200099,0.30594658567840277,0.2158860071015874,3
C000240,0.0,0.5058327915281349,0.0,0.0,0.0,0.0,0.13648557918679863,0.3576816292850665,0
C000242,0.0,0.1374826590355285,0.0,0.4641290894940355,0.0,0.21388267835687638,0.13567540640130096,0.04883016671225868,3
C000245,0.17682077194277646,0.0,0.0,0.0,0.0,0.0,0.19563910925935227,0.6275401187978713,0
C000246,0.7656889226097744,0.0,0.0,0.0,0.0,0.0,0.0,0.2343110773902256,4
C000248,0.5184478696296712,0.0,0.1813912606327925,0.12186712614783195,0.0,0.0,0.0,0.17829374358970457,4
C000249,0.1552270617970819,0.0,0.0,0.0,0.0,0.0,0.0,0.8447729382029181,4
C000250,0.41248796912985985,0.0,0.0,0.0,0.0,0.5074649461248432,0.0,0.0800470847452971,1
C000252,0.18629945365226713,0.0,0.07656202074942253,0.0,0.0,0.4749066156371073,0.1117044717042197,0.1505274382569835,1
C000254,0.0,0.0,0.2262737316137574,0.0,0.0,0.0,0.17487247473908055,0.5988537936471621,0
C000257,0.4766569267889265,0.0,0.0,0.0,0.18259569369474282,0.0,0.0,0.3407473795163306,1
C000259,0.09149879591492856,0.0,0.28518031952970313,0.0,0.47454600948030395,0.0,0.0,0.14877487507506443,4
C000261,0.0,0.0,0.0,0.0,0.05093167076237585,0.05403374551718006,0.0,0.8950345837204441,1
C000262,0.0,0.0,0.0,0.2117480234235104,0.0,0.0,0.22622871142416437,0.5620232651523253,2
C000263,0.622084846686236,0.14991332598167353,0.0,0.0,0.1603806280001481,0.0,0.0,0.06762119933194245,4
C000264,0.0,0.06688519107653149,0.0,0.11336275290295794,0.5626035473566616,0.0,0.0,0.25714850866384903,0
C000265,0.3127060057179834,0.0,0.0,0.0,0.0,0.5376230823174678,0.0,0.14967091196454868,3
C000270,0.0,0.0,0.0,0.0,0.41819361536213273,0.0,0.0,0.5818063846378673,3
C000271,0.0,0.42929830770292104,0.3081284855452544,0.0,0.0,0.17444951991171778,0.0,0.08812368684010673,0
C000272,0.0,0.5292081189432141,0.0,0.2530310494885899,0.0,0.0,0.0,0.2177608315681961,0
C000274,0.0,0.0,0.0,0.29116730952128317,0.0,0.3536405470361417,0.0,0.3551921434425751,4
C000275,0.0,0.0,0.051862118379689556,0.11688927655115468,0.0,0.0,0.0,0.8312486050691558,1
C000276,0.12478315706742903,0.0,0.0,0.5440438691470553,0.0,0.1884332593530207,0.0,0.14273971443249497,0
C000281,0.0,0.31272966154974724,0.34335123073596224,0.0,0.0,0.2849325450922486,0.0,0.05898656262204209,0
C000283,0.0,0.0,0.0,0.0,0.0,0.0,0.8725399579057365,0.12746004209426354,3
C000284,0.0,0.0,0.0,0.5546295736136453,0.0,0.32901627011609674,0.0,0.11635415627025789,0
C000285,0.0,0.0,0.0,0.051312578166414456,0.0,0.0,0.10619194500107997,0.8424954768325056,1
C000286,0.0,0.0,0.2641484385912956,0.10987883923514452,0.5736964754272103,0.0,0.0,0.05227624674634958,0
C000290,0.0,0.0,0.0,0.6008345247856568,0.0,0.0,0.0,0.3991654752143432,1
C000292,0.7041928709661269,0.0,0.0,0.0,0.0,0.0,0.1437437087373552,0.15206342029651773,2
C000295,0.0,0.2348696384680946,0.0,0.0,0.0,0.0,0.0,0.7651303615319054,1
C000296,0.0,0.17110429396587928,0.0,0.0,0.2774412242949998,0.0,0.0,0.5514544817391209,2
C000297,0.0,0.0,0.40963876916701614,0.0,0.16579925599858408,0.0,0.0,0.4245619748343998,1
C000302,0.0,0.0,0.0,0.0,0.0,0.15367068182388932,0.0,0.8463293181761107,4
C000306,0.5948154019728398,0.0,0.0,0.25535450025356593,0.0,0.0,0.0,0.14983009777359418,3
C000310,0.09209349676788492,0.1830784317802415,0.0,0.0,0.0,0.0,0.0,0.7248280714518736,1
C000311,0.2518398096474733,0.0,0.0,0.0,0.0,0.0,0.0,0.7481601903525267,3
C000313,0.10307875428281577,0.0,0.0,0.22946118552215095,0.11964580149099355,0.0,0.44725756016280155,0.10055669854123828,0
C000319,0.1921390908369837,0.13761447213012049,0.0,0.6009383190478952,0.0,0.0,0.0,0.06930811798500074,3
C000322,0.16306924719693516,0.25125843087399197,0.0,0.0,0.5425056996995903,0.0,0.0,0.04316662222948255,1
C000323,0.2621327948350942,0.0,0.7144859194946795,0.0,0.0,0.0,0.0,0.023381285670226255,4
C000324,0.0,0.13651483741341863,0.05792548880146763,0.06903602005249275,0.0,0.0,0.0,0.736523653732621,4
C000326,0.0,0.0,0.0,0.0,0.8579238205696044,0.0,0.0,0.14207617943039563,3
C000330,0.20280984347590614,0.32594668532842963,0.3441915149927805,0.0,0.0,0.0,0.07705263946375429,0.04999931673912937,0
C000332,0.0,0.0,0.0,0.6091065395294935,0.0,0.0,0.0,0.3908934604705065,4
C000336,0.0,0.0,0.2667117346821023,0.06280137921100465,0.0,0.0,0.5311002288423015,0.1393866572645916,3
C000338,0.24006918115304776,0.15580243567875146,0.16176787497511722,0.0,0.0,0.0,0.0,0.4423605081930835,1
C000339,0.0,0.0,0.0,0.0,0.0,0.8448672805953373,0.0,0.1551327194046627,4
C000342,0.0,0.0,0.0,0.11423270965839863,0.1955442642835619,0.5009801480687107,0.0,0.18924287798932873,0
C000343,0.3881579816486375,0.18938581488174802,0.0,0.14835232811756438,0.0,0.0,0.21215523849238602,0.06194863685966396,0
C000348,0.4169093141578807,0.0,0.22353758218578712,0.0,0.1508575934921774,0.0,0.0,0.20869551016415475,4
C000350,0.15457306575401047,0.0,0.0,0.0,0.591780021449463,0.19786210034628327,0.0,0.055784812450243276,3
C000351,0.2750513928796512,0.0,0.0,0.0,0.0,0.6365246029737545,0.0,0.08842400414659433,3
C000352,0.0,0.0,0.0,0.0,0.18441560992234168,0.0,0.7404068427338726,0.07517754734378575,2
C000353,0.0,0.0,0.0,0.711528435102656,0.2351524260307707,0.0,0.0,0.053319138866573405,4
C000356,0.0,0.0,0.2146684258713599,0.7541397464463259,0.0,0.0,0.0,0.031191827682314176,4
C000358,0.06962795553519882,0.0,0.0,0.0,0.12460136954123059,0.09979901497610344,0.0,0.7059716599474671,2
C000361,0.11327595381253025,0.0,0.05000549177409413,0.0,0.11466035303340036,0.512181945499237,0.1827075731527989,0.027168682727939226,0
C000363,0.1850401388938564,0.0,0.0,0.41589882619102597,0.0,0.36466209589194215,0.0,0.03439893902317533,3
C000364,0.0,0.0,0.5407995336716148,0.12252927705013661,0.0,0.0,0.0,0.33667118927824863,0
C000369,0.0,0.10168734837576904,0.3496588849824035,0.0,0.0,0.0,0.15826312656286684,0.3903906400789606,0
C000372,0.0,0.0,0.0,0.0,0.0,0.0,0.8794457096634687,0.12055429033653134,0
C000375,0.0,0.0,0.0,0.0,0.0,0.9501286932189741,0.0,0.049871306781025936,0
C000376,0.0,0.1320909166604007,0.268661144956994,0.08140084804305074,0.0,0.19965548404550237,0.0,0.3181916062940522,0
C000381,0.15636078008856247,0.0,0.0,0.33901470399297035,0.0,0.21690861263866298,0.0,0.2877159032798042,1
C000382,0.0,0.1781219677946033,0.0,0.33763820507347075,0.2617842167002239,0.13760238021225482,0.0,0.08485323021944724,4
C000387,0.024800365936360067,0.0,0.05617156193583858,0.0,0.0,0.0,0.014441025986210883,0.9045870461415905,0
C000388,0.0,0.1053833424353135,0.10129917388769075,0.0,0.0,0.0,0.0,0.7933174836769957,2
C000389,0.0,0.0,0.0,0.0,0.0,0.0,0.36099780084504896,0.639002199154951,4
C000390,0.0,0.0,0.0,0.0,0.553219858063967,0.0,0.3088633421341016,0.13791679980193156,0
C000392,0.1541590418676918,0.0,0.0,0.0,0.0,0.0,0.5302731770725119,0.3155677810597963,3
C000394,0.0,0.0,0.0,0.0,0.5489374241112959,0.0,0.0,0.4510625758887042,2
C000400,0.0,0.0,0.0,0.1635755508691087,0.0,0.0,0.0,0.8364244491308913,1
C000401,0.8034181960116824,0.0,0.0,0.0,0.0,0.0,0.0,0.19658180398831754,1
C000403,0.0,0.0,0.47776558772176037,0.0,0.0,0.45567541695667785,0.0,0.06655899532156179,2
C000406,0.0,0.0,0.0,0.1948188303519608,0.0,0.0,0.5055138201939752,0.29966734945406404,3
C000407,0.0,0.29853504401799913,0.0,0.0,0.0,0.11232498720926458,0.5103029079856334,0.0788370607871028,3
C000408,0.0,0.0,0.4255207827802153,0.0,0.0,0.0,0.0,0.5744792172197847,3
C000410,0.0,0.11704790064918283,0.17338907206158785,0.29387859678750156,0.05853136916508935,0.08202538811641101,0.0,0.27512767322022735,4
C000414,0.0,0.0,0.0,0.1723024561812685,0.0,0.0,0.05036070569002815,0.7773368381287034,3
C000417,0.0,0.0,0.0,0.28218174344590646,0.0,0.0,0.6287024516205406,0.08911580493355298,2
C000418,0.0,0.0,0.0,0.0,0.0,0.746988434111177,0.0,0.25301156588882306,1
C000420,0.0,0.4314372227094639,0.0,0.08985138694782302,0.0,0.12064943822041667,0.19460625206965737,0.16345570005263904,3
C000422,0.0,0.0,0.07395840489677087,0.0,0.14539572335664772,0.0,0.0,0.7806458717465814,3
C000424,0.0,0.30729559558503705,0.0,0.0,0.0,0.6039318013110081,0.0,0.08877260310395481,2
C000425,0.0,0.0,0.0,0.0,0.0,0.0,0.8416124848855435,0.15838751511445653,4
C000426,0.33868369726661957,0.4566483691707683,0.0,0.0,0.0,0.0,0.0,0.20466793356261223,2
C000427,0.0,0.0,0.0,0.0,0.0,0.4401660275989473,0.37226847989169354,0.18756549250935914,1
C000428,0.0,0.0,0.0,0.0,0.0,0.11113602995799898,0.0,0.888863970042001,1
C000431,0.0,0.84809064233697,0.0,0.0,0.0,0.0,0.0,0.15190935766303001,3
C000433,0.0,0.0,0.5700726136659967,0.0,0.10714452257793283,0.13933605510319802,0.0,0.1834468086528725,0
C000434,0.0,0.0,0.0,0.0,0.0,0.17104298460334355,0.0,0.8289570153966564,2
C000436,0.3170125615898511,0.10058710680532755,0.2259846915385768,0.055162599084607966,0.0,0.09682184893369486,0.1797356866361024,0.024695505411839323,2
C000437,0.0,0.0,0.0,0.0,0.0,0.0,0.0,1.0,2
C000438,0.2996457233346163,0.12264644037801678,0.0,0.0,0.0,0.0,0.5380717965349644,0.039636039752402416,4
C000443,0.3330062185985832,0.0,0.5723520767709022,0.0,0.0,0.0,0.0,0.09464170463051462,2
C000445,0.0,0.0,0.0,0.0,0.0,0.19561363261135745,0.0,0.8043863673886426,3
C000446,0.0,0.0,0.27080981266481474,0.0,0.1943659231299467,0.17419189497761992,0.06437498094953487,0.2962573882780838,3
C000447,0.0,0.22456347854724337,0.5088877290524692,0.0,0.0,0.0,0.23722677170757844,0.029322020692709033,0
C000448,0.3981001565585484,0.0,0.0,0.0,0.5627274558120353,0.0,0.0,0.03917238762941617,3
C000452,0.0,0.3844493282636241,0.0,0.0,0.22698742985883774,0.15777135437465722,0.1962170777123316,0.03457480979054923,1
C000453,0.0,0.0,0.1294523081129644,0.20968306665482178,0.22218835949022134,0.0,0.4086859172312542,0.029990348510738344,3
C000454,0.0,0.0,0.2233066169265153,0.0,0.0,0.7102245403281635,0.0,0.06646884274532133,4
C000455,0.3058905921205949,0.20404110935194456,0.0,0.3826830189916091,0.0,0.0,0.0,0.10738527953585154,1
C000456,0.0,0.0,0.0,0.0,0.0,0.15489020958809696,0.6204068824509361,0.22470290796096692,2
C000457,0.14580177855393514,0.2688637392668439,0.5182889877846144,0.0,0.0,0.0,0.0,0.06704549439460647,0
C000458,0.0,0.2577554525281726,0.42753133644366625,0.0,0.16099458513207854,0.0,0.0,0.15371862589608262,1
C000461,0.0,0.0,0.8550792304006553,0.0,0.0,0.0,0.0,0.14492076959934477,2
C000462,0.0,0.0,0.09165976411965662,0.0,0.0,0.5102317047511893,0.3434721669072718,0.05463636422188231,2
C000464,0.0,0.0,0.0,0.0,0.12496150185826893,0.0,0.0,0.8750384981417311,1
C000465,0.20467021850916228,0.0,0.5903744542298391,0.14948289740401413,0.0,0.0,0.0,0.05547242985698442,2
C000468,0.0,0.0,0.6980357224680713,0.0,0.0721151740829416,0.18792387306551758,0.0,0.04192523038346953,4
C000469,0.0,0.0,0.6339891471295631,0.13690141213673157,0.0,0.0,0.0,0.22910944073370526,2
C000470,0.0,0.0,0.7792216820465871,0.0,0.0,0.0,0.0,0.22077831795341282,2
C000471,0.08001682167700626,0.0,0.0,0.0,0.0,0.09099524561634115,0.0,0.8289879327066526,0
C000472,0.0,0.0,0.0,0.0,0.0,0.0,0.0,1.0,4
C000473,0.0,0.06950562505846143,0.0,0.20120114151986146,0.5978482271514611,0.0,0.0,0.13144500627021596,4
C000475,0.0,0.0,0.2347452668851779,0.7242805579979745,0.0,0.0,0.0,0.04097417511684753,0
C000477,0.0,0.15789993826999812,0.0,0.0,0.0,0.11339807977184732,0.7140030302317869,0.014698951726367555,0
C000481,0.05592936732066338,0.43261041106471293,0.0,0.0,0.07364528201841145,0.15940729146500685,0.0,0.27840764813120544,4
C000482,0.0,0.2077648796688655,0.0,0.0,0.15743532575948707,0.0,0.5270058453268581,0.10779394924478934,0
C000484,0.0,0.0,0.0,0.070511766200122,0.0,0.0,0.0,0.929488233799878,1
C000492,0.07001136691920334,0.07544396189413631,0.41112675740116356,0.0,0.08902946506826101,0.11044559507310402,0.14577037772279242,0.09817247592133943,1
C000493,0.0,0.3331504518667895,0.0,0.20634203278770613,0.1289373158614763,0.0,0.21629781144027682,0.11527238804375131,2
C000497,0.0,0.0,0.06498201702508709,0.512635730295516,0.0,0.08735988718173289,0.21180976254210734,0.12321260295555657,0
C000498,0.25860354453204126,0.0,0.0,0.6403039146280689,0.0,0.0,0.0,0.10109254083988982,3
C000502,0.0,0.0,0.3957794259706772,0.0,0.07165431164408145,0.08271660079436043,0.4029205042418455,0.04692915734903535,1
C000503,0.2288134848122736,0.0,0.22868824274657187,0.0,0.10745012123373919,0.10998104200739886,0.07796354215949225,0.24710356704052425,4
C000504,0.0,0.047479531568584435,0.0,0.0,0.12057421151385535,0.1710174677581157,0.0,0.6609287891594445,2
C000506,0.0,0.0,0.09746491762081133,0.0,0.3501088344075918,0.5139730775598086,0.0,0.038453170411788196,4
C000508,0.0,0.03351138311761805,0.0,0.0,0.013972683387843843,0.03505281882693588,0.0,0.9174631146676022,0
C000509,0.0,0.21458282444614302,0.0,0.0,0.0,0.10030510949960338,0.33362086346539593,0.35149120258885763,4
C000511,0.0,0.08593260282822929,0.0,0.29969540244649967,0.08848161413386602,0.30735829897342515,0.09343822975417913,0.12509385186380084,4
C000512,0.0,0.9377602255081418,0.0,0.0,0.0,0.0,0.0,0.06223977449185821,3
C000513,0.0,0.0,0.5700113407536863,0.0,0.0,0.0,0.0,0.4299886592463137,0
C000516,0.0,0.0,0.2065038978325543,0.0,0.11668716913914666,0.0,0.614028067089728,0.062780865938571,3
C000518,0.42737979338692933,0.0,0.0,0.0639500397899515,0.20239436511623568,0.21495134589469037,0.0,0.091324455812193,3
C000521,0.0,0.658269537324387,0.0,0.0,0.3141743047829531,0.0,0.0,0.027556157892659732,3
C000523,0.5650489830023083,0.2641715296658369,0.0,0.12632076787711174,0.0,0.0,0.0,0.04445871945474315,3
C000526,0.0,0.0,0.0,0.0,0.0,0.07458540255730785,0.23099220916198404,0.6944223882807081,0
C000529,0.7523871357421642,0.0,0.0,0.0,0.0,0.0,0.0,0.2476128642578358,0
C000531,0.0,0.2289387184173218,0.3675992812481659,0.0,0.0,0.2983654662155949,0.07642798230037157,0.028668551818545922,4
C000532,0.5562131696866868,0.0,0.0,0.41048377891021004,0.0,0.0,0.0,0.03330305140310324,4
C000534,0.2931639776575929,0.0,0.3559746372725292,0.0,0.2697990442030747,0.0,0.06304119079299364,0.01802115007380959,2
C000536,0.0,0.14679627624556646,0.47331211078824525,0.0,0.0,0.11751249126104883,0.19663741187534362,0.06574170982979581,0
C000539,0.0,0.32695379521665163,0.13356471340813977,0.13342271077669665,0.0,0.0,0.1346483469537184,0.2714104336447935,3
C000540,0.0,0.0,0.12651989894547563,0.0,0.0,0.2091884063787401,0.11253393118253237,0.5517577634932519,4
C000543,0.0,0.25374192173274795,0.0,0.7210287880131232,0.0,0.0,0.0,0.025229290254128796,4
C000544,0.0,0.0,0.0,0.0,0.0,0.0,0.0,1.0,4
C000548,0.0,0.0,0.0,0.10831988819752573,0.2859157250769407,0.34777425569665565,0.0,0.25799013102887786,0
C000549,0.24953012595522578,0.0,0.0,0.09276331301622859,0.3606788787817132,0.23822755351974173,0.0,0.058800128727090686,2
C000550,0.0,0.0,0.0,0.0,0.0,0.0,0.15173356531184912,0.8482664346881509,2
C000551,0.0,0.25259864565375195,0.47401805863391633,0.19209801490547915,0.0,0.0,0.0,0.08128528080685261,1
C000552,0.0,0.0,0.0,0.11719295859544454,0.0,0.0,0.0,0.8828070414045555,0
C000555,0.18726942664016374,0.0,0.0,0.31491733133102867,0.0,0.0,0.07927624376560188,0.4185369982632056,3
C000556,0.0,0.0,0.29502982124037247,0.0,0.0,0.4206329402450931,0.0,0.28433723851453446,0
C000557,0.2035046846573591,0.0,0.0,0.19411151248471797,0.0,0.3290215391576763,0.0,0.2733622637002467,2
C000558,0.0,0.0,0.11860755674936063,0.0,0.0,0.0,0.0,0.8813924432506394,1
C000559,0.0,0.0,0.0,0.10920993631634146,0.0,0.5923056201889378,0.17248614078450872,0.12599830271021195,4
C000561,0.0,0.0,0.0,0.0,0.0,0.0,0.0,1.0,1
C000563,0.0,0.0,0.0,0.5000178471690053,0.0,0.45431032399892995,0.0,0.04567182883206468,0
C000564,0.0,0.0,0.0,0.1240595594459448,0.7706375119451643,0.0,0.08867058087054698,0.016632347738343992,1
C000567,0.9419936967083785,0.0,0.0,0.0,0.0,0.0,0.0,0.05800630329162144,3
C000579,0.15939774732878922,0.24987294761836104,0.0,0.08597254838889648,0.0,0.0,0.16180215074876544,0.34295460591518784,2
C000580,0.6608328556606975,0.0,0.0,0.17878627926752594,0.1342712657292219,0.0,0.0,0.026109599342554666,3
C000586,0.0,0.0,0.0,0.0,0.1966502170661324,0.0,0.5541089783531792,0.24924080458068845,2
C000587,0.0,0.2649760902781553,0.22362544143815363,0.0,0.08852264933881883,0.363846277114714,0.0,0.059029541830158225,0
C000588,0.44894822846968063,0.0,0.0,0.0,0.0,0.0,0.0,0.5510517715303194,1
C000592,0.0,0.0,0.0,0.2584783763011185,0.5303675584784929,0.17558537047930445,0.0,0.03556869474108411,3
C000596,0.7519864093514224,0.0,0.0,0.0,0.0,0.0,0.0,0.2480135906485776,3
C000597,0.19415223674606047,0.0,0.2681980109621032,0.0,0.0,0.0,0.048630457985243215,0.4890192943065931,4
C000599,0.0,0.0,0.16704058107880262,0.3861551341284176,0.0,0.0,0.0,0.4468042847927797,4
C000600,0.10657115433896991,0.0,0.0,0.0,0.13668282646262003,0.0,0.05480664687438783,0.7019393723240223,2
C000602,0.5085402950233313,0.0,0.0,0.0,0.0,0.19985853591351663,0.0,0.2916011690631522,2
C000605,0.10227887974499644,0.0,0.0,0.635951509891294,0.09158165791897493,0.06888328076245682,0.0,0.10130467168227775,3
C000606,0.0,0.0,0.0,0.0,0.0,0.0,0.7380601674078582,0.26193983259214176,1
C000607,0.9028522321815975,0.0,0.0,0.0,0.0,0.0,0.0,0.0971477678184025,2
C000609,0.6695829455222774,0.0,0.14769488548044066,0.0,0.0,0.0,0.1386545567748225,0.044067612222459376,3
C000612,0.0,0.7060984760338834,0.20695170763396545,0.0,0.0,0.0,0.0,0.08694981633215114,2
C000615,0.0,0.28710244258440953,0.0,0.0,0.0,0.15748845448417703,0.45347422294486434,0.1019348799865492,1
C000617,0.05302712168957698,0.0,0.056532941381965775,0.0,0.0,0.0,0.0,0.8904399369284572,1
C000618,0.0,0.0,0.0,0.0,0.0,0.6143128832676674,0.22809493974989523,0.15759217698243735,2
C000620,0.12232003181045566,0.0,0.5345627102422175,0.0,0.0,0.13461171257822385,0.16024154044903266,0.04826400492007039,0
C000621,0.0,0.0,0.0,0.0,0.0,0.0,0.8612788228264624,0.13872117717353757,0
C000622,0.16178710460789691,0.0,0.04341989515171277,0.2413905371933007,0.22645736804228536,0.0,0.13707824690230264,0.1898668481025016,3
C000624,0.0,0.0,0.0,0.0,0.0,0.0,0.0,1.0,1
C000626,0.23765107028826524,0.0,0.0,0.0,0.0,0.09483669119736772,0.6436389069959316,0.02387333151843544,3
C000627,0.0,0.0,0.0,0.037138030254450956,0.10155277183406142,0.0,0.0,0.8613091979114876,2
C000629,0.7321022797363542,0.1279803336001397,0.0,0.10640894980817388,0.0,0.0,0.0,0.0335084368553322,2
C000630,0.0,0.0,0.0,0.0,0.0,0.18962419621157206,0.18138317978290505,0.6289926240055229,0
C000633,0.0,0.35719505885829794,0.0,0.0,0.19471389887204035,0.0,0.28162635604379244,0.16646468622586924,0
C000636,0.46572201771423444,0.0,0.4494368104586299,0.0,0.0,0.0,0.0,0.08484117182713567,1
C000638,0.13620453419798884,0.24829582695692895,0.0,0.0,0.0,0.5553107138844079,0.0,0.060188924960674295,1
C000639,0.0,0.0,0.12695688561682264,0.18320298688924705,0.28072452689612326,0.0,0.0,0.40911560059780705,1
C000640,0.0,0.0,0.9405056174230119,0.0,0.0,0.0,0.0,0.059494382576988115,0
C000641,0.0,0.04595069103292618,0.09160726278165326,0.18070545877173813,0.15178320480276067,0.0,0.3942591156226235,0.13569426698829812,3
C000644,0.09824221093068718,0.0,0.0,0.0,0.0,0.15655901900894298,0.698109478646188,0.04708929141418194,2
C000645,0.11502263086588775,0.330183948473224,0.27812408150291884,0.0,0.0,0.0,0.18612358487753622,0.09054575428043321,1
C000647,0.0348601901745286,0.0,0.28819695165875847,0.10522697996269534,0.0,0.0,0.16147134240750485,0.4102445357965127,1
C000648,0.0,0.0436538864547711,0.0,0.0,0.10079199050167063,0.0,0.08089289930747645,0.7746612237360818,0
C000649,0.0,0.37020332906580106,0.0,0.17987252837587017,0.08978864382073513,0.0,0.30883234397232684,0.051303154765266826,2
C000651,0.0,0.0,0.0,0.0,0.0,0.5999999471190468,0.3720728523892564,0.027927200491696804,3
C000652,0.0886015217658487,0.0,0.13452501793654292,0.08108584512700401,0.0,0.36110772009494957,0.2638911550681277,0.07078874000752707,3
C000657,0.0,0.0,0.0,0.0,0.0,0.0,0.8398367516159662,0.16016324838403387,2
C000660,0.0205807140091045,0.03570750956786062,0.043980980590002314,0.055937839807911276,0.0,0.0,0.0,0.8437929560251213,4
C000665,0.0,0.0,0.0,0.9351210809466247,0.0,0.0,0.0,0.06487891905337526,1
C000666,0.0,0.8268812373052914,0.0,0.0,0.0,0.0,0.0,0.17311876269470858,1
C000667,0.42624915821009796,0.0,0.12543084336184476,0.32363395897407776,0.0,0.0,0.09131949343926522,0.033366546014714386,0
C000668,0.0,0.0,0.0,0.0,0.37193505058429294,0.0,0.4842857423822686,0.14377920703343852,4
C000669,0.0,0.0,0.0,0.04198891741049074,0.06000271089483475,0.0,0.0,0.8980083716946745,3
C000670,0.0,0.0,0.443150143454241,0.0,0.0,0.0,0.4844963610105323,0.07235349553522667,3
C000672,0.42500028903163284,0.0,0.0,0.0,0.0,0.0,0.46544698803514994,0.10955272293321731,4
C000675,0.0,0.0,0.0,0.0,0.0,0.0,0.533394774307544,0.46660522569245594,2
C000677,0.0,0.0,0.0,0.0,0.0,0.0,0.0,1.0,4
C000678,0.0,0.0,0.0,0.6047151777452676,0.3311414163459841,0.0,0.0,0.06414340590874837,1
C000679,0.11053825196447198,0.0,0.0,0.24127442747722866,0.0,0.09443320541620234,0.4572535200146914,0.09650059512740564,2
C000680,0.11884654963939328,0.19189940092762567,0.0,0.2924096056046102,0.0,0.15668436593194557,0.0,0.24016007789642524,4
C000681,0.1494567117343249,0.0,0.0,0.09060091422727834,0.0,0.0,0.0695527437915931,0.6903896302468037,1
C000682,0.40664292321959516,0.18796222169833654,0.2843948153482691,0.0,0.04108334109574643,0.0,0.06460348049610268,0.015313218141950196,0
C000683,0.07115143897015368,0.1998079558792219,0.0,0.0,0.0,0.0,0.6261091959550144,0.10293140919561006,3
C000684,0.5075954180032981,0.076819791896081,0.0,0.36013141312973324,0.0,0.0,0.0,0.055453376970887806,3
C000694,0.2674318601170563,0.14703259341190306,0.0,0.0,0.0,0.0,0.0,0.5855355464710407,4
C000696,0.0,0.0,0.271952455872144,0.0,0.6764884675523877,0.0,0.0,0.051559076575468384,2
C000699,0.0,0.0815796860561656,0.0,0.0,0.0,0.0,0.7901469373667829,0.12827337657705148,1
C000700,0.0,0.0,0.3320909974832866,0.0,0.5562227994153749,0.0,0.0,0.11168620310133849,3
C000701,0.09492763951694302,0.33218703095671515,0.0,0.1529976114697063,0.36545996496128536,0.0,0.0,0.05442775309535008,3
C000702,0.0,0.0,0.04997192052909035,0.0,0.0,0.028220805732036256,0.0,0.9218072737388734,3
C000705,0.0,0.2505882139609426,0.0,0.0,0.0,0.0,0.3548190711598471,0.39459271487921027,4
C000707,0.0,0.0,0.0,0.0,0.0,0.9229754297138426,0.0,0.07702457028615742,0
C000709,0.0,0.0,0.2066034026440182,0.0,0.0,0.30241330185829496,0.12415972939036216,0.3668235661073247,1
C000712,0.14427402504731954,0.3084363080323997,0.0,0.0,0.445488240747978,0.0,0.0,0.10180142617230277,0
C000713,0.0,0.10072453832440052,0.0,0.22478242069452728,0.14656531823333235,0.20282424935821702,0.2573486810322213,0.06775479235730153,2
C000717,0.2160213272117347,0.0,0.610379807476333,0.0,0.0,0.0,0.0,0.17359886531193233,3
C000721,0.0,0.0,0.0,0.0,0.4353441435445753,0.0,0.0,0.5646558564554247,1
C000725,0.23047716715768787,0.0,0.0,0.0,0.29455699430952004,0.4346058921396801,0.0,0.04035994639311199,3
C000728,0.0,0.32424714879319966,0.4252887231336537,0.1811811188623198,0.0,0.0,0.0,0.06928300921082696,1
C000732,0.09778056332273236,0.0,0.37115529593627355,0.0,0.0,0.0,0.0,0.5310641407409941,1
C000734,0.0,0.0,0.0,0.0,0.0,0.0,0.9323158642130027,0.06768413578699732,0
C000735,0.0,0.0,0.6919629430892819,0.0,0.0,0.0,0.23295310098514824,0.07508395592556996,4
C000737,0.11902117380121362,0.0,0.2650960780874899,0.0,0.0,0.5889813638145434,0.0,0.026901384296753043,2
C000738,0.0,0.0,0.0,0.0,0.0,0.16884116235947322,0.0,0.8311588376405268,2
C000743,0.022075514207918305,0.055209664098443315,0.0,0.0,0.0,0.0,0.0,0.9227148216936384,1
C000746,0.0,0.0,0.0,0.05707497572610505,0.0,0.0,0.09675773417130411,0.8461672901025908,0
C000747,0.0,0.0,0.5683708669490162,0.0,0.0,0.0,0.1950292061871731,0.23659992686381068,1
C000749,0.24316596599768484,0.21779494178790856,0.3719959168005479,0.0,0.0,0.0,0.0,0.16704317541385874,0
C000750,0.0,0.0,0.03499675047635564,0.0,0.0,0.0,0.0,0.9650032495236444,2
C000756,0.0,0.0,0.0,0.0,0.9418580968519018,0.0,0.0,0.0581419031480982,1
C000758,0.0,0.0,0.0,0.0,0.10704915139039714,0.025713755571566094,0.0,0.8672370930380368,0
C000761,0.6402509204559454,0.0,0.0,0.3004972902497924,0.0,0.0,0.0,0.05925178929426221,1
C000763,0.35990566929508955,0.0,0.0,0.0,0.0,0.0,0.5597300284272748,0.08036430227763573,0
C000764,0.0,0.0,0.33292192439794305,0.0,0.08148674072973647,0.15802883418891145,0.11605630593684853,0.31150619474656044,0
C000766,0.0,0.0,0.0,0.0,0.0,0.0,0.33858002955164657,0.6614199704483534,3
C000769,0.0,0.0,0.020710930102950866,0.020192971107281153,0.0,0.0,0.0,0.959096098789768,3
C000771,0.0,0.0,0.0,0.0,0.0,0.0,0.9150416931083184,0.0849583068916816,3
C000772,0.0,0.0,0.4814251800959157,0.21403100620276505,0.0,0.0,0.2533816821229201,0.05116213157839936,0
C000775,0.0,0.0,0.0,0.0,0.0,0.0,0.0,1.0,3
C000776,0.0,0.043850443264903234,0.0,0.16318390733408172,0.0,0.0,0.11676942212426525,0.6761962272767498,1
C000778,0.6376380806932009,0.13697391004975046,0.0,0.0,0.0,0.14496910860695897,0.0,0.08041890065008948,0
C000781,0.0,0.08823580185368371,0.23023452204280204,0.415320136792482,0.0,0.12119229926331936,0.0,0.1450172400477129,1
C000783,0.0,0.0,0.0,0.0,0.0,0.0,0.0,1.0,1
C000787,0.0,0.14731039939763005,0.0,0.0,0.4989439454578389,0.0,0.0,0.353745655144531,1
C000792,0.0,0.3218242659822428,0.0,0.16452247026413616,0.0,0.32850298138592676,0.0,0.18515028236769426,3
C000793,0.0,0.25485134995087433,0.0,0.09377502596390164,0.0,0.0,0.17011453623552023,0.4812590878497039,4
C000794,0.0,0.12243374566132581,0.0,0.1610489670816415,0.34270848307367013,0.0,0.17197011903495582,0.20183868514840675,4
C000799,0.0,0.0,0.0,0.0,0.0,0.0,0.15372150418005148,0.8462784958199485,0
C000800,0.1551954310448112,0.0,0.0,0.0,0.384884773130282,0.28375089103050355,0.0,0.176168904794403,4
C000805,0.18476923918681665,0.5328177246364566,0.0,0.0,0.13119594842188362,0.0,0.09545790969588118,0.055759178058962126,3
C000807,0.6414788963301874,0.0,0.0,0.0,0.23966065851973753,0.0,0.0,0.11886044515007509,2
C000808,0.0,0.0,0.058527756453214466,0.0,0.041484457675121246,0.11303961456600971,0.10729660490256712,0.6796515664030874,2
C000815,0.0,0.0,0.0,0.0,0.0,0.2444462139974687,0.0,0.7555537860025313,3
C000819,0.5816375277070777,0.0,0.3726903581685849,0.0,0.0,0.0,0.0,0.045672114124337505,3
C000821,0.0,0.0,0.3691470038310706,0.3724802642406696,0.0,0.0,0.17379536712527724,0.08457736480298263,1
C000822,0.25574499004969875,0.0,0.0,0.15509117862495675,0.0,0.0,0.0,0.5891638313253446,2
C000823,0.36059309322109073,0.1601371239678138,0.0,0.0,0.0,0.0980305319884013,0.20931342422997196,0.17192582659272218,2
C000826,0.2737433366948508,0.14291415272203387,0.2800690462428533,0.0,0.0,0.2589502396323016,0.0,0.04432322470796054,0
C000827,0.0,0.0,0.08570801744121148,0.0,0.0,0.0,0.0,0.9142919825587885,3
C000829,0.0,0.0,0.0,0.0,0.0,0.0,0.0,1.0,3
C000831,0.0,0.04934512619380221,0.3765250011643715,0.045655914727367804,0.0,0.34193622823213293,0.1644297359947701,0.022107993687555408,4
C000832,0.10607215228021508,0.0,0.04288502345458305,0.0,0.0,0.0,0.07505607430573835,0.7759867499594635,4
C000835,0.34671073243296135,0.0,0.0,0.19220388968036115,0.12515613638748946,0.08133900122796145,0.2172565637437767,0.03733367652744997,0
C000836,0.13112215426592114,0.19467698906817224,0.0,0.0,0.0,0.0,0.5287367582011724,0.1454640984647342,0
C000837,0.0,0.0,0.30125294178070355,0.0,0.1551625126378696,0.37663851796491526,0.11663021490910269,0.0503158127074089,4
C000840,0.0,0.0,0.0,0.0,0.9234539418127268,0.0,0.0,0.07654605818727325,4
C000841,0.4288302327594761,0.163822596674129,0.0,0.16549825094884332,0.0,0.09182443598827267,0.0,0.15002448362927878,2
C000842,0.0,0.0,0.0,0.24594958593919974,0.22448228376651866,0.46351432443386664,0.0,0.066053805860415,4
C000843,0.0,0.0,0.0,0.0,0.36051026591387947,0.0,0.0,0.6394897340861205,2
C000844,0.31214956353857976,0.09190890132715779,0.0,0.3539355764685607,0.12069544998232223,0.0,0.0,0.12131050868337959,4
C000850,0.0,0.0,0.0,0.7649465707478404,0.0,0.0,0.0,0.23505342925215952,1
C000851,0.0,0.1269367340187145,0.0,0.0,0.31059706474712123,0.500660654939099,0.0,0.061805546295065315,4
C000854,0.0,0.341100172491603,0.24655037506257482,0.0,0.0,0.19391595615470983,0.17920629314138223,0.039227203149730015,0
C000856,0.16541792332340086,0.14759725866797757,0.0,0.0,0.0,0.11938752085746111,0.0,0.5675972971511605,1
C000857,0.45980993192155917,0.14314498329424893,0.0,0.0,0.0,0.0,0.35801591268928507,0.039029172094906854,2
C000858,0.16954913228122212,0.0,0.0,0.7978730007240097,0.0,0.0,0.0,0.03257786699476828,3
C000859,0.0,0.0,0.46558976306277433,0.4819062966918046,0.0,0.0,0.0,0.05250394024542097,3
C000862,0.0,0.0,0.0,0.3510770662898545,0.0,0.5891817632040862,0.0,0.059741170506059336,2
C000865,0.0,0.0,0.1296648716764457,0.0,0.44659027890352365,0.0,0.0,0.4237448494200307,2
C000868,0.0,0.0,0.0,0.11139357110268955,0.0,0.09154804413551064,0.0,0.7970583847617998,2
C000873,0.2195735371392768,0.0,0.0,0.0,0.0,0.0,0.6633689042006763,0.11705755866004684,4
C000874,0.15795036209182128,0.09088397169059582,0.07831652688719631,0.06211892882168821,0.1532541395919842,0.0,0.09415883114371065,0.36331723977300345,2
C000877,0.12014576306285009,0.05742464871323591,0.0,0.0,0.15562238006888998,0.345607235608214,0.131048471991925,0.19015150055488506,1
C000878,0.1239751186595989,0.0,0.0,0.1376220792690604,0.0,0.4726495716012242,0.20862810566509504,0.05712512480502153,1
C000880,0.0,0.0,0.0,0.0,0.0,0.22741976070103206,0.6167427334153232,0.1558375058836448,1
C000883,0.0,0.2619016751114224,0.0,0.0,0.0,0.2861674759860469,0.3239569130816419,0.1279739358208888,3
C000885,0.3188434802759884,0.0,0.0,0.2633486072341846,0.22163093953361157,0.1769853413539595,0.0,0.019191631602256037,0
C000886,0.0,0.23084921105892517,0.0,0.0,0.0,0.14526717393702832,0.6085773951148845,0.015306219889161967,0
C000887,0.5900606035240749,0.0,0.3633878098654385,0.0,0.0,0.0,0.0,0.04655158661048674,3
C000889,0.0,0.0,0.18992619053873064,0.0,0.6209526679498029,0.0,0.0,0.18912114151146656,0
C000891,0.12180956306598079,0.1549975678413463,0.2989062245955486,0.16781629283833374,0.0,0.1967569732285036,0.0,0.05971337843028697,2
C000892,0.0,0.0,0.7030000917285645,0.19196310241114078,0.0,0.0,0.0,0.10503680586029479,4
C000894,0.0,0.30781075064577607,0.0,0.09518798911527108,0.0,0.0,0.4832055841034909,0.11379567613546206,3
C000895,0.33279920033467547,0.0,0.3706576908891527,0.0,0.0,0.0,0.13176231121737345,0.16478079755879846,3
C000901,0.0,0.0,0.0,0.0,0.0,0.24230220750929077,0.2243196832050784,0.5333781092856309,3
C000903,0.0,0.0,0.6596874230837293,0.0,0.0,0.22978734889349672,0.0,0.11052522802277404,2
C000904,0.24322421425825194,0.0,0.0,0.0,0.0,0.44558755256036214,0.10727989334307853,0.20390833983830733,0
C000905,0.0,0.0,0.8629496001078826,0.0,0.0,0.0,0.0,0.13705039989211742,2
C000907,0.1678850487073385,0.0,0.21619903566463083,0.19224073972737385,0.0,0.29921060383298625,0.0,0.12446457206767053,2
C000911,0.20492483220295848,0.3902590422990493,0.0,0.0,0.24563373426233398,0.0,0.0,0.15918239123565828,0
C000912,0.0,0.07133626720166952,0.2319823830769946,0.0,0.0,0.11059536852017224,0.0,0.5860859812011636,1
C000914,0.0,0.0,0.8961761834983948,0.0,0.0,0.0,0.0,0.1038238165016052,1
C000916,0.45350238065185816,0.0,0.0,0.4606579279364063,0.0,0.0,0.0,0.08583969141173556,4
C000917,0.43669899858032113,0.0,0.0,0.11907871424328076,0.0,0.3813591046974197,0.0,0.06286318247897849,3
C000920,0.0,0.0,0.0,0.0,0.1038390199294974,0.41772688172557065,0.184448889803341,0.29398520854159094,0
C000921,0.0,0.0,0.0,0.0,0.09193312854536971,0.0,0.7446368270259814,0.16343004442864867,0
C000922,0.10471439652499787,0.09375615460434401,0.0,0.0,0.0,0.0,0.10658614114053427,0.6949433077301238,2
C000923,0.0,0.0,0.0,0.5536586097053039,0.0,0.0,0.39087943767084693,0.05546195262384909,1
C000926,0.16683099859010503,0.676495225954605,0.11265696057574624,0.0,0.0,0.0,0.0,0.04401681487954374,1
C000927,0.29626807281429873,0.0,0.48729246193500425,0.1528470709325819,0.0,0.0,0.0,0.06359239431811514,2
C000930,0.06929099619799628,0.0,0.0,0.0,0.0,0.2464327858463413,0.0,0.6842762179556624,3
C000931,0.0,0.11605186508223597,0.0,0.0,0.0,0.0,0.0,0.883948134917764,2
C000932,0.0,0.3151761490604552,0.0,0.0,0.16661703628044472,0.0,0.2858111423049932,0.23239567235410682,2
C000933,0.0,0.5662894658078893,0.0,0.0,0.0,0.2690888978136722,0.0,0.1646216363784385,0
C000936,0.2603212022272643,0.13426123804461815,0.1704981827015429,0.0,0.17628540000285645,0.1266257187631407,0.0,0.1320082582605775,4
C000938,0.13047738539924764,0.10189656344507457,0.0,0.31563475168344574,0.10084206450848898,0.0,0.18130004327748764,0.16984919168625548,1
C000942,0.0,0.2573493614366524,0.0,0.06996438117781513,0.0,0.5064460145803978,0.12010481167335622,0.046135431131778294,1
C000948,0.18514463643616014,0.0,0.20233110916610667,0.39757146188454284,0.0,0.0,0.0,0.21495279251319038,2
C000949,0.20175031836905577,0.0,0.0,0.1581345990973368,0.0,0.0,0.4698321417201546,0.17028294081345274,0
C000950,0.0,0.0,0.0,0.0,0.0,0.10493874462102132,0.06659259313087301,0.8284686622481057,3
C000951,0.37459888187527857,0.0,0.0,0.0,0.5008936747069771,0.0,0.0,0.12450744341774432,0
C000954,0.0,0.4770811501105627,0.0,0.13914985378261147,0.09694712671760351,0.17362453171405742,0.0,0.11319733767516485,4
C000956,0.0,0.0,0.0,0.0,0.0,0.2806284927212397,0.648980719726228,0.07039078755253232,0
C000957,0.07480305283008426,0.4279985525463405,0.0,0.04522887265717213,0.43227571530602316,0.0,0.0,0.01969380666037993,2
C000958,0.0,0.0,0.0,0.0,0.0,0.9383283948313151,0.0,0.06167160516868484,1
C000959,0.0,0.0,0.0,0.0,0.0,0.0,0.328052323396258,0.671947676603742,4
C000964,0.0,0.17328445205459067,0.0,0.0,0.0,0.12446148798137811,0.6225857104353512,0.07966834952868007,4
C000965,0.0,0.0,0.4243916708439999,0.0,0.356501737095113,0.0,0.0,0.219106592060887,0
C000966,0.0,0.2805284353590805,0.0,0.20279150330079937,0.0,0.0,0.3698768456587902,0.14680321568133,1
C000967,0.0,0.917628966987668,0.0,0.0,0.0,0.0,0.0,0.08237103301233195,4
C000968,0.0,0.0,0.47609545429721983,0.0,0.0,0.0,0.4440125487012627,0.07989199700151745,4
C000971,0.0,0.13961485584624297,0.0,0.0,0.5607786912596938,0.0,0.2657353057251945,0.033871147168868576,3
C000972,0.0,0.0,0.33831367594326733,0.0,0.30406417431950816,0.0,0.16725556146325402,0.1903665882739705,1
C000974,0.3647726209802284,0.24709372002362606,0.22183646533064313,0.0,0.0,0.0,0.0,0.16629719366550239,0
C000975,0.23140665173098982,0.0,0.0,0.0,0.7267158842649271,0.0,0.0,0.041877464004083216,4
C000977,0.0,0.0,0.0,0.0,0.0,0.0,0.9237434308066788,0.07625656919332123,0
C000980,0.0,0.0,0.7455974475422069,0.0,0.0,0.16463523983796968,0.0,0.08976731261982335,3
C000981,0.0,0.0,0.02166345565874998,0.0,0.02174087273323385,0.021985290871418095,0.0,0.9346103807365981,0
C000983,0.1348773372326088,0.0,0.19517979673450636,0.0,0.6151312194785273,0.0,0.0,0.0548116465543575,1
C000985,0.0,0.18158153270440344,0.0,0.41150242467373804,0.0,0.0,0.0,0.4069160426218585,0
C000988,0.0,0.0,0.0,0.0,0.6454597456034634,0.0,0.17330684836472499,0.1812334060318116,2
C000990,0.15665010323635165,0.0,0.2546931994000457,0.1910633144797486,0.0,0.1294685393289534,0.0,0.2681248435549005,0
C000993,0.0,0.48731351141077095,0.0,0.0,0.22711014736955745,0.15188963864573474,0.11056990908723843,0.02311679348669837,4
C000994,0.0,0.0,0.0,0.38792971362222567,0.0,0.0,0.2968931833807518,0.31517710299702256,4
C000996,0.11383201465758255,0.09571826820362747,0.0,0.0,0.0,0.7753189193541419,0.0,0.015130797784648124,1
C000997,0.0,0.9050816865391978,0.0,0.0,0.0,0.0,0.0,0.09491831346080215,3
C000998,0.0,0.8848974642863666,0.0,0.0,0.0,0.0,0.0,0.1151025357136334,4
C000999,0.0,0.1673822434619762,0.0,0.0,0.0969203794011972,0.10681285896582031,0.11792997802205378,0.5109545401489525,0
C001000,0.0,0.0,0.10937899032675014,0.0,0.0,0.0,0.13490383098755843,0.7557171786856914,3
C001002,0.04587669798518429,0.0,0.0,0.0729991427544819,0.8416088831102941,0.0,0.0,0.03951527615003966,3
C001004,0.0,0.0,0.0,0.47930761372682246,0.0,0.1716321487500962,0.0,0.34906023752308135,0
C001006,0.751870932040855,0.0,0.0,0.0,0.0,0.0,0.0,0.24812906795914502,4
C001008,0.0,0.8313456934901005,0.0,0.0,0.0,0.0,0.09616611689567021,0.07248818961422916,4
C001013,0.0,0.0,0.0,0.0,0.0,0.09568651838283382,0.0,0.9043134816171662,0
C001018,0.0,0.0,0.0,0.0,0.0,0.11605186508223597,0.0,0.883948134917764,2
C001020,0.0,0.0,0.0,0.0,0.0,0.6120489954885517,0.3182672191601286,0.06968378535131974,3
C001021,0.102999162768299,0.31640022707885357,0.0,0.0,0.0,0.0,0.0,0.5806006101528474,3
C001022,0.0,0.24805658717806608,0.0,0.0,0.0,0.16131914729504482,0.19905265361586486,0.39157161191102424,4
C001024,0.0,0.0,0.1428523978305396,0.4129716578152355,0.0,0.0,0.0776312112034808,0.3665447331507441,2
C001027,0.0,0.3199002808226938,0.0,0.47809297176330673,0.1314865521608809,0.0,0.0,0.07052019525311856,0
C001028,0.0,0.11313644071726461,0.0,0.0,0.0,0.43262627566078116,0.4060106338203093,0.04822664980164502,1
C001029,0.0,0.30905778637044934,0.0,0.0,0.0,0.39792926065893464,0.163380239326278,0.129632713644338,0
C001030,0.0,0.0,0.0,0.0,0.10599630246707013,0.0,0.11199119737875363,0.7820125001541762,4
C001033,0.11041929804044236,0.0,0.0,0.0,0.0,0.0,0.41438541121478795,0.47519529074476957,2
C001035,0.0,0.0,0.37675414149264913,0.0,0.0,0.4302044933485279,0.0,0.1930413651588229,1
C001037,0.0,0.09537101453496073,0.0,0.19166306574666353,0.09056941622029163,0.0,0.0,0.6223965034980841,2
C001038,0.0,0.0,0.0,0.14882771041903556,0.2714693674344326,0.0,0.12093973868022646,0.45876318346630535,2
C001040,0.0,0.20261738878853913,0.07042014686186125,0.04172099320513815,0.0,0.6082802526511728,0.0,0.07696121849328864,4
C001043,0.5645732845652452,0.0,0.0,0.15144058225544726,0.14876470261010516,0.06884753560101567,0.0,0.06637389496818671,4
C001046,0.0,0.49338569981646924,0.0,0.0,0.1806317434270478,0.0,0.19096554607322289,0.1350170106832601,2
C001050,0.0,0.0719305555254508,0.04367412942941594,0.0,0.0661469489189413,0.1453871200861746,0.0,0.6728612460400174,3
C001051,0.0,0.0,0.0,0.2917976480314991,0.19564704909823033,0.1488629201601428,0.13068785346875167,0.2330045292413761,1
C001055,0.0,0.0,0.0,0.0,0.0,0.0,0.0,1.0,2
C001056,0.0,0.0,0.27052799199036176,0.21284893524791312,0.4065261567286669,0.08159321895688296,0.0,0.028503697076175276,1
C001060,0.0,0.0,0.7963732909609487,0.0,0.0,0.0,0.0,0.20362670903905133,1
C001061,0.160870340591541,0.0,0.0,0.0,0.04041996731223077,0.0,0.06079436280971339,0.7379153292865148,4
C001062,0.0,0.0,0.0,0.0,0.529750983005884,0.15071404000655805,0.21214995655748903,0.10738502043006899,0
C001063,0.5972078985286584,0.0,0.0,0.0,0.16070116855005537,0.0,0.0,0.24209093292128628,4
C001064,0.0,0.0,0.306732397992742,0.0,0.0,0.6462122721889593,0.0,0.0470553298182987,4
C001066,0.0,0.0,0.0,0.0,0.882177204051043,0.0,0.0,0.11782279594895691,0
C001067,0.0,0.08219460237995982,0.0,0.045739768331123996,0.0,0.0,0.0,0.8720656292889162,2
C001068,0.18327389633595786,0.0,0.6934171909545181,0.0,0.0,0.0,0.0,0.12330891270952393,2
C001072,0.5765548374197997,0.32385193521110167,0.0,0.0,0.0,0.0,0.0,0.09959322736909845,0
C001074,0.0,0.0,0.0,0.0,0.0,0.22385835478838492,0.6930293236193221,0.08311232159229283,0
C001075,0.0,0.03813473242813891,0.018739608615305114,0.0,0.0,0.0,0.0,0.943125658956556,0
C001077,0.07341064781470594,0.22505702107104592,0.0,0.0,0.0,0.0,0.6378778366908858,0.0636544944233624,1
C001080,0.46206032452146134,0.0,0.0,0.0,0.3404725624936438,0.0,0.0,0.19746711298489478,2
C001084,0.0,0.0,0.09885177546226336,0.0,0.0,0.6081188083933555,0.2554877246988013,0.0375416914455798,4
C001086,0.07004873622346794,0.031478356931406166,0.03315120598888582,0.0,0.0,0.030564657019529946,0.02257149116305567,0.8121855526736544,0
C001088,0.20490277552293734,0.20413018049245202,0.0,0.0,0.0,0.0,0.554416119804746,0.03655092417986456,1
C001090,0.08182740655534956,0.0,0.0,0.0,0.0,0.0,0.09646657486050117,0.8217060185841493,4
C001092,0.0,0.0,0.3132009306904197,0.5966413282346231,0.0,0.0,0.0,0.09015774107495726,2
C001093,0.0,0.0,0.7262816755707192,0.0,0.0,0.0,0.0,0.2737183244292808,3
C001095,0.0,0.953435211781554,0.0,0.0,0.0,0.0,0.0,0.046564788218446035,2
C001096,0.0,0.0,0.0,0.1637028532785781,0.0,0.6475084375286627,0.0,0.18878870919275928,1
C001098,0.2498164731518741,0.0,0.7103317908340808,0.0,0.0,0.0,0.0,0.03985173601404518,3
C001100,0.0,0.0,0.0,0.0,0.0,0.0,0.9351210809466247,0.06487891905337526,1
C001102,0.3559163782022218,0.0,0.0,0.0,0.0,0.0,0.1772015855750012,0.46688203622277696,1
C001106,0.08107813032660635,0.0,0.4147387240751395,0.32841978865581056,0.12231142648715548,0.0,0.0,0.05345193045528808,4
C001108,0.0,0.4802493999805847,0.0,0.0,0.37486050582754843,0.0,0.0,0.14489009419186688,4
C001109,0.0,0.3909596761326203,0.0,0.0,0.37462968213145914,0.0,0.0,0.23441064173592066,0
C001110,0.23573212781586464,0.286129524937541,0.0,0.0,0.0,0.0,0.0,0.47813834724659426,0
C001112,0.0,0.1786416954846767,0.0,0.20760733807411114,0.08496708665269757,0.22541165685012143,0.0,0.30337222293839317,1
C001113,0.0,0.0,0.0,0.0,0.8613007083987896,0.0,0.0,0.1386992916012104,4
C001115,0.0,0.0,0.28720750857756233,0.0,0.0,0.0,0.49111875179982295,0.2216737396226148,0
C001119,0.0,0.0,0.0,0.2362900826518296,0.3824807548192815,0.0,0.0,0.38122916252888894,4
C001120,0.0,0.1812343067404087,0.0,0.0,0.0,0.7889318864529407,0.0,0.029833806806650584,4
C001121,0.0,0.14744338466816284,0.29695244760937833,0.11451701139337933,0.0,0.38373317508675725,0.0,0.05735398124232223,4
C001122,0.0,0.0,0.0,0.0,0.0,0.0,0.3794630696835638,0.6205369303164362,4
C001123,0.13084833360399786,0.24391823291285106,0.0,0.39539776149679884,0.0,0.0,0.06873144732707374,0.16110422465927843,4
C001129,0.0,0.0,0.09574530165717102,0.0,0.08030237782973307,0.24505618972090323,0.49777671202396556,0.08111941876822715,0
C001130,0.0,0.0,0.18309896918657428,0.0,0.0,0.0,0.7539449596753653,0.06295607113806047,3
C001132,0.0,0.0,0.0,0.0,0.5873968932738035,0.252045917352585,0.0,0.16055718937361155,4
C001134,0.2884179836400878,0.0,0.3266954396723156,0.0,0.0,0.0,0.1907643034384513,0.19412227324914527,3
C001135,0.0,0.0,0.0,0.05836482925148204,0.06020744902811878,0.0,0.0,0.8814277217203992,2
C001136,0.0,0.0,0.30201433134893346,0.0,0.14945544761309848,0.29926527367256495,0.0,0.24926494736540322,2
C001138,0.0,0.0,0.0,0.3136108227927183,0.6178552857029763,0.0,0.0,0.06853389150430543,3
C001139,0.0,0.0,0.0,0.0,0.0,0.0,0.0,1.0,1
C001140,0.6683472529709933,0.1817520176340005,0.0,0.0,0.0,0.0,0.12418584248744798,0.02571488690755834,1
C001141,0.0,0.0,0.0,0.0,0.0,0.8808991006159005,0.0,0.11910089938409954,3
C001143,0.15393688314420548,0.21626240532329885,0.0,0.14376817293443736,0.0,0.4111768832934163,0.0,0.0748556553046419,3
C001147,0.0,0.0,0.9575114186801367,0.0,0.0,0.0,0.0,0.042488581319863314,2
C001148,0.08942537442763591,0.0,0.0,0.0,0.08580187749401579,0.0,0.0,0.8247727480783483,0
C001149,0.0,0.27702797527132994,0.0,0.5071706785346278,0.0,0.0,0.0,0.2158013461940423,4
C001151,0.19703473011330228,0.0,0.0,0.0,0.04746902860801684,0.0,0.0,0.7554962412786809,1
C001152,0.0,0.0,0.0,0.0,0.0,0.1417029602579731,0.44971271865086343,0.40858432109116344,0
C001153,0.0,0.0,0.09127934242600864,0.0,0.1470746353596802,0.07703692759761534,0.0,0.6846090946166958,0
C001154,0.0,0.0,0.5074450808619839,0.0,0.37510107889622646,0.0,0.0,0.11745384024178962,1
C001156,0.0,0.0,0.0,0.0,0.0,0.0,0.14829983795186552,0.8517001620481345,4
C001157,0.0629549457042723,0.0,0.0,0.0,0.0,0.0,0.0556173325753285,0.8814277217203992,2
C001160,0.05898353941138863,0.0,0.0,0.0,0.3812359635298582,0.0,0.4816519110782069,0.07812858598054627,0
C001164,0.0,0.0,0.48339964943371727,0.08297209410980601,0.27588666621510916,0.0,0.08764624835699997,0.07009534188436778,3
C001165,0.8197419652883655,0.0,0.0,0.0,0.0,0.0,0.0,0.18025803471163454,1
C001168,0.0,0.11944025379885947,0.0,0.0,0.0,0.21622961681848094,0.5431975305572758,0.12113259882538388,0
C001170,0.3541083526271151,0.0,0.0,0.0,0.0,0.4088061900407783,0.0,0.23708545733210656,3
C001171,0.12018505035103058,0.0,0.27288251387794576,0.0,0.07444612707840792,0.0,0.0,0.5324863086926158,2
C001172,0.6301160891346133,0.14832273534713575,0.0,0.0,0.15353917434036557,0.0,0.0,0.06802200117788545,2
C001173,0.7501828112574402,0.22824058525229798,0.0,0.0,0.0,0.0,0.0,0.021576603490261723,0
C001174,0.19338831082611102,0.5598843933332475,0.0,0.19366310648813928,0.0,0.0,0.0,0.053064189352502074,0
C001175,0.10193466734612942,0.4031932377729432,0.0,0.0,0.0,0.11275481306022353,0.0,0.3821172818207038,3
C001176,0.5361309308246038,0.0,0.08720891431650007,0.0,0.20474875395091882,0.0,0.12222788258533943,0.04968351832263793,0
C001181,0.1380260775021045,0.0,0.2718456746801699,0.5456466062636164,0.0,0.0,0.0,0.04448164155410926,3
C001182,0.0,0.0,0.0,0.26703765135226426,0.0,0.6902805977822873,0.0,0.042681750865448405,0
C001183,0.0,0.0,0.26416072767171783,0.0,0.20460970212127694,0.14528876253105807,0.0,0.3859408076759471,2
C001184,0.0,0.9630152585996897,0.0,0.0,0.0,0.0,0.0,0.0369847414003103,0
C001185,0.0,0.0,0.0,0.0,0.5621510252630985,0.38396497918255235,0.0,0.05388399555434924,0
C001188,0.0,0.0,0.0,0.0,0.0,0.6683451265085782,0.0,0.3316548734914218,0
C001191,0.0,0.0,0.0,0.0,0.35315380586341943,0.5474399063769105,0.0,0.09940628775967005,0
C001192,0.2473368112872323,0.0,0.0,0.0,0.3800137035092176,0.2101978206090891,0.0,0.16245166459446106,4
C001194,0.0,0.0,0.0,0.030043485497549066,0.04012375132001656,0.05575877426638435,0.0,0.87407398891605,4
C001202,0.0,0.0,0.0,0.8070632260289355,0.0,0.0,0.0,0.19293677397106446,3
C001203,0.15288483808767164,0.0,0.0,0.08911730107752157,0.11456382336753916,0.23741772761753124,0.10009041146090387,0.30592589838883255,0
C001204,0.0,0.0,0.3792233706700556,0.0,0.11628263436191669,0.08709760129568583,0.06212921027985656,0.35526718339248514,2
C001207,0.0,0.0,0.0,0.0,0.0,0.0,0.0,1.0,4
C001209,0.0,0.0,0.2188704556516708,0.0,0.4092955530243277,0.16112134703884357,0.12387522805730145,0.08683741622785658,4
C001210,0.16675177474545252,0.0,0.0,0.24811415137577414,0.0,0.0,0.38617927781194195,0.19895479606683145,0
C001211,0.3798023731762916,0.0,0.0,0.08343179257781887,0.07722497762911902,0.0,0.0,0.4595408566167705,0
C001214,0.0,0.31311208436275945,0.09147743038440505,0.0,0.424478969449958,0.0,0.0,0.17093151580287747,2
C001216,0.0,0.10465578160282234,0.0,0.0,0.0,0.4538363137620932,0.41919531408021493,0.022312590554869588,0
C001220,0.6257078503310524,0.33177238951101945,0.0,0.0,0.0,0.0,0.0,0.04251976015792813,2
C001221,0.0,0.0,0.0,0.5829244677313803,0.0,0.0,0.0,0.41707553226861976,4
C001222,0.0767482961478668,0.0,0.2446284646336924,0.0,0.0,0.4063380242863349,0.1810734285793642,0.09121178635274162,2
C001223,0.0,0.6522827642362768,0.0,0.058277361466547,0.0,0.0,0.18988655298594878,0.09955332131122738,3
C001224,0.1340307810168298,0.09234641436860247,0.13894459665723602,0.08287489597238445,0.0,0.0,0.0,0.5518033119849473,0
C001225,0.0,0.04570356632829346,0.11968706494720259,0.0,0.0,0.11315182348821348,0.0,0.7214575452362905,2
C001229,0.0,0.06576117571089299,0.4874884775680516,0.0,0.42773188989022953,0.0,0.0,0.019018456830825873,4
C001230,0.02137826755526913,0.011419570777382352,0.0210009032294345,0.0,0.0,0.0,0.0,0.946201258437914,3
C001232,0.0845883433576223,0.3273396244545333,0.0,0.0,0.10463102885262764,0.10173470367770782,0.0,0.38170629965750896,4
C001234,0.0,0.0,0.0,0.0,0.0,0.0,0.0,1.0,1
C001237,0.0,0.8754821497941898,0.0,0.0,0.0,0.0,0.0,0.1245178502058102,0
C001238,0.14506331220471286,0.0,0.0,0.3914401429768152,0.22426497306059695,0.0,0.0,0.23923157175787502,0
C001239,0.2732908726867342,0.0,0.0,0.0,0.0,0.0,0.6348095443165753,0.09189958299669054,1
C001241,0.0,0.0,0.0,0.0,0.0,0.7941905044058412,0.0,0.20580949559415881,1
C001243,0.0,0.0,0.0,0.0,0.0,0.8088120614917678,0.0,0.19118793850823218,1
C001244,0.0,0.35006918960053024,0.17134292825263495,0.0,0.0,0.09800641889997935,0.35605560805357,0.02452585519328555,1
C001248,0.0,0.0,0.0,0.09641875697713158,0.0,0.045464643758903425,0.0,0.858116599263965,4
C001249,0.07410513848869148,0.0,0.23785977013199278,0.0,0.2996085646000979,0.29045162775527117,0.0,0.09797489902394678,0
C001252,0.7358544666287208,0.0,0.0,0.18263237426634232,0.0,0.0,0.0,0.08151315910493699,1
C001254,0.0,0.0,0.0,0.8871812982943714,0.0,0.0,0.0,0.11281870170562854,1
C001255,0.2679588482250755,0.13940678211320692,0.0,0.0,0.4966721001520184,0.0,0.0,0.09596226950969908,0
C001256,0.633189278069925,0.0,0.2107125500065503,0.0,0.0,0.0,0.06381852200595493,0.09227964991756972,1
C001258,0.0,0.5891220730045407,0.0,0.3227975875117074,0.0,0.0,0.0,0.08808033948375196,0
C001260,0.0,0.0,0.0,0.0,0.0,0.44487773633194405,0.2876210720786254,0.26750119158943053,2
C001265,0.0,0.5156286032873297,0.0,0.07689716771532912,0.16422245543449893,0.05974330303078273,0.15457522028771362,0.02893325024434603,4
C001266,0.4370713207703644,0.0,0.12364085881511648,0.24332966514302498,0.0,0.0,0.0,0.19595815527149404,1
C001267,0.0,0.18204054401463968,0.0,0.0,0.13657647146120505,0.0,0.5845552720387297,0.09682771248542554,2
C001268,0.057015211161625674,0.0,0.12207354673832564,0.11748587118920008,0.0,0.10630592089697681,0.0,0.5971194500138718,3
C001269,0.0,0.0,0.0,0.6668387317144082,0.0,0.0,0.0,0.33316126828559184,3
C001271,0.0,0.0,0.0,0.0,0.7751194391794913,0.0,0.0,0.2248805608205087,2
C001272,0.07342770461447228,0.0,0.0,0.0,0.0,0.0,0.1370590052560667,0.789513290129461,1
C001275,0.0,0.0,0.0,0.0,0.0,0.1188905913082219,0.09851743244384069,0.7825919762479374,3
C001276,0.0,0.0,0.0,0.30030496963363834,0.0,0.628585516991444,0.0,0.07110951337491751,2
C001279,0.4439525119029245,0.13118576353531175,0.0,0.15924513352017092,0.0,0.0,0.18917914821441667,0.07643744282717618,4
C001280,0.0,0.2554902376786256,0.0,0.0,0.0,0.0,0.7023532724183229,0.04215648990305139,0
C001283,0.0,0.2536057056422777,0.1309689130714811,0.0,0.0,0.0,0.0,0.6154253812862412,4
C001284,0.0,0.0,0.0,0.0,0.0,0.0,0.0,1.0,4
C001288,0.14694122331748874,0.29161905759018664,0.10761200042610597,0.0,0.0,0.25217249163399874,0.0,0.20165522703221997,3
C001289,0.0,0.0,0.0,0.0,0.0,0.0,0.0,1.0,4
C001290,0.0,0.0,0.4409215664716549,0.0,0.0,0.22469510715434882,0.0,0.3343833263739963,3
C001291,0.3367866536519676,0.18485702848370003,0.0,0.4194234628641455,0.0,0.0,0.0,0.05893285500018683,3
C001292,0.0,0.0,0.0,0.0,0.0,0.0,0.8276153081830329,0.17238469181696714,0
C001293,0.350141588070286,0.08650060399470641,0.0,0.0,0.0,0.0,0.5298769903604609,0.0334808175745468,3
C001294,0.14889938508420775,0.6203656206993475,0.0,0.0,0.0,0.0,0.0,0.2307349942164447,2
C001299,0.0,0.0,0.6260082506034895,0.2849863672134529,0.0,0.0,0.0,0.08900538218305766,0
C001301,0.0931472403209389,0.1305153387989309,0.0,0.08943259360003172,0.0,0.0,0.32611216513025826,0.3607926621498403,2
C001306,0.0,0.0,0.9182328329715608,0.0,0.0,0.0,0.0,0.08176716702843918,2
C001307,0.0,0.0,0.11798523174872173,0.43756102486969317,0.1456036499027276,0.12854996940881552,0.14627648253153003,0.02402364153851202,1
C001308,0.0,0.0,0.0,0.0,0.0,0.13480193275484154,0.0,0.8651980672451585,4
C001310,0.2046816956753001,0.0,0.11546726120366294,0.26163221993516467,0.3570952910649856,0.0,0.0,0.061123532120886795,4
C001312,0.6653541609404491,0.0,0.0,0.16201902942919325,0.14051306464491367,0.0,0.0,0.03211374498544403,0
C001316,0.1597598202470757,0.08137308639584385,0.07401946463593026,0.0,0.0,0.0,0.5635626334382831,0.12128499528286724,4
C001317,0.0992715116014662,0.0,0.0,0.28820649774517043,0.2019519117886132,0.0,0.0,0.4105700788647501,1
C001318,0.0,0.0,0.0,0.0,0.0,0.0,0.0,1.0,0
C001320,0.6214345619600786,0.0,0.0,0.20849517523379862,0.0,0.0,0.0,0.17007026280612267,2
C001321,0.6973103172311008,0.0,0.0,0.25228397267745095,0.0,0.0,0.0,0.05040571009144828,2
C001322,0.0,0.02198990617984456,0.0,0.3144723141941816,0.3891178263872935,0.0,0.15910051338981698,0.11531943984886348,4
C001323,0.07346938740757222,0.0,0.0,0.08573011939495297,0.2505734989354142,0.14959400823334043,0.05194315671024087,0.38868982931847923,2
C001324,0.0,0.0,0.07577594476197541,0.0,0.0863630047582196,0.0,0.0,0.837861050479805,4
C001326,0.0,0.0,0.0,0.0,0.0,0.8873676481307482,0.0,0.1126323518692518,0
C001328,0.0,0.0,0.0,0.13346472514610458,0.08194008271963486,0.0,0.0,0.7845951921342605,0
C001331,0.13963311128541675,0.20461737939956703,0.24219396200984597,0.0,0.0,0.0,0.3009231850901295,0.11263236221504073,4
C001335,0.6609337096493638,0.0,0.0,0.0,0.0,0.0,0.2792125250741309,0.059853765276505176,1
C001336,0.0,0.0,0.0817209393494249,0.0,0.0,0.0,0.08092277161521204,0.8373562890353631,4
C001337,0.1375538337241024,0.2247992533813992,0.0,0.0,0.2501830008023269,0.3576772710540861,0.0,0.029786641038085503,1
C001340,0.0,0.0,0.0,0.0,0.0,0.0,0.7639011257512263,0.23609887424877377,1
C001345,0.19561728849606191,0.0,0.05741908044217955,0.0,0.0,0.0,0.0,0.7469636310617586,1
C001347,0.13328418263382036,0.0,0.0,0.0,0.0,0.0,0.0,0.8667158173661796,0
C001348,0.0,0.21474670177538957,0.0,0.0,0.0,0.0,0.0,0.7852532982246104,3
C001351,0.0,0.0,0.4543655449637891,0.14254866910495542,0.0,0.34337526450490635,0.0,0.05971052142634914,4
C001354,0.38907184979270265,0.21149379248451988,0.0,0.0,0.11230164984380954,0.0,0.0,0.28713270787896783,3
C001355,0.0,0.0,0.24416800586384196,0.0,0.0,0.0,0.12993362240912085,0.6258983717270372,3
C001356,0.19085490906484986,0.0,0.0,0.6614560960052239,0.0,0.0,0.0,0.14768899492992618,2
C001359,0.0,0.2428896220712079,0.0,0.0,0.0,0.0,0.6826702201187471,0.07444015781004498,4
C001361,0.0,0.0,0.0,0.0,0.0,0.0,0.0,1.0,0
C001364,0.0,0.0,0.0,0.3240778222243803,0.5932072966853768,0.0,0.0,0.08271488109024297,3
C001366,0.0,0.0,0.0,0.0,0.0,0.3716833612081498,0.0,0.6283166387918502,0
C001367,0.5833596325319504,0.0,0.0,0.0,0.1773662472634121,0.0,0.0,0.2392741202046376,4
C001374,0.1698278160006127,0.0,0.0,0.0,0.0,0.0,0.0,0.8301721839993873,2
C001377,0.0,0.0,0.0,0.0,0.0,0.0,0.0,1.0,3
C001378,0.2235567138256598,0.15684024824539697,0.4644307676789076,0.0,0.0,0.0,0.0,0.15517227025003558,4
C001380,0.07839360561805107,0.0,0.09146878905622186,0.0,0.0,0.0,0.09816698900540306,0.731970616320324,2
C001382,0.0,0.0,0.10750442306636429,0.0,0.0,0.05793610510206096,0.0,0.8345594718315748,4
C001385,0.04009939407324525,0.0,0.0,0.0,0.0,0.04996514260293306,0.0,0.9099354633238217,2
C001386,0.0,0.08846394869628857,0.49695938642313703,0.18509044860113152,0.20370535968764056,0.0,0.0,0.025780856591802282,4
C001389,0.07197120892954668,0.2653739027704619,0.0,0.08113632318469137,0.0,0.0,0.2608393948870033,0.3206791702282966,4
C001391,0.0,0.25618971252268674,0.0,0.0,0.6037943899580273,0.0,0.0,0.140015897519286,4
C001397,0.3493477214897175,0.0,0.35758899767046165,0.0,0.0,0.0,0.18755163231330035,0.10551164852652067,3
C001399,0.0,0.0,0.0,0.5617234746481086,0.0,0.15551987276454302,0.12879155005766274,0.1539651025296855,3
C001400,0.0,0.0,0.0,0.16338691928621463,0.47437232710982696,0.0,0.2506799302097993,0.11156082339415908,1
C001402,0.0,0.0,0.0,0.0,0.24633409101462925,0.0,0.6471879032421068,0.10647800574326408,1
C001406,0.6436357138229318,0.0,0.0,0.0,0.0,0.24616966423823605,0.0,0.11019462193883207,1
C001408,0.04110872515899599,0.02727759185305668,0.0,0.0,0.0,0.0,0.0,0.9316136829879473,3
C001409,0.0,0.0,0.0,0.0,0.0,0.3232638751311472,0.0,0.6767361248688528,0
C001410,0.0,0.0,0.18835969685326853,0.0,0.0,0.1357071259155431,0.47026794899896857,0.20566522823221992,4
C001413,0.1633551364249504,0.05669686341651179,0.33732037748983684,0.0,0.0,0.0,0.3311510464318283,0.1114765762368726,3
C001414,0.0,0.14964241683208002,0.20469142538970134,0.0,0.4450503993592392,0.0,0.17272748211465425,0.027888276304325173,3
C001415,0.33025481640336185,0.09080554015229526,0.0,0.10429405480282579,0.0,0.0,0.0,0.47464558864151707,4
C001416,0.7846679424422387,0.0,0.0,0.0,0.0,0.0,0.0,0.21533205755776127,1
C001417,0.0,0.7571111711855719,0.0,0.0,0.0,0.0,0.16533519217577408,0.07755363663865386,1
C001419,0.1928095278253083,0.0,0.7543289698329727,0.0,0.0,0.0,0.0,0.052861502341719074,0
C001420,0.0,0.0,0.0,0.0,0.5285399901239834,0.30367292754135394,0.0,0.1677870823346628,2
C001421,0.18512312890646357,0.1333301916741797,0.0,0.0,0.5966074605465566,0.0,0.0,0.08493921887280023,1
C001422,0.0,0.0,0.2365227285365023,0.0,0.7218108202912175,0.0,0.0,0.04166645117228024,0
C001424,0.0,0.0,0.0930301175547182,0.2930758395657176,0.0,0.24059956443187758,0.12925277713310188,0.24404170131458483,3
C001427,0.41974575817231047,0.0,0.0,0.0,0.0,0.15336404491720967,0.0,0.42689019691047986,3
C001428,0.14431015714896184,0.12092062915162385,0.5940143847866406,0.0,0.0,0.0,0.049343047050346645,0.09141178186242706,0
C001433,0.0,0.7187008024643484,0.0823575552894702,0.0,0.0,0.0,0.1753689542853456,0.023572687960835618,4
C001436,0.0,0.0,0.5083961324750479,0.0,0.0,0.0,0.37576049486560903,0.11584337265934305,3
C001437,0.3270004035921035,0.0,0.0,0.0,0.19687543719286837,0.0,0.0,0.4761241592150281,2
C001439,0.3194533855003209,0.0,0.0,0.593079318390959,0.0,0.0,0.0,0.08746729610872031,2
C001440,0.0,0.0,0.0,0.0,0.0,0.0,0.0,1.0,2
C001441,0.0,0.21953236721760833,0.48790829327663315,0.0,0.0,0.2582317984680511,0.0,0.03432754103770749,3
C001442,0.0,0.0,0.940071212347785,0.0,0.0,0.0,0.0,0.05992878765221502,0
C001444,0.0,0.0,0.0,0.0,0.0,0.35527003709905147,0.0,0.6447299629009485,0
C001445,0.0,0.0,0.0,0.6678979100712636,0.0,0.0,0.0,0.3321020899287363,1
C001446,0.0,0.0,0.0,0.18580955206262825,0.39177508998419547,0.0,0.0,0.42241535795317614,0
C001448,0.0,0.0,0.0,0.6489981433694166,0.0,0.12337377061092891,0.0,0.2276280860196545,0
C001449,0.0,0.31473831906855987,0.21632528834553552,0.0,0.1710059958718584,0.0,0.2338716863900495,0.06405871032399667,3
C001450,0.8665853171551847,0.0,0.0,0.0,0.0,0.0,0.0,0.1334146828448153,0
C001451,0.0,0.5503187342354187,0.0,0.0,0.0,0.12806070316714996,0.19753756405587708,0.12408299854155429,4
C001452,0.0,0.0,0.0,0.08405394319579285,0.0,0.6076932870186973,0.25276905942307953,0.05548371036243024,2
C001453,0.0,0.0,0.0,0.7963732909609487,0.0,0.0,0.0,0.20362670903905133,1
C001457,0.5388257135151641,0.0,0.2782743698051165,0.0,0.12437060995550095,0.0,0.0,0.05852930672421853,3
C001458,0.7818355985566012,0.0,0.0,0.0,0.0,0.0,0.09838405741708883,0.11978034402631003,4
C001459,0.10656038766775018,0.0,0.0,0.30805314722657967,0.5556369044673788,0.0,0.0,0.02974956063829144,2
C001460,0.1308281679191007,0.16839528740800513,0.0,0.0,0.24010308104096864,0.18333253312523587,0.0,0.2773409305066896,0
C001461,0.0,0.0,0.2022170527569004,0.0,0.2897358433827862,0.0,0.0,0.5080471038603134,2
C001462,0.0,0.0,0.0,0.0,0.3206047523735361,0.12929032289370224,0.4039439069874585,0.1461610177453032,1
C001463,0.0,0.4853059545854562,0.0,0.0,0.0,0.0,0.0,0.5146940454145438,4
C001467,0.13839433354648722,0.0,0.0,0.0,0.0,0.0,0.0,0.8616056664535128,1
C001469,0.0,0.3984987938162562,0.17135579433886505,0.04847311402350809,0.0,0.19834922795237772,0.0,0.18332306986899288,1
C001470,0.36567826976391415,0.0,0.21000467871938502,0.0,0.0,0.0,0.33595550330743285,0.088361548209268,0
C001472,0.0,0.0,0.0,0.047658140309407106,0.02095615755011151,0.027519972250066804,0.0,0.9038657298904146,0
C001474,0.6336985591971995,0.0,0.0,0.0,0.0,0.298765864082072,0.0,0.06753557672072856,0
C001475,0.0,0.0,0.0,0.35874802137553996,0.0,0.0,0.0,0.64125197862446,1
C001484,0.0,0.12706394666679974,0.6204806823382348,0.0,0.0,0.0,0.19579269030181123,0.05666268069315416,2
C001485,0.333661056414661,0.0,0.07499040070696436,0.0,0.0,0.0,0.14422691211540042,0.4471216307629742,3
C001486,0.0,0.0,0.0,0.4107307848700238,0.0,0.0,0.0,0.5892692151299762,0
C001487,0.0,0.3054623461167317,0.08268299230918351,0.0,0.0,0.0,0.4960283263147286,0.11582633525935628,0
C001492,0.0,0.10404848821682844,0.0,0.22895984964441335,0.0,0.34586622145187823,0.0,0.32112544068688,0
C001493,0.11888251927960636,0.13293250519359384,0.3570328092467528,0.10407825212967134,0.06332229686984059,0.05629647414134692,0.0,0.16745514313918825,1
C001497,0.3057796887875043,0.0,0.19414744884208213,0.0,0.0,0.24578190808279357,0.0,0.25429095428761994,0
C001498,0.4199390813494605,0.0,0.0,0.0,0.12225729330904657,0.39751384945439766,0.0,0.06028977588709518,3
C001499,0.0,0.7528889696270349,0.0,0.0,0.0,0.0,0.2263123273671924,0.020798703005772707,3
C001500,0.0,0.0,0.4963852496743884,0.0,0.0,0.4216841131499665,0.0,0.08193063717564501,1
C001501,0.6579728104877983,0.0,0.0,0.0,0.0,0.0,0.0,0.3420271895122017,0
C001503,0.0,0.0,0.0,0.1706394501705857,0.09543877200362684,0.0,0.0800690394904426,0.6538527383353449,4
C001504,0.8023659359744794,0.0,0.0,0.16597775153465955,0.0,0.0,0.0,0.031656312490861094,3
C001506,0.0,0.0,0.0,0.24669680147419,0.0,0.0,0.6826052824729646,0.07069791605284545,3
C001509,0.0,0.15673753368571644,0.1054202614600827,0.45519237396289425,0.0,0.0,0.14682051052812412,0.13582932036318268,1
C001513,0.0,0.8546413079068307,0.0,0.0,0.0,0.0,0.0,0.14535869209316932,2
C001514,0.0,0.0,0.2123291939880257,0.7330137500531699,0.0,0.0,0.0,0.05465705595880439,2
C001516,0.0,0.0,0.0,0.0,0.0,0.0,0.13919434977321365,0.8608056502267863,4
C001517,0.0,0.21482330224530527,0.08713180405455243,0.0,0.0,0.5596212497166784,0.07494914899881684,0.06347449498464702,2
C001520,0.0,0.24737434823701054,0.0,0.0,0.0,0.6748780286607092,0.0,0.07774762310228026,2
C001524,0.0,0.39667216354399254,0.0,0.35705222910621237,0.15763955041407585,0.0,0.0,0.08863605693571919,1
C001525,0.0,0.0,0.0,0.14791629957922064,0.11078407563647288,0.0,0.0,0.7412996247843064,4
C001526,0.0,0.9528797417478223,0.0,0.0,0.0,0.0,0.0,0.04712025825217774,3
C001527,0.24472884274245402,0.16227494310148372,0.0,0.15239074043343726,0.16007483476653667,0.2329533844890281,0.0,0.04757725446706022,2
C001530,0.0,0.0,0.0,0.4831606464273136,0.0,0.0,0.0,0.5168393535726864,4
C001533,0.0,0.1041175470706003,0.0,0.24431872968650045,0.0,0.5044201554956126,0.11097118460778269,0.03617238313950392,3
C001536,0.0,0.0,0.0,0.0,0.0,0.8728552019171031,0.0,0.12714479808289694,0
C001540,0.0,0.3469762176372935,0.0,0.5933178228895487,0.0,0.0,0.0,0.05970595947315777,0
C001548,0.10088476664284302,0.0,0.43931321786907646,0.0,0.28353311463942504,0.0,0.11480041394579141,0.061468486902863995,3
C001549,0.0,0.22720445594656039,0.0,0.5650479652753138,0.0,0.0,0.0,0.20774757877812589,4
C001554,0.3986141590063266,0.11740548262211889,0.10070140361348583,0.0,0.0,0.168328809518064,0.0,0.2149501452400046,0
C001555,0.0,0.0,0.04331347022725594,0.0,0.0,0.033166955818629065,0.0,0.923519573954115,2
C001560,0.0,0.0,0.6380522238965646,0.0,0.0,0.0,0.23601535138045995,0.12593242472297542,2
C001561,0.0,0.0,0.0,0.0,0.0,0.0,0.0,1.0,4
C001564,0.0,0.0,0.9139010010553249,0.0,0.0,0.0,0.0,0.08609899894467513,4
C001567,0.0,0.4351016997264857,0.2607383551407579,0.0,0.15718241762095767,0.0,0.0,0.14697752751179868,1
C001569,0.0,0.2497794330351114,0.0,0.0,0.6243653067788478,0.0,0.0,0.12585526018604073,0
C001570,0.09171362380984613,0.4899649621145305,0.0,0.0,0.0,0.2653133737838702,0.12293387233810367,0.0300741679536495,4
C001571,0.0,0.08503301732714409,0.0,0.1688774706601845,0.0,0.6435498384418239,0.06810967080229727,0.03443000276855018,0
C001572,0.4573704583743263,0.0,0.0,0.2553208166486665,0.0,0.0,0.0,0.2873087249770071,3
C001574,0.0,0.0,0.0,0.0,0.0,0.23892342764612917,0.0,0.7610765723538708,4
C001575,0.24125302439309446,0.0,0.0,0.7219831412173565,0.0,0.0,0.0,0.0367638343895489,3
C001576,0.0,0.0,0.0,0.2275143362761911,0.3778012147168462,0.0,0.0,0.39468444900696276,1
C001577,0.0,0.09304998907278406,0.0,0.0,0.1012095765681217,0.14278957553398594,0.10947657053068306,0.5534742882944252,3
C001578,0.0,0.3129191571287795,0.0,0.0,0.0,0.5080041924697795,0.0,0.1790766504014409,2
C001581,0.15367068182388932,0.0,0.0,0.0,0.0,0.0,0.0,0.8463293181761107,4
C001582,0.12612575801520098,0.4631489011729085,0.18119711900931607,0.0,0.18875846388502635,0.0,0.0,0.040769757917548104,3
C001583,0.0,0.0,0.0,0.0,0.53550960664193,0.33445927739443326,0.0,0.13003111596363665,2
C001584,0.0,0.0,0.0,0.0,0.0,0.0,0.1120256208577266,0.8879743791422734,1
C001585,0.0,0.185629872450074,0.0,0.0,0.07349485534093786,0.46639979527252895,0.17399538956819616,0.10048008736826303,4
C001587,0.0,0.0,0.0,0.01511738798452807,0.0,0.0,0.060832534468779384,0.9240500775466925,1
C001589,0.0,0.0,0.08191523198178284,0.37372471958647896,0.0,0.0,0.25743354843495925,0.28692649999677894,0
C001590,0.0,0.0,0.17826777627559123,0.7403809783441268,0.0,0.0,0.0,0.08135124538028199,0
C001591,0.0,0.0,0.49556657513157487,0.0906089728672374,0.092755731159273,0.15195073775501558,0.0,0.16911798308689904,4
C001592,0.0,0.0,0.0,0.0,0.1308678848934682,0.0,0.15198855483813337,0.7171435602683984,1
C001593,0.0,0.0,0.6685897829273718,0.0,0.0,0.0,0.15256928053128474,0.17884093654134353,0
C001594,0.16560302836632998,0.0,0.22704232356633072,0.0,0.0,0.0,0.0,0.6073546480673393,3
C001599,0.0,0.0,0.0,0.2516318603564421,0.6782007636269004,0.0,0.0,0.07016737601665761,3
C001600,0.20300287986719542,0.0,0.0,0.328100721146243,0.0,0.0,0.3665626081214082,0.10233379086515333,1
C001601,0.2567866141047507,0.3006879828038186,0.0,0.0,0.0,0.0,0.37293155246914583,0.06959385062228482,3
C001602,0.0,0.0,0.0,0.0,0.0,0.0,0.0,1.0,1
C001604,0.0,0.298280467900587,0.0,0.0,0.0,0.1720369425851708,0.0,0.5296825895142422,2
C001607,0.0,0.8534748190963178,0.0,0.0,0.0,0.0,0.0,0.1465251809036822,3
C001608,0.0,0.8073923122602453,0.0,0.0,0.0,0.0,0.0,0.1926076877397547,0
C001613,0.051935768480955866,0.0,0.1062938845336617,0.0,0.0,0.2828603677200951,0.2542009360029444,0.304709043262343,3
C001614,0.0,0.0,0.7798296988924978,0.0,0.0,0.0,0.15183255020467684,0.06833775090282541,2
C001615,0.0,0.0,0.39184791779537625,0.0,0.25736795582369987,0.181666192570779,0.0,0.16911793381014495,3
C001616,0.0,0.4403735847327233,0.0,0.2172236445351168,0.0,0.2361238287114322,0.0,0.10627894202072768,3
C001617,0.0,0.0,0.0,0.4740303382714345,0.0,0.17708895674032127,0.3343088638225309,0.01457184116571347,0
C001618,0.0,0.10126869844309025,0.0,0.11589937157422618,0.0,0.0,0.0,0.7828319299826836,1
C001621,0.0,0.14181644648118233,0.0,0.0,0.3406577393132541,0.0,0.4405423885662209,0.07698342563934261,0
C001624,0.5217775071043711,0.0,0.0,0.0,0.0,0.0,0.3431606824453655,0.1350618104502633,1
C001625,0.0,0.0,0.2501392873907746,0.0,0.0,0.0,0.0,0.7498607126092254,3
C001626,0.0,0.0,0.0,0.0,0.0,0.0,0.0,1.0,0
C001627,0.0,0.0,0.0,0.4459429416141788,0.17705999327871996,0.19605880101420842,0.0,0.18093826409289282,0
C001631,0.0,0.0,0.16884116235947322,0.0,0.0,0.0,0.0,0.8311588376405268,2
C001634,0.1004215927040563,0.0,0.0,0.7241758598141997,0.1320758486325113,0.0,0.0,0.043326698849232646,2
C001635,0.26333129333229566,0.1272434992088724,0.0,0.0,0.0,0.24264366014870783,0.11566127612579308,0.2511202711843311,0
C001639,0.30231855983545447,0.0,0.0,0.0,0.4472385466637436,0.0,0.0,0.25044289350080196,0
C001640,0.0,0.0,0.0,0.3446686288618461,0.0,0.0,0.0,0.6553313711381539,0
C001641,0.0,0.0,0.0,0.0,0.0977216067353347,0.0,0.0,0.9022783932646653,3
C001642,0.0,0.0,0.0,0.0,0.0,0.0,0.0,1.0,3
C001644,0.0,0.0,0.0,0.047371286145275145,0.100390593651351,0.0,0.0,0.8522381202033739,2
C001645,0.0,0.25707127872064134,0.0,0.0,0.0,0.3731194617872542,0.0,0.3698092594921046,3
C001648,0.0,0.0,0.1938564329986656,0.0,0.0,0.2539319041438675,0.19743704111032778,0.3547746217471391,2
C001650,0.0,0.23527659593328615,0.6473921861780201,0.0,0.0,0.0,0.0,0.1173312178886937,4
C001655,0.0,0.0,0.0,0.06347361597461001,0.3250620225082338,0.0,0.4255072550572677,0.1859571064598884,0
C001656,0.0,0.2829068423808887,0.4753527025189043,0.0,0.0,0.2115646101417104,0.0,0.030175844958496706,1
C001660,0.0,0.0,0.0,0.5211334800576093,0.0,0.0,0.0,0.4788665199423907,0
C001662,0.28020976694132843,0.0,0.0,0.0,0.5346647941496501,0.11191611574515793,0.0,0.07320932316386372,0
C001664,0.0,0.0,0.0,0.0,0.5573007541582776,0.32606890393331056,0.0,0.11663034190841187,0
C001665,0.0,0.0,0.0,0.0,0.0,0.7834156517743232,0.0,0.21658434822567682,2
C001666,0.0,0.0,0.0,0.1815008769463775,0.0,0.0,0.0,0.8184991230536225,0
C001668,0.0,0.0,0.0,0.2556265686347789,0.3488587302458096,0.2716193039672662,0.0,0.12389539715214529,0
C001670,0.0,0.202411870827665,0.0,0.0,0.0,0.09113069902906666,0.0,0.7064574301432683,2
C001672,0.0,0.0,0.0,0.7774632221301649,0.0,0.0,0.0,0.22253677786983508,1
C001673,0.0,0.0,0.2780133975237618,0.0,0.0,0.0,0.6424800520726471,0.07950655040359106,1
C001674,0.0,0.0,0.1089323467708043,0.4861868808575434,0.35045039377884074,0.0,0.0,0.05443037859281153,0
C001676,0.0,0.0,0.0,0.24376898838787783,0.0,0.3177837561434978,0.3283932767358833,0.11005397873274107,4
C001678,0.0,0.8766554464055167,0.0,0.0,0.0,0.0,0.0,0.12334455359448321,2
C001680,0.19888602872247668,0.28954084330989266,0.0,0.0,0.0,0.0,0.3148920087014118,0.19668111926621892,3
C001681,0.0,0.3591818121817407,0.0,0.0,0.0,0.0,0.28380809325919015,0.3570100945590691,0
C001682,0.0,0.0,0.0,0.18575089675606293,0.0,0.0,0.0,0.8142491032439371,0
C001686,0.0,0.0,0.06950873728460284,0.0,0.5366457168629506,0.0,0.33009641129175615,0.06374913456069056,0
C001692,0.0,0.0,0.0,0.0,0.22993640875453555,0.4900189972272697,0.0,0.2800445940181947,0
C001695,0.0,0.0,0.2083104360128193,0.0,0.0,0.0,0.0,0.7916895639871807,4
C001697,0.0,0.0,0.06218060050768725,0.029089649811182873,0.0,0.11806136110447875,0.0,0.7906683885766511,3
C001699,0.0,0.11250388675808516,0.06681120252820696,0.3767196883629869,0.0,0.16027732616650445,0.16066265748830866,0.12302523869590773,0
C001700,0.0,0.0,0.1694660372251865,0.0,0.0,0.0,0.0,0.8305339627748135,2
C001703,0.0,0.0,0.8859897171285303,0.0,0.0,0.0,0.0,0.11401028287146978,0
C001704,0.0,0.2334624134060812,0.0,0.5751485486555248,0.11848817051554422,0.0,0.0,0.0729008674228498,2
C001705,0.2413884562771822,0.0,0.0,0.11849204658786555,0.0,0.17807027662904706,0.4358674632948645,0.026181757211040723,3
C001706,0.709532111986553,0.0,0.21940953045498426,0.0,0.0,0.0,0.0,0.07105835755846276,1
C001707,0.0,0.446184424555452,0.0,0.0,0.5243942407302903,0.0,0.0,0.029421334714257796,4
C001708,0.0,0.0,0.28087620910633637,0.46074305143472416,0.0,0.16446667544477203,0.0,0.09391406401416742,3
C001710,0.0,0.11791112040630827,0.2776709734045863,0.0,0.0708402684520624,0.0,0.0,0.533577637737043,2
C001712,0.0,0.0,0.5611525101663446,0.4067010644511445,0.0,0.0,0.0,0.03214642538251093,0
C001713,0.1567477866994748,0.0,0.14827411172427377,0.0,0.2264844630988815,0.0,0.16421430019777827,0.30427933827959164,4
C001715,0.1829693188377813,0.27185386043947835,0.0,0.0,0.11368662339283318,0.3852426018501202,0.0,0.046247595479786914,2
C001717,0.8439475607155866,0.0,0.0,0.0,0.0,0.0,0.0,0.1560524392844134,1
C001718,0.0,0.06861183248687967,0.06359635791777625,0.4657246174444803,0.2454444377372485,0.0,0.0,0.15662275441361526,4
C001719,0.0,0.5952293814827202,0.32293300401004604,0.0,0.0,0.0,0.0,0.08183761450723376,3
C001720,0.0,0.0,0.0,0.0,0.4509135720905748,0.0,0.0,0.5490864279094252,1
C001721,0.0,0.0,0.0,0.0,0.0,0.0,0.9444409727459377,0.0555590272540622,1
C001723,0.0,0.0,0.0,0.0,0.0,0.0,0.8762459745232924,0.12375402547670758,3
C001724,0.0,0.8535564075094837,0.0,0.0,0.0,0.0,0.0,0.1464435924905163,3
C001732,0.0,0.1605432110396353,0.15389777577973887,0.0,0.12798196647255686,0.0,0.0,0.557577046708069,3
C001734,0.12913822704686673,0.0,0.0,0.0,0.0,0.0,0.0,0.8708617729531333,1
C001735,0.23789267889776416,0.3843011770074868,0.0,0.0,0.11779394294961586,0.0,0.2094777328262673,0.050534468318865856,4
C001736,0.0,0.0,0.0,0.0,0.330450100644027,0.2537528098072456,0.0,0.41579708954872724,0
C001737,0.1574772234921602,0.28346598000709433,0.097586853038132,0.1439737011576605,0.0,0.0,0.12364744687552591,0.19384879542942704,1
C001740,0.6012137954316099,0.0,0.0,0.0,0.2003593362220737,0.0,0.0,0.19842686834631643,1
C001742,0.0,0.0,0.0,0.0,0.0,0.8920253128004137,0.0,0.10797468719958625,4
C001744,0.0,0.1373224399323967,0.23229650035235316,0.0,0.0,0.17080966634598627,0.12590997494313103,0.3336614184261329,4
C001749,0.5758987511137337,0.0,0.17711578857518098,0.10177576908277329,0.0,0.0,0.10281673218204604,0.04239295904626609,1
C001751,0.0,0.0,0.24710195479445157,0.0,0.0,0.0,0.6572545429523984,0.09564350225315013,3
C001753,0.0,0.0,0.19379707256336137,0.0,0.0,0.3915288185797834,0.0,0.41467410885685535,1
C001755,0.0,0.0,0.0,0.0,0.24236285146684247,0.0,0.6074738683898492,0.15016328014330835,3
C001757,0.3656670696530791,0.0,0.0,0.0,0.36480989290984794,0.0,0.21111524778723761,0.05840778964983529,3
C001758,0.6068872413302607,0.0,0.10891298983585315,0.0,0.0,0.14498135605137027,0.0,0.13921841278251573,1
C001760,0.0,0.0,0.0,0.0,0.0,0.0,0.0,1.0,1
C001762,0.211912378589977,0.0,0.3488742086573072,0.0,0.0,0.05821465202428496,0.0,0.3809987607284309,2
C001765,0.1762083296101055,0.0,0.0,0.0,0.08185183637749889,0.08610992158127655,0.0,0.6558299124311191,4
C001766,0.0,0.026036420509520174,0.0,0.0,0.0,0.04608832724307452,0.0,0.9278752522474053,4
C001768,0.0,0.0,0.0,0.0,0.22673958299486496,0.0,0.3144932556734008,0.45876716133173423,0
C001772,0.173577270749068,0.0,0.0,0.1938501998146047,0.5755430507723734,0.0,0.0,0.05702947866395375,2
C001773,0.40491479782497586,0.0,0.0,0.0,0.0,0.0,0.0,0.5950852021750241,1
C001778,0.156101820315666,0.18966934087566,0.09670949768440291,0.0,0.0,0.1738799836874049,0.0,0.3836393574368661,1
C001779,0.0,0.5763075793521479,0.0,0.10237516906320979,0.0,0.12374057038720071,0.0,0.19757668119744154,2
C001785,0.0,0.0,0.0,0.0,0.6543550695224789,0.0,0.2858901955955974,0.05975473488192365,1
C001787,0.14368995193539877,0.0938058434585157,0.0,0.14772015781915826,0.0,0.5167098897765043,0.0,0.09807415701042299,2
C001788,0.1919319233365476,0.10590510302451578,0.0,0.0,0.0,0.0,0.0,0.7021629736389366,0
C001789,0.9429493652059474,0.0,0.0,0.0,0.0,0.0,0.0,0.05705063479405256,2
C001791,0.0,0.0,0.0,0.9177024990480631,0.0,0.0,0.0,0.08229750095193683,2
C001792,0.0,0.0,0.0,0.0,0.0,0.8366079133883721,0.0,0.16339208661162788,2
C001793,0.24455528848737687,0.0,0.0,0.0,0.4378386280427163,0.24794844057532783,0.0,0.0696576428945791,2
C001794,0.15754141726807755,0.0,0.2462703234802204,0.0466721208929823,0.0,0.13671048370329977,0.36277072909817815,0.05003492555724188,2
C001795,0.0,0.0,0.13189295526228795,0.1825005577651616,0.0,0.0,0.432182505844256,0.25342398112829445,1
C001797,0.0,0.0,0.0,0.44848920690012595,0.0,0.0,0.0,0.551510793099874,3
C001799,0.0,0.0,0.0,0.2718644441619373,0.13036298891342096,0.15002285003552143,0.3818481147750762,0.06590160211404422,2
C001801,0.0,0.0,0.0,0.041821815322138065,0.11602780807266429,0.1325636604048842,0.0,0.7095867162003134,1
C001802,0.0,0.0,0.0474020373601136,0.0,0.08276077003085192,0.0,0.0,0.8698371926090345,3
C001806,0.14871711214961747,0.0,0.21232787040221435,0.0,0.5954545358461898,0.0,0.0,0.04350048160197836,4
C001809,0.360431339825749,0.14023806891189203,0.09744655600275866,0.12409063154083001,0.0,0.12962380158073356,0.0,0.14816960213803682,0
C001810,0.0,0.2887124660971386,0.0,0.0,0.373628932731324,0.0,0.0,0.3376586011715374,4
C001813,0.0,0.0,0.9053824470736946,0.0,0.0,0.0,0.0,0.09461755292630541,2
C001815,0.0,0.9364598728466148,0.0,0.0,0.0,0.0,0.0,0.06354012715338515,4
C001817,0.15610638165841956,0.0,0.0,0.0,0.12858668905397408,0.13265583573247972,0.36991560974062887,0.21273548381449778,0
C001818,0.0,0.2284287711017663,0.2202279729066512,0.0,0.09484106262879284,0.0,0.34979396115399863,0.10670823220879098,0
C001820,0.0,0.0,0.39123619476338656,0.0,0.0,0.0,0.0,0.6087638052366134,4
C001824,0.15746444218378655,0.0,0.5617349401080748,0.0,0.0,0.0,0.0,0.2808006177081387,1
C001826,0.0,0.0,0.0,0.0,0.0,0.0,0.7551209229802299,0.2448790770197701,1
C001827,0.0,0.5462724652286138,0.0,0.0,0.3071618113765323,0.0,0.0,0.14656572339485383,1
C001832,0.17944129161050426,0.0,0.1153846455233114,0.0,0.12723734476186246,0.0,0.3456101924174633,0.23232652568685866,3
C001834,0.15793130612729306,0.0,0.0,0.6553798340380685,0.0,0.0,0.0,0.1866888598346384,3
C001838,0.0,0.6942402199226523,0.0,0.0,0.23190423439178418,0.0,0.0,0.07385554568556339,4
C001840,0.24634719474406816,0.0,0.0,0.0,0.0,0.0,0.15342468056625028,0.6002281246896816,2
C001841,0.0,0.0,0.0,0.0,0.8115654686046315,0.0,0.0,0.18843453139536845,3
C001843,0.0,0.0,0.0,0.09889945007975981,0.0,0.10884143155675267,0.5504932070635307,0.24176591129995684,1
C001844,0.15046547350553524,0.0948044530234582,0.0,0.47703019085412063,0.0,0.0,0.21125088695597358,0.06644899566091252,1
C001846,0.0,0.0,0.4043163537423034,0.0,0.0,0.4688104645234747,0.0,0.12687318173422177,1
C001848,0.23635302303550748,0.17729933080584995,0.0,0.0,0.4999656694599838,0.0,0.0,0.08638197669865888,0
C001849,0.0,0.0,0.0,0.0,0.0,0.0,0.0,1.0,1
C001850,0.5372648207893846,0.0,0.0,0.0,0.0,0.34476920932052413,0.0,0.11796596989009121,4
C001851,0.20667574258110347,0.0,0.0,0.0,0.0,0.0,0.76027743792443,0.033046819494466556,4
C001854,0.0,0.33046845457621377,0.0,0.0,0.2789400652466826,0.0,0.0981996481504477,0.292391832026656,2
C001855,0.0,0.0,0.1353272485092939,0.0,0.12235883396704812,0.11576615813937588,0.08848747404308081,0.5380602853412013,0
C001856,0.45882140472074256,0.0,0.0,0.2824814083884359,0.0,0.0,0.0,0.25869718689082155,3
C001857,0.0,0.05870621816754985,0.0,0.05973421792491035,0.28108564461294794,0.0,0.5627218661177876,0.03775205317680413,2
C001859,0.14203895524571356,0.0,0.32745921963538993,0.0,0.43545223532374366,0.0,0.0,0.09504958979515288,1
C001860,0.0,0.0,0.0,0.0,0.8616735738730327,0.0,0.0,0.13832642612696736,3
C001863,0.0,0.0,0.0,0.49077863681356626,0.0,0.38646446555070507,0.0,0.12275689763572878,1
C001864,0.0,0.22845859829761217,0.18239669229845187,0.0,0.14008218102353379,0.0,0.0,0.4490625283804022,2
C001866,0.05880584551062636,0.0957455946305136,0.0,0.0,0.0,0.0,0.0,0.84544855985886,2
C001867,0.13814440852269236,0.0,0.0,0.08454032797438471,0.0,0.0842140142470324,0.20097863165668048,0.49212261759921005,2
C001871,0.0,0.0,0.0,0.0,0.14837224881293554,0.0,0.0,0.8516277511870645,4
C001873,0.20591335116378628,0.0,0.0,0.0,0.0,0.0,0.0,0.7940866488362137,2
C001875,0.0,0.0,0.2780716781767063,0.0,0.3477020368988568,0.18301245383724823,0.0,0.19121383108718856,4
C001879,0.2294877811330735,0.0,0.23097742701219726,0.0,0.0,0.22316417330733185,0.08144810682176207,0.2349225117256354,1
C001880,0.0,0.0,0.045606937866116366,0.03825735159744158,0.05057941814415135,0.0,0.0,0.8655562923922907,3
C001881,0.0,0.0,0.38440483478501947,0.0,0.0,0.0,0.4459977126466291,0.16959745256835151,1
C001884,0.0,0.0,0.416616842505205,0.4348143368750748,0.09297485819977319,0.0,0.0,0.05559396241994698,3
C001886,0.0,0.712833560516638,0.0,0.0,0.21985501746729288,0.0,0.0,0.06731142201606904,1
C001891,0.0,0.5359165343068948,0.2176442151415302,0.21933530225395734,0.0,0.0,0.0,0.027103948297617638,3
C001893,0.0,0.0,0.0,0.5807458810414671,0.0,0.0,0.0,0.41925411895853293,2
C001894,0.31182687589660324,0.0,0.0,0.20289443402909837,0.0,0.0,0.0,0.48527869007429836,2
C001896,0.13950639003326637,0.28428451626695556,0.16792335886922596,0.0,0.0,0.2945154758158115,0.06646737079649925,0.04730288821824124,2
C001897,0.0,0.03867812857134365,0.06943631734982561,0.0,0.0,0.0,0.15961191449188758,0.7322736395869431,4
C001898,0.10181971729981017,0.29159059284145766,0.0,0.0,0.12624572715291257,0.0,0.40217153671822115,0.0781724259875984,1
C001900,0.0,0.46053232101730807,0.10986116954032123,0.0,0.39324061561574164,0.0,0.0,0.03636589382662898,4
C001903,0.0690248006267059,0.42398851747036775,0.0,0.43915665870513526,0.0,0.0,0.0,0.06783002319779102,0
C001904,0.21783404706174397,0.0,0.18775524873254718,0.0,0.06123927552860743,0.1518317388868282,0.14836220013805787,0.2329774896522153,1
C001909,0.0,0.0,0.8350674896184865,0.0,0.0,0.0,0.0,0.16493251038151346,2
C001911,0.6971300635366336,0.1922103650874107,0.0,0.0,0.0,0.0,0.08219187491344548,0.02846769646251033,4
C001914,0.0,0.0,0.3194283093706678,0.3751603057058555,0.0,0.0,0.16841244428617738,0.13699894063729928,2
C001921,0.0,0.0,0.0,0.14413318028742675,0.05368828874895599,0.0,0.0,0.8021785309636172,4
C001922,0.0,0.0,0.11968032284824097,0.7193854201502535,0.10631225675345046,0.0,0.0,0.05462200024805496,3
C001923,0.0,0.0,0.0,0.0,0.5823552160648942,0.0,0.3039610570711343,0.11368372686397162,0
C001928,0.0,0.0,0.0,0.2083104360128193,0.0,0.0,0.0,0.7916895639871807,4
C001929,0.0,0.0,0.0,0.0,0.7530782220851445,0.0,0.0,0.24692177791485548,4
C001930,0.19813032169465322,0.17151430445621546,0.5071473210605763,0.0,0.0,0.0,0.0,0.12320805278855508,2
C001931,0.0,0.0,0.07890673084660915,0.0,0.0,0.0,0.11112264108367909,0.8099706280697118,4
C001932,0.04887444462653584,0.0,0.0,0.043586621309168884,0.0,0.039189488310447954,0.0,0.8683494457538473,0
C001933,0.0,0.0364620196465203,0.15807594350540632,0.24189303708713553,0.0,0.36909179499848205,0.15336587268241034,0.04111133208004543,0
C001934,0.013655684386040165,0.03717003084993542,0.011705669529364788,0.0,0.01854735373220628,0.0,0.0,0.9189212615024533,1
C001935,0.0,0.0,0.0,0.0,0.31331742125377354,0.0,0.6024818347094741,0.08420074403675225,4
C001937,0.14901292259886267,0.0,0.6334063450423066,0.0,0.16852797259956862,0.0,0.0,0.04905275975926202,3
C001939,0.1668094961894525,0.0,0.0,0.0,0.0,0.0,0.0,0.8331905038105475,4
C001940,0.0,0.0,0.0,0.5590110244579578,0.0,0.0,0.3341356998910896,0.10685327565095262,1
C001942,0.0,0.15134331667415665,0.10906554062654852,0.0,0.36148703656350445,0.0,0.0,0.3781041061357904,0
C001943,0.0,0.296290814479326,0.4156643805699979,0.0,0.0,0.0,0.10729882686262786,0.18074597808804826,0
C001947,0.2855713345492201,0.0,0.31079328235799264,0.0,0.25618447582033116,0.0,0.0,0.1474509072724561,3
C001948,0.0,0.05778224387327271,0.07611030106766488,0.0,0.0,0.0,0.06303080281304876,0.8030766522460137,4
C001949,0.27573008742761596,0.18544905381986676,0.42483288551430265,0.08230869869726168,0.0,0.0,0.0,0.031679274540952984,2
C001950,0.0,0.5651953198668076,0.08589090873075758,0.0,0.0,0.30640389840897014,0.0,0.04250987299346467,3
C001951,0.0,0.0,0.0,0.0,0.7967103113888054,0.0,0.0,0.20328968861119456,2
C001952,0.0,0.0,0.0,0.1457586808568453,0.0,0.0,0.0,0.8542413191431547,3
C001953,0.11764556407986981,0.0,0.0,0.0,0.0,0.0,0.0,0.8823544359201302,3
C001955,0.15591507549613062,0.0,0.0,0.0,0.16441574950568658,0.3576953515087547,0.0,0.321973823489428,4
C001956,0.0,0.0,0.030184163967811713,0.019292825379180853,0.032355622408810236,0.0,0.0,0.9181673882441972,3
C001958,0.19918836754933097,0.17294718310396512,0.10150063224869611,0.0,0.16235107993215464,0.13076246194118998,0.0,0.2332502752246631,1
C001960,0.0,0.0,0.25891263373184803,0.6083297640886454,0.0,0.0,0.0,0.13275760217950677,3
C001962,0.0749111143634854,0.0334714419411703,0.06590460019568314,0.0,0.0,0.0650239737724579,0.0,0.7606888697272033,3
C001964,0.0,0.0,0.0,0.0,0.0,0.0,0.8474878803746119,0.1525121196253881,2
C001965,0.6991750438172591,0.0,0.0,0.24051131896328218,0.0,0.0,0.0,0.060313637219458656,1
C001966,0.0,0.32463893705841,0.0,0.0,0.5826551061515997,0.0,0.0,0.09270595678999025,4
C001968,0.0,0.0,0.0,0.0,0.05808682627249318,0.0,0.2196639445662075,0.7222492291612993,2
C001970,0.08485812487894266,0.0,0.0,0.33225439424691017,0.09135597707213729,0.3069445714463036,0.15782609443426526,0.026760837921440902,1
C001973,0.0,0.0,0.0,0.9278679315841227,0.0,0.0,0.0,0.07213206841587726,0
C001974,0.0,0.0,0.0,0.08994540532246548,0.0,0.7195002650497162,0.0,0.1905543296278183,0
C001975,0.13939195784839342,0.27109544073792924,0.0,0.2011145031772952,0.0,0.0,0.05332486819691646,0.3350732300394657,1
C001978,0.0,0.0,0.57394854883886,0.0,0.0,0.3685516022279376,0.0,0.05749984893320232,3
C001983,0.0,0.0,0.0,0.0,0.43715358664419907,0.5201029694739211,0.0,0.04274344388187976,4
C001984,0.0,0.933637726549323,0.0,0.0,0.0,0.0,0.0,0.06636227345067698,1
C001987,0.14508412730622933,0.0,0.0,0.11051616048841198,0.0,0.0,0.08375510944377314,0.6606446027615855,2
C001993,0.21976303994274898,0.0,0.0,0.0,0.48990032605683026,0.0,0.0,0.29033663400042076,3
C001994,0.0,0.0,0.0,0.6195405847464212,0.0,0.0,0.0,0.38045941525357885,0
C001995,0.0,0.058314255618213524,0.10251390843155475,0.15676790127785592,0.2445834637146414,0.0,0.2150938598485736,0.22272661110916075,0
C001996,0.06297492521752658,0.0,0.24690059686876056,0.0,0.17330553234998292,0.0,0.39848565004947717,0.11833329551425278,4
C001997,0.1950212788597599,0.0,0.0,0.0,0.5466542375966096,0.0,0.0,0.25832448354363047,0
C002000,0.8374905183563375,0.0,0.0,0.0,0.0,0.0,0.0,0.16250948164366252,4
C002002,0.0,0.0411064712289782,0.0,0.10065563197038843,0.042629270453234246,0.051837618172289886,0.0,0.7637710081751092,1
C002003,0.0,0.1949938801119536,0.0,0.0,0.0,0.0,0.3090432906734318,0.49596282921461454,1
C002004,0.0,0.0,0.15862157781688177,0.3340601790369073,0.36976815163759813,0.0,0.0,0.13755009150861275,2
C002005,0.0,0.0,0.16615301423974263,0.0,0.17011592880271614,0.4746596514416394,0.07906493503520681,0.11000647048069505,3
C002008,0.0,0.05385754735152966,0.20853964946795034,0.0,0.6545212199464081,0.0,0.03993478591895015,0.04314679731516179,1
C002010,0.0,0.0,0.36375294916705087,0.0,0.36202704250313067,0.199409720180463,0.0,0.07481028814935553,4
C002012,0.0,0.0,0.11605186508223597,0.0,0.0,0.0,0.0,0.883948134917764,2
C002013,0.35039096883199927,0.0,0.16251827102340338,0.0,0.11094649556895973,0.1493344891881677,0.0,0.2268097753874698,3
C002014,0.0,0.10486348275875093,0.393648997794987,0.17542493375985543,0.0,0.2292599651579353,0.0,0.09680262052847129,1
C002015,0.2706844888644287,0.0,0.33752704200360684,0.0,0.16386682526036137,0.0,0.20850520216970939,0.01941644170189391,3
C002020,0.0,0.18114609024578074,0.0,0.1738063317202226,0.5275876288360108,0.0,0.0,0.11745994919798579,4
C002021,0.2170416970051365,0.0,0.0,0.0836205450401871,0.0,0.0,0.11620760618444094,0.5831301517702354,0
C002022,0.21457185935195758,0.0,0.0,0.0,0.3852744432897136,0.0,0.17674727638862,0.22340642096970875,1
C002024,0.0,0.06763368845998562,0.0,0.2731845056669668,0.5536837679795736,0.07642077682791441,0.0,0.02907726106555947,3
C002025,0.0,0.46617453928083574,0.0,0.060908720737624884,0.08431319954805316,0.3331208777734889,0.0,0.05548266265999724,3
C002026,0.0,0.0,0.015986082248694758,0.024002271187723235,0.0,0.01574990705064849,0.024369750498813795,0.9198919890141197,1
C002028,0.0,0.0,0.17685534902250621,0.0,0.0,0.0,0.0,0.8231446509774938,1
C002031,0.1116808258115657,0.0,0.0,0.21235558937683516,0.0,0.0,0.0,0.6759635848115991,0
C002033,0.0,0.45763908469145553,0.49886336516878804,0.0,0.0,0.0,0.0,0.04349755013975651,1
C002037,0.0,0.2359706612075237,0.0,0.2519192173226561,0.4299276217658821,0.0,0.0,0.08218249970393811,0
C002039,0.0,0.0,0.0,0.0,0.8489329097109268,0.0,0.0,0.15106709028907314,2
C002040,0.08345888051384903,0.2736179934188148,0.0,0.0,0.5454076468426472,0.0,0.0,0.09751547922468898,4
C002041,0.2840263631801539,0.0,0.0,0.4396927435853584,0.0,0.0,0.2087276655033406,0.06755322773114712,2
C002042,0.0,0.0,0.18411531678098023,0.0,0.0,0.7656266608193327,0.0,0.050258022399687186,4
C002044,0.0,0.0,0.0,0.9326434808009496,0.0,0.0,0.0,0.06735651919905039,3
C002045,0.0,0.0,0.0,0.91116975115536,0.0,0.0,0.0,0.08883024884463997,3
C002046,0.0,0.14001584136713674,0.0,0.0,0.0,0.0,0.0,0.8599841586328633,4
C002049,0.0,0.39311830324460983,0.0,0.0,0.10149603709739632,0.0,0.433798128963093,0.07158753069490088,2
C002050,0.11352511139258592,0.0,0.0,0.0,0.0,0.0,0.0,0.8864748886074141,2
C002051,0.0,0.05417693087440817,0.40368728329497805,0.0,0.0,0.0,0.2703888852906606,0.2717469005399532,4
C002053,0.0,0.0,0.0,0.0,0.0,0.0,0.0,1.0,4
C002056,0.0,0.0,0.0,0.0,0.9145118179351274,0.0,0.0,0.0854881820648726,0
C002057,0.0,0.0,0.12454587794596712,0.18492630423265086,0.47358515162795445,0.0,0.0,0.2169426661934275,2
C002061,0.0,0.0,0.2919546650812938,0.0,0.38106123549203164,0.29222113865946586,0.0,0.03476296076720861,4
C002064,0.6043534252470929,0.0,0.0,0.0,0.0,0.0,0.3656182379592275,0.030028336793679646,4
C002067,0.5415222421365802,0.0,0.22786092847908135,0.10764820790351338,0.0,0.0,0.0,0.12296862148082494,0
C002068,0.0,0.0763067649613489,0.0,0.0,0.0,0.08434459520056477,0.10052516579040977,0.7388234740476766,1
C002069,0.44631012823280836,0.0,0.14539825200928064,0.0,0.14652076246408596,0.2321924928328767,0.0,0.02957836446094832,2
C002072,0.48885682469309544,0.3143483042926187,0.0,0.0,0.0,0.0,0.0,0.196794871014286,2
C002074,0.0,0.0,0.25988106044643633,0.4241554784882144,0.28940929213611977,0.0,0.0,0.026554168929229474,1
C002075,0.0,0.0,0.0,0.0,0.0,0.2122033357482589,0.44321120162648703,0.344585462625254,2
C002076,0.035771350040612104,0.17026560076980432,0.09383069821707288,0.0,0.0,0.0,0.5965464803557382,0.10358587061677245,0
C002078,0.32349094405816986,0.0,0.22388697358633228,0.16666995491804587,0.0,0.0,0.11672307328162003,0.16922905415583192,0
C002079,0.0,0.2396577337918246,0.1688281609793592,0.0,0.0,0.0,0.5732862235161614,0.018227881712654718,2
C002081,0.0,0.0,0.3789507362270665,0.0,0.42842933801785,0.0,0.1383031150541704,0.0543168107009131,0
C002082,0.0,0.0,0.11729617687483014,0.0,0.1426509784419522,0.0,0.0,0.7400528446832176,0
C002084,0.07990488602894882,0.0,0.10576835546307323,0.23520905521615004,0.3625383312909613,0.15662147604014987,0.0,0.05995789596071675,4
C002085,0.0,0.18623597698441163,0.0,0.0,0.0,0.0,0.0,0.8137640230155884,2
C002086,0.24648424210531372,0.586828767568113,0.07826500453890417,0.0,0.0,0.0,0.0,0.08842198578766906,1
C002088,0.07675443946287827,0.0,0.10907650597840465,0.17076489076531295,0.0,0.0,0.039817833957506266,0.6035863298358979,1
C002089,0.0,0.0,0.0,0.0,0.8255250105833978,0.0,0.0,0.17447498941660225,1
C002091,0.0,0.4153826424698674,0.2406485138884845,0.10050760008207443,0.22213514894629435,0.0,0.0,0.021326094613279264,0
C002094,0.0,0.0,0.0,0.13885820791806402,0.3584659802840535,0.0,0.4234370812291905,0.07923873056869188,2
C002095,0.0,0.0,0.0,0.0,0.0,0.14726269441953077,0.0,0.8527373055804692,2
C002097,0.0,0.0,0.0,0.0,0.9109111375111022,0.0,0.0,0.08908886248889783,0
C002098,0.0,0.0,0.0,0.0,0.2884205973546189,0.6290585387369114,0.0,0.08252086390846976,1
C002100,0.0,0.0,0.0,0.7581555233475364,0.0,0.11571766324939022,0.0,0.12612681340307327,0
C002101,0.0,0.0,0.12876273300383473,0.16218978779321291,0.44121871684393604,0.0,0.0,0.2678287623590162,1
C002103,0.0,0.0,0.16951889493863692,0.0,0.235106847403793,0.0,0.5573854120582586,0.03798884559931158,3
C002104,0.0,0.0,0.0,0.0,0.31519534813222727,0.0,0.0,0.6848046518677727,0
C002108,0.0,0.13431169299938658,0.6323248308729178,0.0,0.0,0.0,0.0,0.23336347612769567,3
C002111,0.0,0.0,0.0,0.1407745965849113,0.2068897548095041,0.0,0.0,0.6523356486055846,0
C002113,0.10571671008913165,0.11348395053897385,0.46381351381736774,0.0,0.06691272947424617,0.0,0.19847333133820583,0.051599764742074714,0
C002115,0.0,0.0,0.0,0.0,0.0,0.0,0.0,1.0,1
C002116,0.17033972387577306,0.0,0.4635159609533842,0.046173314322176424,0.0,0.07279468722202626,0.16088691892518586,0.08628939470145418,4
C002117,0.450412336151688,0.2326681965849825,0.0,0.0,0.0,0.15866551156025482,0.0,0.1582539557030746,2
C002118,0.0,0.0,0.0,0.0,0.9217664971848898,0.0,0.0,0.07823350281511016,3
C002119,0.11443332377935027,0.0,0.4837166635153372,0.3728216539069796,0.0,0.0,0.0,0.029028358798332873,0
C002121,0.4328888468775124,0.0,0.0,0.20208760172067697,0.0,0.19560958702868658,0.0,0.16941396437312403,1
C002122,0.4156429795437647,0.0,0.16612113607306156,0.07405045258367209,0.0,0.0,0.0,0.3441854317995017,0
C002124,0.0,0.0,0.0,0.0,0.09887874507349684,0.05567269506764312,0.0,0.84544855985886,2
C002126,0.33471786299203315,0.0,0.0,0.28739071337338984,0.20874982334402747,0.0,0.0,0.16914160029054945,3
C002127,0.1913078029973687,0.0,0.0,0.7254343050893964,0.0,0.0,0.0,0.08325789191323486,2
C002128,0.0,0.0,0.0,0.0,0.0,0.0,0.0,1.0,0
C002129,0.0,0.0,0.0,0.20764324108568985,0.6194201941533991,0.0,0.0,0.17293656476091096,3
C002134,0.16973797303637686,0.0,0.0,0.0,0.0,0.6399774064296126,0.0,0.1902846205340104,2
C002136,0.0,0.0,0.0,0.0,0.0,0.3458014780065938,0.5884609943563957,0.06573752763701067,4
C002138,0.18924014566009134,0.0,0.0,0.0,0.5370118866148872,0.21011099409601128,0.0,0.06363697362901038,2
C002139,0.0,0.0,0.0,0.0,0.0,0.8618533032161773,0.0,0.13814669678382277,3
C002142,0.0,0.2050678991455769,0.0,0.7504727267673262,0.0,0.0,0.0,0.04445937408709686,1
C002144,0.0,0.0,0.0,0.8728552019171031,0.0,0.0,0.0,0.12714479808289694,0
C002146,0.0,0.0,0.06413318873013897,0.0,0.0,0.11522438858558891,0.0,0.8206424226842721,1
C002147,0.0,0.0,0.5165200007393683,0.0,0.4297625201826985,0.0,0.0,0.05371747907793321,2
C002148,0.0,0.0,0.0,0.0,0.3613767912612796,0.361824627857919,0.0,0.27679858088080134,2
C002149,0.0,0.35489517035189233,0.0,0.5323459279515884,0.0,0.0,0.0,0.11275890169651909,4
C002150,0.17093230163229478,0.0,0.0,0.0,0.0,0.0,0.0,0.8290676983677052,0
C002151,0.0,0.0,0.0,0.0,0.7243122015877173,0.24017514327294742,0.0,0.03551265513933516,3
C002153,0.0,0.0,0.0,0.0,0.0,0.7504499755988326,0.0,0.2495500244011674,0
C002154,0.0,0.6123131322050824,0.0,0.0,0.20611470056433204,0.0970974496781444,0.0,0.08447471755244118,0
C002157,0.0,0.0,0.3192064526965428,0.0,0.0,0.0,0.583392053547764,0.09740149375569329,3
C002158,0.0,0.0,0.0,0.0,0.0,0.0,0.0,1.0,4
C002160,0.0,0.12263035379137299,0.5899213294106554,0.0,0.0,0.0,0.0,0.2874483167979715,2
C002162,0.3327350051519746,0.19482648682658135,0.12502545098642728,0.0,0.0,0.0,0.0,0.34741305703501674,4
C002163,0.0,0.5160583465072852,0.0,0.0,0.0,0.0,0.0,0.48394165349271473,0
C002165,0.13563538837673395,0.22881373066907662,0.0,0.0,0.0,0.5363622841763918,0.0,0.09918859677779772,4
C002166,0.0,0.33488274506898597,0.0,0.0,0.0,0.0,0.38446724929140585,0.28065000563960824,3
C002167,0.0,0.0,0.39909926020711295,0.0,0.0,0.0,0.0,0.600900739792887,0
C002168,0.0,0.1464065127977924,0.0,0.10244216458317938,0.09200868146315598,0.07862900929752675,0.1476512350416411,0.43286239681670435,2
C002172,0.1432404352000745,0.0,0.0,0.11687926951371873,0.20046215765928138,0.0,0.0,0.5394181376269254,3
C002173,0.30319288350919554,0.0,0.0,0.0,0.632431865001973,0.0,0.0,0.06437525148883139,4
C002174,0.0,0.0,0.0,0.0,0.866809999539403,0.0,0.0,0.1331900004605971,4
C002175,0.0,0.04212211358694953,0.0,0.0,0.04220450673908067,0.017858077014795113,0.16294288962940268,0.734872413029772,0
C002176,0.0,0.0,0.0,0.08240929814697112,0.44616794560230816,0.0,0.45578652284404564,0.015636233406675047,0
C002177,0.0,0.0,0.0,0.0,0.4677170518232401,0.0,0.0,0.5322829481767599,3
C002183,0.0,0.0,0.0,0.6147342459475159,0.23471651972465982,0.0,0.0,0.1505492343278242,2
C002184,0.48830116821827296,0.19103148656152166,0.0,0.29199860003448525,0.0,0.0,0.0,0.028668745185720112,3
C002187,0.0,0.0,0.0,0.3838365861277542,0.5730572490318401,0.0,0.0,0.04310616484040586,0
C002188,0.0,0.0,0.0617020407890497,0.10128132711901865,0.0,0.0,0.0,0.8370166320919317,1
C002189,0.0,0.14032679594295402,0.39855153221421225,0.0,0.0,0.0,0.0,0.4611216718428337,0
C002191,0.0,0.48531375900281815,0.3326744660372035,0.0,0.0,0.0,0.10970823764330477,0.07230353731667356,2
C002194,0.0,0.0,0.06814551730051212,0.0,0.38224720611538093,0.21487614830333424,0.29611911807115515,0.038612010209617485,2
C002195,0.0,0.4515624249418757,0.0,0.0,0.0,0.0,0.0,0.5484375750581243,3
C002196,0.0,0.5985495647149798,0.0,0.0,0.0,0.0,0.309858070785653,0.09159236449936722,4
C002197,0.0,0.0,0.0,0.11023788342628804,0.0,0.0,0.06549834486596594,0.824263771707746,4
C002198,0.0,0.05337406977534731,0.0,0.0,0.0,0.0,0.0745603009357365,0.8720656292889162,2
C002199,0.09177702602201428,0.0,0.0,0.17894770779287603,0.0,0.07364005121043993,0.08106322907129525,0.5745719859033745,3
C002200,0.0,0.38235602545924713,0.23859370805828695,0.0,0.0,0.12320725089823092,0.1757927778370262,0.08005023774720892,1
C002206,0.3715070519381563,0.0,0.26274044706161886,0.0,0.0,0.0,0.23413941581366043,0.1316130851865644,1
C002212,0.0,0.0,0.0,0.2920947883259077,0.5941666344277607,0.0,0.0,0.11373857724633152,1
C002215,0.19696106960814178,0.0,0.0,0.0,0.06295378371626931,0.0,0.6529755885816794,0.08710955809390945,2
C002216,0.0,0.3290628578177623,0.0,0.4134145819657855,0.0,0.0,0.13068117858851627,0.1268413816279359,1
C002218,0.0,0.4557345401211043,0.0,0.0,0.17203775712437155,0.2584818362706547,0.0,0.11374586648386942,3
C002222,0.029312455781887643,0.0,0.012561729658901491,0.0,0.0,0.0,0.0,0.9581258145592109,2
C002227,0.0,0.0,0.0,0.1196369422578702,0.17321499706786164,0.12048716730087011,0.49622479902879035,0.09043609434460767,3
C002232,0.15874584915828796,0.423520945478585,0.0,0.1587779477000965,0.16605115306714088,0.0,0.0,0.09290410459588964,0
C002234,0.0,0.0,0.05405286372645616,0.0,0.02626287253194501,0.0,0.0,0.9196842637415988,2
C002235,0.0,0.8943913377182813,0.0,0.0,0.0,0.0,0.0,0.10560866228171872,2
C002236,0.0,0.1315764491877511,0.49319823793742956,0.0,0.3001276001372214,0.0,0.0,0.07509771273759801,1
C002238,0.1603496023209836,0.0,0.0,0.11724062468857162,0.0,0.0,0.22317173400416784,0.4992380389862769,4
C002241,0.20281463351465603,0.21084555658943002,0.0,0.0,0.106761606131122,0.0,0.34116595620863216,0.13841224755615963,0
C002242,0.0,0.0,0.0,0.15237343108093834,0.24086303542848975,0.5621519244069837,0.0,0.04461160908358818,2
C002243,0.06665321326072839,0.0,0.0,0.0702829547249185,0.09392066555951027,0.164428923094571,0.3993320916652811,0.2053821516949908,2
C002245,0.0,0.0,0.0,0.0,0.0,0.0,0.1199023630996795,0.8800976369003205,2
C002247,0.0,0.08167044200498275,0.1601370847460166,0.0,0.0,0.0,0.15650047495331634,0.6016919982956843,3
C002250,0.0,0.1499916055860535,0.35975786073926563,0.056068108985434253,0.07152424758703824,0.0,0.2913625679560306,0.07129560914617784,2
C002251,0.20268324018552056,0.0,0.0,0.0,0.0,0.7346441012530571,0.0,0.06267265856142235,1
C002256,0.409827576626251,0.0,0.0,0.0,0.0,0.30203302793406267,0.0,0.28813939543968636,4
C002261,0.0,0.38980493544768746,0.0,0.0,0.18853615960233538,0.12866978005808283,0.0,0.29298912489189427,0
C002265,0.0,0.11605186508223597,0.0,0.0,0.0,0.0,0.0,0.883948134917764,2
C002266,0.0,0.0,0.0,0.030677957538989033,0.8137038026705211,0.0,0.0,0.15561823979048983,4
C002274,0.0,0.0,0.0,0.12930665049761958,0.0,0.0,0.0,0.8706933495023804,0
C002275,0.28820946022653704,0.6286387305871437,0.0,0.0,0.0,0.0,0.0,0.0831518091863193,0
C002276,0.06822490882497843,0.0,0.0,0.253994312153339,0.0,0.0,0.0,0.6777807790216825,2
C002277,0.0,0.0,0.0,0.0,0.25937858831779737,0.6673340645904021,0.0,0.07328734709180044,4
C002278,0.4450926193282788,0.0,0.0,0.0,0.0,0.0,0.45982864253824757,0.09507873813347352,3
C002280,0.0,0.0,0.0,0.0,0.0,0.0,0.0,1.0,2
C002281,0.0,0.04277278994756601,0.061673495123519204,0.0,0.0,0.0,0.0,0.8955537149289148,3
C002282,0.6132930314126702,0.11220056135992616,0.0,0.23442661932822445,0.0,0.0,0.0,0.04007978789917917,2
C002285,0.0,0.045248117691010774,0.07158147910575066,0.0,0.0,0.0,0.03989177611517966,0.8432786270880589,2
C002286,0.0,0.0,0.15892236533985174,0.0,0.16481147096935636,0.4063702431608016,0.0,0.2698959205299902,1
C002288,0.13932393256784642,0.27714129914278235,0.0,0.5307545005603178,0.0,0.0,0.0,0.052780267729053414,4
C002291,0.4241206418586555,0.25917965812458077,0.0,0.0,0.0,0.0,0.0,0.31669970001676373,1
C002292,0.0,0.29595815578152124,0.033615923064120035,0.49999605525794977,0.0,0.0,0.0,0.17042986589640896,1
C002293,0.04969164771608691,0.0,0.0405092775234937,0.0,0.0,0.05451056104715762,0.0,0.8552885137132618,3
C002294,0.0,0.5288095103982128,0.0,0.0,0.07510821251131894,0.20935119488670198,0.15765446291293395,0.029076619290832217,0
C002296,0.13963768994015266,0.07799474260125101,0.0,0.0,0.0,0.12039166892126103,0.0,0.6619758985373353,4
C002297,0.0,0.20633593262262542,0.0,0.0,0.0,0.0,0.7686301321177464,0.025033935259628052,1
C002299,0.0,0.22343860741057112,0.0,0.0,0.0,0.0,0.4291125930170739,0.347448799572355,0
C002300,0.6007533981616816,0.0,0.0,0.12663626890802016,0.0,0.23968601325864416,0.0,0.03292431967165422,0
C002301,0.0,0.20602454850754764,0.0,0.5407704887784065,0.0,0.0,0.16178343372076742,0.09142152899327836,2
C002303,0.0,0.0,0.0,0.0,0.0,0.6092467632274567,0.0,0.39075323677254326,3
C002304,0.7368277519199328,0.0,0.0,0.0,0.0,0.0,0.0,0.26317224808006723,0
C002307,0.0,0.0,0.0,0.0,0.0,0.0,0.21567544483917767,0.7843245551608223,0
C002310,0.0,0.0,0.0,0.0,0.0,0.0,0.2851354567438035,0.7148645432561965,1
C002311,0.0,0.0,0.641102929120116,0.0,0.0,0.0,0.0,0.35889707087988393,0
C002312,0.0,0.06345252058753795,0.0,0.10697579314692872,0.0,0.12584763290981527,0.0,0.7037240533557181,1
C002313,0.0,0.0,0.0,0.07299494248921161,0.0,0.08155649765192835,0.0,0.84544855985886,2
C002316,0.0,0.5744634892099334,0.0,0.0,0.051063394341915196,0.0,0.2840523544512805,0.09042076199687087,3
C002318,0.3538571640548226,0.0,0.0,0.11018991671253865,0.0,0.0,0.0,0.5359529192326388,3
C002320,0.0,0.12316753493489407,0.08747406300554204,0.1342712119768428,0.350393084888638,0.0,0.05640547297498984,0.24828863221909328,1
C002321,0.0,0.055528784761432054,0.0,0.08664779332253962,0.0,0.0,0.0,0.8578234219160283,4
C002323,0.6605944056479883,0.0,0.0,0.2496631662657161,0.0,0.0,0.0,0.0897424280862955,0
C002331,0.0,0.0,0.0,0.0,0.0,0.9444968732036099,0.0,0.05550312679639011,4
C002333,0.1203492141706651,0.0,0.0,0.0,0.28523830373860853,0.0,0.34397485643874226,0.25043762565198413,3
C002335,0.0,0.0,0.0,0.0,0.0,0.0,0.1376391822773828,0.8623608177226172,4
C002338,0.0,0.0,0.6263919158688568,0.0,0.0,0.0,0.21505757946042317,0.15855050467072013,2
C002346,0.1688659925882565,0.0,0.21875396539839034,0.2894865552926283,0.0,0.0,0.0,0.3228934867207249,2
C002349,0.0,0.0,0.0,0.0,0.0,0.0,0.0,1.0,1
C002351,0.0,0.0,0.0,0.0,0.045672396437521134,0.0,0.11213387862140628,0.8421937249410726,0
C002353,0.0,0.0,0.6547124673760326,0.0,0.3051128087102273,0.0,0.0,0.04017472391373999,3
C002354,0.0,0.0,0.0,0.0,0.21718131494793896,0.6348808761354409,0.0,0.14793780891662026,2
C002355,0.0,0.0,0.0,0.15061981780223171,0.41176605119290255,0.0,0.3271626514617611,0.11045147954310462,2
C002358,0.0,0.0,0.10491215054826578,0.616649039806231,0.23881062653263363,0.0,0.0,0.039628183112869544,4
C002360,0.19173478794269133,0.0,0.0,0.0,0.5380774974267594,0.0,0.1618233739764794,0.10836434065406991,2
C002361,0.8034181960116824,0.0,0.0,0.0,0.0,0.0,0.0,0.19658180398831754,1
C002362,0.373285840319401,0.3514927658341999,0.0,0.19362980662019966,0.0,0.0,0.0,0.08159158722619939,0
C002363,0.0,0.0,0.2254280872887129,0.24868220083129053,0.12876489504270977,0.09428936259469567,0.0,0.302835454242591,3
C002365,0.0,0.0,0.0,0.0,0.5031636845281848,0.17317901698936752,0.1548571118467547,0.1688001866356929,1
C002366,0.04836216876942919,0.0,0.11395768304357123,0.0,0.04941284936182027,0.0,0.0,0.7882672988251793,2
C002367,0.0,0.0,0.0,0.2821596391039545,0.0,0.0,0.4402528824766046,0.277587478419441,1
C002368,0.5214672971535587,0.0,0.0,0.0,0.44844104541863544,0.0,0.0,0.030091657427805965,2
C002370,0.0,0.0,0.0,0.0,0.6258132653337358,0.0,0.0,0.37418673466626423,4
C002371,0.2941515260438308,0.0,0.0,0.0,0.20579169553115295,0.0,0.0,0.5000567784250163,4
C002372,0.12269284218928095,0.0,0.0,0.0,0.14896305422671705,0.584132301634909,0.0,0.14421180194909292,4
C002373,0.10436735494764812,0.0,0.21670626009735003,0.0,0.21142417935111166,0.05926262502444611,0.18755308413446364,0.2206864964449805,0
C002375,0.0,0.0,0.0,0.9080588618577868,0.0,0.0,0.0,0.09194113814221318,3
C002376,0.0,0.336732849336205,0.12343142563990252,0.0,0.0,0.0764641795885318,0.39474761985593104,0.06862392557942965,1
C002378,0.0,0.15833412948365574,0.0,0.0,0.0,0.0,0.09595163583786806,0.7457142346784762,4
C002379,0.0,0.0,0.0,0.0,0.0,0.2535406200267774,0.12619704816260965,0.620262331810613,2
C002380,0.0,0.0,0.0,0.7119889719897168,0.09891027605105421,0.0,0.0,0.18910075195922904,1
C002382,0.0,0.0,0.0,0.18609930467761648,0.0,0.13455929314440018,0.0,0.6793414021779833,2
C002386,0.0,0.0,0.22609889638561786,0.0,0.0,0.0,0.0,0.7739011036143821,4
C002388,0.0,0.2766955857210172,0.0,0.0,0.0,0.5793993510782348,0.0,0.14390506320074786,0
C002389,0.11849587788415113,0.0,0.16879751727564818,0.1618297414678639,0.0,0.0,0.0,0.5508768633723368,1
C002394,0.0,0.0,0.0,0.3968037307000703,0.16835335256266631,0.0,0.32393125991813077,0.11091165681913269,2
C002395,0.08569881372701735,0.06098928044595116,0.0,0.0,0.30469011121145406,0.29420038288401373,0.18379689831533122,0.07062451341623252,0
C002397,0.0,0.0,0.8859021635353473,0.0,0.0,0.0,0.0,0.11409783646465266,0
C002398,0.40861776489294366,0.0,0.0,0.0,0.0,0.514092777446061,0.0,0.07728945766099536,4
C002399,0.0,0.0,0.0,0.9021422757973568,0.0,0.0,0.0,0.09785772420264313,2
C002401,0.1866930558936646,0.0,0.0,0.0,0.0,0.0,0.5088361488369055,0.30447079526942994,1
C002402,0.0,0.0,0.15631214727293663,0.0,0.0,0.0,0.0,0.8436878527270634,3
C002404,0.0,0.2173610184689485,0.0,0.0,0.0,0.0,0.0,0.7826389815310515,2
C002405,0.18390665488210342,0.0,0.2842403335691818,0.20450414322250007,0.0,0.0,0.23079153731710858,0.09655733100910617,2
C002406,0.0,0.1481366246825663,0.0,0.16051489232712682,0.0,0.6269123784808764,0.0,0.06443610450943052,2
C002413,0.0,0.0,0.0805959725679432,0.0,0.026446916382047186,0.0,0.0,0.8929571110500096,4
C002414,0.0,0.0,0.0,0.0,0.0,0.0,0.0,1.0,1
C002419,0.0,0.0,0.0,0.47905189412933286,0.0,0.0,0.3766816417102961,0.14426646416037098,2
C002421,0.35803505075460706,0.0,0.0,0.0,0.0,0.10217703154822726,0.5127354462649367,0.027052471432228956,4
C002424,0.0,0.0,0.0,0.0,0.8325682954896836,0.0,0.0,0.16743170451031647,1
C002426,0.0,0.0,0.0,0.0,0.0,0.0,0.3436022670400902,0.6563977329599098,1
C002428,0.0,0.0,0.0,0.0,0.0,0.0,0.90990492301823,0.09009507698177002,0
C002429,0.0,0.0,0.3973540622862161,0.33687583430739204,0.10333754924855879,0.0,0.0,0.16243255415783323,4
C002430,0.0,0.4688383808366176,0.0,0.09487549444549834,0.12189997221486797,0.0,0.0,0.3143861525030161,4
C002431,0.8579748883864676,0.0,0.0,0.0,0.0,0.0,0.0,0.14202511161353235,1
C002438,0.0,0.0,0.18935998649280922,0.21426374298902143,0.35006745730257643,0.0,0.18504052180483938,0.06126829141075364,3
C002439,0.17182432192137553,0.0,0.11474805862625766,0.0,0.0,0.25033374373242845,0.16280368581675028,0.3002901899031881,3
C002441,0.0,0.12590483811199296,0.5092000305109254,0.0,0.0,0.2945915635413808,0.0,0.0703035678357007,3
C002442,0.0,0.13333782235133618,0.0,0.17805406794270914,0.0,0.31376167476297445,0.0,0.37484643494298037,1
C002448,0.0,0.04521711178996925,0.0,0.034870578491604014,0.0,0.0,0.0,0.9199123097184267,2
C002449,0.0,0.0,0.0,0.0,0.0,0.7385784209366594,0.16810090387727564,0.09332067518606485,3
C002450,0.03278849978365066,0.0634518447770086,0.06554231722210241,0.0,0.0,0.0,0.0,0.8382173382172383,3
C002451,0.0,0.0,0.151121271553111,0.13588853788839134,0.0,0.5557074520642593,0.0,0.15728273849423832,0
C002452,0.0,0.15298209005703636,0.40307854163245066,0.17965007831304933,0.0,0.19103403385179338,0.0,0.07325525614567015,1
C002456,0.0,0.0,0.0,0.177165325300703,0.0,0.517977888686946,0.0,0.304856786012351,4
C002457,0.6714100227928078,0.20605893384178856,0.0,0.0,0.0,0.0,0.0,0.12253104336540363,3
C002458,0.0,0.0,0.9076862037542117,0.0,0.0,0.0,0.0,0.09231379624578823,0
C002460,0.17201891972068192,0.0,0.38749474576046283,0.0,0.0,0.0,0.0,0.44048633451885516,2
C002461,0.0,0.0,0.13258932746023025,0.0,0.0,0.52172323596044,0.25534222162906595,0.0903452149502638,2
C002462,0.0,0.0,0.0,0.26033019552482783,0.0,0.4874057126197353,0.0,0.25226409185543686,2
C002463,0.2207204106088205,0.21378745151372444,0.09086526160645073,0.10643774709395647,0.03578881885274963,0.17749858092685125,0.0,0.15490172939744687,4
C002474,0.0,0.0,0.0,0.45588496755510116,0.0,0.0,0.4503054009472141,0.09380963149768473,1
C002476,0.0,0.7690593453485401,0.0,0.0,0.0,0.0,0.0,0.23094065465145983,0
C002479,0.0,0.0,0.0,0.31682545642737436,0.0,0.0,0.0,0.6831745435726256,4
C002485,0.0,0.5993902052126011,0.0,0.0,0.0,0.0,0.1668787286133554,0.2337310661740435,3
C002488,0.0,0.0,0.0,0.0,0.2505411515430863,0.0,0.0,0.7494588484569137,2
C002490,0.0,0.23207684331886,0.4340921500325204,0.0,0.0,0.08578434707990074,0.20893936931852816,0.03910729025019072,3
C002491,0.49046301310616325,0.0,0.0,0.16342005565403048,0.0,0.0,0.18978893895154286,0.15632799228826338,2
C002492,0.0,0.0,0.0,0.5814441951638252,0.0,0.0,0.29870669589513404,0.1198491089410407,2
C002493,0.0,0.0,0.8054689842115339,0.0,0.0,0.0,0.0,0.19453101578846604,3
C002495,0.2554643894839444,0.0,0.0,0.4212029751193038,0.07839597212171488,0.0,0.22009512662781125,0.02484153664722574,0
C002498,0.0,0.0,0.0,0.9356025842803842,0.0,0.0,0.0,0.06439741571961578,3
C002499,0.1327399017542284,0.0,0.21576712807825593,0.17616599942316336,0.1567668075873928,0.25450268372330453,0.0,0.06405747943365493,2
C002500,0.0,0.10745245327763998,0.0,0.0,0.0,0.11203634557765317,0.0,0.7805112011447068,3
C002501,0.07337446481800892,0.0,0.0,0.0,0.35239407900398445,0.16071658828128452,0.21626003422412476,0.19725483367259725,1
C002503,0.0,0.0,0.0,0.11199374517610367,0.11088576224474697,0.03179445985589102,0.0,0.7453260327232584,0
C002512,0.2727215269461683,0.38581648358441206,0.0,0.0,0.10188189504393026,0.0,0.12572373561045969,0.11385635881502977,1
C002514,0.0,0.16303470480079155,0.4625803340021994,0.21828407222717028,0.0,0.0,0.0,0.1561008889698388,2
C002516,0.0,0.0,0.0,0.0,0.0,0.8740404677079726,0.0,0.12595953229202742,3
C002519,0.0,0.0,0.0,0.0,0.0,0.0,0.7438675102912609,0.2561324897087392,4
C002522,0.0,0.0,0.0,0.0,0.30722351575138646,0.637324538819183,0.0,0.05545194542943053,0
C002523,0.0,0.18944608448581707,0.37449818878058005,0.0,0.26040251725060193,0.1395782186907225,0.0,0.03607499079227836,2
C002526,0.0,0.13326158835965646,0.0,0.5378653758663816,0.10091525716028504,0.11776491294164512,0.0877394080847921,0.022453457587239586,4
C002527,0.030332488166997778,0.0,0.0,0.0,0.0,0.0,0.021787431978509814,0.9478800798544924,1
C002528,0.10753376108082907,0.06563516286961817,0.0,0.2490182477469637,0.11477832455279594,0.14506005731688143,0.25435952991798166,0.06361491651493004,0
C002530,0.22601419052593721,0.0,0.10966160134661297,0.0,0.0,0.039157751567665634,0.0,0.6251664565597842,2
C002531,0.0,0.0,0.0,0.4343934947910524,0.41220743694157114,0.0,0.0,0.15339906826737648,2
C002533,0.0,0.0,0.0,0.0,0.0,0.0,0.0,1.0,2
C002534,0.39849486802612566,0.275661080038744,0.08161742403321026,0.0,0.0,0.0,0.21034948503609122,0.033877142865828755,4
C002539,0.0,0.0,0.0,0.0,0.0,0.0,0.1167698861605998,0.8832301138394002,1
C002541,0.0,0.15221020244294725,0.19976711386917673,0.0,0.0,0.5557490639631733,0.0,0.09227361972470269,0
C002542,0.0,0.0,0.0,0.0,0.0,0.0,0.9502546548343047,0.049745345165695266,0
C002544,0.0,0.0,0.0,0.10536994317398575,0.0,0.5069032112576136,0.3002263361073744,0.0875005094610262,2
C002548,0.0,0.09741429699545355,0.2823006185677398,0.0,0.0,0.579708989510599,0.0,0.04057609492620764,1
C002550,0.0,0.0,0.08861977177861508,0.0,0.0,0.871666453193158,0.0,0.03971377502822689,2
C002553,0.0,0.0,0.7318514312607596,0.0,0.15660621031042696,0.0,0.0,0.11154235842881341,3
C002555,0.0,0.21711322924580057,0.6569826833322103,0.0,0.0,0.0,0.0,0.12590408742198922,0
C002559,0.0,0.0,0.9213872757258212,0.0,0.0,0.0,0.0,0.0786127242741788,0
C002563,0.0,0.211569752197655,0.21530391689543943,0.0,0.20535869142766855,0.0,0.0,0.36776763947923696,4
C002564,0.2749328442345027,0.0,0.08374461110757707,0.08966949461010469,0.0,0.0,0.060273140303210876,0.49137990974460466,4
C002566,0.0,0.0,0.24976872756872553,0.4969411590853994,0.0,0.0,0.16269021413500606,0.09059989921086892,3
C002567,0.05344400847068526,0.0,0.0,0.0,0.08128303055468249,0.0,0.0,0.8652729609746322,2
C002569,0.0,0.24227710379884498,0.13222136989053906,0.1872002222737538,0.0,0.13905742217366124,0.26098768045656784,0.03825620140663295,4
C002571,0.6835234809446843,0.0,0.0,0.0,0.24848702518665775,0.0,0.0,0.06798949386865781,3
C002573,0.0,0.11095613039882854,0.20760325545865393,0.20288026596283257,0.0,0.0,0.0,0.478560348179685,2
C002581,0.07379083271969478,0.0,0.2693070246219007,0.0,0.0,0.05615886306963591,0.5406074656716998,0.0601358139170689,1
C002585,0.0,0.0981075058649511,0.0930231100005999,0.0,0.0,0.0,0.09857440584098978,0.7102949782934592,1
C002587,0.0,0.0,0.0,0.22115808853087593,0.4092467512997506,0.34104265258497635,0.0,0.028552507584397126,1
C002590,0.0,0.0,0.1907620537664377,0.20490616958955818,0.0,0.0,0.0563797965358158,0.5479519801081882,1
C002594,0.0,0.0,0.0,0.2283818211614786,0.7122626880512879,0.0,0.0,0.05935549078723351,4
C002595,0.0,0.0,0.0,0.4181436261344258,0.0,0.0,0.0,0.5818563738655742,2
C002599,0.0,0.0,0.0,0.03930781103816504,0.0,0.03865216139558915,0.0,0.9220400275662458,1
C002606,0.26414826088058524,0.0,0.17745727117245613,0.0,0.3595238390755524,0.0,0.0,0.1988706288714061,0
C002608,0.2619509688237065,0.42624819187502727,0.0,0.0,0.0,0.0,0.0,0.3118008393012661,1
C002610,0.0,0.4984626830753746,0.29222400746010413,0.16992997686813294,0.0,0.0,0.0,0.039383332596388355,4
C002611,0.0,0.5365927680425218,0.0,0.2420637765412931,0.1357409552370495,0.0,0.0,0.08560250017913575,1
C002612,0.0,0.0,0.0,0.4533532418226887,0.14275038814247112,0.0,0.0,0.4038963700348402,0
C002615,0.0,0.0,0.0,0.0,0.5141124221779781,0.0,0.4099715277187743,0.07591605010324749,1
C002617,0.025409070098453373,0.04749333597236459,0.0,0.0,0.0,0.0,0.05543373184611437,0.8716638620830677,0
C002620,0.0,0.0,0.0,0.1697009226523304,0.2393517659977339,0.5041665475492114,0.0,0.08678076380072434,0
C002621,0.0,0.13947854043191799,0.12864266756784218,0.18034574974067683,0.17084884768503494,0.0,0.3449082003115081,0.03577599426302009,2
C002622,0.5490616133524268,0.18809699586173406,0.0,0.0,0.0,0.0,0.15134058038037548,0.11150081040546363,1
C002623,0.0,0.0,0.46754912193917614,0.2541499641007041,0.0,0.0,0.19003035454968165,0.088270559410438,4
C002625,0.0,0.727935237575525,0.238308628812756,0.0,0.0,0.0,0.0,0.033756133611718975,0
C002626,0.0,0.0,0.7164387636821091,0.0,0.0,0.1768766028617422,0.0,0.10668463345614855,3
C002627,0.0,0.26547264441496726,0.0,0.0,0.0,0.0,0.5612445125844581,0.17328284300057462,4
C002628,0.0,0.0,0.0,0.0,0.9032636758992484,0.0,0.0,0.09673632410075157,2
C002629,0.05940919138588122,0.0,0.0,0.0,0.0,0.0,0.045041875494605886,0.8955489331195129,0
C002634,0.0875239209036806,0.0,0.0,0.0,0.10590456531402435,0.05156938802945641,0.0,0.7550021257528386,4
C002635,0.0,0.8040961659332677,0.0,0.0,0.0,0.0,0.0,0.19590383406673223,3
C002636,0.0,0.0,0.028408328864287156,0.1353966204583337,0.0,0.07152880145345729,0.05363689485251538,0.7110293543714065,3
C002637,0.0,0.630100324526199,0.0,0.14568018164212806,0.19643517500916352,0.0,0.0,0.02778431882250926,3
C002638,0.3758879439014159,0.0,0.24501139687530896,0.0,0.0,0.0,0.2044804161468584,0.17462024307641677,4
C002642,0.17310125685936562,0.07410478727748297,0.0,0.6302222988745582,0.0,0.0732333928617325,0.0,0.049338264126860674,1
C002643,0.0,0.0,0.0,0.0,0.06839864047180755,0.0,0.0,0.9316013595281925,3
C002644,0.0,0.26105761911574576,0.0,0.0,0.0,0.0,0.0,0.7389423808842542,0
C002647,0.0,0.0,0.0,0.2468657886916773,0.284435020316181,0.0,0.0,0.46869919099214175,2
C002649,0.0,0.0,0.0,0.0,0.0,0.8341119896985741,0.0,0.16588801030142583,2
C002650,0.0,0.0,0.0,0.0,0.0,0.0,0.3579686381279962,0.6420313618720038,2
C002653,0.0,0.0,0.0,0.0,0.35267293355664797,0.34616542730352345,0.0,0.30116163913982863,2
C002655,0.0,0.0,0.0,0.0,0.569720759002522,0.36102330947297595,0.0,0.06925593152450212,3
C002656,0.0,0.0,0.0,0.2862504887897163,0.11589035330235627,0.27579083714529207,0.0,0.3220683207626354,2
C002657,0.0,0.0,0.0,0.12308633159642637,0.3631237644393121,0.0,0.0,0.5137899039642615,2
C002660,0.17913452461656937,0.6396830932370625,0.0,0.08361200543825541,0.0,0.0,0.0,0.09757037670811274,2
C002663,0.0,0.0,0.0,0.0,0.0,0.0,0.6584825631319025,0.34151743686809755,1
C002665,0.1339921044686372,0.15611514222586087,0.18484612655024038,0.0,0.20316490323310654,0.0,0.0,0.3218817235221549,2
C002666,0.1028222017537385,0.0,0.06341466263882888,0.04328225099948876,0.0,0.0,0.0,0.7904808846079439,0
C002667,0.0,0.8715047072671924,0.0,0.0,0.0,0.0,0.0,0.12849529273280758,1
C002668,0.13040046617569215,0.0,0.0,0.13765143376736083,0.1866418969372679,0.2821740952155088,0.0,0.2631321079041704,1
C002671,0.0,0.05347633085899034,0.0,0.0,0.028930912840254508,0.03676787003016529,0.0,0.8808248862705899,0
C002677,0.4312415346132254,0.2331031128757581,0.0,0.0,0.21635585468450932,0.0,0.0,0.1192994978265072,1
C002678,0.0,0.0,0.0,0.6628343148648707,0.22416007538906763,0.0,0.0,0.1130056097460618,4
C002680,0.38461639859176594,0.45404513159598353,0.04782277334451276,0.0,0.0,0.0,0.0,0.11351569646773772,2
C002683,0.0,0.0,0.0,0.04238214981306127,0.0,0.12375505876635046,0.07372765401334848,0.7601351374072398,4
C002686,0.0,0.45126760153461837,0.0,0.12619919737118043,0.0,0.3681925698035817,0.0,0.05434063129061954,3
C002687,0.3246510013206411,0.0,0.0,0.0,0.0,0.5004148107386898,0.0,0.17493418794066923,4
C002688,0.0,0.0,0.0,0.3262280111665985,0.0,0.0,0.6192385728112397,0.05453341602216175,1
C002689,0.11390630337082726,0.30218895239372306,0.0,0.0,0.5012423141761971,0.0,0.0,0.08266243005925242,2
C002692,0.05819199470051366,0.0,0.10289746596433247,0.0,0.0,0.0761148205599009,0.0,0.762795718775253,0
C002694,0.0,0.2268506246271646,0.0,0.0,0.0,0.4819516594399437,0.22144168679590825,0.06975602913698345,0
C002696,0.0,0.6483037488943272,0.0,0.26737846885295985,0.0,0.0,0.0,0.08431778225271298,0
C002697,0.0,0.0,0.20334430051608393,0.7503328580927153,0.0,0.0,0.0,0.04632284139120075,2
C002698,0.0,0.0,0.2083047094632665,0.0,0.0,0.0,0.0,0.7916952905367335,4
C002699,0.356315202860623,0.0,0.0,0.19941345772891644,0.3611509301757183,0.0,0.0,0.0831204092347422,3
C002700,0.2282668113029603,0.0,0.0,0.2326614216771905,0.0,0.18131071709306817,0.11942669416627318,0.23833435576050788,0
C002703,0.0,0.0,0.18019830826310634,0.0,0.0,0.0,0.0,0.8198016917368937,2
C002705,0.6100581483339524,0.0,0.0,0.0,0.0,0.0,0.0,0.3899418516660475,1
C002707,0.8048039931875216,0.0,0.0,0.06372189988602228,0.0,0.0,0.0,0.13147410692645628,3
C002714,0.25235992175155786,0.45585126851798435,0.0,0.0,0.1791337941570942,0.0,0.07674452500300415,0.03591049057035953,4
C002715,0.0584205903241232,0.2339052340450194,0.07445128093418348,0.1639147754209897,0.0,0.1452820292377677,0.1475005100605761,0.17652557997734047,2
C002719,0.24902496354732978,0.0,0.0,0.044171895820979114,0.36227274916568314,0.13143671706718255,0.13637875669618185,0.0767149177026435,1
C002720,0.0,0.6030518441790683,0.09241865919220275,0.0,0.0,0.17544305334568594,0.0,0.12908644328304308,2
C002721,0.0,0.0,0.0,0.0,0.13915016928333812,0.0,0.0,0.8608498307166619,3
C002725,0.0,0.15559950612149703,0.0,0.40015190701070785,0.28228600508358465,0.0,0.0,0.1619625817842105,1
C002729,0.08836999097617747,0.0,0.060567148302527664,0.0,0.0,0.0,0.07823803065022965,0.7728248300710652,4
C002731,0.0,0.057199074939181485,0.0,0.08905527658666382,0.05921423330422715,0.0,0.0841405600430296,0.7103908551268979,4
C002733,0.0,0.0,0.0,0.4629052444800058,0.26629339321912815,0.2481980101636595,0.0,0.02260335213720642,3
C002734,0.11154037675851283,0.0,0.0,0.0,0.43623252657211636,0.2790897896712346,0.0,0.17313730699813618,0
C002736,0.0,0.0,0.46032307880414064,0.0,0.0,0.20712783793402045,0.0,0.33254908326183885,1
C002737,0.0,0.0,0.3391674953511477,0.26238771278897727,0.280797587435643,0.0,0.0,0.11764720442423211,1
C002738,0.14733283810770942,0.7271690640119598,0.0,0.0,0.06714007016322245,0.0,0.0,0.05835802771710837,2
C002739,0.0,0.0,0.0,0.0,0.21964621320902578,0.0,0.0,0.7803537867909742,2
C002740,0.05567165320911215,0.3458585928171971,0.0,0.0,0.0,0.1080630600611224,0.0,0.4904066939125684,1
C002742,0.26142224378571377,0.0,0.0,0.2708816482597856,0.0,0.171577945152361,0.18557156958964008,0.11054659321249961,1
C002746,0.0,0.0,0.0,0.1880700072435748,0.0,0.0,0.40158210859290255,0.4103478841635227,3
C002747,0.8794449907630316,0.0,0.0,0.0,0.0,0.0,0.0,0.12055500923696842,0
C002749,0.0,0.0,0.0,0.637214211170973,0.0,0.0,0.25184569307423893,0.11094009575478816,2
C002751,0.0,0.0,0.0,0.07814804684782706,0.0,0.0,0.0,0.9218519531521729,2
C002753,0.0,0.0,0.0,0.23127710650240035,0.0,0.6727657513273,0.0,0.09595714217029969,4
C002755,0.0,0.2158721582316493,0.0,0.3377504796307277,0.1336673578394993,0.0,0.1005376827102912,0.21217232158783247,0
C002757,0.0,0.14131354847854677,0.0,0.18159302018798423,0.46443094469926927,0.0,0.0,0.21266248663419968,4
C002758,0.0,0.0,0.0,0.0,0.0,0.0,0.0,1.0,2
C002760,0.0,0.0,0.0,0.0,0.2918423242001565,0.6165715606608724,0.02517483903577897,0.06641127610319206,4
C002762,0.4339483395715931,0.0,0.15458949823420445,0.0,0.0,0.0,0.2972326947846546,0.11422946740954774,4
C002764,0.0,0.0,0.1079953909558263,0.0,0.22004757283879428,0.6413698922530771,0.0,0.030587143952302203,1
C002767,0.0,0.0,0.5124033790792915,0.0,0.0,0.0,0.45631319772842444,0.03128342319228408,3
C002768,0.0,0.0,0.0,0.0,0.0,0.0,0.3081390150911065,0.6918609849088935,3
C002769,0.1090113933232624,0.0,0.5011062895041793,0.12384196591473695,0.0,0.0,0.0,0.2660403512578213,4
C002771,0.48548329626257913,0.0,0.3696400918191752,0.0,0.0,0.06738252333960923,0.0,0.07749408857863647,4
C002772,0.0,0.23010919594789805,0.0,0.0,0.1344033420982418,0.0,0.0,0.6354874619538601,0
C002773,0.0,0.0,0.2905437741277281,0.4953384494351124,0.1709779636692318,0.0,0.0,0.04313981276792759,2
C002775,0.0,0.3435849300686739,0.3664799299446137,0.17416855668529824,0.0,0.0,0.0,0.11576658330141425,2
C002779,0.511024950893647,0.0,0.0,0.21479942229924986,0.0,0.07206811858452469,0.16649935671192662,0.03560815151065188,2
C002780,0.0,0.8923206597193625,0.0,0.0,0.0,0.0,0.0,0.10767934028063751,3
C002786,0.0,0.8875712141209317,0.0,0.0,0.0,0.0,0.0,0.11242878587906835,1
C002788,0.3538524464159025,0.0,0.0,0.0,0.25453133418753043,0.16991491500179126,0.0,0.22170130439477573,1
C002793,0.0,0.0,0.0,0.0,0.0,0.24381482588955644,0.6595476347761051,0.09663753933433837,4
C002794,0.0,0.0,0.19858286893317478,0.0,0.0,0.4678032526496647,0.0,0.33361387841716056,2
C002795,0.31778652584019407,0.0,0.0,0.0,0.0,0.3311417845243779,0.0,0.3510716896354279,4
C002796,0.0,0.0,0.0,0.0,0.7011654584835227,0.0,0.0,0.2988345415164773,3
C002798,0.0,0.0,0.31590116412795144,0.5017821640724696,0.08245610691744015,0.0,0.0,0.0998605648821389,0
C002800,0.07492063131611837,0.0,0.5207371853908132,0.0,0.0,0.0,0.0,0.4043421832930685,1
C002801,0.14453852282936763,0.16621401584542922,0.16813382534904736,0.062153323076252945,0.060188574900205204,0.20404399378973737,0.0,0.1947277442099602,4
C002802,0.0,0.10837785091021286,0.16005409684321445,0.35369047607989346,0.0,0.0,0.3181805543633366,0.0596970218033427,4
C002804,0.090689927541584,0.0,0.13421945740681931,0.0,0.0,0.10276204300156143,0.0,0.6723285720500353,0
C002805,0.0,0.0,0.0,0.0,0.0,0.0,0.0,1.0,3
C002808,0.0,0.2028475499652177,0.0,0.0,0.0,0.0,0.0,0.7971524500347823,2
C002809,0.0,0.0,0.0,0.690514356713699,0.0,0.0,0.0,0.309485643286301,4
C002810,0.0,0.0,0.0,0.22820197681557977,0.0,0.0,0.6074291738037672,0.16436884938065294,0
C002812,0.30222319733014413,0.0,0.07939466827326354,0.0,0.0,0.5767733857910784,0.0,0.041608748605513786,0
C002813,0.3105675452247772,0.0,0.0,0.6022862393752612,0.0,0.0,0.0,0.08714621539996172,4
C002814,0.0,0.08402306111981328,0.0,0.0,0.5961287763232032,0.0,0.0,0.3198481625569835,4
C002816,0.0,0.0,0.22703676004332154,0.0,0.3565154630619965,0.25943980396655275,0.0,0.15700797292812918,2
C002817,0.0,0.5396726921206013,0.0,0.0,0.3484891948672333,0.0,0.0,0.11183811301216535,1
C002820,0.2053888712159484,0.0,0.0,0.0,0.0,0.7321502186041037,0.0,0.062460910179947905,3
C002821,0.12470620213672037,0.31170240958487405,0.0,0.08264734397080206,0.0,0.32640386762266776,0.0,0.15454017668493578,2
C002822,0.4762188950891565,0.18874571447716437,0.0,0.0,0.0,0.0,0.0,0.3350353904336791,4
C002826,0.0,0.0,0.0,0.550498304101811,0.0,0.12837179639696614,0.2985206299950514,0.022609269506171356,2
C002829,0.2697146117437928,0.0,0.0,0.1374240660405168,0.0,0.5573912122819847,0.0,0.035470109933705654,2
C002834,0.0,0.0,0.0,0.0,0.2905605327411321,0.0,0.6343943757265157,0.07504509153235224,2
C002836,0.0,0.0,0.6900294055117744,0.0,0.0,0.0,0.24671087393091165,0.06325972055731394,0
C002838,0.19347731099795215,0.0,0.0,0.0,0.1328678409081568,0.49875923678424683,0.1193913267210729,0.055504284588571366,0
C002839,0.0,0.0,0.2297488161193773,0.0,0.0,0.22956287918772098,0.25430517852135,0.2863831261715517,1
C002840,0.0,0.04980614423807955,0.0,0.0,0.0,0.020255184946285032,0.0,0.9299386708156354,2
C002842,0.0,0.0,0.0,0.0,0.0,0.12572279384225593,0.0,0.8742772061577441,1
C002843,0.18009640290608916,0.07269740911326084,0.0,0.18616861406104843,0.0,0.3885582265971026,0.08700526195803279,0.08547408536446625,3
C002844,0.4112821617844393,0.0,0.0,0.0,0.503291188904867,0.0,0.0,0.08542664931069359,4
C002846,0.0,0.0,0.0,0.0,0.0,0.0,0.0,1.0,2
C002847,0.0,0.0,0.0,0.0,0.0,0.4412534689304891,0.0,0.5587465310695109,4
C002849,0.0,0.0,0.33474365001794926,0.0,0.27949781716317285,0.23159276961775416,0.0,0.1541657632011237,1
C002851,0.0,0.0,0.0,0.0,0.09545512190482129,0.0,0.08429011606580074,0.820254762029378,3
C002852,0.0,0.0,0.3236758615947857,0.43323008712636,0.1170841448172107,0.05240805238363107,0.0,0.07360185407801262,3
C002853,0.0,0.0,0.45100817589144965,0.3804337166641231,0.07199281965474526,0.0,0.0,0.09656528778968193,2
C002855,0.14286690706799224,0.44709193922557716,0.0,0.3717328554382318,0.0,0.0,0.0,0.03830829826819875,4
C002856,0.0,0.0,0.14912903601058453,0.0,0.08913820925046231,0.2764151025696604,0.40131430149372876,0.08400335067556391,1
C002859,0.27045356345429167,0.5137526032003609,0.0,0.0,0.0,0.11454337345375674,0.06356717114656943,0.0376832887450213,2
C002861,0.0,0.0,0.0,0.24914100098604652,0.0,0.0,0.0,0.7508589990139535,4
C002862,0.0,0.34895292109355364,0.12623026539293383,0.0,0.2968931317457885,0.1593826512386564,0.0,0.06854103052906758,4
C002863,0.0,0.0,0.0,0.0,0.0,0.0,0.0,1.0,2
C002866,0.0,0.5320446505686676,0.2464730659725837,0.0,0.11731674236759823,0.0,0.0,0.1041655410911506,4
C002869,0.0,0.14245682171919732,0.0,0.2273159371252087,0.1641498757804392,0.0,0.13761620843311323,0.3284611569420414,2
C002870,0.5523674416369461,0.0,0.0,0.0,0.0,0.0,0.3081315490249653,0.13950100933808857,0
C002871,0.0,0.0,0.6102291702224403,0.20847170144554078,0.0,0.1318570041344972,0.0,0.04944212419752165,3
C002876,0.0,0.0,0.16860894037035268,0.0,0.0,0.0,0.0,0.8313910596296473,2
C002877,0.0,0.16479970377053133,0.0,0.45005354727554386,0.2682827062024213,0.0,0.0,0.11686404275150353,4
C002879,0.20461049536671955,0.0,0.07573996263566996,0.0,0.0,0.1095613838901481,0.4933051922285903,0.11678296587887207,2
C002880,0.18311173836622663,0.0,0.0,0.0,0.0,0.0,0.0,0.8168882616337734,3
C002883,0.0,0.11242575944380134,0.48249038724598026,0.1475808945269514,0.11625061445483546,0.0,0.0,0.1412523443284316,0
C002884,0.0,0.08928563199865236,0.3064583944141213,0.0,0.10206846150329205,0.41318297348903793,0.0,0.08900453859489635,1
C002885,0.0,0.0,0.8835117298823554,0.0,0.0,0.0,0.0,0.11648827011764457,2
C002889,0.0,0.0,0.0,0.3084616366803255,0.44798856762487194,0.15156805219837693,0.0,0.09198174349642566,1
C002890,0.18233921016486604,0.0,0.0,0.08833397827560718,0.0,0.5096921574051807,0.19119297180201605,0.028441682352330168,1
C002891,0.3782383934617976,0.1241345940271437,0.37014492480188554,0.0,0.0,0.0,0.0,0.1274820877091731,4
C002892,0.0,0.3951532962257077,0.0,0.0,0.0,0.0,0.0,0.6048467037742923,1
C002894,0.0,0.0,0.0,0.0,0.0,0.0,0.0,1.0,2
C002895,0.6349722747286461,0.0,0.0,0.0,0.0,0.0,0.0,0.3650277252713539,4
C002896,0.0,0.42596699482120176,0.0,0.0,0.2881881663787434,0.0,0.0,0.28584483880005485,0
C002898,0.0,0.22286687466151897,0.0,0.4337120681940976,0.12117267564185251,0.18561263535045208,0.0,0.036635746152078846,1
C002899,0.0,0.0,0.18031873238072293,0.0,0.0,0.0,0.0,0.8196812676192771,4
C002900,0.0,0.0,0.0,0.0,0.23385741797977752,0.7267732531993034,0.0,0.039369328820919036,0
C002902,0.0,0.0,0.5604345817618108,0.0,0.3653713431324994,0.0,0.0,0.07419407510568973,4
C002903,0.08054864204565457,0.0,0.15222297338973934,0.0,0.0,0.17120664824830958,0.0,0.5960217363162965,1
C002907,0.0,0.0,0.0,0.0,0.11244797186765172,0.0,0.18278523342560754,0.7047667947067408,2
C002908,0.0,0.4725484766599316,0.062492025909968156,0.0,0.3336117092261797,0.10601087766346878,0.0,0.02533691054045172,4
C002909,0.0,0.0,0.11282528682103277,0.0,0.0,0.0,0.0,0.8871747131789672,1
C002910,0.0,0.0,0.0,0.0,0.0,0.0,0.579589843308847,0.420410156691153,4
C002912,0.0,0.12056043420167979,0.38425164960360214,0.0,0.0,0.2991651252823943,0.0,0.1960227909123239,1
C002913,0.15662218044739784,0.25739983219656876,0.0,0.16309302200628456,0.0,0.0,0.0,0.42288496534974884,2
C002916,0.0,0.0,0.1502113223455822,0.0,0.15179037269004425,0.0869385696458857,0.5111809564503685,0.09987877886811929,0
C002918,0.0,0.0,0.0,0.15657178527396232,0.0,0.0,0.7399504763710576,0.10347773835498011,2
C002919,0.20544051208669206,0.16027065313395936,0.0,0.0,0.0,0.0,0.16123923960966355,0.47304959516968503,1
C002920,0.30618603835732183,0.12172020174787003,0.0,0.0,0.44802544444333975,0.0,0.0,0.12406831545146838,4
C002924,0.0,0.0,0.25106931762175233,0.0,0.20608970570718688,0.40407871496391373,0.0,0.13876226170714714,1
C002926,0.0,0.07024081406035754,0.0,0.0,0.018657762275005558,0.04684379584833157,0.0,0.8642576278163053,3
C002927,0.0,0.5676600522920302,0.0,0.0,0.3218769258168453,0.0,0.0,0.1104630218911245,3
C002928,0.0,0.0,0.0,0.0,0.0,0.6846364627747219,0.0,0.31536353722527805,0
C002931,0.29527761487493837,0.23625177061483638,0.20671346482138284,0.0,0.2165796398480086,0.0,0.0,0.04517750984083385,4
C002932,0.0,0.0,0.0,0.8121965625891382,0.13752682550778225,0.0,0.0,0.05027661190307962,3
C002934,0.09618896347433913,0.09646755795682498,0.0,0.0,0.0,0.09778129161083782,0.08840189668981986,0.6211602902681782,0
C002935,0.0,0.0,0.6074202101030879,0.0,0.25077785372144895,0.10730505264660586,0.0,0.03449688352885736,4
C002940,0.0,0.0,0.0,0.3769114815359137,0.39481524638561183,0.0,0.153030449705374,0.07524282237310051,4
C002941,0.0,0.2135860281009292,0.0,0.0,0.0,0.6986458240516306,0.06086843088879072,0.026899716958649504,4
C002942,0.05967567026979869,0.0,0.0,0.1157654586299376,0.0,0.5652813402505448,0.20812083324308744,0.05115669760663148,2
C002943,0.0,0.0,0.0,0.0,0.0,0.0,0.14656407560020146,0.8534359243997985,3
C002948,0.038152682683791364,0.0,0.0,0.5314326001609865,0.0,0.0,0.36732068418098257,0.06309403297423959,2
C002953,0.0,0.5680570611782185,0.0,0.13255511251921273,0.21647354989871206,0.0,0.0,0.08291427640385665,3
C002955,0.0,0.0,0.0,0.0,0.12348449527417182,0.0,0.0,0.8765155047258282,0
C002957,0.0,0.0,0.30826754006626156,0.0,0.0,0.0,0.4715349872600059,0.22019747267373252,2
C002958,0.24237107282844428,0.0,0.0,0.0,0.1023448023428261,0.5987603933413774,0.0,0.0565237314873522,1
C002964,0.0,0.6920389718213922,0.0,0.0,0.0,0.0,0.0,0.30796102817860777,1
C002966,0.0,0.0,0.11608226585696046,0.0,0.0,0.1767579975391875,0.42387263715000156,0.2832870994538505,4
C002967,0.12904431085634638,0.0,0.0,0.0,0.22555018187287962,0.0,0.6151310905863645,0.030274416684409514,0
C002970,0.0,0.0,0.1821100715063788,0.4432368907232014,0.0,0.0,0.22709885951269057,0.1475541782577292,0
C002971,0.0,0.0,0.0,0.04186146161220026,0.0,0.04620502954227271,0.0,0.911933508845527,2
C002973,0.1844878582915266,0.38087349320945446,0.0,0.27455824401745144,0.07925733775277333,0.0,0.0,0.08082306672879419,2
C002975,0.0,0.30525881158709745,0.0,0.0,0.0,0.0,0.6027458543762442,0.09199533403665837,2
C002977,0.0,0.0,0.0,0.10065735687038213,0.3752406852676206,0.2137636773544263,0.0,0.31033828050757095,2
C002987,0.6453887641693645,0.0,0.09649871235561741,0.19748782659566635,0.0,0.0,0.0,0.06062469687935177,1
C002988,0.0,0.0,0.0,0.0,0.0,0.5015022181503909,0.29054702841867963,0.20795075343092956,1
C002989,0.0,0.0,0.0,0.6713339651018583,0.0,0.0,0.1611471987574172,0.1675188361407245,3
C002990,0.1018219000868302,0.0,0.0,0.2121732121678468,0.12065375098714673,0.0,0.0,0.5653511367581763,0
C002994,0.0,0.0,0.22674197686064548,0.0,0.0,0.5610077598015575,0.0,0.21225026333779698,3
C002996,0.0,0.0,0.0,0.0,0.0,0.0,0.7974296230944244,0.20257037690557558,3
C002998,0.24324228546819662,0.0,0.0,0.0,0.37628749481722473,0.0,0.0,0.38047021971457856,3
C002999,0.0,0.0,0.0,0.0,0.14721062672645613,0.0,0.0,0.8527893732735439,4
C003001,0.0,0.13772529436323172,0.421068281858684,0.19699978800336962,0.0,0.0,0.12719866284129114,0.11700797293342345,0
C003004,0.0,0.0,0.40905284828434024,0.0,0.16844410873371046,0.0,0.0,0.4225030429819493,3
C003006,0.0,0.1824952441184317,0.0,0.33608149959241507,0.0,0.0,0.0,0.4814232562891533,4
C003007,0.0,0.07424555512531904,0.043536017636817616,0.0,0.0,0.0,0.0,0.8822184272378634,4
C003008,0.22236512484929788,0.0,0.0,0.0,0.5887321167575895,0.0,0.1273863385089927,0.06151641988411994,1
C003009,0.500317112553075,0.0,0.0,0.22362639979520157,0.10887529625953526,0.0,0.0,0.16718119139218826,3
C003010,0.0,0.0,0.0,0.0,0.0,0.0,0.0,1.0,0
C003011,0.0,0.0,0.7466741473374092,0.08004774282662859,0.13648717291362114,0.0,0.0,0.03679093692234108,4
C003015,0.0,0.0,0.0,0.0,0.0,0.0,0.8597618930681793,0.14023810693182068,4
C003017,0.17527781008033064,0.0,0.0,0.30404637729726514,0.0,0.0,0.0,0.5206758126224043,2
C003020,0.09741847377246148,0.0,0.0,0.6520353160893165,0.0,0.2190374646127524,0.0,0.031508745525469575,0
C003023,0.039692928155763356,0.1602826714333857,0.08202176952280944,0.4956167291779091,0.0,0.0,0.09997878012276375,0.12240712158736863,3
C003024,0.0,0.0,0.0,0.36255832799225085,0.224650002234558,0.3302278631982947,0.0,0.08256380657489634,4
C003025,0.0,0.0,0.5593301831888933,0.0,0.0,0.30781964467232786,0.0,0.13285017213877898,4
C003026,0.0,0.1283830023999825,0.2963038101018085,0.1930393871944125,0.0,0.11820512591139276,0.0,0.2640686743924037,2
C003031,0.07559134730332177,0.0,0.0,0.0,0.03043974248105891,0.0,0.0,0.8939689102156193,1
C003034,0.14043432556403676,0.0,0.13117442483772268,0.0,0.5195524299817922,0.0,0.10356863824585892,0.10527018137058967,2
C003035,0.0,0.0,0.1624272130796646,0.0,0.0,0.41436815744121364,0.0,0.42320462947912185,1
C003037,0.08279504122761763,0.0,0.0,0.48961138336171667,0.0,0.3804740279498021,0.0,0.04711954746086352,4
C003038,0.25511231566706755,0.0,0.1239739434115319,0.0,0.0,0.0,0.18274261371482767,0.43817112720657286,0
C003041,0.0,0.0,0.0,0.0,0.0,0.8739901299166025,0.0,0.12600987008339745,1
C003044,0.21443816361068224,0.0,0.0,0.0,0.0,0.0,0.0,0.7855618363893178,4
C003046,0.0,0.0,0.0,0.0,0.0,0.0,0.0,1.0,1
C003049,0.0,0.28878645371013656,0.0,0.37985937416613724,0.0,0.0,0.21951634435202994,0.11183782777169622,2
C003051,0.0,0.0,0.0,0.1581634758546815,0.48211395015864195,0.0,0.0,0.3597225739866766,1
C003054,0.0,0.0,0.0,0.0,0.0,0.0,0.0,1.0,2
C003058,0.0,0.28421337600100016,0.0,0.0,0.0,0.0,0.6148253652704128,0.10096125872858705,4
C003060,0.13560550139370875,0.11849904807025244,0.0,0.1381742061942578,0.0,0.4386953347830564,0.0,0.16902590955872465,0
C003062,0.0,0.0,0.1943890026359616,0.4935483769740163,0.0,0.0,0.25829655925787104,0.05376606113215106,4
C003065,0.0,0.0,0.0,0.0,0.547190913123672,0.25383022730788274,0.0,0.19897885956844513,4
C003066,0.0,0.0,0.0,0.17028812063430337,0.7103582402298795,0.09145782825622648,0.0,0.02789581087959062,0
C003067,0.0,0.0,0.0,0.3154768667438198,0.0,0.4416685036355315,0.15255180237745045,0.09030282724319827,1
C003071,0.18807507456493283,0.44697399744949146,0.0,0.0,0.18943640350658328,0.0,0.12336902778771505,0.05214549669127735,2
C003072,0.0,0.0,0.09632510846859296,0.0,0.0,0.0,0.05404776763145482,0.8496271238999522,4
C003073,0.0,0.0,0.0,0.0,0.0,0.0,0.0,1.0,4
C003075,0.0,0.0,0.10781549851698556,0.0,0.21772031078848567,0.5359629326218118,0.0,0.13850125807271682,1
C003076,0.0,0.12398968899647457,0.0,0.562009975307131,0.19067557369695148,0.0,0.0,0.12332476199944298,2
C003079,0.0,0.2630140151237877,0.4663510616940245,0.0,0.1416155439790902,0.09540228110289106,0.0,0.033617098100206466,4
C003083,0.07199763501273758,0.0,0.10450413334261398,0.2677763450147098,0.0,0.0983796651062076,0.0,0.4573422215237311,4
C003084,0.15796011138652652,0.0,0.0,0.1633569728945954,0.0,0.6145182084403342,0.0413931279219878,0.02277157935655603,2
C003085,0.10807206490021481,0.0,0.0,0.43818391954050484,0.14346120070444376,0.16419084576646986,0.11892207436255,0.027169894725816744,0
C003086,0.0,0.0,0.2868208462737542,0.0,0.668925323759172,0.0,0.0,0.04425382996707373,3
C003095,0.046116511321663285,0.0,0.0,0.0,0.0,0.0,0.17123897443019742,0.7826445142481393,3
C003096,0.0,0.0,0.0,0.4390588907539322,0.0,0.0,0.48922506006617,0.07171604917989795,0
C003098,0.0,0.0,0.0,0.0,0.0,0.0,0.0,1.0,1
C003099,0.0,0.0,0.0,0.2698664396092727,0.42869273733148816,0.05074179737195369,0.15428811430475722,0.09641091138252818,3
C003100,0.07693223315831724,0.0,0.12215291953166006,0.0,0.0,0.0,0.10838816215965584,0.6925266851503669,0
C003106,0.0,0.10681275791379147,0.5360096156600996,0.0,0.0,0.0,0.14101985958064148,0.21615776684546736,3
C003108,0.0,0.09052561568608475,0.0,0.28924513519234385,0.20227503100526031,0.2681810338685674,0.0,0.14977318424774355,3
C003110,0.0,0.0,0.8350674896184865,0.0,0.0,0.0,0.0,0.16493251038151346,2
C003112,0.0,0.33834492284094625,0.0,0.0,0.1812112736022564,0.13681952657170388,0.0,0.34362427698509346,0
C003113,0.0,0.0,0.0,0.0,0.0,0.0,0.6532533673543685,0.34674663264563155,0
C003114,0.0,0.0,0.0,0.0,0.0,0.0,0.12269023228965414,0.8773097677103459,1
C003116,0.0,0.0,0.0,0.0,0.656998416630761,0.0,0.0,0.343001583369239,3
C003118,0.0,0.0,0.0,0.0,0.0,0.8050238833691715,0.0,0.1949761166308285,2
C003119,0.0,0.0,0.0,0.0,0.0,0.7338652186675121,0.0,0.2661347813324879,2
C003122,0.0,0.0,0.0,0.8225038331806241,0.0,0.0,0.0,0.17749616681937583,2
C003124,0.0,0.0,0.0,0.051449002116513695,0.0,0.2940380905990231,0.0,0.6545129072844632,4
C003126,0.0,0.0,0.0,0.8092533335395447,0.0,0.0,0.0,0.19074666646045535,0
C003127,0.0,0.0,0.0,0.5626322685591568,0.0,0.276896657389117,0.0,0.1604710740517261,4
C003129,0.0,0.0,0.6245168413010908,0.0,0.23020665841190097,0.0,0.0,0.14527650028700823,0
C003132,0.0,0.0,0.0,0.0,0.0,0.0,0.5489043465510166,0.4510956534489834,2
C003138,0.34668989541934936,0.0,0.0,0.0,0.0,0.5527842823759781,0.0,0.10052582220467252,0
C003139,0.0,0.17575228612456126,0.0,0.0,0.16904176196441967,0.24189891697630592,0.37238556669038236,0.04092146824433088,3
C003140,0.41200803867770286,0.2432327930556976,0.0,0.0,0.19288972314966465,0.07986579776548568,0.0,0.07200364735144929,3
C003143,0.0,0.0,0.0,0.7132481485543616,0.0,0.0,0.0,0.28675185144563836,2
C003144,0.0,0.11610174390598114,0.2907578195183532,0.18566626020695498,0.14295382914866941,0.1677797129702164,0.0,0.09674063424982499,3
C003145,0.07220923987387125,0.0,0.0,0.13668025103697193,0.0,0.0,0.0,0.7911105090891568,2
C003146,0.0,0.0,0.0,0.24414953950170162,0.2399238829459285,0.0,0.10731880763389264,0.40860776991847725,3
C003147,0.0,0.0,0.09371449729447788,0.37082692037452747,0.0,0.0,0.0,0.5354585823309946,0
C003148,0.04967019284498327,0.0,0.0,0.088786359835879,0.0,0.10718501815272556,0.0,0.7543584291664122,3
C003149,0.23775371120865613,0.0,0.0,0.0,0.0,0.7215294013590942,0.0,0.040716887432249715,0
C003150,0.47715413619044494,0.0,0.0,0.0,0.0,0.0,0.3960528483838868,0.12679301542566826,1
C003152,0.0,0.06507602019689418,0.0,0.0,0.0,0.0,0.08993051201586434,0.8449934677872415,2
C003153,0.15083864187304744,0.19375566746655276,0.17552048622739205,0.0,0.12366184647717283,0.0,0.2916015967294081,0.06462176122642678,1
C003154,0.0,0.3445653809118259,0.0,0.0,0.13732288148113195,0.0,0.33963027057042444,0.17848146703661769,2
C003155,0.0,0.0,0.0,0.0,0.0,0.0,0.0,1.0,3
C003157,0.0,0.2986539007594451,0.0,0.0,0.0,0.0,0.0,0.7013460992405549,0
C003160,0.0,0.30976055048489093,0.15430052960252405,0.0,0.06462848531777343,0.0,0.44259276549507726,0.028717669099734344,1
C003162,0.0,0.0,0.5660642953867812,0.22147790420315683,0.0,0.0,0.1807612508203091,0.031696549589752716,4
C003163,0.22913360552335266,0.0,0.3897743710659139,0.16413055180802524,0.0,0.0,0.0,0.21696147160270815,0
C003164,0.144298599154983,0.0,0.0,0.0,0.5526437316657997,0.0,0.24940513842141598,0.05365253075780138,0
C003167,0.0,0.0,0.0,0.5714271958473748,0.0,0.0,0.2965168330581046,0.1320559710945206,0
C003176,0.0,0.0,0.0,0.4260925380804462,0.0,0.17155597531105965,0.29609278460090704,0.10625870200758705,0
C003178,0.0,0.0,0.3356231466003111,0.0,0.41372320780791355,0.050899948803025626,0.1411162262594957,0.05863747052925396,1
C003180,0.1672280005059521,0.0,0.732980130067536,0.0,0.0,0.0,0.0,0.0997918694265119,3
C003184,0.07424519184045633,0.0,0.0,0.15162074571507653,0.25210806003954883,0.0,0.23316675758704966,0.2888592448178687,4
C003185,0.11439577130257939,0.0,0.2251678296090427,0.0,0.0,0.0,0.3829438867647361,0.27749251232364175,3
C003186,0.0,0.0,0.0,0.0,0.0,0.0,0.0,1.0,1
C003188,0.0,0.0,0.0,0.0,0.6293262937937587,0.27831576004688385,0.0,0.09235794615935758,0
C003189,0.0538022489930138,0.0,0.0,0.0,0.11605916413510275,0.0,0.0,0.8301385868718835,4
C003191,0.0,0.7668564959709422,0.0,0.0,0.0,0.0,0.21131967683175149,0.021823827197306342,3
C003194,0.0,0.6047209805058799,0.24062347770322456,0.0,0.05675676197651935,0.0,0.0,0.09789877981437613,4
C003196,0.12135584144547261,0.14591725732500024,0.0,0.07549667630713089,0.0,0.0,0.4865148384386235,0.17071538648377277,2
C003197,0.0,0.0,0.48663738671154905,0.0,0.0,0.0,0.42849253158141043,0.08487008170704051,2
C003198,0.0,0.12652620145392166,0.4526211450355604,0.13735053911218495,0.13948625190489183,0.0,0.0,0.1440158624934411,2
C003201,0.0,0.0,0.0,0.0,0.0,0.0,0.0,1.0,2
C003202,0.0,0.0,0.0,0.0,0.7235828702968383,0.0,0.0,0.2764171297031617,1
C003203,0.0,0.0,0.0,0.0,0.8120844387309527,0.0,0.0,0.18791556126904724,2
C003205,0.15123577008622222,0.32912001802539587,0.22191779996119243,0.0,0.2734912580516829,0.0,0.0,0.024235153875506694,2
C003206,0.3596143501389916,0.0,0.0,0.0,0.1832643605850414,0.21373304015647193,0.0,0.24338824911949508,4
C003210,0.0,0.3018580470564331,0.49274399287861453,0.0,0.0,0.0,0.16380875422495725,0.04158920583999502,3
C003211,0.0,0.0,0.0,0.0,0.8728527733408837,0.0,0.0,0.12714722665911624,0
C003214,0.0,0.0683562793632412,0.0,0.0,0.4218815784064152,0.38263471657822434,0.0,0.12712742565211924,4
C003216,0.0,0.42414889880077983,0.0,0.0,0.0,0.0,0.5466715488762806,0.02917955232293965,4
C003217,0.317445384426715,0.5952901381721307,0.0,0.0,0.0,0.0,0.0,0.08726447740115442,0
C003218,0.0,0.0,0.5462760228634408,0.0,0.2285615387479294,0.0,0.0,0.2251624383886299,0
C003220,0.0,0.0,0.0,0.21590761454091398,0.0,0.37479757912845124,0.0,0.40929480633063475,3
C003223,0.12417285996474027,0.0,0.0,0.0,0.0,0.0,0.37860558665954175,0.49722155337571794,2
C003228,0.0,0.2591110951517383,0.6930330192216436,0.0,0.0,0.0,0.0,0.04785588562661812,1
C003229,0.0,0.0,0.0,0.0,0.0,0.0,0.9167391919550615,0.08326080804493849,0
C003231,0.0,0.09237358167995152,0.21090265793325252,0.22649971528141022,0.0,0.06061472177861276,0.0,0.4096093233267731,1
C003232,0.42266923023790276,0.0,0.4774911504252617,0.0,0.0,0.0,0.0,0.0998396193368354,2
C003233,0.12107152808059192,0.0,0.42947909405335094,0.0,0.18291450846514765,0.16441053234854258,0.0,0.102124337052367,2
C003234,0.0,0.0,0.0,0.201238180353211,0.40405290075988215,0.0,0.0,0.39470891888690685,3
C003238,0.0,0.07753200345369747,0.11078595274737266,0.47127687738755425,0.0,0.05301599946331718,0.15961091790873103,0.1277782490393274,4
C003240,0.0,0.0,0.0,0.0,0.6936740479250139,0.0,0.0,0.30632595207498614,4
C003242,0.0,0.0927551593909773,0.0,0.12201508801821796,0.14115554252626933,0.0,0.33230657835620925,0.3117676317083261,3
C003243,0.0,0.10543235262343197,0.0,0.3377440877189715,0.0,0.4742104900079704,0.0,0.08261306964962598,3
C003244,0.0,0.0,0.3239332567856802,0.0,0.6328820364411238,0.0,0.0,0.043184706773196,0
C003246,0.0,0.0,0.0,0.0,0.4806368368088679,0.4069297427270168,0.0,0.11243342046411532,4
C003247,0.0,0.0,0.06594072073163272,0.0,0.0,0.0,0.043161230019173144,0.8908980492491941,0
C003248,0.0,0.1490345114021002,0.4306453773222154,0.0,0.0,0.347967327524485,0.0,0.0723527837511995,2
C003249,0.5552997135959122,0.0,0.0,0.0,0.0,0.0,0.41225721781283964,0.03244306859124814,4
C003250,0.0,0.0,0.4957620385529409,0.12222391061620927,0.0,0.0,0.33120210074191614,0.05081195008893375,3
C003252,0.25126319069069997,0.0,0.5350937649576583,0.0,0.0,0.0,0.0,0.2136430443516418,2
C003254,0.0,0.0,0.0,0.8386614875001279,0.0,0.0,0.0,0.16133851249987205,2
C003256,0.11613809878314674,0.23158634316622626,0.18367073763329866,0.0,0.34324948253243887,0.0,0.0,0.12535533788488956,3
C003257,0.0,0.10946081690777598,0.0,0.0,0.0,0.0,0.0,0.890539183092224,1
C003259,0.0,0.0,0.0,0.0,0.0,0.2645684573550086,0.4312259752821906,0.30420556736280085,4
C003260,0.0,0.0,0.0,0.0,0.0,0.0,0.12778671276285025,0.8722132872371497,0
C003261,0.041289051876652064,0.0,0.030951687654684937,0.11550013316300042,0.0,0.0,0.1261353179860281,0.6861238093196345,4
C003266,0.15518062312864886,0.0,0.29747802831761655,0.0,0.0,0.0,0.5081312272637971,0.039210121289937595,3
C003268,0.0,0.04421072556448676,0.0,0.0,0.07931918665374423,0.09825983066332931,0.0,0.7782102571184397,3
C003270,0.0,0.0,0.0,0.15193975849044272,0.0,0.2786687451144752,0.0,0.5693914963950821,3
C003278,0.1167698861605998,0.0,0.0,0.0,0.0,0.0,0.0,0.8832301138394002,1
C003280,0.0,0.0,0.0,0.0,0.0,0.13919434977321365,0.0,0.8608056502267863,4
C003281,0.0,0.06847761370025313,0.0,0.0,0.0,0.04600741550492743,0.0,0.8855149707948194,0
C003282,0.0,0.0,0.0,0.0,0.0,0.0,0.0,1.0,3
C003283,0.0,0.26397776280075086,0.0,0.0,0.1829585355274543,0.2096062730195986,0.2071508964491672,0.13630653220302902,2
C003285,0.18231954129071076,0.31234842458106243,0.0,0.0,0.2007956122528876,0.1670582781443451,0.0,0.1374781437309942,3
C003290,0.0,0.04407896917154758,0.03321116149313248,0.0,0.0,0.01738979104086645,0.0,0.9053200782944535,4
C003294,0.0,0.0,0.0,0.5970143515798864,0.3746711159487102,0.0,0.0,0.028314532471403524,3
C003295,0.37770724253563337,0.0,0.4349877929946444,0.0,0.0,0.0,0.0,0.1873049644697222,2
C003299,0.0,0.0,0.1907504860391057,0.0,0.6152890964516987,0.05346416215366487,0.0,0.14049625535553076,3
C003301,0.0,0.0,0.0,0.2000605240976825,0.0,0.6890331236261492,0.0,0.11090635227616825,0
C003302,0.0,0.13232895567140543,0.3309370556079742,0.0,0.11471003708799274,0.0,0.17978810665685555,0.24223584497577202,1
C003303,0.0,0.0,0.32920229453182803,0.0,0.0,0.0,0.0,0.670797705468172,2
C003305,0.0,0.0,0.07692784989800305,0.5921042011848038,0.16004003584710016,0.0,0.0,0.17092791307009308,2
C003306,0.15090786995523453,0.1609904759680423,0.0,0.0,0.0,0.43776433534285897,0.0,0.25033731873386417,2
C003308,0.0,0.0,0.3436856818825999,0.0,0.0,0.0,0.5378125022731736,0.11850181584422641,4
C003310,0.13838959146835644,0.05585881506034457,0.0,0.0,0.0,0.0,0.0,0.805751593471299,2
C003311,0.0,0.0,0.0,0.0,0.8169036878153595,0.0,0.0,0.18309631218464054,3
C003312,0.0,0.0,0.09362007545368016,0.0,0.40607331603111757,0.0,0.1483070183321883,0.351999590183014,4
C003313,0.0,0.0,0.0,0.0,0.15414000699467922,0.0,0.0,0.8458599930053208,0
C003315,0.0,0.12193581477366666,0.0,0.0,0.0,0.11530173714683692,0.0,0.7627624480794964,0
C003319,0.23517077584882198,0.1924509490111365,0.0,0.0,0.0989469557232075,0.0,0.39564485075105343,0.07778646866578062,3
C003322,0.6215365641622077,0.0,0.0,0.0,0.0,0.0,0.19877645238858901,0.17968698344920322,2
C003325,0.0,0.0,0.0,0.038488862991024476,0.0,0.0,0.0921786239409186,0.8693325130680569,3
C003326,0.0,0.046541337358255296,0.0,0.0,0.03783776770720768,0.0,0.10514063092137925,0.8104802640131578,0
C003327,0.15516534888507355,0.0,0.0,0.4991538332320437,0.0,0.25624259361951013,0.0,0.0894382242633727,4
C003330,0.1536681722245424,0.0,0.39069291858498023,0.0,0.0,0.0,0.0,0.4556389091904774,4
C003332,0.0,0.0,0.0,0.7256061274445255,0.24754422641317866,0.0,0.0,0.02684964614229585,2
C003333,0.0,0.5176395773229728,0.0,0.0,0.0,0.0,0.4481597574399344,0.03420066523709279,3
C003334,0.0,0.0,0.0,0.5893003941337082,0.0,0.0,0.35272567663823995,0.05797392922805186,2
C003338,0.0,0.0,0.21387417643146864,0.0,0.3946409447877984,0.0,0.0,0.39148487878073296,2
C003339,0.08660740281927976,0.27029521391589895,0.34104628320398495,0.0,0.0,0.04754804413928737,0.0,0.2545030559215491,3
C003340,0.0,0.0,0.0,0.0,0.7946232352478964,0.0,0.0,0.20537676475210362,1
C003342,0.1627244541454308,0.5566737505684739,0.0,0.2150177543528393,0.0,0.0,0.0,0.06558404093325597,3
C003343,0.3051845160076166,0.2960611283976749,0.0,0.0,0.0,0.0,0.0,0.3987543555947085,4
C003345,0.0,0.0,0.0,0.0,0.0,0.11605186508223597,0.0,0.883948134917764,2
C003346,0.0,0.9291522342430778,0.0,0.0,0.0,0.0,0.0,0.07084776575692221,4
C003347,0.0,0.0,0.0,0.17731108211864888,0.3269883915432598,0.0,0.0,0.49570052633809125,0
C003348,0.1372885001557608,0.11926782920093248,0.0,0.0,0.0,0.21612349284268972,0.4979480601428708,0.02937211765774613,1
C003349,0.0,0.7574419231302592,0.0,0.0,0.20143938544296494,0.0,0.0,0.041118691426775836,2
C003352,0.0,0.0,0.0,0.0,0.0,0.0,0.0,1.0,1
C003354,0.1180411963113981,0.0,0.21982209740279812,0.0,0.0,0.0,0.0,0.6621367062858038,2
C003355,0.24180527152794476,0.39071996366092404,0.0,0.0,0.21808184327210464,0.0,0.0,0.14939292153902667,4
C003356,0.0,0.0,0.0,0.25685960637927174,0.0,0.38287198086626634,0.0,0.36026841275446203,3
C003357,0.034540523739196104,0.06123371416280509,0.0,0.0,0.0,0.05195292375726628,0.0,0.8522728383407325,1
C003359,0.0,0.0,0.0,0.0,0.0,0.15490389309811825,0.0,0.8450961069018817,0
C003361,0.0,0.6877986303322075,0.0,0.1334823129863503,0.0,0.0,0.0,0.17871905668144228,0
C003362,0.0,0.14523028766843452,0.10393571665375648,0.12579604039622233,0.07742884456139595,0.26108501116996824,0.0,0.28652409955022246,2
C003364,0.0,0.49800180439721486,0.0,0.08404575055858367,0.0,0.0,0.3832244066622532,0.03472803838194828,0
C003365,0.19246174595793555,0.5219703975314239,0.0,0.0,0.11467486121582644,0.12070943973526244,0.0,0.05018355555955155,0
C003371,0.0,0.13853418506918527,0.0,0.18779584931047097,0.0,0.18157773403560507,0.29160825275144525,0.20048397883329339,2
C003372,0.0,0.0,0.6558113673986671,0.0,0.0,0.0,0.22438048998855387,0.11980814261277918,1
C003373,0.18893484058491694,0.0,0.2240714994772012,0.0,0.0,0.22001874560425266,0.0,0.3669749143336291,4
C003374,0.0,0.0,0.0,0.3435010064654783,0.0,0.0,0.0,0.6564989935345217,3
C003375,0.0,0.06609065293360938,0.1729294812602297,0.2319416479785982,0.0,0.4958651033750267,0.0,0.03317311445253601,4
C003376,0.22319493462396423,0.19658007382064285,0.0,0.15460689032425307,0.0,0.162629708759769,0.12003898224707733,0.14294941022429367,4
C003378,0.20268156126284848,0.05650844137218746,0.5922221222773577,0.0,0.0,0.10314305207388663,0.0,0.045444823013719646,4
C003381,0.0,0.0,0.18728028799662153,0.6392736035595225,0.11682275297127803,0.0,0.0,0.056623355472578005,3
C003382,0.0,0.1552270617970819,0.0,0.0,0.0,0.0,0.0,0.8447729382029181,4
C003383,0.1054996060691664,0.16271396660816306,0.0,0.0,0.604112691286302,0.0,0.0,0.12767373603636858,4
C003385,0.0,0.7779290028793975,0.0,0.0,0.0,0.0,0.0,0.22207099712060258,1
C003386,0.0,0.0,0.0,0.8626375149191983,0.0,0.0,0.0,0.1373624850808018,4
C003387,0.0,0.0,0.0,0.0,0.0,0.11951077671424684,0.05384944824474723,0.8266397750410059,0
C003388,0.2474848471785993,0.07319932728386022,0.0,0.0,0.6406297279755678,0.0,0.0,0.038686097561972485,4
C003392,0.0,0.0,0.0,0.0,0.488171617703844,0.1858647330230863,0.18174509533748773,0.14421855393558203,4
C003393,0.0,0.0,0.0,0.0,0.0,0.6724562679588699,0.13055595539852133,0.19698777664260872,3
C003396,0.0,0.0,0.0,0.0,0.0,0.37763917975424804,0.5137800467908994,0.10858077345485263,4
C003398,0.0,0.34795919803644615,0.0,0.0,0.0,0.5781487995248299,0.0,0.07389200243872411,1
C003399,0.18448283682730665,0.0,0.0608241345579393,0.0,0.2896565742182896,0.4058934733344327,0.0,0.059142981062031745,3
C003400,0.5950273868926399,0.0,0.0,0.0,0.21891708295415296,0.0,0.0,0.18605553015320722,2
C003401,0.0,0.20987164015707604,0.0,0.0,0.0,0.0,0.0,0.790128359842924,3
C003403,0.0,0.0,0.0,0.9403184930904651,0.0,0.0,0.0,0.05968150690953484,0
C003404,0.0,0.0,0.7009930276469422,0.0,0.12615885655797887,0.0,0.09249008909289871,0.0803580267021803,4
C003405,0.0,0.0,0.3729786062870791,0.0,0.48725842887537607,0.0,0.0,0.13976296483754494,3
C003406,0.12245832248167814,0.0,0.0,0.3620458489084012,0.07987494711178292,0.0,0.12005539346082124,0.31556548803731643,0
C003408,0.0,0.0,0.310702686726192,0.2935322773570865,0.0,0.0,0.0,0.3957650359167214,3
C003409,0.18450047644648337,0.0,0.0,0.26919370656610253,0.0,0.0,0.5135626060647661,0.03274321092264812,3
C003412,0.0,0.0,0.14543950945093537,0.0,0.0,0.0,0.5808125709185192,0.2737479196305454,1
C003414,0.0,0.11377449990780569,0.0,0.0,0.0,0.2118590340255531,0.6359730594233141,0.038393406643327105,4
C003419,0.0,0.6135327023133529,0.0,0.0,0.0,0.0,0.27428402027826243,0.11218327740838474,1
C003420,0.0,0.15177569857974366,0.11754071299436104,0.0,0.029240443378432325,0.0,0.022209361236661045,0.6792337838108019,0
C003421,0.0,0.0,0.0,0.0,0.0,0.0,0.0,1.0,2
C003422,0.0,0.0,0.0,0.0,0.6388232529481153,0.0,0.16675849245626997,0.19441825459561474,2
C003423,0.0,0.0,0.0,0.0,0.0,0.0,0.2591402441622429,0.7408597558377571,3
C003428,0.28231017169386924,0.0,0.0,0.0,0.0,0.6460601819191576,0.0,0.07162964638697307,2
C003430,0.0,0.2504811582152735,0.18806386216499824,0.0,0.10494769031885011,0.4216546813591437,0.0,0.03485260794173449,3
C003431,0.043394421521691505,0.13437218991970995,0.0994248757266602,0.46725645069148725,0.0,0.0,0.2274036470681881,0.02814841507226308,4
C003435,0.33997685137189787,0.0,0.14439526227688668,0.25521730657206965,0.0,0.0,0.0,0.2604105797791459,1
C003437,0.0,0.0,0.0,0.4302323937349497,0.5353051142946227,0.0,0.0,0.03446249197042767,3
C003446,0.20346031319527647,0.21863873559548788,0.0,0.0,0.09715638754588321,0.0,0.0,0.4807445636633525,2
C003447,0.0,0.0,0.0,0.0,0.9213872274434575,0.0,0.0,0.07861277255654256,0
C003448,0.0,0.4218249869493094,0.15175480838691366,0.22979379894636803,0.0,0.0,0.0,0.19662640571740897,3
C003449,0.0,0.4438587987016049,0.31752447851236054,0.0,0.0,0.0,0.0,0.2386167227860345,1
C003453,0.0,0.0,0.0,0.05665907665332167,0.0,0.04493144740472102,0.0,0.8984094759419573,0
C003455,0.0,0.0,0.0,0.802378568226082,0.0,0.0,0.0,0.19762143177391803,2
C003456,0.0,0.23395484113322645,0.0,0.0,0.0,0.0,0.7381307776174006,0.027914381249372854,4
C003457,0.0,0.5537488109648611,0.26984172486724856,0.11904933693142872,0.0,0.0,0.0,0.057360127236461715,3
C003460,0.0,0.0,0.0,0.0,0.9439753719721168,0.0,0.0,0.05602462802788325,1
C003462,0.1871221127363459,0.0,0.4088712743290874,0.04184113416281756,0.0,0.0,0.0,0.3621654787717491,0
C003466,0.0,0.0,0.0,0.30738523507501736,0.0,0.0,0.0,0.6926147649249826,0
C003468,0.3604437109221637,0.252298228235982,0.0,0.0,0.14570618780381656,0.0,0.16977458748468358,0.0717772855533541,1
C003469,0.0,0.0,0.0,0.1944132117261522,0.24792818215402115,0.17817803834457818,0.0,0.37948056777524847,2
C003470,0.317476932776954,0.41230992459055704,0.0,0.0,0.0,0.0,0.0,0.27021314263248897,2
C003472,0.0,0.16279692901141368,0.0,0.0,0.34696953478585996,0.0,0.4310099672212413,0.05922356898148509,1
C003473,0.0,0.0,0.15357017759296934,0.0,0.42708743239687585,0.0,0.2690033300207009,0.15033905998945385,2
C003474,0.1838641953501958,0.28435111892928056,0.0,0.0,0.0,0.0,0.4511684723179752,0.08061621340254858,3
C003475,0.0,0.10054574992031426,0.0,0.5382471092286216,0.0,0.0,0.0,0.3612071408510641,4
C003478,0.06739752242515983,0.0,0.09259939920104178,0.0,0.4480791793438614,0.0,0.36865813108153334,0.023265767948403748,4
C003479,0.0,0.4154930848475667,0.48733509541048436,0.0,0.0,0.07205116976206376,0.0,0.02512064997988502,4
C003481,0.48715785111037796,0.0,0.17430850609879092,0.0,0.0,0.2861164338485523,0.0,0.0524172089422787,2
C003482,0.1697852229736964,0.0,0.14462342691692953,0.0,0.3231343712177528,0.2810088168701295,0.0,0.08144816202149173,4
C003484,0.16409722522919495,0.0,0.4999728844748461,0.0,0.0,0.250839124039104,0.0,0.08509076625685488,2
C003487,0.0,0.3256954528798429,0.0,0.16590113547002439,0.46830858241197615,0.0,0.0,0.04009482923815653,0
C003488,0.0,0.0,0.28113378320639126,0.10696332894515788,0.0,0.05164255136237401,0.0,0.5602603364860769,4
C003489,0.0,0.0,0.0,0.0,0.7944653125931507,0.0,0.0,0.20553468740684927,4
C003490,0.0,0.0,0.31917907212966856,0.0,0.2716355256476668,0.0,0.0,0.40918540222266464,3
C003491,0.0,0.0,0.23998808033068703,0.178125236641825,0.0,0.19228736513660594,0.0,0.3895993178908821,4
C003492,0.0,0.0,0.0,0.0,0.041413722816408045,0.06077561178479357,0.0,0.8978106653987984,1
C003493,0.0,0.2071808669020695,0.0,0.0,0.0,0.0,0.0,0.7928191330979305,4
C003494,0.0,0.0,0.5679256744332931,0.0,0.0,0.0,0.3166515389356908,0.11542278663101613,4
C003496,0.14089848189863455,0.0,0.0,0.0,0.0,0.0,0.5835760799237768,0.27552543817758857,4
C003497,0.0,0.0,0.0,0.0,0.0,0.7677727288913083,0.0,0.23222727110869165,1
C003498,0.0,0.0,0.0,0.0,0.0,0.0,0.23076920157200898,0.769230798427991,2
C003504,0.0,0.24638783741413506,0.0,0.0,0.0,0.0,0.0,0.7536121625858649,3
C003506,0.0,0.0,0.0,0.1169790917834614,0.30965755325240857,0.08163472471458746,0.23377135480460742,0.257957275444935,1
C003507,0.0,0.0,0.0,0.2704810011516888,0.17948672226255102,0.5092876510024705,0.0,0.04074462558328958,1
C003508,0.16879638655120563,0.0,0.0,0.0,0.17563077173447156,0.4210667138036521,0.0,0.23450612791067077,4
C003510,0.5482683346845619,0.0,0.0,0.0,0.08132712436734343,0.0,0.14220477437741785,0.22819976657067675,3
C003514,0.0,0.0,0.14983274445793984,0.0,0.1342104588044678,0.0,0.14605011505686985,0.5699066816807224,0
C003515,0.12700284051851593,0.2363687698300377,0.0,0.0,0.10416254110343486,0.0,0.294119382327813,0.2383464662201986,1
C003516,0.2465836151509339,0.0,0.0,0.12313260316748033,0.10258425932513449,0.0,0.38871520223899214,0.13898432011745906,2
C003517,0.0,0.0,0.0,0.32976278456987784,0.46243370752727564,0.115470841879891,0.0,0.09233266602295553,1
C003518,0.0,0.22767133712126394,0.0,0.39560554406534676,0.18269221793727256,0.0,0.14934943905113693,0.044681461824979785,3
C003520,0.0,0.0,0.15962127354287148,0.0,0.05310773498026794,0.0,0.06020505320973016,0.7270659382671304,3
C003521,0.19016467469681944,0.0,0.0,0.229664425240438,0.050476002090109336,0.13888585345290422,0.342955030552002,0.04785401396772698,1
C003522,0.27926054102412645,0.0,0.24797059643704003,0.0,0.0,0.0,0.0,0.4727688625388336,1
C003526,0.08891597669235501,0.0,0.0,0.10271029754786237,0.5430846367781251,0.0,0.0,0.2652890889816575,3
C003528,0.0,0.7550965467616617,0.0,0.0,0.16551490105469482,0.0,0.0,0.07938855218364345,1
C003529,0.16337322818212285,0.0,0.0,0.5506752298368899,0.0,0.0,0.0,0.2859515419809873,0
C003531,0.32273693429224115,0.08501003752758972,0.0,0.08265260503541093,0.0,0.0,0.0,0.5096004231447583,3
C003532,0.13109963563524277,0.5512537495799911,0.19095543883335747,0.0,0.0,0.0,0.0,0.12669117595140864,2
C003534,0.2218395886570176,0.0,0.22962092807160442,0.2890196187502066,0.18665623608473902,0.0,0.0,0.07286362843643235,1
C003537,0.13624567012281788,0.4904291425356311,0.0,0.0,0.0,0.0,0.0,0.3733251873415511,4
C003540,0.1951693801803072,0.0,0.0,0.0,0.17244935314690227,0.4572483852169542,0.0,0.17513288145583625,1
C003542,0.0,0.0,0.0,0.652580602842323,0.14874798013464918,0.1584503657399001,0.0,0.04022105128312775,2
C003543,0.0,0.0,0.0,0.6507808348165492,0.0,0.2495590661763879,0.0,0.09966009900706288,3
C003544,0.22906025139851888,0.19974376623529155,0.0,0.49011280631922194,0.0,0.0,0.0,0.08108317604696766,2
C003546,0.44710297726432446,0.0,0.385626156132438,0.0,0.0,0.0,0.08793192035232367,0.079338946250914,0
C003549,0.0,0.0,0.0,0.0,0.0,0.0,0.0,1.0,0
C003550,0.0,0.0,0.0,0.142874569355029,0.27963092246134336,0.05099675822192429,0.0,0.5264977499617033,4
C003553,0.0,0.0,0.3174929125981639,0.0,0.5944750352189649,0.0,0.0,0.0880320521828712,4
C003558,0.0,0.8829235181968397,0.0,0.0,0.0,0.0,0.0,0.11707648180316034,1
C003559,0.0,0.0,0.9058031750350614,0.0,0.0,0.0,0.0,0.09419682496493861,3
C003562,0.0,0.49025526722193263,0.0,0.0,0.0,0.29435528529754557,0.0,0.21538944748052175,3
C003563,0.0,0.44043659575719246,0.0,0.25068761601450246,0.0,0.1777473664549459,0.08784612955767493,0.043282292215684234,2
C003567,0.0,0.6374630854617584,0.0,0.2520042751438342,0.0,0.0,0.0,0.11053263939440738,1
C003569,0.1504928017240033,0.0,0.0,0.0,0.0,0.0,0.49137801876689957,0.3581291795090972,1
C003570,0.0,0.0,0.0,0.17512650039886818,0.0,0.0,0.7464104967110079,0.07846300289012395,0
C003573,0.0,0.0,0.271951998471251,0.0,0.0,0.5583529097421062,0.0,0.16969509178664285,0
C003576,0.0,0.0,0.9244419606321763,0.0,0.0,0.0,0.0,0.07555803936782363,0
C003577,0.0,0.0,0.0,0.0,0.0,0.0,0.9657541325393969,0.03424586746060311,3
C003579,0.3854548346544517,0.08934067496330435,0.0413677631190181,0.0,0.0,0.40024645320134394,0.0,0.08359027406188185,3
C003580,0.0,0.0,0.6769407071845361,0.0,0.0,0.0,0.0,0.3230592928154639,2
C003585,0.0,0.0,0.02666968722464413,0.0,0.0,0.011768390864354224,0.0,0.9615619219110016,1
C003586,0.0,0.0,0.1840796711274108,0.0,0.6786804150915584,0.0,0.0,0.13723991378103076,3
C003590,0.10566812123453014,0.0,0.0,0.4608160122819759,0.0,0.0,0.30612145869946666,0.12739440778402739,4
C003591,0.041326351484035725,0.0,0.024435295317808088,0.04137660746134016,0.0,0.0,0.05125282954830308,0.841608916188513,1
C003593,0.0,0.0,0.0,0.0,0.0,0.0,0.0,1.0,1
C003594,0.0,0.0,0.0,0.0,0.12599466137590717,0.0,0.6892791455649839,0.18472619305910895,1
C003595,0.0,0.0,0.0,0.20775474907492375,0.0,0.0,0.0,0.7922452509250762,4
C003596,0.0,0.194365709093665,0.0,0.0,0.0,0.7336498932683434,0.0,0.0719843976379917,0
C003597,0.0,0.0,0.0,0.6947919599403819,0.22338304282233737,0.0,0.0,0.08182499723728066,0
C003598,0.0,0.0,0.0,0.0,0.8755627193295646,0.0,0.0,0.1244372806704354,2
C003599,0.0,0.6173094958201052,0.0,0.0,0.0,0.21921461374254214,0.0,0.16347589043735267,0
C003600,0.0,0.0,0.0,0.7461122099065681,0.0,0.18365072422928,0.0,0.07023706586415175,0
C003607,0.0,0.0,0.0,0.0,0.44510146386909866,0.22157753053229895,0.0,0.3333210055986024,4
C003609,0.0,0.11691942751622643,0.0,0.0,0.06748205298119456,0.0,0.0,0.815598519502579,0
C003612,0.0,0.0,0.0,0.32129187193764763,0.0,0.0,0.6209132848322748,0.05779484323007749,4
C003613,0.0,0.0,0.0,0.1694660372251865,0.0,0.0,0.0,0.8305339627748135,2
C003614,0.0,0.0,0.08273968124162048,0.0,0.048718974457348484,0.0,0.0,0.868541344301031,1
C003617,0.1553896434003634,0.1184619709932345,0.0,0.0,0.5417544152086001,0.0,0.0,0.18439397039780195,0
C003619,0.0,0.0,0.0,0.6243647117800828,0.28672900405126495,0.0,0.0,0.08890628416865214,3
C003621,0.0,0.0,0.0,0.8666972756187441,0.0,0.0,0.0,0.1333027243812559,0
C003623,0.0,0.0,0.09126202387338013,0.0,0.0,0.4079426503286051,0.27651853396777654,0.22427679183023824,1
C003624,0.0,0.09759648262538648,0.0,0.0,0.0,0.0,0.08512621706453416,0.8172773003100794,0
C003626,0.0,0.0,0.2013723497314183,0.2824848137850244,0.0,0.3119253840258037,0.0,0.20421745245775358,2
C003629,0.0,0.0,0.09056155538762506,0.048129246700887314,0.0,0.0,0.0,0.8613091979114876,2
C003631,0.0,0.6922774658682206,0.0,0.1416054584836326,0.0,0.0,0.11891969918724121,0.04719737646090559,1
C003634,0.0,0.0,0.08834489824679206,0.24892336504485843,0.08245827902145746,0.4742496102016919,0.0,0.10602384748520025,2
C003635,0.21521318006669984,0.32383583907147234,0.14996466108065906,0.0,0.0,0.0,0.0,0.3109863197811686,1
C003636,0.0,0.0,0.0,0.2579197851986368,0.0,0.13243340059894965,0.0,0.6096468142024135,3
C003638,0.45174363784199395,0.0,0.0,0.0,0.0,0.47240365739717255,0.0,0.07585270476083349,1
C003639,0.09712722810020456,0.11020806335063231,0.21283653161028016,0.24907607038716245,0.0,0.0,0.0,0.33075210655172044,1
C003640,0.0,0.0976591059772983,0.0,0.0,0.41245993604618664,0.1807519050128062,0.2619330061871489,0.04719604677655993,3
C003642,0.0,0.0,0.0,0.0,0.0,0.0,0.0,1.0,4
C003647,0.0,0.22394478786394564,0.48768370900917135,0.0,0.0,0.0,0.0,0.288371503126883,2
C003648,0.11657496869716386,0.0,0.0,0.0,0.0,0.0,0.715574645879995,0.16785038542284111,3
C003649,0.0,0.0,0.17658576747812055,0.0,0.779233989899833,0.0,0.0,0.0441802426220466,4
C003652,0.0,0.0,0.0,0.0,0.0,0.8115654686046315,0.0,0.18843453139536845,3
C003653,0.0,0.08281800772812664,0.0,0.0931548954273289,0.0,0.0,0.0,0.8240270968445444,0
C003654,0.0,0.0,0.33795613217184245,0.169177948219154,0.16068256536958478,0.24565178845266789,0.0,0.08653156578675089,1
C003658,0.0,0.0,0.0,0.0,0.0,0.0,0.13833244806079148,0.8616675519392085,0
C003659,0.13082557493912939,0.0,0.46268190060618325,0.0,0.0,0.29156307651490904,0.06774043325865174,0.04718901468112657,4
C003660,0.04641213771348421,0.0,0.0,0.04330753931049293,0.0,0.0,0.033792493994874453,0.8764878289811484,0
C003661,0.0,0.0,0.0,0.34871549728258483,0.0,0.0,0.5421440235185446,0.10914047919887054,2
C003662,0.13805173702992235,0.0,0.0,0.0,0.0,0.0,0.0,0.8619482629700776,4
C003663,0.18224909832976552,0.19732731139970572,0.0,0.0,0.0,0.0,0.31010794893860383,0.31031564133192496,2
C003664,0.0,0.0,0.0,0.0,0.227621861361888,0.5641617656416872,0.18136768557789454,0.02684868741853027,3
C003666,0.13134085626831335,0.20439010249529455,0.0,0.0,0.0,0.0,0.20898521368263626,0.4552838275537558,2
C003667,0.2670288523898246,0.5866949086572739,0.0,0.0,0.0,0.0,0.0,0.14627623895290157,1
C003669,0.7072909145555194,0.0,0.0,0.0,0.0,0.158492307413545,0.06801117369797284,0.06620560433296288,2
C003672,0.0,0.0,0.08084705824386082,0.0,0.045616386189140684,0.0,0.0,0.8735365555669985,1
C003676,0.0,0.18676955959654384,0.0,0.28022098522317196,0.0,0.10221161711350564,0.0,0.4307978380667785,1
C003677,0.08442522725808957,0.0850632699212177,0.14472971427268705,0.1625438175506098,0.13559130805108727,0.0,0.3584404649703808,0.029206197975927804,1
C003684,0.0,0.0,0.5341538978811349,0.13077320210231838,0.0,0.0,0.1577151496966257,0.1773577503199211,4
C003687,0.0,0.0,0.0,0.4780731679565301,0.1151025447528966,0.22689835858891044,0.0,0.17992592870166288,1
C003689,0.0,0.0,0.0,0.0,0.20044132259754488,0.0,0.0,0.7995586774024551,3
C003690,0.0,0.4920018677564574,0.0,0.0,0.0,0.3722948382997739,0.09036218652500275,0.045341107418766013,1
C003693,0.0,0.0,0.0,0.0,0.0,0.0,0.0,1.0,0
C003696,0.0,0.7512949085765606,0.0,0.2035473285270282,0.0,0.0,0.0,0.045157762896411144,3
C003697,0.0,0.0,0.0,0.0,0.16705923486380567,0.0,0.6124166518898203,0.22052411324637405,0
C003698,0.0,0.0,0.0,0.0,0.0,0.5252387755788617,0.2892344802586464,0.18552674416249187,3
C003699,0.20182813544723757,0.09191188502032727,0.6687447946984929,0.0,0.0,0.0,0.0,0.03751518483394209,4
C003700,0.18948661338697884,0.0,0.0,0.0,0.0,0.7627115931695747,0.0,0.047801793443446414,4
C003708,0.0,0.0,0.0,0.0,0.0,0.0,0.0,1.0,3
C003710,0.4098564359698717,0.0,0.0,0.24325225615535748,0.0,0.0,0.0,0.34689130787477085,3
C003715,0.25987855925430714,0.30432529003339576,0.2677343626672544,0.0,0.0,0.0,0.0,0.1680617880450427,2
C003716,0.03716997211890209,0.0,0.0581024457761962,0.0,0.0,0.0,0.04526871002111202,0.8594588720837897,1
C003717,0.1967706642199067,0.0,0.06592514192291325,0.4018424641475252,0.0,0.0,0.17521387089600046,0.16024785881365447,0
C003718,0.0,0.0,0.0,0.0,0.9109598585419115,0.0,0.0,0.08904014145808847,0
C003719,0.21742056501121726,0.0,0.5760077821080971,0.0,0.0,0.0,0.1344094539476423,0.0721621989330433,3
C003722,0.0,0.0,0.0,0.0,0.0788655668169812,0.08967199739530497,0.0,0.8314624357877138,2
C003723,0.1850912969495782,0.0,0.0,0.0,0.20459999169650345,0.13084515124631274,0.0,0.4794635601076056,3
C003727,0.14901134760617485,0.0,0.12268794391480806,0.45490386706998287,0.0,0.2517191960871864,0.0,0.021677645321847825,3
C003728,0.2778989296333966,0.0,0.0,0.0,0.14680278857156281,0.3714726252438012,0.0,0.20382565655123935,1
C003733,0.029488329123366946,0.0,0.03324666898289199,0.0,0.05922210662575235,0.0575493104868434,0.0,0.8204935847811453,0
C003734,0.16938571637452055,0.0,0.10521088358089259,0.0,0.5481392093702232,0.0,0.1573109065794787,0.019953284094885105,4
C003736,0.4811855763920157,0.0,0.0,0.3969759210126634,0.08042831332786782,0.0,0.0,0.04141018926745312,0
C003738,0.0,0.0,0.0,0.10170774162927039,0.138635042171471,0.0,0.5443989948444563,0.21525822135480235,1
C003739,0.0,0.0,0.1463944408542458,0.0,0.0,0.13572433340640644,0.0,0.7178812257393478,0
C003740,0.2954934392319337,0.18380647035307793,0.0,0.0,0.0,0.0,0.4347932479122091,0.08590684250277927,3
C003741,0.0,0.09555976074038776,0.7059015924245527,0.0,0.0,0.0,0.0,0.19853864683505953,3
C003743,0.0,0.6293777257420473,0.0,0.3296712959177698,0.0,0.0,0.0,0.040950978340182846,1
C003745,0.028430456704280325,0.06993137589443942,0.0,0.0,0.0,0.07667079206719933,0.0,0.8249673753340809,0
C003746,0.1295705451108806,0.0,0.6168439894723938,0.0,0.0,0.048777665163249426,0.0630092883910669,0.14179851186240933,3
C003748,0.0,0.0,0.3135246153119921,0.5094973442177938,0.0,0.0,0.1411327878405406,0.03584525262967339,1
C003750,0.0,0.0,0.0,0.3769939881924791,0.0,0.0,0.24295836199000015,0.38004764981752076,3
C003751,0.3504184989583397,0.06249151518685377,0.4097579950176967,0.0,0.0,0.13880679681572944,0.0,0.0385251940213803,4
C003753,0.0,0.18109884955237468,0.20579015399748984,0.0,0.0,0.0,0.0,0.6131109964501354,0
C003754,0.0,0.0,0.0,0.0,0.5192757802327645,0.426333629613487,0.0,0.05439059015374853,4
C003756,0.33425483200643585,0.0,0.0,0.0,0.22227145234488058,0.0,0.09642738097703135,0.3470463346716522,0
C003764,0.3293639770633565,0.25034044230467656,0.0,0.0,0.0,0.0,0.0,0.4202955806319671,2
C003765,0.0,0.11713560521121998,0.14109009186699958,0.35744109527667756,0.0800703493803941,0.0,0.22296175638621077,0.08130110187849796,1
C003766,0.10767811600143368,0.0,0.0,0.0974681612881457,0.0,0.0,0.0,0.7948537227104207,0
C003770,0.16729782689367534,0.0,0.7867631567586219,0.0,0.0,0.0,0.0,0.045939016347702796,1
C003773,0.0,0.0,0.13941427618086805,0.0,0.0,0.5938161765152214,0.1468281697902681,0.11994137751364248,1
C003774,0.0,0.0,0.0,0.6772991149909249,0.0,0.0,0.2679590003212296,0.05474188468784562,1
C003775,0.03329725172296005,0.0,0.0,0.0,0.0,0.05484158938721363,0.09443761170235819,0.8174235471874681,4
C003776,0.0,0.0,0.658279445653123,0.0,0.0,0.2587872780700265,0.0,0.08293327627685056,1
C003778,0.42646706715904986,0.0,0.09241930753486313,0.0,0.119412972806002,0.0,0.0,0.3617006525000851,4
C003779,0.13195124262743535,0.06976101652306442,0.0,0.0,0.209067848709445,0.0,0.3362533568645841,0.25296653527547114,4
C003781,0.6890342087074804,0.0,0.0,0.0,0.0,0.0,0.0,0.31096579129251956,4
C003784,0.0,0.5444867837641647,0.0,0.17627610915397404,0.0,0.12205805886476591,0.0,0.15717904821709544,1
C003785,0.0,0.0,0.6200218579330904,0.0,0.0,0.2994901080274063,0.0,0.08048803403950328,3
C003786,0.0,0.0,0.407483274345293,0.1753521465011339,0.22467222750317306,0.10259733813867641,0.0,0.08989501351172369,3
C003788,0.0,0.0,0.06456114416244174,0.0,0.4359391826642106,0.2523703721079389,0.1972270250614582,0.049902276003950564,1
C003789,0.0,0.0,0.0,0.0,0.1782506860148935,0.0,0.24455652217417698,0.5771927918109295,1
C003790,0.0,0.0,0.0,0.49684398370846283,0.0,0.2926173715357607,0.16908019204476926,0.04145845271100732,3
C003791,0.0,0.16493327509429395,0.0,0.0,0.15076141091200324,0.0,0.0,0.6843053139937029,4
C003792,0.0,0.0,0.15076972705570527,0.0,0.18480483269961914,0.0,0.5518034804211428,0.112621959823533,1
C003793,0.0,0.0,0.39063377365029783,0.0,0.24092791991117063,0.0,0.33127062217581715,0.03716768426271448,3
C003799,0.2735365106361412,0.41670349417797786,0.0,0.17022236859329334,0.0,0.0,0.09472653509764543,0.044811091494942244,1
C003801,0.0,0.0,0.0,0.29636287531450206,0.1010701344749376,0.0,0.22872843069858165,0.3738385595119786,0
C003802,0.0,0.0,0.23428518602031992,0.0,0.0,0.0,0.7181085277085506,0.04760628627112953,1
C003805,0.24370876195886335,0.0,0.0,0.0,0.0,0.6917449976813543,0.0,0.06454624035978243,1
C003806,0.0,0.2474981476995192,0.0,0.09173309184344931,0.0,0.3637491977125453,0.1662122961775091,0.13080726656697708,3
C003807,0.0,0.0,0.0,0.3856723451785162,0.18065596435604006,0.0,0.3106602925348533,0.1230113979305905,1
C003808,0.0,0.0,0.0,0.0,0.0,0.0,0.0,1.0,4
C003809,0.0,0.0,0.0,0.0,0.0,0.24759266094374588,0.5819920730581297,0.17041526599812437,0
C003811,0.0,0.7678502880862418,0.0,0.0,0.0,0.09620438278761191,0.0948732717724778,0.041072057353668597,3
C003812,0.0,0.0,0.0,0.0,0.26821223110291353,0.0,0.5349371076852301,0.19685066121185632,0
C003813,0.0,0.0,0.0,0.30110547345031513,0.0,0.5370359080015392,0.0,0.1618586185481457,2
C003814,0.0,0.0,0.09853615739020562,0.0,0.5276399685384326,0.0,0.0,0.3738238740713618,3
C003816,0.0,0.0,0.17806504286515007,0.0,0.0,0.7358385206719293,0.0,0.08609643646292062,4
C003817,0.6216404741953457,0.0,0.0,0.0,0.0,0.29627280822867474,0.0,0.0820867175759796,3
C003818,0.1432543096966605,0.08802021339883198,0.0,0.0,0.0,0.10796692423259184,0.5307610047434234,0.12999754792849222,4
C003821,0.0,0.0,0.4206050033587344,0.13476163047207976,0.1769164639329097,0.17281790641427774,0.0,0.09489899582199841,1
C003822,0.0,0.0,0.0,0.6458970629664346,0.0,0.27906949873561293,0.0,0.07503343829795239,1
C003823,0.0,0.0,0.027506152066714362,0.0,0.0,0.0,0.0,0.9724938479332856,1
C003824,0.22257153075602942,0.0,0.0,0.0,0.6681200289414702,0.0,0.0,0.10930844030250034,3
C003826,0.0,0.0,0.0,0.32883183967675833,0.0,0.0,0.0,0.6711681603232417,1
C003831,0.0,0.0,0.0,0.13593505327309707,0.0,0.0,0.06720672956210373,0.7968582171647992,0
C003838,0.0,0.16389455879861087,0.0,0.16676324219962202,0.622624904483794,0.0,0.0,0.046717294517973074,1
C003843,0.6243474685476337,0.0,0.0,0.0,0.27735116665124937,0.0,0.0,0.098301364801117,2
C003846,0.12144219292761634,0.0,0.0,0.2095273892131496,0.27209210221259245,0.0,0.2322694699615448,0.16466884568509677,0
C003848,0.0,0.29347333372534895,0.0,0.10500209573401255,0.11011323925719117,0.0,0.0,0.49141133128344744,2
C003850,0.0,0.31637136776893504,0.6283225535280141,0.0,0.0,0.0,0.0,0.055306078703050855,0
C003852,0.0,0.0,0.0,0.0,0.0,0.8475572678135845,0.0,0.15244273218641544,1
C003854,0.0,0.0,0.0,0.0,0.0,0.0,0.8320758101296126,0.16792418987038735,1
C003856,0.0,0.924156935373633,0.0,0.0,0.0,0.0,0.0,0.07584306462636699,4
C003858,0.0,0.0,0.0,0.1489144278031112,0.09231265610635431,0.6622712743747768,0.0,0.09650164171575769,1
C003860,0.0,0.0,0.048958233967332565,0.0,0.0,0.0,0.10281798467301963,0.8482237813596478,4
C003862,0.0,0.1757776608484166,0.2170627730262093,0.0,0.0,0.0,0.43014290919492837,0.17701665693044577,2
C003869,0.0,0.0,0.0,0.0,0.0,0.6959907324970619,0.1291447454547188,0.1748645220482193,4
C003870,0.045756403674992285,0.36185947598662305,0.0,0.07601102080351356,0.049450222091361885,0.0,0.0,0.46692287744350924,1
C003872,0.0,0.0,0.0,0.0,0.328052323396258,0.0,0.0,0.671947676603742,4
C003873,0.0,0.0,0.0,0.9367166510463011,0.0,0.0,0.0,0.06328334895369896,0
C003877,0.0,0.0,0.0,0.0,0.0,0.4552958534107394,0.3481087132119278,0.1965954333773328,2
C003880,0.12273677414170313,0.0,0.0,0.16052255106577512,0.1177856893820849,0.18620764544615595,0.0,0.41274733996428087,2
C003881,0.0,0.5006627379666487,0.0,0.0,0.0,0.0,0.4532161647235429,0.046121097309808436,1
C003886,0.0,0.0,0.0,0.5195539772340367,0.2604314041819801,0.0,0.11994344427076237,0.10007117431322084,1
C003887,0.0,0.8132921945803013,0.0,0.0,0.0,0.0,0.0,0.1867078054196987,1
C003888,0.540339227217319,0.0,0.0,0.0,0.0,0.13483148880053633,0.2508677948123632,0.07396148916978146,3
C003889,0.6276358202136576,0.0,0.1825068951465935,0.0,0.11191372695159654,0.0,0.0,0.07794355768815237,3
C003891,0.0,0.0,0.0,0.0,0.15164177696377612,0.0,0.0,0.8483582230362239,0
C003892,0.09179882275047963,0.07769871623094735,0.23727315382814118,0.0,0.0,0.0,0.0,0.5932293071904319,3
C003894,0.0,0.08721879238103789,0.0,0.158634671432487,0.0,0.33540455849374545,0.0,0.4187419776927297,1
C003898,0.07438106118834369,0.0,0.20436065529209102,0.2079188505927702,0.44409247182400235,0.0,0.0,0.06924696110279269,0
C003901,0.23254595782453277,0.0,0.0,0.0,0.0,0.0,0.3541698936133101,0.4132841485621571,4
C003907,0.1898347879110694,0.1746891137504581,0.0,0.1675505616340144,0.0,0.2714509592180773,0.1333226204045213,0.06315195708185956,0
C003908,0.14856558202858916,0.0,0.0,0.0,0.0,0.22991524527508864,0.0,0.6215191726963222,2
C003910,0.0,0.0,0.0,0.5021981460636811,0.15917890096832993,0.2687522453173633,0.0,0.06987070765062578,4
C003912,0.16121071226612668,0.0,0.16175024940996466,0.0,0.0,0.15194371113210012,0.2330893413303807,0.2920059858614279,2
C003918,0.1244489286838262,0.0,0.0,0.03555752966738942,0.3208777785980187,0.0,0.0,0.5191157630507657,4
C003919,0.0,0.11145323084616002,0.0,0.0,0.0,0.22595181241153758,0.0,0.6625949567423024,3
C003920,0.0,0.0,0.0,0.0,0.0,0.0,0.0,1.0,0
C003921,0.08784516662812875,0.36824394022443546,0.09081066049678171,0.0,0.04658475712778374,0.10431675316456465,0.0,0.3021987223583057,3
C003924,0.12611495017996024,0.14140822919784535,0.0,0.024363979059716167,0.10858071749809692,0.0,0.40655472711926044,0.19297739694512092,1
C003925,0.0,0.0,0.33656240691951445,0.0,0.16309286551991323,0.4521714685164122,0.0,0.04817325904416024,3
C003926,0.0,0.0,0.0,0.0,0.0,0.0,0.8637344952449256,0.13626550475507435,4
C003928,0.14040874811438944,0.0,0.30385539566914166,0.0,0.07322359196452195,0.45302132430979486,0.0,0.029490939942152045,2
C003929,0.0,0.0,0.0,0.20113158831317252,0.0,0.0,0.7518691234201355,0.04699928826669211,1
C003930,0.0,0.0,0.0,0.6317359230770402,0.0,0.0,0.2312654991910335,0.13699857773192628,1
C003931,0.0,0.0,0.0,0.0,0.5255487899738659,0.0,0.3666665301112574,0.10778467991487688,0
C003933,0.0,0.0,0.0,0.0,0.0,0.47670369518751915,0.32821273804322726,0.1950835667692536,3
C003935,0.3681554783701728,0.0,0.0,0.0,0.47432943076178813,0.0,0.0,0.15751509086803903,0
C003936,0.0,0.17551261381247873,0.1379737303434507,0.1330615865225616,0.1747418893395864,0.2864729565674768,0.0,0.09223722341444572,0
C003938,0.0,0.0,0.14283272638988004,0.0,0.2908054340929897,0.2238964961462272,0.2725802111963329,0.06988513217457014,3
C003939,0.0,0.0,0.0,0.0,0.0,0.0,0.7530782220851445,0.24692177791485548,4
C003941,0.0,0.9492788089456565,0.0,0.0,0.0,0.0,0.0,0.05072119105434344,2
C003942,0.0,0.0,0.0,0.0,0.4306525613673827,0.0,0.5147207562250673,0.05462668240754999,4
C003944,0.0,0.0,0.14933066454479862,0.0,0.0,0.3251546429416065,0.31110316604066307,0.21441152647293168,4
C003946,0.5650187790570963,0.0,0.27605154254774694,0.0,0.0,0.0,0.13705827234655862,0.021871406048598063,3
C003947,0.0,0.1479528975140239,0.0,0.5229334711405644,0.09575372428051022,0.13673508764985484,0.0,0.0966248194150464,3
C003949,0.0,0.0,0.15298137316211247,0.2414099838020347,0.0,0.34985166434231335,0.0,0.25575697869353947,3
C003959,0.0,0.5880981692190947,0.1550190964193956,0.0,0.0,0.0,0.22580567318837003,0.031077061173139662,4
C003961,0.2821978274673425,0.20976999364782695,0.3226782226838482,0.0,0.0,0.0,0.0,0.18535395620098238,2
C003963,0.0,0.0,0.0,0.0,0.23272106699651515,0.4333032351401695,0.2199942950384459,0.11398140282486943,3
C003964,0.0,0.0,0.0,0.0,0.5474587163588314,0.1970482941690474,0.11149554819370441,0.14399744127841688,3
C003965,0.0,0.22462917246963388,0.5572270349861783,0.0,0.18116123015338054,0.0,0.0,0.036982562390807196,3
C003966,0.7174023260556418,0.0,0.0,0.0,0.0,0.16581729290477135,0.0,0.11678038103958689,0
C003967,0.128017451989405,0.18527963412229012,0.5087398632073915,0.0,0.0,0.06214443485847691,0.0,0.11581861582243634,1
C003970,0.0,0.0,0.1507095922935986,0.0,0.26196697551716913,0.40641879510850887,0.1281475080640437,0.05275712901667984,3
C003976,0.13800403415165666,0.0,0.0,0.0,0.06046283396556291,0.09866860285044303,0.0,0.7028645290323374,0
C003978,0.0,0.0,0.14262859763128508,0.08206694870400266,0.37481797121570437,0.0,0.14101563230928002,0.2594708501397279,4
C003980,0.0,0.1319540152576337,0.0,0.0,0.26167675506668414,0.0,0.07560737131146575,0.5307618583642164,2
C003981,0.7433475370565136,0.0,0.0,0.0,0.0,0.18285528622527197,0.0,0.07379717671821452,2
C003982,0.0,0.0,0.0,0.5677898158406625,0.23556620436937287,0.13562249712969435,0.0,0.06102148266027029,4
C003985,0.0,0.07603828889007311,0.0,0.24669388945269952,0.0,0.0,0.5923487671641493,0.08491905449307806,1
C003986,0.0,0.9020629064144359,0.0,0.0,0.0,0.0,0.0,0.09793709358556411,2
C003987,0.15996900001346656,0.0,0.149148792018096,0.0,0.0,0.12654582390285696,0.0,0.5643363840655805,1
C003988,0.0,0.0,0.0,0.3882789451098102,0.0,0.24761961824674528,0.0,0.36410143664344446,4
C003990,0.0,0.20273507049537492,0.0,0.0,0.6387718164192128,0.0,0.0,0.15849311308541228,1
C003991,0.0,0.5361223680915778,0.0,0.0,0.0,0.0,0.0,0.46387763190842224,3
C003992,0.0,0.0,0.0,0.0,0.0,0.0,0.805782017163243,0.19421798283675695,3
C003993,0.0,0.08828026707489396,0.12883137883834378,0.0,0.0,0.7074711046162245,0.0,0.07541724947053775,0
C003994,0.0,0.0,0.0,0.0,0.0,0.0,0.0,1.0,2
C003995,0.0,0.35621033614470987,0.0,0.0,0.0,0.11058479304217873,0.17520458345844236,0.35800028735466904,2
C003999,0.7987116845573144,0.0,0.0,0.0,0.0,0.0,0.0,0.20128831544268558,4
