client_id,cloud,gym,insurance,mobile,music,software,streaming,none,fold
C000001,0.0,0.14898016574320963,0.448164827067363,0.11232031296057415,0.0,0.0,0.20305078995700065,0.08748390427185249,2
C000005,0.0,0.1834456848992156,0.0,0.6572666046806406,0.0,0.0,0.0,0.15928771042014378,3
C000007,0.425720765820284,0.0,0.0,0.0,0.0,0.12351037748236253,0.0,0.45076885669735345,3
C000009,0.054406238039117406,0.0,0.0,0.0,0.0,0.60433887453022,0.28805046065228707,0.05320442677837556,2
C000012,0.0,0.0,0.0,0.0,0.0,0.8926875162835687,0.0,0.10731248371643132,4
C000014,0.24414597622562537,0.0,0.0,0.0,0.0,0.6202857663939941,0.0,0.13556825738038047,4
C000015,0.0,0.0,0.5528136628685766,0.0,0.0,0.0,0.0,0.4471863371314234,0
C000016,0.0,0.04047363190966357,0.6755391079651573,0.0,0.0,0.0,0.0,0.28398726012517916,1
C000017,0.0,0.009033720651355461,0.09400414263203558,0.6957025205847686,0.0,0.0,0.08439321226013964,0.11686640387170077,3
C000021,0.0,0.0,0.0,0.6813835845443872,0.0,0.02756627983953963,0.1310453586011052,0.16000477701496796,1
C000022,0.0,0.0,0.0,0.0,0.0,0.5556689666527687,0.18578121889188753,0.25854981445534375,2
C000024,0.0,0.8218373460743309,0.0,0.0,0.047611001638755715,0.01836543443259706,0.0,0.11218621785431626,1
C000025,0.5973830250264293,0.0,0.0,0.01571022883787537,0.004490924760598484,0.19987868632094075,0.006000239085967175,0.176536895968189,0
C000026,0.0,0.6733869298912948,0.05598961528370501,0.03386176225446617,0.0,0.0746498857181643,0.1548570076818324,0.007254799170537285,1
C000027,0.0,0.01776226806186608,0.0,0.1893022692945026,0.7247346067643184,0.023016254444108458,0.0,0.04518460143520431,2
C000028,0.31169539538168284,0.014078062964200281,0.0,0.0,0.1164083276419287,0.5435669611650485,0.0,0.014251252847139684,3
C000029,0.39609313075119174,0.0,0.0,0.034422833537188315,0.29266492298507996,0.08587494140232968,0.05870958588371567,0.1322345854404947,3
C000030,0.08629549494485868,0.0,0.0,0.0,0.016885545399302846,0.0,0.0,0.8968189596558385,3
C000033,0.05886201518805964,0.0,0.0,0.0,0.0,0.0,0.41133383076689,0.5298041540450503,0
C000035,0.0,0.0318543827898024,0.0,0.3255009513694958,0.039909400142964443,0.0,0.04724254228044576,0.5554927234172915,2
C000038,0.0,0.0,0.0,0.0,0.38847139692864047,0.32506054320779676,0.0,0.2864680598635627,3
C000039,0.0,0.0,0.0,0.0,0.0,0.0,0.0,1.0,0
C000040,0.0870336760627963,0.6289265385727045,0.2463074531953282,0.0,0.0,0.0,0.0,0.037732332169170935,2
C000041,0.0,0.0,0.7859208448558906,0.0,0.10235262372925756,0.0,0.0,0.11172653141485178,3
C000043,0.0,0.0,0.058521343917371044,0.0,0.0,0.0,0.11308011037607242,0.8283985457065566,1
C000044,0.0,0.0,0.0,0.0,0.0,0.0,0.03742063716590713,0.9625793628340928,1
C000047,0.0,0.4273024891717669,0.0,0.0,0.4231486235770752,0.0,0.0,0.1495488872511579,2
C000053,0.12891906098743772,0.3718482453587694,0.0,0.0,0.0,0.0,0.0,0.49923269365379286,3
C000055,0.0,0.0,0.0,0.0,0.0,0.13568839073262665,0.0,0.8643116092673734,1
C000060,0.0,0.0,0.7942823304669595,0.0,0.0,0.0,0.0,0.2057176695330405,0
C000062,0.05145333896072867,0.0,0.0,0.02708124134414369,0.0,0.0,0.0,0.9214654196951276,4
C000063,0.0,0.0,0.8421749786286049,0.0,0.0,0.0,0.0,0.1578250213713951,1
C000064,0.0,0.0,0.33539969926236135,0.025127839360657895,0.0,0.5812979466711288,0.0,0.058174514705852,1
C000066,0.03891205277621979,0.0,0.0,0.0,0.0,0.0,0.0151453999222884,0.9459425473014919,1
C000069,0.03711433717694745,0.0,0.40511716165840767,0.01707623928925117,0.0,0.0,0.014259276253270827,0.5264329856221228,3
C000072,0.0,0.0,0.0,0.1318147799180427,0.0,0.8110179684047738,0.03342748148719338,0.023739770189990184,1
C000073,0.0,0.0,0.10031033230682687,0.0,0.21063178191102644,0.0,0.0,0.6890578857821467,4
C000077,0.35385557617633095,0.0,0.0,0.10430766676118129,0.0,0.0,0.0,0.5418367570624878,4
C000078,0.0,0.0,0.4597557302427583,0.0,0.49415898673552566,0.0,0.019240301902987617,0.02684498111872835,4
C000079,0.0,0.3285756042341874,0.0,0.015335122523122137,0.0,0.5285746270134839,0.11206853242761394,0.015446113801592554,2
C000080,0.0,0.0,0.0,0.0,0.0,0.0,0.0,1.0,2
C000084,0.0,0.0,0.0590163208232928,0.04494754219618981,0.0,0.0,0.0,0.8960361369805174,3
C000085,0.0,0.0,0.7764950675808697,0.0,0.0,0.0,0.0,0.22350493241913028,2
C000088,0.17468912782332,0.004628987534767035,0.7343693908285182,0.0,0.0,0.0,0.0,0.08631249381339479,1
C000093,0.6284265036967983,0.0,0.021202346516933132,0.0,0.0,0.0,0.0,0.3503711497862686,0
C000094,0.6084035109846669,0.0,0.2133281396480192,0.0,0.06816628236433259,0.0,0.0,0.11010206700298131,1
C000095,0.06008896387715849,0.0,0.0,0.8120512777720716,0.009580288916642761,0.05634334304872999,0.0,0.06193612638539714,1
C000100,0.07364125735768025,0.6044142907763503,0.06427729415687951,0.0,0.0,0.0,0.0,0.2576671577090899,2
C000101,0.0,0.9148089450173722,0.0,0.0,0.0,0.0,0.0,0.0851910549826278,1
C000102,0.0,0.10675115474227022,0.0,0.0,0.0,0.5564116631336712,0.0,0.33683718212405855,4
C000103,0.0,0.0,0.5385837372676826,0.0912499692120018,0.13286194471159052,0.21276695439601973,0.0,0.024537394412705416,3
C000104,0.0,0.0,0.4100445852158392,0.0,0.40593178527699997,0.0,0.0,0.1840236295071609,3
C000105,0.0,0.15234248578857162,0.055513431796895024,0.0,0.0,0.0,0.6280470871267775,0.1640969952877559,4
C000106,0.0,0.0,0.0,0.0,0.0,0.0,0.8467326531301226,0.15326734686987742,4
C000109,0.5335616751252166,0.0,0.0,0.0,0.0,0.4287008590930985,0.0,0.03773746578168491,1
C000110,0.0,0.10029197462386398,0.18694613980275054,0.5524711861099499,0.02009041599922136,0.0,0.002165725827525144,0.13803455763668904,1
C000111,0.0,0.0,0.5004712259545402,0.0,0.0,0.0,0.4405034493865573,0.059025324658902534,1
C000113,0.0,0.0,0.0,0.6677438700186961,0.050171975547354336,0.0,0.0,0.28208415443394963,0
C000115,0.5130453293403623,0.0,0.0,0.0,0.02307915194684786,0.2220439603757373,0.06431061214930646,0.17752094618774616,1
C000116,0.03723732552944638,0.0,0.8804687482040842,0.0,0.0,0.0,0.05734867094092607,0.02494525532554337,0
C000117,0.0,0.9310320196435722,0.0,0.0,0.0,0.0,0.0,0.06896798035642782,1
C000119,0.2500809606834844,0.0,0.0,0.0,0.0,0.0,0.7174096783504966,0.032509360966018974,1
C000120,0.0,0.5424334278934902,0.0,0.0,0.005372641223211425,0.0,0.10688472523117465,0.34530920565212364,3
C000122,0.2558769387912091,0.0,0.0,0.03080461415842414,0.0,0.0,0.0,0.7133184470503668,0
C000127,0.0,0.05205910579441105,0.0,0.0,0.0,0.07165067448922341,0.04513322886668132,0.8311569908496842,3
C000128,0.0,0.0,0.4628197489944829,0.0,0.5089123867063697,0.0,0.0,0.028267864299147405,1
C000129,0.12860812693852403,0.0,0.0,0.0,0.0,0.6249040485181806,0.008085307967789397,0.23840251657550593,3
C000130,0.0,0.07231030773609362,0.19912601662018337,0.0,0.0,0.0,0.0,0.728563675643723,3
C000132,0.0,0.0,0.0,0.3311745413847828,0.09632704616414475,0.53864260041583,0.0,0.03385581203524246,4
C000134,0.013509962238035116,0.0,0.8807092780648078,0.0,0.0,0.0,0.09500568587124632,0.010775073825910697,3
C000135,0.24300218833045967,0.0,0.0,0.10630669500277665,0.022757144705240682,0.0,0.0,0.627933971961523,3
C000136,0.0,0.0,0.16403693147052675,0.07906838584339694,0.0,0.0,0.02887822122115647,0.7280164614649198,4
C000137,0.13813550797650975,0.0,0.0,0.0,0.22185758184636295,0.0,0.15771416827877235,0.4822927418983549,3
C000140,0.0,0.05720934766109827,0.0,0.0,0.0,0.6707993662831536,0.07409737178276231,0.19789391427298575,0
C000142,0.03606259154205115,0.1834246395468827,0.0,0.7261955608617837,0.0,0.0,0.04281184417731367,0.011505363871968766,4
C000144,0.0,0.0,0.0,0.0,0.0,0.9204325391355151,0.0,0.07956746086448485,0
C000148,0.1250168294309357,0.16764486343563675,0.0,0.024713714557301116,0.0,0.0,0.54095054763563,0.1416740449404965,4
C000149,0.0,0.0,0.0,0.0,0.0,0.0,0.5793685424209298,0.42063145757907017,3
C000150,0.0,0.0,0.0,0.0,0.0,0.7047883105307065,0.27017708206041874,0.025034607408874754,3
C000152,0.6490697755131277,0.0,0.0,0.0,0.006576968869225874,0.0,0.07953824025473827,0.2648150153629081,4
C000153,0.0,0.0,0.0,0.9092365033528775,0.0,0.0,0.0,0.09076349664712247,3
C000155,0.0,0.0,0.04902613888865145,0.0,0.0,0.0,0.0,0.9509738611113485,2
C000157,0.0,0.0,0.0,0.0,0.0,0.0,0.0,1.0,0
C000159,0.0,0.0,0.4090899587748479,0.019105886599085423,0.0,0.0,0.04771034841149524,0.5240938062145715,4
C000160,0.0,0.0,0.0,0.0,0.0,0.0,0.0,1.0,4
C000162,0.04863671839939399,0.0,0.004079114166728,0.1312072635932508,0.0,0.5076740302620318,0.13318377388998798,0.17521909968860738,4
C000164,0.10385393593639751,0.0,0.15890041949329892,0.0,0.5835350473233266,0.0,0.0,0.153710597246977,4
C000168,0.0,0.08556444749124774,0.0,0.0,0.0,0.4405883684275428,0.0,0.4738471840812095,2
C000169,0.0,0.022445126692326997,0.0,0.15652254729102935,0.0,0.0,0.45126602295866286,0.36976630305798075,4
C000171,0.0,0.0,0.0,0.008640222234341206,0.0,0.0,0.9015730331808121,0.0897867445848467,3
C000172,0.0,0.0,0.0,0.0,0.0,0.0,0.0,1.0,3
C000173,0.4871149733188341,0.0,0.06273484134605152,0.3909654561161475,0.0,0.0,0.0,0.05918472921896689,3
C000174,0.0,0.0,0.0,0.0,0.0,0.029043835625261923,0.0,0.9709561643747381,0
C000175,0.017938115947810883,0.0,0.3617586111563937,0.0,0.5093903889560837,0.0,0.0,0.11091288393971177,3
C000177,0.039503022463740274,0.0,0.4581855330223209,0.30969916943408443,0.13018960739558963,0.0,0.022313069986457768,0.04010959769780709,0
C000179,0.02814016464984369,0.2540652776147702,0.0,0.08896080602961813,0.36774049024235433,0.0,0.0,0.2610932614634136,0
C000181,0.0,0.10890746064608184,0.0,0.0,0.5314834656863735,0.28237279086875966,0.0,0.07723628279878503,2
C000183,0.0,0.05525372318484653,0.0,0.7322019029881893,0.0,0.0,0.059514410916385464,0.1530299629105787,3
C000185,0.28381437537004917,0.6150076139178856,0.0,0.0,0.0,0.0,0.0,0.10117801071206523,1
C000187,0.0,0.0,0.34400210368719536,0.0,0.5471573453479904,0.0,0.0,0.10884055096481426,0
C000189,0.023357990649273463,0.0,0.0,0.0,0.03253530278663096,0.5812323402498258,0.021040818346394603,0.34183354796787513,0
C000190,0.845916151574966,0.0,0.0,0.0,0.0,0.0,0.0,0.15408384842503398,3
C000191,0.0,0.0,0.0,0.05500608946933132,0.016648053416891323,0.0,0.9169573050618682,0.01138855205190914,2
C000192,0.0,0.4038688971566588,0.04187880067516026,0.0,0.3763688423972172,0.12844667933206683,0.0,0.04943678043889688,3
C000196,0.7260969201965022,0.0,0.0,0.0,0.10875142987534737,0.0,0.0,0.16515164992815046,4
C000197,0.0,0.0,0.0,0.0,0.7242218423344445,0.13095306757313196,0.0,0.1448250900924235,3
C000198,0.0,0.0,0.0,0.0,0.0,0.0,0.8579048799999627,0.14209512000003732,3
C000201,0.0,0.553199551512544,0.0,0.0,0.0,0.0,0.0,0.44680044848745604,4
C000202,0.3914647220621908,0.07932683962737128,0.023657563419977885,0.0,0.0,0.06461216563441857,0.41753908988149796,0.0233996193745436,3
C000203,0.0,0.11443764528931773,0.06440697755213123,0.0,0.0,0.41099047575856085,0.0,0.4101649013999902,4
C000205,0.10613409863232526,0.0,0.0,0.18065600050406827,0.0,0.1131529728628472,0.0,0.6000569280007593,2
C000206,0.0,0.0,0.0,0.0014121180529171873,0.8574337907446555,0.10061040323365397,0.0,0.04054368796877328,4
C000207,0.6998958992508312,0.09293241104583445,0.0,0.08465733090632893,0.0,0.0,0.05481845360300299,0.06769590519400248,2
C000210,0.21060685745645827,0.02204504912706659,0.058703409234097184,0.5251082811485455,0.0,0.0,0.0,0.18353640303383245,4
C000212,0.462890743518283,0.22652428421383172,0.04375175556621085,0.12661983638536423,0.0,0.0,0.0,0.14021338031631025,4
C000214,0.0,0.0,0.0,0.008813433791930858,0.016874810925947305,0.0,0.0,0.9743117552821219,0
C000218,0.0,0.008136370496916132,0.44335176451677044,0.07964277698905621,0.05514317012750763,0.0,0.1662261822714,0.2474997355983497,1
C000219,0.36264808440676,0.05580757986730225,0.0,0.005082467070036803,0.564984036391169,0.0,0.0,0.01147783226473198,4
C000222,0.0,0.0,0.0,0.015545981824414105,0.0,0.16855273644663737,0.12886586590389354,0.687035415825055,4
C000223,0.7344995261226547,0.0,0.0,0.07061499610437322,0.0,0.0,0.09322388471061745,0.10166159306235456,3
C000226,0.0,0.0,0.7727003305134162,0.0,0.0,0.0,0.0,0.22729966948658376,1
C000228,0.0,0.00658520368367938,0.8259289190351977,0.0010337504222362797,0.1440801388172887,0.0,0.0,0.02237198804159779,4
C000230,0.0,0.032996014559375335,0.29453323383283925,0.0,0.0,0.0,0.0,0.6724707516077855,2
C000233,0.0,0.0,0.24905258104871042,0.0,0.558378411913915,0.0,0.0,0.19256900703737456,1
C000234,0.01844249271284142,0.0,0.0,0.014446601961943273,0.8310748407208147,0.0,0.0,0.13603606460440054,4
C000235,0.0,0.0,0.0,0.8403520410338755,0.0,0.0,0.0,0.1596479589661245,1
C000236,0.0,0.0,0.0,0.6702793598099833,0.009422099686421565,0.0,0.06428757938484982,0.2560109611187452,3
C000237,0.5119811259302622,0.0,0.0,0.0,0.09830645507415096,0.1918039221121396,0.023540098654074706,0.17436839822937256,0
C000238,0.0,0.1452194212050553,0.0,0.1433439282810659,0.5461879736822219,0.0,0.0647262533808247,0.10052242345083218,1
C000239,0.0,0.0,0.0,0.0,0.0,0.6039081422532222,0.16254731439275796,0.23354454335401986,3
C000240,0.0,0.44025498949800634,0.0,0.0,0.0,0.0,0.039717821192730575,0.5200271893092631,0
C000242,0.0,0.01633677172508064,0.0,0.45475356252951477,0.0,0.3032933104698895,0.093409201331304,0.132207153944211,3
C000245,0.008044329302122203,0.0,0.0,0.0,0.0,0.0,0.023454508884571477,0.9685011618133064,0
C000246,0.8249928785383698,0.0,0.0,0.0,0.0,0.0,0.0,0.17500712146163022,4
C000248,0.28101905322845366,0.0,0.48368211878917733,0.07430290962005623,0.0,0.0,0.0,0.16099591836231275,4
C000249,0.09002548951952827,0.0,0.0,0.0,0.0,0.0,0.0,0.9099745104804717,4
C000250,0.32488339576179825,0.0,0.0,0.0,0.0,0.2881526716909571,0.0,0.3869639325472447,1
C000252,0.06471481154873064,0.0,0.015878397452354028,0.0,0.0,0.5224763756167423,0.03214640551731489,0.36478400986485815,1
C000254,0.0,0.0,0.04088088985987483,0.0,0.0,0.0,0.0281070172699666,0.9310120928701586,0
C000257,0.5488749165938112,0.0,0.0,0.0,0.20128536320026943,0.0,0.0,0.24983972020591938,1
C000259,0.011069743154308562,0.0,0.22265586500100726,0.0,0.6598974395512035,0.0,0.0,0.10637695229348065,4
C000261,0.0,0.0,0.0,0.0,0.06888175627031445,0.06438124767703238,0.0,0.8667369960526532,1
C000262,0.0,0.0,0.0,0.09377855824772445,0.0,0.0,0.7747021372161956,0.13151930453607996,2
C000263,0.8726281924702359,0.05699362391816787,0.0,0.0,0.0385333043201825,0.0,0.0,0.031844879291413664,4
C000264,0.0,0.1948864161406441,0.0,0.02778981838038169,0.7295496905922355,0.0,0.0,0.04777407488673868,0
C000265,0.28357568537048783,0.0,0.0,0.0,0.0,0.6309552975307723,0.0,0.08546901709873989,3
C000270,0.0,0.0,0.0,0.0,0.6579345390524354,0.0,0.0,0.3420654609475646,3
C000271,0.0,0.5720933672177193,0.24201104192938636,0.0,0.0,0.06701996385668303,0.0,0.11887562699621124,0
C000272,0.0,0.676101575743478,0.0,0.1498482987484867,0.0,0.0,0.0,0.17405012550803534,0
C000274,0.0,0.0,0.0,0.05657227762251585,0.0,0.47117629616650747,0.0,0.4722514262109767,4
C000275,0.0,0.0,0.025111357760988953,0.41723470702861865,0.0,0.0,0.0,0.5576539352103924,1
C000276,0.04656276611703542,0.0,0.0,0.8378748345683277,0.0,0.09404031655973824,0.0,0.02152208275489864,0
C000281,0.0,0.7138253002494694,0.17407681381569773,0.0,0.0,0.053441205570379395,0.0,0.058656680364453484,0
C000283,0.0,0.0,0.0,0.0,0.0,0.0,0.8620338969407192,0.1379661030592808,3
C000284,0.0,0.0,0.0,0.429226975896858,0.0,0.31387943269793567,0.0,0.2568935914052064,0
C000285,0.0,0.0,0.0,0.10707713682607496,0.0,0.0,0.7729477560963471,0.11997510707757786,1
C000286,0.0,0.0,0.08327508558429195,0.11661979264509424,0.7047367549207768,0.0,0.0,0.09536836684983707,0
C000290,0.0,0.0,0.0,0.5538435020325796,0.0,0.0,0.0,0.4461564979674204,1
C000292,0.7095878157754494,0.0,0.0,0.0,0.0,0.0,0.015950497786084126,0.27446168643846647,2
C000295,0.0,0.044142942522576244,0.0,0.0,0.0,0.0,0.0,0.9558570574774238,1
C000296,0.0,0.0296674321304669,0.0,0.0,0.2886760078384827,0.0,0.0,0.6816565600310505,2
C000297,0.0,0.0,0.10585006281304521,0.0,0.04878998205815442,0.0,0.0,0.8453599551288004,1
C000302,0.0,0.0,0.0,0.0,0.0,0.05219997189510543,0.0,0.9478000281048946,4
C000306,0.3170099347471791,0.0,0.0,0.3699761353643912,0.0,0.0,0.0,0.3130139298884297,3
C000310,0.054264419635220405,0.12247148252775082,0.0,0.0,0.0,0.0,0.0,0.8232640978370288,1
C000311,0.12507480531788373,0.0,0.0,0.0,0.0,0.0,0.0,0.8749251946821163,3
C000313,0.16094639052816967,0.0,0.0,0.07029426267801947,0.002752263597503224,0.0,0.6521528257043858,0.1138542574919218,0
C000319,0.11832292282632267,0.03333676912329419,0.0,0.8093022785817021,0.0,0.0,0.0,0.03903802946868096,3
C000322,0.008160023665779084,0.014145758392427371,0.0,0.0,0.8689550878892744,0.0,0.0,0.10873913005251912,1
C000323,0.17232371496318422,0.0,0.7344369288885861,0.0,0.0,0.0,0.0,0.09323935614822965,4
C000324,0.0,0.10656155540148159,0.049642479252874565,0.13385713734029198,0.0,0.0,0.0,0.7099388280053519,4
C000326,0.0,0.0,0.0,0.0,0.8141343509814056,0.0,0.0,0.18586564901859437,3
C000330,0.13986816341463293,0.2983429279466361,0.1516778797102487,0.0,0.0,0.0,0.32355835332256644,0.08655267560591584,0
C000332,0.0,0.0,0.0,0.8810759796884653,0.0,0.0,0.0,0.1189240203115347,4
C000336,0.0,0.0,0.314212154618517,0.006460433045635947,0.0,0.0,0.6615149572438157,0.017812455092031332,3
C000338,0.3902270038808194,0.03379275029509281,0.03066938144724689,0.0,0.0,0.0,0.0,0.545310864376841,1
C000339,0.0,0.0,0.0,0.0,0.0,0.6625860376721442,0.0,0.3374139623278558,4
C000342,0.0,0.0,0.0,0.03156122704888871,0.14796836396753182,0.45921305848631117,0.0,0.36125735049726826,0
C000343,0.8862019911423957,0.06105955851903295,0.0,0.0032422823519331146,0.0,0.0,0.003326059645049171,0.04617010834158897,0
C000348,0.7398017374103546,0.0,0.10029713494185268,0.0,0.07273783421460916,0.0,0.0,0.08716329343318363,4
C000350,0.08707089416851482,0.0,0.0,0.0,0.7066706201907365,0.11406682636708698,0.0,0.0921916592736618,3
C000351,0.1462100762844924,0.0,0.0,0.0,0.0,0.7332176688411226,0.0,0.12057225487438505,3
C000352,0.0,0.0,0.0,0.0,0.1677756581200386,0.0,0.6979338068957844,0.13429053498417698,2
C000353,0.0,0.0,0.0,0.9491406282557858,0.008361739697034845,0.0,0.0,0.04249763204717938,4
C000356,0.0,0.0,0.1814956035629636,0.7895407070708244,0.0,0.0,0.0,0.028963689366212075,4
C000358,0.06203192145733655,0.0,0.0,0.0,0.045323190285793964,0.0416334758107305,0.0,0.851011412446139,2
C000361,0.06755527506397967,0.0,0.028031358810183142,0.0,0.010615334216594878,0.8093766104363042,0.02984575186659767,0.05457566960634053,0
C000363,0.32089583725482124,0.0,0.0,0.48890496500726804,0.0,0.16110891002964697,0.0,0.029090287708263718,3
C000364,0.0,0.0,0.6322004157184398,0.02835896013136464,0.0,0.0,0.0,0.3394406241501956,0
C000369,0.0,0.030440652489506566,0.18384287884841505,0.0,0.0,0.0,0.06269384574039247,0.723022622921686,0
C000372,0.0,0.0,0.0,0.0,0.0,0.0,0.5483954163650087,0.45160458363499134,0
C000375,0.0,0.0,0.0,0.0,0.0,0.9193394784433235,0.0,0.08066052155667647,0
C000376,0.0,0.01750078171816236,0.13017711144456343,0.20747241447604214,0.0,0.12374805954474928,0.0,0.5211016328164828,0
C000381,0.12117985977460499,0.0,0.0,0.5269695667388439,0.0,0.007221528538638671,0.0,0.34462904494791247,1
C000382,0.0,0.034911115341318376,0.0,0.6350453889148872,0.07206354965016454,0.21593469851474495,0.0,0.04204524757888484,4
C000387,0.06351362210996199,0.0,0.3939178166215701,0.0,0.0,0.0,0.033250342081998785,0.5093182191864691,0
C000388,0.0,0.04439652818497392,0.08358045182226018,0.0,0.0,0.0,0.0,0.8720230199927659,2
C000389,0.0,0.0,0.0,0.0,0.0,0.0,0.3312109782051392,0.6687890217948609,4
C000390,0.0,0.0,0.0,0.0,0.08486507861506927,0.0,0.8467953278398316,0.06833959354509911,0
C000392,0.061483974627609454,0.0,0.0,0.0,0.0,0.0,0.5789716887492726,0.3595443366231179,3
C000394,0.0,0.0,0.0,0.0,0.5562905503020382,0.0,0.0,0.4437094496979618,2
C000400,0.0,0.0,0.0,0.14675987617079536,0.0,0.0,0.0,0.8532401238292047,1
C000401,0.14275826114598186,0.0,0.0,0.0,0.0,0.0,0.0,0.8572417388540181,1
C000403,0.0,0.0,0.7994137605474556,0.0,0.0,0.08227700844211386,0.0,0.11830923101043056,2
C000406,0.0,0.0,0.0,0.061507379355199926,0.0,0.0,0.504070940763012,0.43442167988178815,3
C000407,0.0,0.3782469865414637,0.0,0.0,0.0,0.009907110051028864,0.5152088744754463,0.09663702893206116,3
C000408,0.0,0.0,0.4984018116593656,0.0,0.0,0.0,0.0,0.5015981883406344,3
C000410,0.0,0.5846278194982777,0.09568628747927099,0.06958794044422703,0.14321727194238193,0.012882228426917707,0.0,0.09399845220892478,4
C000414,0.0,0.0,0.0,0.05526476073976936,0.0,0.0,0.023369755832818542,0.9213654834274121,3
C000417,0.0,0.0,0.0,0.3420392157525449,0.0,0.0,0.5026737573264649,0.15528702692099017,2
C000418,0.0,0.0,0.0,0.0,0.0,0.14154580472322947,0.0,0.8584541952767706,1
C000420,0.0,0.8296738895896822,0.0,0.012023765149488554,0.0,0.0036656936345068583,0.1180048565329032,0.036631795093419184,3
C000422,0.0,0.0,0.03420263790629194,0.0,0.04222303836332356,0.0,0.0,0.9235743237303845,3
C000424,0.0,0.29307224333714205,0.0,0.0,0.0,0.6659497458622913,0.0,0.04097801080056662,2
C000425,0.0,0.0,0.0,0.0,0.0,0.0,0.6505901740467114,0.3494098259532886,4
C000426,0.11002926844843242,0.4210709638289436,0.0,0.0,0.0,0.0,0.0,0.468899767722624,2
C000427,0.0,0.0,0.0,0.0,0.0,0.49988712319501005,0.11984011954628085,0.3802727572587091,1
C000428,0.0,0.0,0.0,0.0,0.0,0.055568068747286356,0.0,0.9444319312527136,1
C000431,0.0,0.9910736419874409,0.0,0.0,0.0,0.0,0.0,0.008926358012559144,3
C000433,0.0,0.0,0.3231866003974313,0.0,0.04403277410636019,0.3665410349071034,0.0,0.26623959058910507,0
C000434,0.0,0.0,0.0,0.0,0.0,0.026204305015160464,0.0,0.9737956949848395,2
C000436,0.4343081206361029,0.02392019339476151,0.11379709469519125,0.09261362765470751,0.0,0.13110907968107274,0.07171261715786219,0.13253926678030192,2
C000437,0.0,0.0,0.0,0.0,0.0,0.0,0.0,1.0,2
C000438,0.01524806869099216,0.0238673834779529,0.0,0.0,0.0,0.0,0.9347667171954609,0.02611783063559403,4
C000443,0.11271410531709664,0.0,0.8100032563674089,0.0,0.0,0.0,0.0,0.07728263831549453,2
C000445,0.0,0.0,0.0,0.0,0.0,0.08526566424701647,0.0,0.9147343357529836,3
C000446,0.0,0.0,0.2997521962182279,0.0,0.413435681078339,0.19888047847398227,0.06338316816776934,0.024548476061681423,3
C000447,0.0,0.25845809561119804,0.5905202000519294,0.0,0.0,0.0,0.07950965139075185,0.07151205294612073,0
C000448,0.14624317129831182,0.0,0.0,0.0,0.8431861288046157,0.0,0.0,0.010570699897072489,3
C000452,0.0,0.5838574271419664,0.0,0.0,0.060023644581666556,0.2958736698117087,0.021133870738290848,0.039111387726367464,1
C000453,0.0,0.0,0.09794611633435323,0.13257051521436533,0.3373956470089084,0.0,0.3937377747392085,0.038349946703164495,3
C000454,0.0,0.0,0.18431609859790202,0.0,0.0,0.7484294528613891,0.0,0.06725444854070894,4
C000455,0.09761917194674863,0.3228946552137185,0.0,0.5064441424684106,0.0,0.0,0.0,0.07304203037112222,1
C000456,0.0,0.0,0.0,0.0,0.0,0.04828912834452606,0.4959396431798745,0.4557712284755995,2
C000457,0.4962220051670949,0.05980761416267671,0.2823506077908353,0.0,0.0,0.0,0.0,0.1616197728793931,0
C000458,0.0,0.12537995163013185,0.29258936936764696,0.0,0.192926927980166,0.0,0.0,0.3891037510220552,1
C000461,0.0,0.0,0.7265456247641182,0.0,0.0,0.0,0.0,0.2734543752358818,2
C000462,0.0,0.0,0.004315378455286827,0.0,0.0,0.6891913864475957,0.24306636124861505,0.06342687384850243,2
C000464,0.0,0.0,0.0,0.0,0.07344454094921019,0.0,0.0,0.9265554590507898,1
C000465,0.26669265228668887,0.0,0.54734329969368,0.02480287566441977,0.0,0.0,0.0,0.16116117235521144,2
C000468,0.0,0.0,0.6657231105509683,0.0,0.08037325845115732,0.1507894694907063,0.0,0.10311416150716812,4
C000469,0.0,0.0,0.9838999448842195,0.008884372784162105,0.0,0.0,0.0,0.0072156823316184004,2
C000470,0.0,0.0,0.8645324109150504,0.0,0.0,0.0,0.0,0.1354675890849496,2
C000471,0.2703800193837627,0.0,0.0,0.0,0.0,0.03276122609262915,0.0,0.6968587545236081,0
C000472,0.0,0.0,0.0,0.0,0.0,0.0,0.0,1.0,4
C000473,0.0,0.2534235678133322,0.0,0.024495509121676036,0.5729387539236769,0.0,0.0,0.14914216914131484,4
C000475,0.0,0.0,0.19011586968180855,0.6760274584312878,0.0,0.0,0.0,0.13385667188690364,0
C000477,0.0,0.12899342516723175,0.0,0.0,0.0,0.04768795196224285,0.8092526242832421,0.014065998587283302,0
C000481,0.2338879882252733,0.510622673256085,0.0,0.0,0.05105818032333935,0.09132960064752202,0.0,0.11310155754778028,4
C000482,0.0,0.007761659949280864,0.0,0.0,0.05884051592221033,0.0,0.801056890639259,0.1323409334892498,0
C000484,0.0,0.0,0.0,0.15386070967643098,0.0,0.0,0.0,0.846139290323569,1
C000492,0.15939346500590396,0.15864104250869568,0.42055642761914497,0.0,0.0071447373824408324,0.05613412620955267,0.06416055211392682,0.13396964916033516,1
C000493,0.0,0.04660422608354645,0.0,0.02380926644703043,0.4419955920413219,0.0,0.10337771045508808,0.38421320497301326,2
C000497,0.0,0.0,0.010405027759231725,0.6701160450359561,0.0,0.04628133291782578,0.015407928614780967,0.2577896656722054,0
C000498,0.1823630238596471,0.0,0.0,0.2754191285594188,0.0,0.0,0.0,0.542217847580934,3
C000502,0.0,0.0,0.44199169367812563,0.0,0.06444866501718079,0.012613127041262731,0.4062901540679627,0.07465636019546817,1
C000503,0.617393728804299,0.0,0.2718353170534306,0.0,0.008720047593123429,0.001420432635643921,0.03219373292159767,0.06843674099190533,4
C000504,0.0,0.05846180653601123,0.0,0.0,0.44559250108566717,0.045062346591545434,0.0,0.45088334578677625,2
C000506,0.0,0.0,0.01509187012640363,0.0,0.14709468057613612,0.6707364576405982,0.0,0.16707699165686207,4
C000508,0.0,0.16550264541251164,0.0,0.0,0.02938872909732966,0.17084032630340357,0.0,0.6342682991867552,0
C000509,0.0,0.04315122151192875,0.0,0.0,0.0,0.030504134156720764,0.5800200909406192,0.3463245533907312,4
C000511,0.0,0.04400758383671746,0.0,0.16877420879458588,0.02871846133600815,0.4984019885614061,0.011143799842310018,0.24895395762897232,4
C000512,0.0,0.8234305681855083,0.0,0.0,0.0,0.0,0.0,0.1765694318144917,3
C000513,0.0,0.0,0.32253954111188404,0.0,0.0,0.0,0.0,0.6774604588881159,0
C000516,0.0,0.0,0.02147734510523155,0.0,0.13978308042406604,0.0,0.694983830465317,0.14375574400538538,3
C000518,0.6981807247937994,0.0,0.0,0.03301784055359891,0.13096684659037566,0.0896718257377397,0.0,0.04816276232448635,3
C000521,0.0,0.6160307184508182,0.0,0.0,0.33545161192354717,0.0,0.0,0.04851766962563464,3
C000523,0.7078726762611175,0.14020776840661428,0.0,0.06331611243093464,0.0,0.0,0.0,0.0886034429013336,3
C000526,0.0,0.0,0.0,0.0,0.0,0.03706038216256201,0.08577260587917765,0.8771670119582603,0
C000529,0.5905224222440684,0.0,0.0,0.0,0.0,0.0,0.0,0.40947757775593163,0
C000531,0.0,0.04643806233338627,0.6978696263084372,0.0,0.0,0.17995047419697865,0.0019450061008732525,0.07379683106032464,4
C000532,0.4111235729485583,0.0,0.0,0.27168557337280363,0.0,0.0,0.0,0.3171908536786381,4
C000534,0.7823623518944065,0.0,0.1824907107321282,0.0,0.019129568108900666,0.0,0.00917779747727339,0.006839571787291221,2
C000536,0.0,0.0725220130383369,0.5585148624027977,0.0,0.0,0.1620014482653405,0.1337026173783497,0.07325905891517515,0
C000539,0.0,0.6097609559558823,0.07440792490253781,0.04725141753256317,0.0,0.0,0.017960049122916998,0.25061965248609974,3
C000540,0.0,0.0,0.5235473814943671,0.0,0.0,0.09058223105496031,0.024047185614263302,0.36182320183640926,4
C000543,0.0,0.12826294030663915,0.0,0.8572502004711221,0.0,0.0,0.0,0.01448685922223869,4
C000544,0.0,0.0,0.0,0.0,0.0,0.0,0.0,1.0,4
C000548,0.0,0.0,0.0,0.16902393214785075,0.4251415434853848,0.060354289659836496,0.0,0.345480234706928,0
C000549,0.5284338154909525,0.0,0.0,0.03404417590213154,0.3063094803613176,0.1228485120286304,0.0,0.008364016216968029,2
C000550,0.0,0.0,0.0,0.0,0.0,0.0,0.045753024978616795,0.9542469750213832,2
C000551,0.0,0.2523574151407014,0.42440411976993386,0.18617317380224987,0.0,0.0,0.0,0.13706529128711487,1
C000552,0.0,0.0,0.0,0.045047264814486516,0.0,0.0,0.0,0.9549527351855135,0
C000555,0.29971451672597055,0.0,0.0,0.034156187416939265,0.0,0.0,0.011486990126966315,0.6546423057301238,3
C000556,0.0,0.0,0.17350600280871797,0.0,0.0,0.45108610393779247,0.0,0.37540789325348956,0
C000557,0.2332864316906505,0.0,0.0,0.21512481291840424,0.0,0.18856092317874817,0.0,0.36302783221219714,2
C000558,0.0,0.0,0.07220815318466314,0.0,0.0,0.0,0.0,0.9277918468153369,1
C000559,0.0,0.0,0.0,0.15716326884713383,0.0,0.6222407939105776,0.11666181339091308,0.10393412385137546,4
C000561,0.0,0.0,0.0,0.0,0.0,0.0,0.0,1.0,1
C000563,0.0,0.0,0.0,0.2725555784518401,0.0,0.5440726107204495,0.0,0.18337181082771037,0
C000564,0.0,0.0,0.0,0.08913443649734916,0.8153472794832938,0.0,0.014447024895783941,0.08107125912357305,1
C000567,0.9666483848126073,0.0,0.0,0.0,0.0,0.0,0.0,0.033351615187392714,3
C000579,0.05792580468257083,0.4683818719243487,0.0,0.03196247987659408,0.0,0.0,0.14168102546211522,0.3000488180543711,2
C000580,0.8208811874325141,0.0,0.0,0.022466117749999424,0.15210185226610654,0.0,0.0,0.004550842551379941,3
C000586,0.0,0.0,0.0,0.0,0.010008516140978549,0.0,0.6249276313460869,0.3650638525129346,2
C000587,0.0,0.694624307161495,0.031847866278236624,0.0,0.015101126373525703,0.24553401532096145,0.0,0.012892684865781212,0
C000588,0.6025429663404015,0.0,0.0,0.0,0.0,0.0,0.0,0.3974570336595985,1
C000592,0.0,0.0,0.0,0.16707805399004616,0.7150464189256974,0.06912553582178113,0.0,0.048749991262475256,3
C000596,0.8650195973849512,0.0,0.0,0.0,0.0,0.0,0.0,0.13498040261504884,3
C000597,0.7001617286862905,0.0,0.15725813068508052,0.0,0.0,0.0,0.01162643487413125,0.13095370575449772,4
C000599,0.0,0.0,0.1866985172742179,0.19294988678285935,0.0,0.0,0.0,0.6203515959429228,4
C000600,0.054676970254675744,0.0,0.0,0.0,0.16763966498870228,0.0,0.5216378785160797,0.25604548624054235,2
C000602,0.195090518163994,0.0,0.0,0.0,0.0,0.12548313039707537,0.0,0.6794263514389306,2
C000605,0.22842656183378243,0.0,0.0,0.5474073644347291,0.01708940866150396,0.03156857896865851,0.0,0.17550808610132596,3
C000606,0.0,0.0,0.0,0.0,0.0,0.0,0.90247978705943,0.09752021294057,1
C000607,0.6901559393120971,0.0,0.0,0.0,0.0,0.0,0.0,0.30984406068790293,2
C000609,0.515169262740388,0.0,0.18456025197575418,0.0,0.0,0.0,0.03305860061256712,0.26721188467129064,3
C000612,0.0,0.8584667455638058,0.0777706595724361,0.0,0.0,0.0,0.0,0.06376259486375813,2
C000615,0.0,0.2438515473072549,0.0,0.0,0.0,0.28944212980499123,0.4223057920264685,0.04440053086128537,1
C000617,0.04837150266853746,0.0,0.04889655800330009,0.0,0.0,0.0,0.0,0.9027319393281624,1
C000618,0.0,0.0,0.0,0.0,0.0,0.8214866081470942,0.04840868374637304,0.13010470810653274,2
C000620,0.04762379911362631,0.0,0.5728451070157677,0.0,0.0,0.008976627874723673,0.1600858966374641,0.21046856935841818,0
C000621,0.0,0.0,0.0,0.0,0.0,0.0,0.6245966391252709,0.37540336087472914,0
C000622,0.06947946012135894,0.0,0.016314403300057054,0.21062335430836426,0.30519298523867666,0.0,0.04711626903807366,0.35127352799346945,3
C000624,0.0,0.0,0.0,0.0,0.0,0.0,0.0,1.0,1
C000626,0.3189405244593296,0.0,0.0,0.0,0.0,0.12593132211191643,0.3783642680578424,0.1767638853709116,3
C000627,0.0,0.0,0.0,0.019061097799288055,0.03701020239727535,0.0,0.0,0.9439286998034366,2
C000629,0.9856478057830069,0.004355441952046655,0.0,0.003469845365388311,0.0,0.0,0.0,0.006526906899558149,2
C000630,0.0,0.0,0.0,0.0,0.0,0.11895279980514767,0.28878756325377214,0.5922596369410802,0
C000633,0.0,0.41225221364565,0.0,0.0,0.09556059484761402,0.0,0.12454323527924259,0.36764395622749335,0
C000636,0.5554063116178989,0.0,0.3996693191885736,0.0,0.0,0.0,0.0,0.04492436919352749,1
C000638,0.07877226477590392,0.006601059642082756,0.0,0.0,0.0,0.902632834805623,0.0,0.01199384077639043,1
C000639,0.0,0.0,0.02224949139899685,0.31864946310628406,0.08855407626074381,0.0,0.0,0.5705469692339753,1
C000640,0.0,0.0,0.8218162107350632,0.0,0.0,0.0,0.0,0.17818378926493683,0
C000641,0.0,0.00037915642173161053,0.0004748262890259142,0.018687115665634708,0.05821646872905757,0.0,0.911951894792615,0.010290538101935254,3
C000644,0.018748780332533632,0.0,0.0,0.0,0.0,0.23893188847557406,0.5710673762650097,0.1712519549268826,2
C000645,0.07029809587904291,0.4826031633169691,0.3444700520651681,0.0,0.0,0.0,0.001546670759176814,0.101082017979643,1
C000647,0.01068362679007041,0.0,0.1452861794787868,0.5523538627712822,0.0,0.0,0.07338835321246608,0.2182879777473946,1
C000648,0.0,0.4009943067767211,0.0,0.0,0.18869025784966684,0.0,0.010010272134697273,0.40030516323891474,0
C000649,0.0,0.6765176937898283,0.0,0.12656118521033297,0.010918009126928974,0.0,0.14260183925609857,0.04340127261681115,2
C000651,0.0,0.0,0.0,0.0,0.0,0.6788050239551131,0.2777979815866005,0.043396994458286375,3
C000652,0.1567529346013201,0.0,0.1306949204331455,0.02070656471030107,0.0,0.4885582120074695,0.18179929551455262,0.021488072733211183,3
C000657,0.0,0.0,0.0,0.0,0.0,0.0,0.7954121875789135,0.20458781242108648,2
C000660,0.027775719726573386,0.010641996781469593,0.19787478824229088,0.015237826731209325,0.0,0.0,0.0,0.7484696685184569,4
C000665,0.0,0.0,0.0,0.8306850291805655,0.0,0.0,0.0,0.16931497081943447,1
C000666,0.0,0.8334589489568479,0.0,0.0,0.0,0.0,0.0,0.1665410510431521,1
C000667,0.21075990630023062,0.0,0.2935399863093718,0.4730037307649786,0.0,0.0,0.000678764993466855,0.02201761163195215,0
C000668,0.0,0.0,0.0,0.0,0.5363696645839681,0.0,0.35477050906075236,0.10885982635527958,4
C000669,0.0,0.0,0.0,0.030765293225722086,0.5866791023494906,0.0,0.0,0.3825556044247873,3
C000670,0.0,0.0,0.3561670400543476,0.0,0.0,0.0,0.6225969961180808,0.021235963827571647,3
C000672,0.34495748028952017,0.0,0.0,0.0,0.0,0.0,0.49897422538719444,0.1560682943232854,4
C000675,0.0,0.0,0.0,0.0,0.0,0.0,0.46179380202601245,0.5382061979739876,2
C000677,0.0,0.0,0.0,0.0,0.0,0.0,0.0,1.0,4
C000678,0.0,0.0,0.0,0.6661835871129035,0.2663061945106867,0.0,0.0,0.0675102183764098,1
C000679,0.07890780498458325,0.0,0.0,0.23457196821158627,0.0,0.015503625703847565,0.5907607934834792,0.08025580761650375,2
C000680,0.20578888196524225,0.07001295863482543,0.0,0.06906100595333668,0.0,0.3423580140635447,0.0,0.3127791393830509,4
C000681,0.08272186468950934,0.0,0.0,0.016385672305995153,0.0,0.0,0.21369282605957426,0.6871996369449213,1
C000682,0.17064589507481442,0.06954400542287979,0.659390838834665,0.0,0.011876505925333753,0.0,0.006199879836452301,0.08234287490585479,0
C000683,0.08051558382927425,0.38774883974617047,0.0,0.0,0.0,0.0,0.4803444144949116,0.05139116192964366,3
C000684,0.8134410351710708,0.0017315697497208076,0.0,0.16695134590047836,0.0,0.0,0.0,0.01787604917873009,3
C000694,0.13679455298901905,0.05591672462064519,0.0,0.0,0.0,0.0,0.0,0.8072887223903358,4
C000696,0.0,0.0,0.038338630961531776,0.0,0.9521690520189263,0.0,0.0,0.009492317019541896,2
C000699,0.0,0.012126378388242463,0.0,0.0,0.0,0.0,0.9365604510793614,0.051313170532396146,1
C000700,0.0,0.0,0.16005499762799377,0.0,0.7156585599260161,0.0,0.0,0.12428644244599008,3
C000701,0.03715071449938796,0.40419013444662943,0.0,0.017967066440996347,0.4313895347398372,0.0,0.0,0.10930254987314902,3
C000702,0.0,0.0,0.0828716307223622,0.0,0.0,0.036831978151597555,0.0,0.8802963911260402,3
C000705,0.0,0.1673523601912426,0.0,0.0,0.0,0.0,0.5254838980898228,0.30716374171893457,4
C000707,0.0,0.0,0.0,0.0,0.0,0.8070352597816858,0.0,0.19296474021831422,0
C000709,0.0,0.0,0.1500280852972945,0.0,0.0,0.8215582792433496,0.0011325514004426867,0.027281084058913274,1
C000712,0.19022163627322414,0.1583890356044355,0.0,0.0,0.266848949765255,0.0,0.0,0.3845403783570853,0
C000713,0.0,0.09751211680072175,0.0,0.21558344469524843,0.04011582534361569,0.38320034494762856,0.1719376130088208,0.09165065520396476,2
C000717,0.21733416591395113,0.0,0.608154880384348,0.0,0.0,0.0,0.0,0.1745109537017009,3
C000721,0.0,0.0,0.0,0.0,0.2036970301597441,0.0,0.0,0.796302969840256,1
C000725,0.057445316587815716,0.0,0.0,0.0,0.2320105660995677,0.6342389102058739,0.0,0.07630520710674271,3
C000728,0.0,0.40437020311019156,0.5298971175769467,0.02841120852436804,0.0,0.0,0.0,0.03732147078849368,1
C000732,0.01139643327936409,0.0,0.2731378158316796,0.0,0.0,0.0,0.0,0.7154657508889564,1
C000734,0.0,0.0,0.0,0.0,0.0,0.0,0.7894525847907662,0.2105474152092338,0
C000735,0.0,0.0,0.7674912551397224,0.0,0.0,0.0,0.09268234117305778,0.13982640368721988,4
C000737,0.0749035154911534,0.0,0.12127363285592906,0.0,0.0,0.671069423487986,0.0,0.13275342816493152,2
C000738,0.0,0.0,0.0,0.0,0.0,0.025317959322528692,0.0,0.9746820406774713,2
C000743,0.03533435775432655,0.05646796420364642,0.0,0.0,0.0,0.0,0.0,0.908197678042027,1
C000746,0.0,0.0,0.0,0.034355597636898584,0.0,0.0,0.019748816135847405,0.945895586227254,0
C000747,0.0,0.0,0.5650301654103821,0.0,0.0,0.0,0.10679593567874737,0.32817389891087057,1
C000749,0.17362294090833022,0.18570223014175977,0.5031331060076892,0.0,0.0,0.0,0.0,0.13754172294222078,0
C000750,0.0,0.0,0.024672602882444914,0.0,0.0,0.0,0.0,0.9753273971175551,2
C000756,0.0,0.0,0.0,0.0,0.8113096414158057,0.0,0.0,0.18869035858419425,1
C000758,0.0,0.0,0.0,0.0,0.07986711937131359,0.016979808784808224,0.0,0.9031530718438782,0
C000761,0.5545564144600453,0.0,0.0,0.21468362382451367,0.0,0.0,0.0,0.230759961715441,1
C000763,0.25241423180664957,0.0,0.0,0.0,0.0,0.0,0.5326548082346845,0.21493095995866596,0
C000764,0.0,0.0,0.5349533063492661,0.0,0.04636201494159154,0.04609168142849419,0.021727013140316324,0.3508659841403319,0
C000766,0.0,0.0,0.0,0.0,0.0,0.0,0.10699490926765245,0.8930050907323476,3
C000769,0.0,0.0,0.026079190706678742,0.10204431397455747,0.0,0.0,0.0,0.8718764953187638,3
C000771,0.0,0.0,0.0,0.0,0.0,0.0,0.8846579707004496,0.1153420292995504,3
C000772,0.0,0.0,0.6264914058385854,0.12339890185247097,0.0,0.0,0.1770192702818838,0.07309042202705984,0
C000775,0.0,0.0,0.0,0.0,0.0,0.0,0.0,1.0,3
C000776,0.0,0.00375273999566187,0.0,0.724365123912689,0.0,0.0,0.11340529975367428,0.15847683633797482,1
C000778,0.4103497089148934,0.03348332496389557,0.0,0.0,0.0,0.2263857728250428,0.0,0.3297811932961683,0
C000781,0.0,0.0010214515524098317,0.14283745257968875,0.8291778912625472,0.0,0.00297655868511204,0.0,0.023986645920242244,1
C000783,0.0,0.0,0.0,0.0,0.0,0.0,0.0,1.0,1
C000787,0.0,0.12008899438755258,0.0,0.0,0.8047861844477274,0.0,0.0,0.07512482116471997,1
C000792,0.0,0.35068703668356976,0.0,0.08091298116964406,0.0,0.3140399976802048,0.0,0.25435998446658137,3
C000793,0.0,0.06268945759284958,0.0,0.07326029684580321,0.0,0.0,0.6281532533728792,0.23589699218846805,4
C000794,0.0,0.1648817301525389,0.0,0.033877396761088474,0.6320213473767238,0.0,0.003383551438561776,0.1658359742710871,4
C000799,0.0,0.0,0.0,0.0,0.0,0.0,0.07069459806586027,0.9293054019341397,0
C000800,0.005617506489364814,0.0,0.0,0.0,0.6204231835577568,0.23487130151373514,0.0,0.13908800843914326,4
C000805,0.014095655765986754,0.9504812459259498,0.0,0.0,0.02184518668449476,0.0,0.0010797329261709916,0.012498178697397666,3
C000807,0.274035395889422,0.0,0.0,0.0,0.3489812053728574,0.0,0.0,0.3769833987377207,2
C000808,0.0,0.0,0.005322624171906728,0.0,0.02963236261621166,0.34103724436859517,0.101123604854207,0.5228841639890794,2
C000815,0.0,0.0,0.0,0.0,0.0,0.18906424401214672,0.0,0.8109357559878533,3
C000819,0.7018021853458445,0.0,0.2185631600160479,0.0,0.0,0.0,0.0,0.0796346546381076,3
C000821,0.0,0.0,0.7439750286350937,0.0863882405471469,0.0,0.0,0.1499743128591576,0.019662417958601797,1
C000822,0.05852240407302491,0.0,0.0,0.051384657015465234,0.0,0.0,0.0,0.8900929389115099,2
C000823,0.420417807502255,0.22006969374483681,0.0,0.0,0.0,0.02656401634909443,0.22584946300971764,0.10709901939409605,2
C000826,0.1043763417609393,0.0767400334070846,0.11894975181247826,0.0,0.0,0.5964593126781497,0.0,0.10347456034134817,0
C000827,0.0,0.0,0.16886578742292085,0.0,0.0,0.0,0.0,0.8311342125770791,3
C000829,0.0,0.0,0.0,0.0,0.0,0.0,0.0,1.0,3
C000831,0.0,0.004476030127386387,0.7231990785739468,0.0077155414242515786,0.0,0.237004325852201,0.002954164576347639,0.024650859445866535,4
C000832,0.22328912943778764,0.0,0.07185739928406928,0.0,0.0,0.0,0.4424445853139969,0.26240888596414624,4
C000835,0.4648086919131353,0.0,0.0,0.061675052329958804,0.028365641211393667,0.11855188851892444,0.23589059633997664,0.09070812968661124,0
C000836,0.22477848093975053,0.026013191600839553,0.0,0.0,0.0,0.0,0.6983177853640633,0.0508905420953466,0
C000837,0.0,0.0,0.3751215227648999,0.0,0.049930311886165354,0.5241896451050508,0.006147207181059702,0.044611313062824176,4
C000840,0.0,0.0,0.0,0.0,0.8535727538015976,0.0,0.0,0.14642724619840242,4
C000841,0.500209024989076,0.14208742301088045,0.0,0.027060276480192554,0.0,0.04637995958401112,0.0,0.28426331593583987,2
C000842,0.0,0.0,0.0,0.4014900280503882,0.025573045955657018,0.40418571861264285,0.0,0.168751207381312,4
C000843,0.0,0.0,0.0,0.0,0.2183093565638649,0.0,0.0,0.781690643436135,2
C000844,0.14279668585018196,0.06532925588184385,0.0,0.6951816837368089,0.06467964175090966,0.0,0.0,0.032012732780255626,4
C000850,0.0,0.0,0.0,0.7806805526417253,0.0,0.0,0.0,0.2193194473582747,1
C000851,0.0,0.1893581912180241,0.0,0.0,0.12344552448014859,0.6447269474431231,0.0,0.04246933685870424,4
C000854,0.0,0.14875879311969084,0.40400372787819055,0.0,0.0,0.3220315266081832,0.06335156843619806,0.06185438395773746,0
C000856,0.03621376039825598,0.07905455679505546,0.0,0.0,0.0,0.23392217184235983,0.0,0.6508095109643287,1
C000857,0.2923258108558068,0.14749045149553044,0.0,0.0,0.0,0.0,0.4844995958523539,0.07568414179630889,2
C000858,0.1346707139827688,0.0,0.0,0.827205450787866,0.0,0.0,0.0,0.03812383522936513,3
C000859,0.0,0.0,0.4304781182067883,0.5423637643292357,0.0,0.0,0.0,0.027158117463976006,3
C000862,0.0,0.0,0.0,0.26608023301780775,0.0,0.6192470289601877,0.0,0.1146727380220045,2
C000865,0.0,0.0,0.032328697946361645,0.0,0.11533814028603251,0.0,0.0,0.8523331617676059,2
C000868,0.0,0.0,0.0,0.029682311405693905,0.0,0.024367182369817948,0.0,0.9459505062244882,2
C000873,0.07665523508616215,0.0,0.0,0.0,0.0,0.0,0.6800555821378643,0.24328918277597356,4
C000874,0.08810610048349325,0.052305764526072926,0.21032880700501502,0.47691185197243063,0.0024950177874339032,0.0,0.04101237844293305,0.12884007978262124,2
C000877,0.002569150230566684,0.0014767264357892825,0.0,0.0,0.0018231051005076463,0.8874033592559365,0.041706644227714355,0.06502101474948563,1
C000878,0.04519474311267898,0.0,0.0,0.001124752147982465,0.0,0.8203870374048138,0.10686757856340251,0.026425888771122175,1
C000880,0.0,0.0,0.0,0.0,0.0,0.030129198781043254,0.9501601665769636,0.019710634641993185,1
C000883,0.0,0.20228949652027609,0.0,0.0,0.0,0.2284952507417491,0.36872814083109673,0.20048711190687807,3
C000885,0.3100452965606124,0.0,0.0,0.29341692144067844,0.08160720661630333,0.25913033033563526,0.0,0.055800245046770613,0
C000886,0.0,0.047628564263771794,0.0,0.0,0.0,0.012306387576818009,0.885491501592612,0.05457354656679814,0
C000887,0.7240464813284322,0.0,0.24067657177398177,0.0,0.0,0.0,0.0,0.03527694689758598,3
C000889,0.0,0.0,0.05251113435543438,0.0,0.5763939580243332,0.0,0.0,0.37109490762023234,0
C000891,0.029898041722713535,0.1337328842405152,0.49106295456911364,0.051212008160506244,0.0,0.1673467763791985,0.0,0.12674733492795298,2
C000892,0.0,0.0,0.8504563338462497,0.07007745392239172,0.0,0.0,0.0,0.07946621223135852,4
C000894,0.0,0.1723831039812071,0.0,0.022691823942883146,0.0,0.0,0.6984821579088032,0.1064429141671066,3
C000895,0.747566172845859,0.0,0.014461007910229555,0.0,0.0,0.0,0.11861700403865032,0.11935581520526117,3
C000901,0.0,0.0,0.0,0.0,0.0,0.13923570886096687,0.2728588805358758,0.5879054106031574,3
C000903,0.0,0.0,0.672522144879492,0.0,0.0,0.27575530370816426,0.0,0.05172255141234372,2
C000904,0.08086870021476408,0.0,0.0,0.0,0.0,0.8325374719675308,0.0011575860265940863,0.08543624179111098,0
C000905,0.0,0.0,0.09590048849377224,0.0,0.0,0.0,0.0,0.9040995115062278,2
C000907,0.0023571284798673746,0.0,0.22155730690173975,0.18012818477715126,0.0,0.5318205622092963,0.0,0.06413681763194534,2
C000911,0.3050073166345837,0.24732028259184533,0.0,0.0,0.069113823391352,0.0,0.0,0.378558577382219,0
C000912,0.0,0.08817012879752176,0.1537158453940902,0.0,0.0,0.25064627995308414,0.0,0.5074677458553039,1
C000914,0.0,0.0,0.9590109046267542,0.0,0.0,0.0,0.0,0.0409890953732458,1
C000916,0.3268216601657395,0.0,0.0,0.6031159562368786,0.0,0.0,0.0,0.07006238359738193,4
C000917,0.5762295621527178,0.0,0.0,0.009422579962998561,0.0,0.2820655638497951,0.0,0.13228229403448855,3
C000920,0.0,0.0,0.0,0.0,0.01084986715392672,0.4173826495982542,0.2954225502782091,0.27634493296960994,0
C000921,0.0,0.0,0.0,0.0,0.03379063803988127,0.0,0.6350976252398417,0.33111173672027705,0
C000922,0.11079291888335067,0.030558698988454955,0.0,0.0,0.0,0.0,0.23776490685385585,0.6208834752743385,2
C000923,0.0,0.0,0.0,0.5829775827774031,0.0,0.0,0.3443409444716375,0.07268147275095949,1
C000926,0.09144958241022343,0.814386216116313,0.042473526269172494,0.0,0.0,0.0,0.0,0.05169067520429116,1
C000927,0.45552084253644815,0.0,0.4440200724874108,0.03673310842318193,0.0,0.0,0.0,0.0637259765529592,2
C000930,0.10548436420190206,0.0,0.0,0.0,0.0,0.31165266911279665,0.0,0.5828629666853014,3
C000931,0.0,0.06283267640313955,0.0,0.0,0.0,0.0,0.0,0.9371673235968605,2
C000932,0.0,0.07495427496567449,0.0,0.0,0.2930723746565826,0.0,0.15273020694789718,0.47924314342984575,2
C000933,0.0,0.9899834197635048,0.0,0.0,0.0,0.0015168823906322206,0.0,0.008499697845863019,0
C000936,0.148096764694398,0.05318164840200633,0.2158012274420417,0.0,0.40401496154404054,0.08509175632266253,0.0,0.09381364159485095,4
C000938,0.02547145315112685,0.27928788171242064,0.0,0.17778686018288975,0.023447591107492435,0.0,0.15164579648111504,0.34236041736495526,1
C000942,0.0,0.08477154963778367,0.0,0.11316756076252223,0.0,0.5745170935951656,0.1457596625354973,0.08178413346903124,1
C000948,0.07984297671855012,0.0,0.023560082322523827,0.27601300014249786,0.0,0.0,0.0,0.6205839408164282,2
C000949,0.028602387109688376,0.0,0.0,0.008348121648495285,0.0,0.0,0.9248595128442483,0.0381899783975681,0
C000950,0.0,0.0,0.0,0.0,0.0,0.09182353958720461,0.029691048210752607,0.8784854122020428,3
C000951,0.7524617426449577,0.0,0.0,0.0,0.2132602979434642,0.0,0.0,0.034277959411578074,0
C000954,0.0,0.602598658270011,0.0,0.059443776766009676,0.02816626136967381,0.2632102299861852,0.0,0.04658107360812025,4
C000956,0.0,0.0,0.0,0.0,0.0,0.1271023812334874,0.7773486985380552,0.0955489202284574,0
C000957,0.03392074020924769,0.48792381606321067,0.0,0.013972977754214974,0.43679167877553104,0.0,0.0,0.02739078719779553,2
C000958,0.0,0.0,0.0,0.0,0.0,0.8066375709743491,0.0,0.19336242902565093,1
C000959,0.0,0.0,0.0,0.0,0.0,0.0,0.4987012439320664,0.5012987560679336,4
C000964,0.0,0.16845776879830315,0.0,0.0,0.0,0.08340522902708243,0.6332760086658682,0.11486099350874623,4
C000965,0.0,0.0,0.30493379462890985,0.0,0.20454135953923697,0.0,0.0,0.4905248458318532,0
C000966,0.0,0.12578046345310945,0.0,0.055229142183667077,0.0,0.0,0.5216605209061032,0.29732987345712036,1
C000967,0.0,0.7829019026664472,0.0,0.0,0.0,0.0,0.0,0.2170980973335528,4
C000968,0.0,0.0,0.20277831427952056,0.0,0.0,0.0,0.7601292478940999,0.03709243782637961,4
C000971,0.0,0.06111317752513243,0.0,0.0,0.6659864033228278,0.0,0.19742840114098337,0.07547201801105641,3
C000972,0.0,0.0,0.05472901512826729,0.0,0.5083385841811265,0.0,0.15658687078954003,0.2803455299010661,1
C000974,0.4406340113130238,0.2777436852056886,0.12974724425498638,0.0,0.0,0.0,0.0,0.15187505922630118,0
C000975,0.05399530240604958,0.0,0.0,0.0,0.8982762085196452,0.0,0.0,0.04772848907430527,4
C000977,0.0,0.0,0.0,0.0,0.0,0.0,0.8932721022375278,0.10672789776247216,0
C000980,0.0,0.0,0.972092602231472,0.0,0.0,0.00658815088614718,0.0,0.02131924688238085,3
C000981,0.0,0.0,0.03438201387528856,0.0,0.012335825461008669,0.0436220036522468,0.0,0.909660157011456,0
C000983,0.1626686169430266,0.0,0.07027839353639809,0.0,0.615609406109942,0.0,0.0,0.15144358341063335,1
C000985,0.0,0.03461650657687082,0.0,0.5510846697334446,0.0,0.0,0.0,0.4142988236896845,0
C000988,0.0,0.0,0.0,0.0,0.3364790409521479,0.0,0.2945631448741891,0.3689578141736629,2
C000990,0.018124822227963234,0.0,0.1253091018779796,0.6171444094380282,0.0,0.09607553687941048,0.0,0.1433461295766184,0
C000993,0.0,0.5888344574231698,0.0,0.0,0.3198600153801967,0.0016636603627950253,0.06725415608711081,0.02238771074672774,4
C000994,0.0,0.0,0.0,0.5313762924121338,0.0,0.0,0.1508817217403232,0.317741985847543,4
C000996,0.020935591420641116,0.11669554991199389,0.0,0.0,0.0,0.8172055947101425,0.0,0.04516326395722248,1
C000997,0.0,0.9627492879486106,0.0,0.0,0.0,0.0,0.0,0.03725071205138941,3
C000998,0.0,0.617598401678925,0.0,0.0,0.0,0.0,0.0,0.382401598321075,4
C000999,0.0,0.018645826984516264,0.0,0.0,0.18422448412449233,0.03522699585226294,0.028446494583679947,0.7334561984550485,0
C001000,0.0,0.0,0.1991808851852646,0.0,0.0,0.0,0.24189858255576968,0.5589205322589657,3
C001002,0.006342137590618706,0.0,0.0,0.014444827131253744,0.874584320521415,0.0,0.0,0.10462871475671254,3
C001004,0.0,0.0,0.0,0.5384460251349886,0.0,0.12399579620982595,0.0,0.33755817865518545,0
C001006,0.8775503126351495,0.0,0.0,0.0,0.0,0.0,0.0,0.12244968736485051,4
C001008,0.0,0.7394166206944769,0.0,0.0,0.0,0.0,0.016253495035516832,0.24432988427000624,4
C001013,0.0,0.0,0.0,0.0,0.0,0.010808659622790595,0.0,0.9891913403772095,0
C001018,0.0,0.0,0.0,0.0,0.0,0.06417964393287315,0.0,0.9358203560671269,2
C001020,0.0,0.0,0.0,0.0,0.0,0.6442276810809179,0.24841691620732648,0.10735540271175559,3
C001021,0.012847044219869343,0.04908476403354592,0.0,0.0,0.0,0.0,0.0,0.9380681917465847,3
C001022,0.0,0.2805574128078211,0.0,0.0,0.0,0.02070167890931147,0.058926437825294546,0.6398144704575729,4
C001024,0.0,0.0,0.14397488302675712,0.6469661205746576,0.0,0.0,0.09830176599389726,0.11075723040468799,2
C001027,0.0,0.10665754455391296,0.0,0.6775935377618999,0.1452147308635701,0.0,0.0,0.07053418682061707,0
C001028,0.0,0.022607557156042974,0.0,0.0,0.0,0.7389197687669616,0.21784398553588794,0.020628688541107443,1
C001029,0.0,0.1908202683344888,0.0,0.0,0.0,0.591019563189221,0.08512830744105354,0.13303186103523656,0
C001030,0.0,0.0,0.0,0.0,0.24569531481991236,0.0,0.10763783162515142,0.6466668535549362,4
C001033,0.015036741004381723,0.0,0.0,0.0,0.0,0.0,0.5124874602031243,0.472475798792494,2
C001035,0.0,0.0,0.5815578060239787,0.0,0.0,0.2829443478328885,0.0,0.13549784614313287,1
C001037,0.0,0.023258156870519957,0.0,0.09508426687614213,0.027851170905823695,0.0,0.0,0.8538064053475142,2
C001038,0.0,0.0,0.0,0.12836596990399599,0.34471736577495576,0.0,0.03925758055228869,0.48765908376875955,2
C001040,0.0,0.10270146055060654,0.24315642633034507,0.011575710495000243,0.0,0.563746049459419,0.0,0.07882035316462921,4
C001043,0.7783887130285639,0.0,0.0,0.06941560016990576,0.024631948448954763,0.10833926823411155,0.0,0.019224470118463954,4
C001046,0.0,0.9611736676335763,0.0,0.0,0.002534670652065629,0.0,0.02473619961025298,0.011555462104105185,2
C001050,0.0,0.17330968659493687,0.04191500514053022,0.0,0.3845263458503243,0.06259920871041813,0.0,0.33764975370379047,3
C001051,0.0,0.0,0.0,0.062137581762890845,0.4165158406730692,0.08285744907149688,0.05138514223299797,0.3871039862595451,1
C001055,0.0,0.0,0.0,0.0,0.0,0.0,0.0,1.0,2
C001056,0.0,0.0,0.20258167709563607,0.1478451747768911,0.6085377538988768,0.0030413028299979034,0.0,0.03799409139859811,1
C001060,0.0,0.0,0.47428947402810734,0.0,0.0,0.0,0.0,0.5257105259718926,1
C001061,0.09256072231424026,0.0,0.0,0.0,0.02806296247918953,0.0,0.11699132791764225,0.7623849872889279,4
C001062,0.0,0.0,0.0,0.0,0.37847712889213164,0.036979566186679774,0.08936475627047284,0.49517854865071576,0
C001063,0.7075664004246492,0.0,0.0,0.0,0.02376114626637615,0.0,0.0,0.2686724533089746,4
C001064,0.0,0.0,0.05919067101381961,0.0,0.0,0.9193570774535136,0.0,0.021452251532666833,4
C001066,0.0,0.0,0.0,0.0,0.7970763017089773,0.0,0.0,0.20292369829102275,0
C001067,0.0,0.012194122537278336,0.0,0.017201636588679584,0.0,0.0,0.0,0.9706042408740421,2
C001068,0.027858445999152655,0.0,0.8728070597391929,0.0,0.0,0.0,0.0,0.09933449426165442,2
C001072,0.6601133380415863,0.23802914373674944,0.0,0.0,0.0,0.0,0.0,0.10185751822166422,0
C001074,0.0,0.0,0.0,0.0,0.0,0.22992783817204615,0.6743572152866383,0.09571494654131563,0
C001075,0.0,0.0092462070413875,0.03530650585439816,0.0,0.0,0.0,0.0,0.9554472871042143,0
C001077,0.029634663521386752,0.3059956380424623,0.0,0.0,0.0,0.0,0.35144209681646693,0.312927601619684,1
C001080,0.34969263889231256,0.0,0.0,0.0,0.4550789374333082,0.0,0.0,0.19522842367437931,2
C001084,0.0,0.0,0.07674700242423461,0.0,0.0,0.8198025319826083,0.0655433496538629,0.03790711593929419,4
C001086,0.22952503792665435,0.021478813706398196,0.11599888070528047,0.0,0.0,0.03761500670248073,0.032089194424897646,0.5632930665342886,0
C001088,0.10860523345479359,0.1598029695688899,0.0,0.0,0.0,0.0,0.7101840533556162,0.021407743620700304,1
C001090,0.08136840752062041,0.0,0.0,0.0,0.0,0.0,0.10121956788779846,0.8174120245915811,4
C001092,0.0,0.0,0.4508325707080803,0.46459438519244456,0.0,0.0,0.0,0.08457304409947519,2
C001093,0.0,0.0,0.7619407961491738,0.0,0.0,0.0,0.0,0.23805920385082624,3
C001095,0.0,0.8197450551169587,0.0,0.0,0.0,0.0,0.0,0.18025494488304128,2
C001096,0.0,0.0,0.0,0.13044362387790354,0.0,0.5508459008650751,0.0,0.31871047525702134,1
C001098,0.24097046068440223,0.0,0.7039036467421177,0.0,0.0,0.0,0.0,0.055125892573480106,3
C001100,0.0,0.0,0.0,0.0,0.0,0.0,0.8141028678277992,0.18589713217220083,1
C001102,0.4972559155067014,0.0,0.0,0.0,0.0,0.0,0.12196024287089538,0.3807838416224032,1
C001106,0.08823229635116828,0.0,0.1610805204604836,0.48582288206566904,0.25007633159399595,0.0,0.0,0.01478796952868322,4
C001108,0.0,0.7720891942580873,0.0,0.0,0.0457430025938145,0.0,0.0,0.18216780314809822,4
C001109,0.0,0.13604707803936092,0.0,0.0,0.541517017891267,0.0,0.0,0.32243590406937206,0
C001110,0.1673526308985192,0.15144628778160257,0.0,0.0,0.0,0.0,0.0,0.6812010813198782,0
C001112,0.0,0.08102237678045952,0.0,0.42252525466032803,0.01032122051339461,0.17254401979530476,0.0,0.31358712825051316,1
C001113,0.0,0.0,0.0,0.0,0.8473433651536535,0.0,0.0,0.1526566348463465,4
C001115,0.0,0.0,0.019126895954824974,0.0,0.0,0.0,0.7666566533025233,0.21421645074265172,0
C001119,0.0,0.0,0.0,0.03341630805263587,0.18539552483153213,0.0,0.0,0.781188167115832,4
C001120,0.0,0.19950217669252115,0.0,0.0,0.0,0.6509743856750269,0.0,0.14952343763245202,4
C001121,0.0,0.03579991914750891,0.24597444740259608,0.06030532190619304,0.0,0.6243394524852813,0.0,0.033580859058420565,4
C001122,0.0,0.0,0.0,0.0,0.0,0.0,0.23606097214569502,0.763939027854305,4
C001123,0.059720582461172976,0.1976867326697478,0.0,0.4749160770000189,0.0,0.0,0.014017709266461597,0.2536588986025987,4
C001129,0.0,0.0,0.12549687882764546,0.0,0.10452856850490161,0.027422995034080973,0.6948786361645954,0.04767292146877655,0
C001130,0.0,0.0,0.0015688257563695343,0.0,0.0,0.0,0.9745506902130856,0.02388048403054488,3
C001132,0.0,0.0,0.0,0.0,0.5313769720808651,0.38518889234051645,0.0,0.08343413557861845,4
C001134,0.3188897379074664,0.0,0.6565359983292622,0.0,0.0,0.0,0.001843522873541444,0.022730740889729928,3
C001135,0.0,0.0,0.0,0.03222294035048446,0.031045331085676725,0.0,0.0,0.9367317285638388,2
C001136,0.0,0.0,0.25088676768997337,0.0,0.031877063719162484,0.6906587858310905,0.0,0.026577382759773616,2
C001138,0.0,0.0,0.0,0.29883240369489306,0.49332092205271266,0.0,0.0,0.20784667425239434,3
C001139,0.0,0.0,0.0,0.0,0.0,0.0,0.0,1.0,1
C001140,0.5845921398255903,0.21020132527998137,0.0,0.0,0.0,0.0,0.1515237038176167,0.0536828310768116,1
C001141,0.0,0.0,0.0,0.0,0.0,0.9526958270852094,0.0,0.04730417291479061,3
C001143,0.001921163096691027,0.2452926762380554,0.0,0.03980008247937823,0.0,0.6572424575206117,0.0,0.055743620665263616,3
C001147,0.0,0.0,0.8928634261002731,0.0,0.0,0.0,0.0,0.10713657389972686,2
C001148,0.1116472351260684,0.0,0.0,0.0,0.2998362351069543,0.0,0.0,0.5885165297669773,0
C001149,0.0,0.2874998435096295,0.0,0.5526868853421968,0.0,0.0,0.0,0.15981327114817367,4
C001151,0.11626836251530144,0.0,0.0,0.0,0.06198152443766375,0.0,0.0,0.8217501130470348,1
C001152,0.0,0.0,0.0,0.0,0.0,0.6012093025971389,0.1403310912995519,0.2584596061033092,0
C001153,0.0,0.0,0.3106987398796835,0.0,0.04475284251352768,0.14877982375146775,0.0,0.4957685938553211,0
C001154,0.0,0.0,0.7131262048107259,0.0,0.17006924197627327,0.0,0.0,0.11680455321300087,1
C001156,0.0,0.0,0.0,0.0,0.0,0.0,0.06260656982506348,0.9373934301749365,4
C001157,0.09150469726774449,0.0,0.0,0.0,0.0,0.0,0.029253345647256183,0.8792419570849993,2
C001160,0.01674217774732831,0.0,0.0,0.0,0.6017474132127579,0.0,0.2693164578279904,0.11219395121192333,0
C001164,0.0,0.0,0.8963473205168886,0.0050491274867012345,0.0969873248940465,0.0,0.0005771685089767219,0.0010390585933869323,3
C001165,0.8211176461679542,0.0,0.0,0.0,0.0,0.0,0.0,0.17888235383204576,1
C001168,0.0,0.05553691945064622,0.0,0.0,0.0,0.07801261646540085,0.6201018928805186,0.24634857120343434,0
C001170,0.3626886540689124,0.0,0.0,0.0,0.0,0.5380051219181672,0.0,0.09930622401292044,3
C001171,0.13054078119673856,0.0,0.519113489972563,0.0,0.09460272757081441,0.0,0.0,0.2557430012598839,2
C001172,0.6214048227262694,0.04768945658733166,0.0,0.0,0.0955642636962944,0.0,0.0,0.23534145699010445,2
C001173,0.8925777994334991,0.07699912827598948,0.0,0.0,0.0,0.0,0.0,0.030423072290511444,0
C001174,0.03066258005747988,0.8911818851406224,0.0,0.0635543231436194,0.0,0.0,0.0,0.014601211658278324,0
C001175,0.08303467435335743,0.38575167178770947,0.0,0.0,0.0,0.059818701972300346,0.0,0.4713949518866327,3
C001176,0.8530651213105955,0.0,0.024319563762494084,0.0,0.08078279695011596,0.0,0.00582740008652766,0.036005117890266725,0
C001181,0.007657910214033381,0.0,0.10497930592059755,0.849365384127246,0.0,0.0,0.0,0.037997399738122994,3
C001182,0.0,0.0,0.0,0.05763935683849222,0.0,0.8826864145544702,0.0,0.05967422860703764,0
C001183,0.0,0.0,0.17207369716670295,0.0,0.09739008767893781,0.2037562298711994,0.0,0.5267799852831598,2
C001184,0.0,0.9605491708953334,0.0,0.0,0.0,0.0,0.0,0.039450829104666574,0
C001185,0.0,0.0,0.0,0.0,0.5873391157213527,0.3744312026831292,0.0,0.038229681595518095,0
C001188,0.0,0.0,0.0,0.0,0.0,0.2215465002568882,0.0,0.7784534997431118,0
C001191,0.0,0.0,0.0,0.0,0.2834199814196375,0.5687686178495338,0.0,0.14781140073082866,0
C001192,0.09732069532518814,0.0,0.0,0.0,0.45108105800365345,0.1454271915306367,0.0,0.3061710551405217,4
C001194,0.0,0.0,0.0,0.05290620094323193,0.128871798799252,0.10353113093787672,0.0,0.7146908693196393,4
C001202,0.0,0.0,0.0,0.7325991954777916,0.0,0.0,0.0,0.2674008045222084,3
C001203,0.05503797265781843,0.0,0.0,0.028220092755404363,0.1660202812789995,0.5681474589541933,0.1405381902599983,0.0420360040935861,0
C001204,0.0,0.0,0.5894146547270823,0.0,0.058892360822365736,0.05039716765400286,0.0433458387395604,0.2579499780569887,2
C001207,0.0,0.0,0.0,0.0,0.0,0.0,0.0,1.0,4
C001209,0.0,0.0,0.05983480120678616,0.0,0.4639517885468738,0.054945187322283574,0.30277499543307745,0.1184932274909789,4
C001210,0.104706944041642,0.0,0.0,0.2701809023817907,0.0,0.0,0.3226716225826097,0.3024405309939576,0
C001211,0.6875700309345032,0.0,0.0,0.06452535421754331,0.017206833129610077,0.0,0.0,0.23069778171834332,0
C001214,0.0,0.29387696075148306,0.398096982302428,0.0,0.22345726308584946,0.0,0.0,0.08456879386023941,2
C001216,0.0,0.0993983944228846,0.0,0.0,0.0,0.32611979144182757,0.47194613668242286,0.10253567745286496,0
C001220,0.5730888380906354,0.2657703479562979,0.0,0.0,0.0,0.0,0.0,0.16114081395306679,2
C001221,0.0,0.0,0.0,0.4451113519622652,0.0,0.0,0.0,0.5548886480377349,4
C001222,0.017401288338993907,0.0,0.13886994278968734,0.0,0.0,0.8191859224792422,0.0005852099831076774,0.023957636408968974,2
C001223,0.0,0.525534042358274,0.0,0.029270604928258198,0.0,0.0,0.029710389669826573,0.41548496304364135,3
C001224,0.02486485262123853,0.08144012248394511,0.3422529391761676,0.09002887348501636,0.0,0.0,0.0,0.4614132122336324,0
C001225,0.0,0.31236433669608155,0.16318933427339608,0.0,0.0,0.15446502648912314,0.0,0.36998130254139916,2
C001229,0.0,0.11520390581007375,0.05631378087427509,0.0,0.804210084328695,0.0,0.0,0.024272228986956135,4
C001230,0.11255989811250684,0.06885780379961795,0.05039188131000179,0.0,0.0,0.0,0.0,0.7681904167778735,3
C001232,0.021936907218956376,0.38822148490409003,0.0,0.0,0.10012110186878063,0.024368956182718674,0.0,0.46535154982545424,4
C001234,0.0,0.0,0.0,0.0,0.0,0.0,0.0,1.0,1
C001237,0.0,0.8806585397193893,0.0,0.0,0.0,0.0,0.0,0.11934146028061066,0
C001238,0.022182615756801825,0.0,0.0,0.2471617392421242,0.37848072422491486,0.0,0.0,0.3521749207761591,0
C001239,0.3165081259949924,0.0,0.0,0.0,0.0,0.0,0.623108813047408,0.06038306095759971,1
C001241,0.0,0.0,0.0,0.0,0.0,0.863998214119833,0.0,0.13600178588016698,1
C001243,0.0,0.0,0.0,0.0,0.0,0.7767904629488532,0.0,0.22320953705114677,1
C001244,0.0,0.061908352608274715,0.03182325882849536,0.0,0.0,0.18552567471356055,0.5440628930149759,0.17667982083469347,1
C001248,0.0,0.0,0.0,0.037536088845215795,0.0,0.029972597486452597,0.0,0.9324913136683316,4
C001249,0.00776244762968439,0.0,0.2995328471036624,0.0,0.5324118395916223,0.09769514349479869,0.0,0.06259772218023218,0
C001252,0.5305125102435061,0.0,0.0,0.3146884598773102,0.0,0.0,0.0,0.1547990298791837,1
C001254,0.0,0.0,0.0,0.776742084784156,0.0,0.0,0.0,0.22325791521584404,1
C001255,0.3754324938319387,0.06431157561124583,0.0,0.0,0.5356995123425424,0.0,0.0,0.024556418214273013,0
C001256,0.3668996060394983,0.0,0.06867709919704484,0.0,0.0,0.0,0.22166925463298645,0.3427540401304704,1
C001258,0.0,0.49876756367770586,0.0,0.14864590864163166,0.0,0.0,0.0,0.35258652768066245,0
C001260,0.0,0.0,0.0,0.0,0.0,0.5006282863227731,0.11056438112305791,0.388807332554169,2
C001265,0.0,0.5233329316066416,0.0,0.13743623950671222,0.020178958575945746,0.06470465068086917,0.028321819166336925,0.22602540046349429,4
C001266,0.8702825388250174,0.0,0.00475154908631026,0.00451932214965466,0.0,0.0,0.0,0.12044658993901769,1
C001267,0.0,0.18756498814834105,0.0,0.0,0.006522723447328122,0.0,0.3280243598138387,0.4778879285904921,2
C001268,0.0037875175371623764,0.0,0.09259847192577154,0.6302540790637492,0.0,0.09762263617371805,0.0,0.1757372952995988,3
C001269,0.0,0.0,0.0,0.36690226126782954,0.0,0.0,0.0,0.6330977387321705,3
C001271,0.0,0.0,0.0,0.0,0.720071602223647,0.0,0.0,0.27992839777635303,2
C001272,0.062198511152257545,0.0,0.0,0.0,0.0,0.0,0.06924437760921957,0.8685571112385229,1
C001275,0.0,0.0,0.0,0.0,0.0,0.10285080664040523,0.5613866202812983,0.3357625730782965,3
C001276,0.0,0.0,0.0,0.031068332459985436,0.0,0.5867381146806565,0.0,0.3821935528593581,2
C001279,0.6580546084405655,0.039690013146830516,0.0,0.03509543047339484,0.0,0.0,0.1662654195104312,0.100894528428778,4
C001280,0.0,0.34013165430556686,0.0,0.0,0.0,0.0,0.36458200320267714,0.295286342491756,0
C001283,0.0,0.09086245356346866,0.0611567238110813,0.0,0.0,0.0,0.0,0.84798082262545,4
C001284,0.0,0.0,0.0,0.0,0.0,0.0,0.0,1.0,4
C001288,0.22959272659418378,0.22743396819987574,0.1683792603238283,0.0,0.0,0.16578923230796327,0.0,0.20880481257414885,3
C001289,0.0,0.0,0.0,0.0,0.0,0.0,0.0,1.0,4
C001290,0.0,0.0,0.3157723745911169,0.0,0.0,0.051978033038974115,0.0,0.632249592369909,3
C001291,0.4518219184808623,0.07604403601511978,0.0,0.3213940107068621,0.0,0.0,0.0,0.15074003479715592,3
C001292,0.0,0.0,0.0,0.0,0.0,0.0,0.8831076565047338,0.11689234349526623,0
C001293,0.2469643382438189,0.0770877572616388,0.0,0.0,0.0,0.0,0.46994150192231166,0.20600640257223068,3
C001294,0.028695628196724367,0.7121289998714051,0.0,0.0,0.0,0.0,0.0,0.25917537193187057,2
C001299,0.0,0.0,0.628411173133593,0.26081372664687,0.0,0.0,0.0,0.11077510021953696,0
C001301,0.023700878644771675,0.0651334315250193,0.0,0.3447642504973869,0.0,0.0,0.33753191233426416,0.2288695269985579,2
C001306,0.0,0.0,0.9394185193713347,0.0,0.0,0.0,0.0,0.06058148062866531,2
C001307,0.0,0.0,0.06049926563907315,0.42709923558710705,0.22376027960865666,0.050890173110817186,0.17909731660945866,0.058653729444887226,1
C001308,0.0,0.0,0.0,0.0,0.0,0.08531320776653964,0.0,0.9146867922334604,4
C001310,0.05893452012925104,0.0,0.05379853832185659,0.24045283432125644,0.5899482390555276,0.0,0.0,0.05686586817210837,4
C001312,0.6034439693351539,0.0,0.0,0.2906560909772239,0.07364010065360387,0.0,0.0,0.03225983903401841,0
C001316,0.02802888790253026,0.007005497434798612,0.018728310952536388,0.0,0.0,0.0,0.6811877966910773,0.2650495070190574,4
C001317,0.0593952515266171,0.0,0.0,0.14968488996083915,0.226576114975803,0.0,0.0,0.5643437435367408,1
C001318,0.0,0.0,0.0,0.0,0.0,0.0,0.0,1.0,0
C001320,0.3922805628201738,0.0,0.0,0.023725727919194466,0.0,0.0,0.0,0.5839937092606318,2
C001321,0.8716328317800791,0.0,0.0,0.04506168718752512,0.0,0.0,0.0,0.08330548103239577,2
C001322,0.0,0.00562672458953048,0.0,0.35242215716953945,0.385885553900216,0.0,0.1481472646763032,0.10791829966441091,4
C001323,0.0022810925540398454,0.0,0.0,0.004206463678631036,0.6989219048026075,0.010593438422293435,0.10632092328164787,0.17767617726078033,2
C001324,0.0,0.0,0.06363949206085433,0.0,0.027750922353414458,0.0,0.0,0.9086095855857312,4
C001326,0.0,0.0,0.0,0.0,0.0,0.7065180400770248,0.0,0.2934819599229752,0
C001328,0.0,0.0,0.0,0.13110018299988363,0.024925180381421684,0.0,0.0,0.8439746366186947,0
C001331,0.03181631594083893,0.04221021961646464,0.18679145309680104,0.0,0.0,0.0,0.4865303357227374,0.25265167562315805,4
C001335,0.5829104860980501,0.0,0.0,0.0,0.0,0.0,0.2364044449902231,0.18068506891172686,1
C001336,0.0,0.0,0.022185491179697463,0.0,0.0,0.0,0.03840007516108761,0.939414433659215,4
C001337,0.04784843992409562,0.13016515209871996,0.0,0.0,0.36196732311419827,0.43121708125814284,0.0,0.028802003604843307,1
C001340,0.0,0.0,0.0,0.0,0.0,0.0,0.6878429335441334,0.3121570664558666,1
C001345,0.45122728272481344,0.0,0.027887440917088016,0.0,0.0,0.0,0.0,0.5208852763580986,1
C001347,0.06152549875294106,0.0,0.0,0.0,0.0,0.0,0.0,0.9384745012470589,0
C001348,0.0,0.19109435391371332,0.0,0.0,0.0,0.0,0.0,0.8089056460862867,3
C001351,0.0,0.0,0.5480602706310923,0.04267990703975241,0.0,0.15156173764009662,0.0,0.25769808468905864,4
C001354,0.9111411451476914,0.03378720549924958,0.0,0.0,0.0016066959384636466,0.0,0.0,0.05346495341459534,3
C001355,0.0,0.0,0.028444077623993824,0.0,0.0,0.0,0.12132200168446833,0.8502339206915379,3
C001356,0.27884100846277693,0.0,0.0,0.6547888183505494,0.0,0.0,0.0,0.06637017318667371,2
C001359,0.0,0.029049699516084906,0.0,0.0,0.0,0.0,0.8683541012594451,0.10259619922446994,4
C001361,0.0,0.0,0.0,0.0,0.0,0.0,0.0,1.0,0
C001364,0.0,0.0,0.0,0.26745126671759034,0.6705575048715711,0.0,0.0,0.061991228410838595,3
C001366,0.0,0.0,0.0,0.0,0.0,0.048135276455865995,0.0,0.951864723544134,0
C001367,0.7724628893638036,0.0,0.0,0.0,0.02627026950799283,0.0,0.0,0.2012668411282036,4
C001374,0.3650652169535918,0.0,0.0,0.0,0.0,0.0,0.0,0.6349347830464083,2
C001377,0.0,0.0,0.0,0.0,0.0,0.0,0.0,1.0,3
C001378,0.1826743058554874,0.02059761349646087,0.7115241797663266,0.0,0.0,0.0,0.0,0.08520390088172514,4
C001380,0.09342208755418739,0.0,0.1203106245356419,0.0,0.0,0.0,0.13988478755158928,0.6463825003585815,2
C001382,0.0,0.0,0.24182960442537416,0.0,0.0,0.07985978358709588,0.0,0.67831061198753,4
C001385,0.031273737504398734,0.0,0.0,0.0,0.0,0.4927130653623366,0.0,0.4760131971332646,2
C001386,0.0,0.193238348418209,0.680459004413731,0.03415551658815011,0.01082542100311546,0.0,0.0,0.08132170957679452,4
C001389,0.01174585098275836,0.5051829777757944,0.0,0.019836411266483726,0.0,0.0,0.27527939758452113,0.18795536239044242,4
C001391,0.0,0.15033057795385207,0.0,0.0,0.7479741502966163,0.0,0.0,0.10169527174953163,4
C001397,0.1866954405396211,0.0,0.7769409507687896,0.0,0.0,0.0,0.00636076015754907,0.03000284853404034,3
C001399,0.0,0.0,0.0,0.5675487706541558,0.0,0.1763072853075148,0.037115030717644264,0.2190289133206852,3
C001400,0.0,0.0,0.0,0.07762573329081857,0.6423465895314102,0.0,0.21552551065720918,0.06450216652056207,1
C001402,0.0,0.0,0.0,0.0,0.0588743099014808,0.0,0.1588264761845789,0.7822992139139403,1
C001406,0.5179748907083671,0.0,0.0,0.0,0.0,0.3292622219300065,0.0,0.15276288736162646,1
C001408,0.02834778781305047,0.018460678743356596,0.0,0.0,0.0,0.0,0.0,0.953191533443593,3
C001409,0.0,0.0,0.0,0.0,0.0,0.122901276232233,0.0,0.877098723767767,0
C001410,0.0,0.0,0.21941675029024552,0.0,0.0,0.05155006064118907,0.6485200655682715,0.08051312350029394,4
C001413,0.13952108073595254,0.005453883591815597,0.6264322732015687,0.0,0.0,0.0,0.005345465495189362,0.22324729697547385,3
C001414,0.0,0.13384977546545074,0.2243474749230045,0.0,0.5632888731631958,0.0,0.006705595593033371,0.07180828085531565,3
C001415,0.21169800215434645,0.058747188044012806,0.0,0.09754054414143082,0.0,0.0,0.0,0.6320142656602099,4
C001416,0.37484923712404744,0.0,0.0,0.0,0.0,0.0,0.0,0.6251507628759525,1
C001417,0.0,0.5437887439054765,0.0,0.0,0.0,0.0,0.18493659383709063,0.2712746622574329,1
C001419,0.023389389309602642,0.0,0.9637178292862687,0.0,0.0,0.0,0.0,0.01289278140412864,0
C001420,0.0,0.0,0.0,0.0,0.8514060288528581,0.07945231139659463,0.0,0.06914165975054731,2
C001421,0.2734237500199821,0.009172219675404948,0.0,0.0,0.5354945835900488,0.0,0.0,0.18190944671456422,1
C001422,0.0,0.0,0.08370120266926087,0.0,0.8658988963412229,0.0,0.0,0.0503999009895163,0
C001424,0.0,0.0,0.03243880553082153,0.25051008795296564,0.0,0.19245201540644827,0.028699405846671817,0.4958996852630927,3
C001427,0.5837615617005847,0.0,0.0,0.0,0.0,0.09259247341993965,0.0,0.3236459648794756,3
C001428,0.004375335338572203,0.09645873549571873,0.8475392507514055,0.0,0.0,0.0,0.018696086785912346,0.03293059162839118,0
C001433,0.0,0.7635386398209651,0.07380899748093103,0.0,0.0,0.0,0.09919944861932259,0.06345291407878118,4
C001436,0.0,0.0,0.6338607177397456,0.0,0.0,0.0,0.16819999121567214,0.1979392910445823,3
C001437,0.6851580208317276,0.0,0.0,0.0,0.04947481403991458,0.0,0.0,0.2653671651283578,2
C001439,0.22671165008875396,0.0,0.0,0.7588722522714267,0.0,0.0,0.0,0.014416097639819325,2
C001440,0.0,0.0,0.0,0.0,0.0,0.0,0.0,1.0,2
C001441,0.0,0.06552702433434938,0.7822866657793223,0.0,0.0,0.11232622501606673,0.0,0.0398600848702616,3
C001442,0.0,0.0,0.7887572796296993,0.0,0.0,0.0,0.0,0.21124272037030067,0
C001444,0.0,0.0,0.0,0.0,0.0,0.1911981841886421,0.0,0.8088018158113579,0
C001445,0.0,0.0,0.0,0.7830589056928404,0.0,0.0,0.0,0.21694109430715958,1
C001446,0.0,0.0,0.0,0.1290610718330349,0.38637080458775097,0.0,0.0,0.4845681235792141,0
C001448,0.0,0.0,0.0,0.7130460925112709,0.0,0.04813369324076362,0.0,0.2388202142479654,0
C001449,0.0,0.5435892773717927,0.15541380980657682,0.0,0.009613624947200536,0.0,0.2728155426700584,0.018567745204371544,3
C001450,0.7618556916846514,0.0,0.0,0.0,0.0,0.0,0.0,0.2381443083153486,0
C001451,0.0,0.4217912504620479,0.0,0.0,0.0,0.014684262538388016,0.14933590456809603,0.41418858243146806,4
C001452,0.0,0.0,0.0,0.07176747540404753,0.0,0.7259370385355587,0.147167556060166,0.055127930000227865,2
C001453,0.0,0.0,0.0,0.9092775100627336,0.0,0.0,0.0,0.09072248993726639,1
C001457,0.5622274785351593,0.0,0.027433632225231815,0.0,0.21031967709084712,0.0,0.0,0.20001921214876184,3
C001458,0.6109760593459844,0.0,0.0,0.0,0.0,0.0,0.019752487050765953,0.36927145360324964,4
C001459,0.06573034878273079,0.0,0.0,0.30961189190832045,0.5750628236060886,0.0,0.0,0.04959493570286011,2
C001460,0.059175211437834205,0.0716102427716863,0.0,0.0,0.06522068346451483,0.01745672098974108,0.0,0.7865371413362235,0
C001461,0.0,0.0,0.24956824254425033,0.0,0.09744332136198353,0.0,0.0,0.6529884360937661,2
C001462,0.0,0.0,0.0,0.0,0.4301272476678515,0.054344563241710934,0.48640492434263377,0.0291232647478038,1
C001463,0.0,0.05447717792651402,0.0,0.0,0.0,0.0,0.0,0.9455228220734859,4
C001467,0.6801181735501314,0.0,0.0,0.0,0.0,0.0,0.0,0.3198818264498686,1
C001469,0.0,0.53652338642845,0.06856473228700073,0.027362634786952663,0.0,0.038708684255095244,0.0,0.32884056224250136,1
C001470,0.4070066537846767,0.0,0.2123413586399905,0.0,0.0,0.0,0.26559647395847197,0.11505551361686084,0
C001472,0.0,0.0,0.0,0.0244026981770837,0.04389376686825468,0.030067050087473388,0.0,0.9016364848671883,0
C001474,0.6961314260804365,0.0,0.0,0.0,0.0,0.18356812915119364,0.0,0.12030044476836976,0
C001475,0.0,0.0,0.0,0.5814358220967624,0.0,0.0,0.0,0.41856417790323763,1
C001484,0.0,0.05376553184100481,0.7471816811263813,0.0,0.0,0.0,0.1733300487884867,0.025722738244127186,2
C001485,0.5801615509007589,0.0,0.05620211580151541,0.0,0.0,0.0,0.023943109777873513,0.3396932235198522,3
C001486,0.0,0.0,0.0,0.2727529248723128,0.0,0.0,0.0,0.7272470751276872,0
C001487,0.0,0.2770831944616781,0.1228053870373611,0.0,0.0,0.0,0.5523159423848603,0.04779547611610058,0
C001492,0.0,0.03262609485117989,0.0,0.08032078656045075,0.0,0.3867915904938791,0.0,0.5002615280944902,0
C001493,0.03224213811688803,0.026605752882005184,0.2621203967695439,0.24981880010072827,0.03944014886813505,0.025800083786271234,0.0,0.3639726794764283,1
C001497,0.772001896306112,0.0,0.07717007279608391,0.0,0.0,0.04628681519205084,0.0,0.10454121570575325,0
C001498,0.4420968651285779,0.0,0.0,0.0,0.20776055498212476,0.22678189460917417,0.0,0.12336068528012323,3
C001499,0.0,0.8298867538026683,0.0,0.0,0.0,0.0,0.12400246579035305,0.04611078040697869,3
C001500,0.0,0.0,0.5452909363618142,0.0,0.0,0.3532039843099779,0.0,0.10150507932820785,1
C001501,0.7643140907238193,0.0,0.0,0.0,0.0,0.0,0.0,0.23568590927618072,0
C001503,0.0,0.0,0.0,0.16867770794464174,0.3564603926741262,0.0,0.04418995648159537,0.4306719428996366,4
C001504,0.6785644758820453,0.0,0.0,0.19762630314449742,0.0,0.0,0.0,0.12380922097345737,3
C001506,0.0,0.0,0.0,0.28966948271615656,0.0,0.0,0.649221336715975,0.061109180567868404,3
C001509,0.0,0.05356833756178324,0.036137027603883216,0.720080473786776,0.0,0.0,0.10716331408495913,0.08305084696259846,1
C001513,0.0,0.49152949935620804,0.0,0.0,0.0,0.0,0.0,0.508470500643792,2
C001514,0.0,0.0,0.27060093018203063,0.511288733946086,0.0,0.0,0.0,0.21811033587188344,2
C001516,0.0,0.0,0.0,0.0,0.0,0.0,0.0654906987226826,0.9345093012773174,4
C001517,0.0,0.09570599160439744,0.09424740629119885,0.0,0.0,0.7513176239672252,0.011766714542440581,0.046962263594737874,2
C001520,0.0,0.27940832138719274,0.0,0.0,0.0,0.590735973030918,0.0,0.1298557055818893,2
C001524,0.0,0.25227618784419376,0.0,0.43924274449271283,0.2560148114337176,0.0,0.0,0.05246625622937573,1
C001525,0.0,0.0,0.0,0.09519678631576904,0.053247626469664945,0.0,0.0,0.851555587214566,4
C001526,0.0,0.9102338303585662,0.0,0.0,0.0,0.0,0.0,0.0897661696414338,3
C001527,0.2178445577441168,0.03441516417511248,0.0,0.010590096303921126,0.14217969703003092,0.5619940905217607,0.0,0.03297639422505794,2
C001530,0.0,0.0,0.0,0.6975458376442707,0.0,0.0,0.0,0.3024541623557293,4
C001533,0.0,0.0625476482279245,0.0,0.18603111742211006,0.0,0.7199513559964105,0.0037542580132427523,0.027715620340312164,3
C001536,0.0,0.0,0.0,0.0,0.0,0.9343659010386057,0.0,0.06563409896139427,0
C001540,0.0,0.033149021337981616,0.0,0.7016864487495429,0.0,0.0,0.0,0.2651645299124755,0
C001548,0.09145432904385904,0.0,0.4456349696197643,0.0,0.3255235633221597,0.0,0.013606977611976804,0.12378016040224016,3
C001549,0.0,0.015919337581148118,0.0,0.8215814388253886,0.0,0.0,0.0,0.16249922359346325,4
C001554,0.4211172643160298,0.2696871362139906,0.10852743966293789,0.0,0.0,0.15706837692715223,0.0,0.043599782879889415,0
C001555,0.0,0.0,0.021848760449673883,0.0,0.0,0.049761647826161305,0.0,0.9283895917241648,2
C001560,0.0,0.0,0.5469580467695592,0.0,0.0,0.0,0.24937693322931245,0.2036650200011284,2
C001561,0.0,0.0,0.0,0.0,0.0,0.0,0.0,1.0,4
C001564,0.0,0.0,0.8262892213617501,0.0,0.0,0.0,0.0,0.1737107786382499,4
C001567,0.0,0.7775940550736717,0.055950372580433554,0.0,0.10465240136550619,0.0,0.0,0.061803170980388566,1
C001569,0.0,0.1239750276374158,0.0,0.0,0.7685832194836798,0.0,0.0,0.10744175287890445,0
C001570,0.050495126029452296,0.7378244408924802,0.0,0.0,0.0,0.16934518359684983,0.009282126434398626,0.033053123046819066,4
C001571,0.0,0.1232577729578874,0.0,0.021330137571009676,0.0,0.7593063575144142,0.03187636353921419,0.06422936841747451,0
C001572,0.4945816740692248,0.0,0.0,0.09785045136396317,0.0,0.0,0.0,0.407567874566812,3
C001574,0.0,0.0,0.0,0.0,0.0,0.05531827123311436,0.0,0.9446817287668856,4
C001575,0.018973621502018034,0.0,0.0,0.8393994754717687,0.0,0.0,0.0,0.14162690302621317,3
C001576,0.0,0.0,0.0,0.1889923586479384,0.5235073793069798,0.0,0.0,0.28750026204508183,1
C001577,0.0,0.19273493551657114,0.0,0.0,0.09131186069466854,0.2769639637898887,0.32093630408851304,0.11805293591035859,3
C001578,0.0,0.4408344837574518,0.0,0.0,0.0,0.46932338353956055,0.0,0.08984213270298769,2
C001581,0.06578868844909871,0.0,0.0,0.0,0.0,0.0,0.0,0.9342113115509013,4
C001582,0.12528887489533533,0.7513990162479114,0.00995734275986377,0.0,0.06839267885548846,0.0,0.0,0.04496208724140094,3
C001583,0.0,0.0,0.0,0.0,0.588682885753279,0.17870330019325434,0.0,0.2326138140534667,2
C001584,0.0,0.0,0.0,0.0,0.0,0.0,0.020523816159629824,0.9794761838403702,1
C001585,0.0,0.01371516843750685,0.0,0.0,0.006786927553629763,0.81902924846504,0.08781194274118038,0.07265671280264296,4
C001587,0.0,0.0,0.0,0.026434375248298746,0.0,0.0,0.5096575756877703,0.463908049063931,1
C001589,0.0,0.0,0.062312151886549164,0.6135299079302257,0.0,0.0,0.16194053321755042,0.16221740696567477,0
C001590,0.0,0.0,0.18704613629967087,0.6196428672535418,0.0,0.0,0.0,0.1933109964467874,0
C001591,0.0,0.0,0.7698898392099439,0.007259001056440273,0.06259285527091266,0.004371350464931925,0.0,0.1558869539977712,4
C001592,0.0,0.0,0.0,0.0,0.08427946580558299,0.0,0.07199342933330014,0.8437271048611169,1
C001593,0.0,0.0,0.5778969252664249,0.0,0.0,0.0,0.03114446258598424,0.39095861214759087,0
C001594,0.027608100515007464,0.0,0.525996903001709,0.0,0.0,0.0,0.0,0.4463949964832835,3
C001599,0.0,0.0,0.0,0.02249442747434715,0.7214252662265035,0.0,0.0,0.25608030629914935,3
C001600,0.033296780663275904,0.0,0.0,0.251414275167956,0.0,0.0,0.6141733335828709,0.10111561058589724,1
C001601,0.28229218724446686,0.07128962642393118,0.0,0.0,0.0,0.0,0.5732020287897942,0.07321615754180777,3
C001602,0.0,0.0,0.0,0.0,0.0,0.0,0.0,1.0,1
C001604,0.0,0.2669432949003062,0.0,0.0,0.0,0.057512293222886215,0.0,0.6755444118768076,2
C001607,0.0,0.7605466795005826,0.0,0.0,0.0,0.0,0.0,0.23945332049941737,3
C001608,0.0,0.8197455438189774,0.0,0.0,0.0,0.0,0.0,0.18025445618102265,0
C001613,0.010304046383203563,0.0,0.27365060081928794,0.0,0.0,0.06089707290643697,0.44190163964038937,0.21324664025068207,3
C001614,0.0,0.0,0.9120069353256317,0.0,0.0,0.0,0.029308505222928133,0.05868455945144013,2
C001615,0.0,0.0,0.7453029631400026,0.0,0.12081735079993393,0.1166411400380284,0.0,0.017238546022035117,3
C001616,0.0,0.4446471568596298,0.0,0.221161601916786,0.0,0.1819907282273051,0.0,0.15220051299627912,3
C001617,0.0,0.0,0.0,0.5596531769648784,0.0,0.20197438873750792,0.1928003454146162,0.045572088882997464,0
C001618,0.0,0.02384029476136178,0.0,0.07932548917296317,0.0,0.0,0.0,0.896834216065675,1
C001621,0.0,0.060928956066166884,0.0,0.0,0.32104270888887665,0.0,0.561277374901232,0.056750960143724494,0
C001624,0.32585959714840607,0.0,0.0,0.0,0.0,0.0,0.06398635711228667,0.6101540457393073,1
C001625,0.0,0.0,0.16163809147007843,0.0,0.0,0.0,0.0,0.8383619085299215,3
C001626,0.0,0.0,0.0,0.0,0.0,0.0,0.0,1.0,0
C001627,0.0,0.0,0.0,0.44757214815652874,0.04714578647684257,0.024042511477412758,0.0,0.4812395538892159,0
C001631,0.0,0.0,0.043877725007680606,0.0,0.0,0.0,0.0,0.9561222749923194,2
C001634,0.20945755877861666,0.0,0.0,0.6974477732637945,0.05305464364781181,0.0,0.0,0.040040024309777045,2
C001635,0.3758352889872349,0.06001147215965704,0.0,0.0,0.0,0.0837493975541591,0.2281228760274547,0.25228096527149424,0
C001639,0.012927750999575572,0.0,0.0,0.0,0.4510927755003457,0.0,0.0,0.5359794735000787,0
C001640,0.0,0.0,0.0,0.11192290870508428,0.0,0.0,0.0,0.8880770912949157,0
C001641,0.0,0.0,0.0,0.0,0.0540440345074999,0.0,0.0,0.9459559654925,3
C001642,0.0,0.0,0.0,0.0,0.0,0.0,0.0,1.0,3
C001644,0.0,0.0,0.0,0.027363779577106274,0.13975650410635704,0.0,0.0,0.8328797163165367,2
C001645,0.0,0.11346511993888397,0.0,0.0,0.0,0.4710654001487913,0.0,0.41546947991232475,3
C001648,0.0,0.0,0.02170226514408792,0.0,0.0,0.5932179439531894,0.17513422407204135,0.20994556683068133,2
C001650,0.0,0.08720645959731976,0.7020386163442778,0.0,0.0,0.0,0.0,0.21075492405840246,4
C001655,0.0,0.0,0.0,0.10954155228746222,0.534347412383048,0.0,0.27776342683825084,0.07834760849123901,0
C001656,0.0,0.11160437659043217,0.8159043933128006,0.0,0.0,0.05323384338158653,0.0,0.019257386715180624,1
C001660,0.0,0.0,0.0,0.3124633513202193,0.0,0.0,0.0,0.6875366486797807,0
C001662,0.06209847634766304,0.0,0.0,0.0,0.8601575480605715,0.029073311718568202,0.0,0.048670663873197184,0
C001664,0.0,0.0,0.0,0.0,0.760025157753191,0.17557547901341386,0.0,0.06439936323339512,0
C001665,0.0,0.0,0.0,0.0,0.0,0.7848021902146436,0.0,0.2151978097853564,2
C001666,0.0,0.0,0.0,0.26336830918179777,0.0,0.0,0.0,0.7366316908182022,0
C001668,0.0,0.0,0.0,0.080871613943986,0.25688615623909733,0.6326160131009757,0.0,0.0296262167159409,0
C001670,0.0,0.6434237791784089,0.0,0.0,0.0,0.04996908621369842,0.0,0.3066071346078927,2
C001672,0.0,0.0,0.0,0.6469877548075536,0.0,0.0,0.0,0.35301224519244645,1
C001673,0.0,0.0,0.25876815263132785,0.0,0.0,0.0,0.6167234062280342,0.12450844114063786,1
C001674,0.0,0.0,0.05200218781480483,0.13160166627597622,0.7822197601872889,0.0,0.0,0.03417638572193005,0
C001676,0.0,0.0,0.0,0.01914623278107734,0.0,0.42875258260839516,0.2800314812961169,0.2720697033144106,4
C001678,0.0,0.7684546202118326,0.0,0.0,0.0,0.0,0.0,0.23154537978816736,2
C001680,0.22458037962811017,0.23380654455014171,0.0,0.0,0.0,0.0,0.2181847834989155,0.32342829232283266,3
C001681,0.0,0.125178157629791,0.0,0.0,0.0,0.0,0.43063648289873113,0.44418535947147786,0
C001682,0.0,0.0,0.0,0.13062912481015027,0.0,0.0,0.0,0.8693708751898497,0
C001686,0.0,0.0,0.02211883182096013,0.0,0.8956805859870657,0.0,0.07854284942372938,0.0036577327682448812,0
C001692,0.0,0.0,0.0,0.0,0.12686390819796792,0.6023847201263534,0.0,0.27075137167567875,0
C001695,0.0,0.0,0.16747157996171963,0.0,0.0,0.0,0.0,0.8325284200382803,4
C001697,0.0,0.0,0.04078417947147577,0.07429991570857955,0.0,0.04772961395157716,0.0,0.8371862908683675,3
C001699,0.0,0.07029816408854102,0.18407196318236632,0.1136072108318358,0.0,0.13315652604184966,0.3460227753198704,0.15284336053553682,0
C001700,0.0,0.0,0.05081803156902935,0.0,0.0,0.0,0.0,0.9491819684309707,2
C001703,0.0,0.0,0.9206810078762383,0.0,0.0,0.0,0.0,0.0793189921237617,0
C001704,0.0,0.016072529173989734,0.0,0.5894240482069254,0.14216301018399188,0.0,0.0,0.252340412435093,2
C001705,0.04407187098393218,0.0,0.0,0.10483819885729752,0.0,0.015215711760858152,0.5612525130021477,0.27462170539576447,3
C001706,0.42420857886800173,0.0,0.3498897917476729,0.0,0.0,0.0,0.0,0.22590162938432545,1
C001707,0.0,0.24255392775056436,0.0,0.0,0.6872259303502263,0.0,0.0,0.07022014189920933,4
C001708,0.0,0.0,0.24654579882701963,0.5666727571004211,0.0,0.04168623282130697,0.0,0.14509521125125224,3
C001710,0.0,0.026709243663765047,0.10450380889498645,0.0,0.011041533801625694,0.0,0.0,0.8577454136396228,2
C001712,0.0,0.0,0.7434434295694645,0.21630631899097655,0.0,0.0,0.0,0.04025025143955896,0
C001713,0.5170678333869785,0.0,0.09886178223977327,0.0,0.022169827143645633,0.0,0.10329226071391748,0.25860829651568507,4
C001715,0.17419221182565842,0.09264660689625384,0.0,0.0,0.0889931492911219,0.6362063925937756,0.0,0.007961639393190167,2
C001717,0.8645834139992994,0.0,0.0,0.0,0.0,0.0,0.0,0.1354165860007006,1
C001718,0.0,0.3657369037684762,0.0089594772708667,0.414102654359273,0.10255596036653761,0.0,0.0,0.10864500423484658,4
C001719,0.0,0.9310956973517788,0.012584170743352066,0.0,0.0,0.0,0.0,0.056320131904869175,3
C001720,0.0,0.0,0.0,0.0,0.5516556136709257,0.0,0.0,0.44834438632907425,1
C001721,0.0,0.0,0.0,0.0,0.0,0.0,0.7754653700547408,0.2245346299452592,1
C001723,0.0,0.0,0.0,0.0,0.0,0.0,0.800308969985297,0.199691030014703,3
C001724,0.0,0.5685741165139939,0.0,0.0,0.0,0.0,0.0,0.4314258834860061,3
C001732,0.0,0.019642261910580466,0.031612064756011735,0.0,0.03990261602557833,0.0,0.0,0.9088430573078294,3
C001734,0.2853688230622668,0.0,0.0,0.0,0.0,0.0,0.0,0.7146311769377331,1
C001735,0.17510225989355935,0.6281519324887482,0.0,0.0,0.15363204180274326,0.0,0.03266326663009358,0.010450499184855633,4
C001736,0.0,0.0,0.0,0.0,0.5676201481244715,0.1516870705565686,0.0,0.2806927813189599,0
C001737,0.22709095306723906,0.45921135501651345,0.02108407413216381,0.026511437307039976,0.0,0.0,0.004362607432603486,0.2617395730444402,1
C001740,0.7266608880911515,0.0,0.0,0.0,0.031834724127460474,0.0,0.0,0.24150438778138805,1
C001742,0.0,0.0,0.0,0.0,0.0,0.8602399082424617,0.0,0.13976009175753834,4
C001744,0.0,0.02685624532600537,0.15493558667971874,0.0,0.0,0.5096892019524857,0.23271894457952927,0.07580002146226095,4
C001749,0.9131339293833987,0.0,9.673914048867702e-05,0.008550657562828445,0.0,0.0,0.07571133896964442,0.0025073349436397496,1
C001751,0.0,0.0,0.06841741072139182,0.0,0.0,0.0,0.7244430530220115,0.20713953625659665,3
C001753,0.0,0.0,0.048479454976768165,0.0,0.0,0.5938665267345908,0.0,0.35765401828864096,1
C001755,0.0,0.0,0.0,0.0,0.2891983986929441,0.0,0.48648001690887555,0.22432158439818028,3
C001757,0.36130179464119383,0.0,0.0,0.0,0.6222677003876639,0.0,0.011554472209769441,0.004876032761372828,3
C001758,0.7501534557419393,0.0,0.052283238446518665,0.0,0.0,0.039883148258621694,0.0,0.1576801575529203,1
C001760,0.0,0.0,0.0,0.0,0.0,0.0,0.0,1.0,1
C001762,0.24203715810358195,0.0,0.34175123935890606,0.0,0.0,0.030151574031019583,0.0,0.38606002850649246,2
C001765,0.04220765011055304,0.0,0.0,0.0,0.033315725842516145,0.021045367857154315,0.0,0.9034312561897765,4
C001766,0.0,0.5587715564105591,0.0,0.0,0.0,0.01731691461133918,0.0,0.4239115289781017,4
C001768,0.0,0.0,0.0,0.0,0.15867012899498012,0.0,0.3105807154939054,0.5307491555111145,0
C001772,0.00623436424022608,0.0,0.0,0.0036837451961351216,0.9584526351145505,0.0,0.0,0.031629255449088345,2
C001773,0.18473881906241416,0.0,0.0,0.0,0.0,0.0,0.0,0.8152611809375858,1
C001778,0.08558443587256442,0.03444199054169633,0.061334638763456996,0.0,0.0,0.3169728797981768,0.0,0.5016660550241054,1
C001779,0.0,0.6761584163435663,0.0,0.19264466735116997,0.0,0.028754148829489404,0.0,0.1024427674757743,2
C001785,0.0,0.0,0.0,0.0,0.6566070822707729,0.0,0.07060732805723162,0.2727855896719955,1
C001787,0.27874355649209404,0.02605238499245799,0.0,0.03132841388939962,0.0,0.5908804982382959,0.0,0.07299514638775251,2
C001788,0.5136066574944688,0.022622985087808696,0.0,0.0,0.0,0.0,0.0,0.46377035741772255,0
C001789,0.8805175659163254,0.0,0.0,0.0,0.0,0.0,0.0,0.11948243408367465,2
C001791,0.0,0.0,0.0,0.9621775361894236,0.0,0.0,0.0,0.03782246381057641,2
C001792,0.0,0.0,0.0,0.0,0.0,0.4355030791126158,0.0,0.5644969208873842,2
C001793,0.14911663200729935,0.0,0.0,0.0,0.13356360287105903,0.687558273127351,0.0,0.02976149199429068,2
C001794,0.011912470363298058,0.0,0.005169414532819962,0.02249465718749199,0.0,0.0762433783077983,0.8810650112582574,0.00311506835033426,2
C001795,0.0,0.0,0.018751944337134424,0.12200050380161095,0.0,0.0,0.4652009285482907,0.3940466233129639,1
C001797,0.0,0.0,0.0,0.4711935771210481,0.0,0.0,0.0,0.528806422878952,3
C001799,0.0,0.0,0.0,0.14275061771351874,0.006338828375358315,0.09281633380003478,0.7024134370706326,0.05568078304045554,2
C001801,0.0,0.0,0.0,0.006550342691788977,0.08181334852639485,0.22324766022308581,0.0,0.6883886485587304,1
C001802,0.0,0.0,0.0441374045276696,0.0,0.01542044808909234,0.0,0.0,0.9404421473832381,3
C001806,0.009645992592817525,0.0,0.30358445435752446,0.0,0.435099405592716,0.0,0.0,0.25167014745694205,4
C001809,0.2355316851964112,0.14375151962358299,0.03771961866966533,0.1378479216307001,0.0,0.10042612010409584,0.0,0.3447231347755445,0
C001810,0.0,0.6631438017064047,0.0,0.0,0.2893039445735957,0.0,0.0,0.04755225371999949,4
C001813,0.0,0.0,0.8504250207553803,0.0,0.0,0.0,0.0,0.1495749792446197,2
C001815,0.0,0.8835943088755916,0.0,0.0,0.0,0.0,0.0,0.11640569112440835,4
C001817,0.11462354686384806,0.0,0.0,0.0,0.2355992298966172,0.029135570416359183,0.3990740102694412,0.2215676425537343,0
C001818,0.0,0.3970184504826209,0.11150618634236724,0.0,0.0014125493887796568,0.0,0.45007051915059937,0.03999229463563281,0
C001820,0.0,0.0,0.5816407400372978,0.0,0.0,0.0,0.0,0.4183592599627022,4
C001824,0.1111945580647386,0.0,0.7157613196311587,0.0,0.0,0.0,0.0,0.1730441223041026,1
C001826,0.0,0.0,0.0,0.0,0.0,0.0,0.2628484814882541,0.7371515185117459,1
C001827,0.0,0.4508387163101296,0.0,0.0,0.07946397574220246,0.0,0.0,0.46969730794766795,1
C001832,0.2817209891607976,0.0,0.23513157820338318,0.0,0.02184906813851787,0.0,0.36734058945941556,0.09395777503788594,3
C001834,0.07291853191619113,0.0,0.0,0.557699645132069,0.0,0.0,0.0,0.3693818229517398,3
C001838,0.0,0.6757903980460364,0.0,0.0,0.2312509133881357,0.0,0.0,0.09295868856582801,4
C001840,0.0645401858728057,0.0,0.0,0.0,0.0,0.0,0.054935735355606634,0.8805240787715877,2
C001841,0.0,0.0,0.0,0.0,0.9494601612220156,0.0,0.0,0.0505398387779844,3
C001843,0.0,0.0,0.0,0.03357120269347753,0.0,0.398669282969028,0.41282381318195105,0.15493570115554345,1
C001844,0.34257672313873283,0.10196556034265732,0.0,0.24321874966098272,0.0,0.0,0.17131011216535258,0.14092885469227445,1
C001846,0.0,0.0,0.4028427424143401,0.0,0.0,0.2994206118102022,0.0,0.2977366457754578,1
C001848,0.1187151446290872,0.05481852314716028,0.0,0.0,0.5882242580287967,0.0,0.0,0.2382420741949558,0
C001849,0.0,0.0,0.0,0.0,0.0,0.0,0.0,1.0,1
C001850,0.5175808747513425,0.0,0.0,0.0,0.0,0.4516080400367026,0.0,0.03081108521195497,4
C001851,0.22528075112241672,0.0,0.0,0.0,0.0,0.0,0.4930178521835468,0.2817013966940365,4
C001854,0.0,0.4963035809321267,0.0,0.0,0.08246725409417131,0.0,0.007294271611706835,0.4139348933619952,2
C001855,0.0,0.0,0.08233169934475014,0.0,0.08935156392348287,0.05413865505749012,0.24086114845358203,0.5333169332206948,0
C001856,0.6581941544754161,0.0,0.0,0.12170899039229324,0.0,0.0,0.0,0.22009685513229071,3
C001857,0.0,0.06582310285116078,0.0,0.02323836120569514,0.15504348541913165,0.0,0.7317945618419641,0.024100488682048282,2
C001859,0.13615455258507622,0.0,0.6561626175495752,0.0,0.047418689097278845,0.0,0.0,0.16026414076806972,1
C001860,0.0,0.0,0.0,0.0,0.8374634699815485,0.0,0.0,0.16253653001845147,3
C001863,0.0,0.0,0.0,0.716202427450302,0.0,0.045673276003332465,0.0,0.23812429654636547,1
C001864,0.0,0.256483686884885,0.20552172860321172,0.0,0.057496293730701364,0.0,0.0,0.4804982907812019,2
C001866,0.06889688398133029,0.03815614231443416,0.0,0.0,0.0,0.0,0.0,0.8929469737042356,2
C001867,0.3643720632626956,0.0,0.0,0.029755549910274154,0.0,0.15105912565708282,0.04073580949405724,0.4140774516758903,2
C001871,0.0,0.0,0.0,0.0,0.05402287415683973,0.0,0.0,0.9459771258431603,4
C001873,0.4393973452126686,0.0,0.0,0.0,0.0,0.0,0.0,0.5606026547873314,2
C001875,0.0,0.0,0.19052572919581648,0.0,0.3582771857323657,0.034968442683478096,0.0,0.4162286423883397,4
C001879,0.34984816686418774,0.0,0.342593862799926,0.0,0.0,0.06290031902954289,0.022338089269158538,0.22231956203718484,1
C001880,0.0,0.0,0.024101448049057846,0.06730099882741426,0.017643250477103734,0.0,0.0,0.8909543026464242,3
C001881,0.0,0.0,0.1453631104654051,0.0,0.0,0.0,0.8392361736693729,0.01540071586522207,1
C001884,0.0,0.0,0.39504663722464567,0.36716307944304755,0.004495435344969847,0.0,0.0,0.2332948479873369,3
C001886,0.0,0.9217124693835708,0.0,0.0,0.012462624471917814,0.0,0.0,0.06582490614451142,1
C001891,0.0,0.5300308367433101,0.06587755772644333,0.3708735949608501,0.0,0.0,0.0,0.03321801056939644,3
C001893,0.0,0.0,0.0,0.7620868795037546,0.0,0.0,0.0,0.23791312049624536,2
C001894,0.40203855826951845,0.0,0.0,0.12660510103719955,0.0,0.0,0.0,0.471356340693282,2
C001896,0.266360874809482,0.5466926108325649,0.08343696659708537,0.0,0.0,0.03509629934872331,0.023637619166532696,0.04477562924561174,2
C001897,0.0,0.021616794220813796,0.08449849724681938,0.0,0.0,0.0,0.3883821905146021,0.5055025180177648,4
C001898,0.007656863855547309,0.3570808655671003,0.0,0.0,0.03181305637854286,0.0,0.5796303657607822,0.023818848438027285,1
C001900,0.0,0.9006342140940036,0.01547002582593411,0.0,0.08005503463516826,0.0,0.0,0.003840725444894,4
C001903,0.028802320283386272,0.3453506490843273,0.0,0.5990022499021391,0.0,0.0,0.0,0.02684478073014729,0
C001904,0.2078087761661126,0.0,0.580522434607341,0.0,0.0007695712708934103,0.1141775593660171,0.06541331508398932,0.031308343505646596,1
C001909,0.0,0.0,0.8419005427885338,0.0,0.0,0.0,0.0,0.15809945721146623,2
C001911,0.6638002600745705,0.21092298785044178,0.0,0.0,0.0,0.0,0.0891389134067725,0.036137838668215294,4
C001914,0.0,0.0,0.19721208510485558,0.09146155328533523,0.0,0.0,0.360858172908057,0.3504681887017522,2
C001921,0.0,0.0,0.0,0.06395911263807762,0.03551096868985556,0.0,0.0,0.9005299186720668,4
C001922,0.0,0.0,0.04412968476859022,0.8838689576574539,0.02781485267752426,0.0,0.0,0.04418650489643161,3
C001923,0.0,0.0,0.0,0.0,0.7764602943049578,0.0,0.10958241802711761,0.11395728766792457,0
C001928,0.0,0.0,0.0,0.18613022889210673,0.0,0.0,0.0,0.8138697711078933,4
C001929,0.0,0.0,0.0,0.0,0.9229387941331566,0.0,0.0,0.0770612058668434,4
C001930,0.08760115432532205,0.03175142902612162,0.6345374888234417,0.0,0.0,0.0,0.0,0.24610992782511465,2
C001931,0.0,0.0,0.06612791404886574,0.0,0.0,0.0,0.19171811935775543,0.7421539665933788,4
C001932,0.20224425350846528,0.0,0.0,0.015595108764559447,0.0,0.3416646033011774,0.0,0.4404960344257979,0
C001933,0.0,0.006955546980930305,0.0647640088639002,0.06421777807168391,0.0,0.5876302902549138,0.25793908766448015,0.01849328816409168,0
C001934,0.0644013153642156,0.049663260406159405,0.017965651326949543,0.0,0.014924124702935991,0.0,0.0,0.8530456481997395,1
C001935,0.0,0.0,0.0,0.0,0.2977013608403837,0.0,0.6586347529997201,0.04366388615989625,4
C001937,0.010412832457309165,0.0,0.7186225173022144,0.0,0.12659756615244375,0.0,0.0,0.14436708408803267,3
C001939,0.4182032177854857,0.0,0.0,0.0,0.0,0.0,0.0,0.5817967822145143,4
C001940,0.0,0.0,0.0,0.7651085363609034,0.0,0.0,0.14242293149860497,0.09246853214049167,1
C001942,0.0,0.16267311744555213,0.17550477380911686,0.0,0.5573450218311504,0.0,0.0,0.10447708691418056,0
C001943,0.0,0.230020336925504,0.7064534707781095,0.0,0.0,0.0,0.0008290858124770671,0.06269710648390947,0
C001947,0.03429087064543327,0.0,0.1602804672653494,0.0,0.1080840838263076,0.0,0.0,0.6973445782629097,3
C001948,0.0,0.6296550129373837,0.01829272407733934,0.0,0.0,0.0,0.10614061875458122,0.24591164423069567,4
C001949,0.13163344303185015,0.11811082237062454,0.5934656803145328,0.008987734382417463,0.0,0.0,0.0,0.14780231990057502,2
C001950,0.0,0.7286849054029736,0.020364198934011823,0.0,0.0,0.22878672141731926,0.0,0.02216417424569528,3
C001951,0.0,0.0,0.0,0.0,0.763180727327296,0.0,0.0,0.23681927267270397,2
C001952,0.0,0.0,0.0,0.05778914358911244,0.0,0.0,0.0,0.9422108564108875,3
C001953,0.123817398684303,0.0,0.0,0.0,0.0,0.0,0.0,0.876182601315697,3
C001955,0.17942696235064726,0.0,0.0,0.0,0.2440675302518799,0.5394355790508274,0.0,0.037069928346645464,4
C001956,0.0,0.0,0.1527295748254873,0.016995085704496496,0.06681236491218837,0.0,0.0,0.7634629745578279,3
C001958,0.6587388639022348,0.04463040886990717,0.0061165192493337975,0.0,0.09472569178000868,0.012873978677547087,0.0,0.18291453752096842,1
C001960,0.0,0.0,0.1396158058267908,0.3428342601978123,0.0,0.0,0.0,0.5175499339753968,3
C001962,0.024074782879729743,0.02993810910232067,0.12178293248288055,0.0,0.0,0.2170496147958917,0.0,0.6071545607391773,3
C001964,0.0,0.0,0.0,0.0,0.0,0.0,0.5854654074647879,0.4145345925352121,2
C001965,0.8810100568606961,0.0,0.0,0.03699102766974905,0.0,0.0,0.0,0.08199891546955485,1
C001966,0.0,0.035644414862656855,0.0,0.0,0.1054388873981548,0.0,0.0,0.8589166977391883,4
C001968,0.0,0.0,0.0,0.0,0.05535344936623822,0.0,0.11265290282105372,0.8319936478127081,2
C001970,0.0012970615683707898,0.0,0.0,0.525821171268538,0.005699381146844015,0.38703243033028895,0.05825202957328431,0.021897926112673827,1
C001973,0.0,0.0,0.0,0.8737746923773845,0.0,0.0,0.0,0.12622530762261552,0
C001974,0.0,0.0,0.0,0.01653782689022721,0.0,0.6115484093031731,0.0,0.3719137638065997,0
C001975,0.06460717578837209,0.17982377786783624,0.0,0.05446239527612102,0.0,0.0,0.013715772097590668,0.68739087897008,1
C001978,0.0,0.0,0.6261596228222889,0.0,0.0,0.25921678835116196,0.0,0.11462358882654922,3
C001983,0.0,0.0,0.0,0.0,0.10377029660741394,0.887841944027141,0.0,0.008387759365445113,4
C001984,0.0,0.914058130730015,0.0,0.0,0.0,0.0,0.0,0.08594186926998504,1
C001987,0.15397173847971202,0.0,0.0,0.09075784398391103,0.0,0.0,0.07688774015101539,0.6783826773853616,2
C001993,0.08875089310109373,0.0,0.0,0.0,0.49637630454136833,0.0,0.0,0.414872802357538,3
C001994,0.0,0.0,0.0,0.46092548907084707,0.0,0.0,0.0,0.5390745109291529,0
C001995,0.0,0.11341530360053508,0.10488990792783652,0.05184355382842889,0.23048763343585577,0.0,0.06861861601543788,0.43074498519190585,0
C001996,0.022087779780994563,0.0,0.09464960170256374,0.0,0.13857941983456262,0.0,0.7361537495508277,0.008529449131051359,4
C001997,0.1305764510994131,0.0,0.0,0.0,0.7945003146745284,0.0,0.0,0.07492323422605851,0
C002000,0.7173144057304219,0.0,0.0,0.0,0.0,0.0,0.0,0.28268559426957807,4
C002002,0.0,0.06340938324305026,0.0,0.5479197830816885,0.07296797266484724,0.077394132042425,0.0,0.23830872896798905,1
C002003,0.0,0.07572572414313605,0.0,0.0,0.0,0.0,0.07521807177063072,0.8490562040862333,1
C002004,0.0,0.0,0.08910880248700705,0.10223158171228605,0.7200300222071147,0.0,0.0,0.08862959359359224,2
C002005,0.0,0.0,0.06884141538804969,0.0,0.14066808988112833,0.6755054502834216,0.009812346847903716,0.10517269759949677,3
C002008,0.0,0.0483893014565203,0.21524261052726573,0.0,0.6481114032977177,0.0,0.01542365518367543,0.07283302953482085,1
C002010,0.0,0.0,0.2283929185787715,0.0,0.7602187650081863,0.009506151594418514,0.0,0.0018821648186236883,4
C002012,0.0,0.0,0.04776975679156936,0.0,0.0,0.0,0.0,0.9522302432084306,2
C002013,0.5045241237281344,0.0,0.1619668111254449,0.0,0.04221149596918697,0.16184901236926078,0.0,0.12944855680797307,3
C002014,0.0,0.11481275129229179,0.6788377051175777,0.03687093892557218,0.0,0.09391623379807003,0.0,0.07556237086648843,1
C002015,0.10826282196256919,0.0,0.3408818632949537,0.0,0.007637400458430702,0.0,0.5396714127678492,0.003546501516197176,3
C002020,0.0,0.49494512578756583,0.0,0.07218738531310198,0.03921754811822132,0.0,0.0,0.39364994078111093,4
C002021,0.2758793513334355,0.0,0.0,0.45769450043966947,0.0,0.0,0.04609197337342481,0.22033417485347018,0
C002022,0.4491038535763561,0.0,0.0,0.0,0.11093788240023554,0.0,0.13292680278164457,0.3070314612417637,1
C002024,0.0,0.18703519150882436,0.0,0.2359337813293766,0.46254333143422405,0.059439804178850544,0.0,0.05504789154872447,3
C002025,0.0,0.7392800521739119,0.0,0.01953943233820269,0.0077132257197978045,0.18460563135290534,0.0,0.04886165841518231,3
C002026,0.0,0.0,0.059029713145865054,0.015945121964475093,0.0,0.03294262383732617,0.11840532427708579,0.7736772167752479,1
C002028,0.0,0.0,0.022186126518365195,0.0,0.0,0.0,0.0,0.9778138734816348,1
C002031,0.02216256493741736,0.0,0.0,0.03340396542335122,0.0,0.0,0.0,0.9444334696392314,0
C002033,0.0,0.5444345027844594,0.42812413020875417,0.0,0.0,0.0,0.0,0.027441367006786455,1
C002037,0.0,0.5510882010920114,0.0,0.21185382368398734,0.13640912427092944,0.0,0.0,0.10064885095307186,0
C002039,0.0,0.0,0.0,0.0,0.7966655954446974,0.0,0.0,0.2033344045553026,2
C002040,0.0007970659203271631,0.16685355154680925,0.0,0.0,0.7870068891163472,0.0,0.0,0.045342493416516416,4
C002041,0.09717565005644503,0.0,0.0,0.7155926762676238,0.0,0.0,0.17736540055646952,0.009866273119461644,2
C002042,0.0,0.0,0.20718282762010404,0.0,0.0,0.5502888167240184,0.0,0.2425283556558775,4
C002044,0.0,0.0,0.0,0.9200778868145538,0.0,0.0,0.0,0.07992211318544618,3
C002045,0.0,0.0,0.0,0.7519376702907965,0.0,0.0,0.0,0.2480623297092035,3
C002046,0.0,0.194626571942527,0.0,0.0,0.0,0.0,0.0,0.805373428057473,4
C002049,0.0,0.38711619314860296,0.0,0.0,0.007962192257760103,0.0,0.5061901877686584,0.09873142682497849,2
C002050,0.03732244239931952,0.0,0.0,0.0,0.0,0.0,0.0,0.9626775576006805,2
C002051,0.0,0.024015602006784046,0.3457728694855048,0.0,0.0,0.0,0.05035671428892829,0.5798548142187829,4
C002053,0.0,0.0,0.0,0.0,0.0,0.0,0.0,1.0,4
C002056,0.0,0.0,0.0,0.0,0.7594697702980991,0.0,0.0,0.24053022970190086,0
C002057,0.0,0.0,0.006765955585515086,0.07162247479573926,0.8144998010581879,0.0,0.0,0.10711176856055782,2
C002061,0.0,0.0,0.08507810906436332,0.0,0.2513021271678093,0.619781681824185,0.0,0.04383808194364236,4
C002064,0.5113809216800208,0.0,0.0,0.0,0.0,0.0,0.3778183949852228,0.11080068333475634,4
C002067,0.4683433229573134,0.0,0.41806261488752267,0.045633277635624754,0.0,0.0,0.0,0.06796078451953913,0
C002068,0.0,0.032314235403810426,0.0,0.0,0.0,0.04940878222668729,0.1749463731209685,0.7433306092485338,1
C002069,0.6787899543752811,0.0,0.07186736038982557,0.0,0.1184281814894911,0.05429866334098618,0.0,0.07661584040441605,2
C002072,0.5305059186428356,0.42691140631596697,0.0,0.0,0.0,0.0,0.0,0.042582675041197504,2
C002074,0.0,0.0,0.26720233075753014,0.5836539542806236,0.116779286302152,0.0,0.0,0.032364428659694244,1
C002075,0.0,0.0,0.0,0.0,0.0,0.4719110387494138,0.31251197041827333,0.21557699083231285,2
C002076,0.003917402392193298,0.08147288130848265,0.004591874509599403,0.0,0.0,0.0,0.8440525532423995,0.0659652885473252,0
C002078,0.4425956236783057,0.0,0.43369574125149873,0.006318331093024595,0.0,0.0,0.03363987860432572,0.08375042537284527,0
C002079,0.0,0.07694565321339175,0.050336760662038404,0.0,0.0,0.0,0.841752796482347,0.030964789642222823,2
C002081,0.0,0.0,0.4948145809821168,0.0,0.21843991373722688,0.0,0.02840603687156979,0.2583394684090865,0
C002082,0.0,0.0,0.06970596846542035,0.0,0.053657900097343295,0.0,0.0,0.8766361314372364,0
C002084,0.01939704009507534,0.0,0.03823672812935079,0.4111004709218147,0.29224125306950494,0.0827963187619316,0.0,0.15622818902232272,4
C002085,0.0,0.029402354731213755,0.0,0.0,0.0,0.0,0.0,0.9705976452687862,2
C002086,0.08713781958231323,0.8394834881185068,0.053819570975822024,0.0,0.0,0.0,0.0,0.01955912132335791,1
C002088,0.26731916129294786,0.0,0.024912553864420137,0.05919362593453002,0.0,0.0,0.20234915092036934,0.44622550798773264,1
C002089,0.0,0.0,0.0,0.0,0.926921681608625,0.0,0.0,0.07307831839137502,1
C002091,0.0,0.7262108108597881,0.03223914654142953,0.06747865403227943,0.15321010947314095,0.0,0.0,0.020861279093361884,0
C002094,0.0,0.0,0.0,0.34287552625984824,0.05372282786210833,0.0,0.567563176689662,0.035838469188381405,2
C002095,0.0,0.0,0.0,0.0,0.0,0.11950699300051995,0.0,0.8804930069994801,2
C002097,0.0,0.0,0.0,0.0,0.8609697725483298,0.0,0.0,0.13903022745167015,0
C002098,0.0,0.0,0.0,0.0,0.12639217162327765,0.5567233149049123,0.0,0.31688451347181,1
C002100,0.0,0.0,0.0,0.9027557329605368,0.0,0.010703325809901028,0.0,0.08654094122956213,0
C002101,0.0,0.0,0.001859635829496732,0.033447322466736755,0.7481478293589887,0.0,0.0,0.21654521234477775,1
C002103,0.0,0.0,0.11347685163023422,0.0,0.2138539846002093,0.0,0.4649795552243139,0.20768960854524265,3
C002104,0.0,0.0,0.0,0.0,0.044702472814306254,0.0,0.0,0.9552975271856937,0
C002108,0.0,0.020468916463772923,0.5585654166675253,0.0,0.0,0.0,0.0,0.42096566686870174,3
C002111,0.0,0.0,0.0,0.11337338365798805,0.509364192172486,0.0,0.0,0.37726242416952593,0
C002113,0.007297374418414216,0.006384254062446293,0.7360964174380825,0.0,0.02325527802256765,0.0,0.17545697728537404,0.05150969877311529,0
C002115,0.0,0.0,0.0,0.0,0.0,0.0,0.0,1.0,1
C002116,0.374355914860453,0.0,0.48552332781706853,0.003086198453984508,0.0,0.06031363794087182,0.0034697513548852376,0.07325116957273692,4
C002117,0.8654299199653548,0.06001176479709882,0.0,0.0,0.0,0.043839020355032385,0.0,0.030719294882514014,2
C002118,0.0,0.0,0.0,0.0,0.8734332811587455,0.0,0.0,0.12656671884125448,3
C002119,0.2511107978732925,0.0,0.13434661719679217,0.5845323590462892,0.0,0.0,0.0,0.030010225883626118,0
C002121,0.5921708632352226,0.0,0.0,0.17419463493254025,0.0,0.10299731351684152,0.0,0.1306371883153956,1
C002122,0.6051692252751913,0.0,0.12719772539498256,0.06540919051214437,0.0,0.0,0.0,0.2022238588176818,0
C002124,0.0,0.0,0.0,0.0,0.07712891623179201,0.08239665926790081,0.0,0.8404744245003072,2
C002126,0.38711126498659415,0.0,0.0,0.36975251342013665,0.014890844517330498,0.0,0.0,0.22824537707593873,3
C002127,0.016852249239056073,0.0,0.0,0.656296867847597,0.0,0.0,0.0,0.32685088291334696,2
C002128,0.0,0.0,0.0,0.0,0.0,0.0,0.0,1.0,0
C002129,0.0,0.0,0.0,0.08034160318815038,0.23047174667595624,0.0,0.0,0.6891866501358934,3
C002134,0.029046230943888057,0.0,0.0,0.0,0.0,0.6939237909111109,0.0,0.2770299781450011,2
C002136,0.0,0.0,0.0,0.0,0.0,0.21100376644524613,0.7050519487890776,0.08394428476567628,4
C002138,0.12216554989074173,0.0,0.0,0.0,0.43594122709863314,0.28220144019809174,0.0,0.1596917828125335,2
C002139,0.0,0.0,0.0,0.0,0.0,0.7940499821842024,0.0,0.20595001781579758,3
C002142,0.0,0.14023426144393064,0.0,0.665495755734899,0.0,0.0,0.0,0.19426998282117025,1
C002144,0.0,0.0,0.0,0.8858529133781693,0.0,0.0,0.0,0.1141470866218307,0
C002146,0.0,0.0,0.09588186461414615,0.0,0.0,0.16003244101952366,0.0,0.7440856943663302,1
C002147,0.0,0.0,0.5146080717188065,0.0,0.3222861374101354,0.0,0.0,0.16310579087105803,2
C002148,0.0,0.0,0.0,0.0,0.3009503393108114,0.27572344071683824,0.0,0.4233262199723504,2
C002149,0.0,0.3034631009262554,0.0,0.6498008256536032,0.0,0.0,0.0,0.04673607342014141,4
C002150,0.057799591009997785,0.0,0.0,0.0,0.0,0.0,0.0,0.9422004089900022,0
C002151,0.0,0.0,0.0,0.0,0.67054966221443,0.059142615806853024,0.0,0.270307721978717,3
C002153,0.0,0.0,0.0,0.0,0.0,0.6987491628087693,0.0,0.3012508371912307,0
C002154,0.0,0.8341672419241019,0.0,0.0,0.039389961064286085,0.10802115102208523,0.0,0.01842164598952689,0
C002157,0.0,0.0,0.09475946286872652,0.0,0.0,0.0,0.6212246990711114,0.28401583806016206,3
C002158,0.0,0.0,0.0,0.0,0.0,0.0,0.0,1.0,4
C002160,0.0,0.0320804143190827,0.616063456714256,0.0,0.0,0.0,0.0,0.3518561289666613,2
C002162,0.11387613812233535,0.07981796403607312,0.4607567794790619,0.0,0.0,0.0,0.0,0.34554911836252966,4
C002163,0.0,0.03617559333495347,0.0,0.0,0.0,0.0,0.0,0.9638244066650465,0
C002165,0.06636371430516613,0.10453631296475731,0.0,0.0,0.0,0.37222326599684363,0.0,0.4568767067332329,4
C002166,0.0,0.48391830766191435,0.0,0.0,0.0,0.0,0.20458994657746626,0.31149174576061944,3
C002167,0.0,0.0,0.16466423143341075,0.0,0.0,0.0,0.0,0.8353357685665892,0
C002168,0.0,0.10142677749604048,0.0,0.20149700255290026,0.04060984340799768,0.021734580513671786,0.45408335277282746,0.18064844325656237,2
C002172,0.07603090407957368,0.0,0.0,0.11520493402637567,0.4952984431949388,0.0,0.0,0.3134657186991119,3
C002173,0.1024045933907851,0.0,0.0,0.0,0.7770851935738884,0.0,0.0,0.1205102130353265,4
C002174,0.0,0.0,0.0,0.0,0.8613377969620402,0.0,0.0,0.13866220303795984,4
C002175,0.0,0.02953429671911269,0.0,0.0,0.012861961209600608,0.017165097310321953,0.5153888169178312,0.4250498278431335,0
C002176,0.0,0.0,0.0,0.06843630111112323,0.57351505720754,0.0,0.3297131883535936,0.02833545332774312,0
C002177,0.0,0.0,0.0,0.0,0.7921481589303445,0.0,0.0,0.20785184106965549,3
C002183,0.0,0.0,0.0,0.7297350950216785,0.1148022816021643,0.0,0.0,0.15546262337615713,2
C002184,0.6385737926884851,0.21814747477552415,0.0,0.11369694729810037,0.0,0.0,0.0,0.029581785237890346,3
C002187,0.0,0.0,0.0,0.09189702350554442,0.9003459641884618,0.0,0.0,0.007757012305993793,0
C002188,0.0,0.0,0.017142118870939808,0.1065595932606963,0.0,0.0,0.0,0.8762982878683638,1
C002189,0.0,0.391478998653042,0.08396161437715481,0.0,0.0,0.0,0.0,0.5245593869698032,0
C002191,0.0,0.5652284574255595,0.05502929106397526,0.0,0.0,0.0,0.03402670654054604,0.3457155449699192,2
C002194,0.0,0.0,0.27020493645437715,0.0,0.1403298465663483,0.0758318563389399,0.1996683075077575,0.31396505313257717,2
C002195,0.0,0.454526547495948,0.0,0.0,0.0,0.0,0.0,0.545473452504052,3
C002196,0.0,0.6075399386248955,0.0,0.0,0.0,0.0,0.30783875267437766,0.08462130870072682,4
C002197,0.0,0.0,0.0,0.11178115635625126,0.0,0.0,0.16919608304354025,0.7190227606002084,4
C002198,0.0,0.037135279443667145,0.0,0.0,0.0,0.0,0.04854732467760999,0.9143173958787228,2
C002199,0.2933582490699471,0.0,0.0,0.11797444739495729,0.0,0.03955770733793176,0.07086818550544217,0.47824141069172166,3
C002200,0.0,0.053667664721036075,0.4948531884052163,0.0,0.0,0.26283737961021464,0.042839596375894906,0.14580217088763803,1
C002206,0.35493595939184197,0.0,0.0618876467103557,0.0,0.0,0.0,0.30074493129006563,0.28243146260773666,1
C002212,0.0,0.0,0.0,0.2975005283517121,0.4431234224309742,0.0,0.0,0.2593760492173137,1
C002215,0.04519575776670275,0.0,0.0,0.0,0.22059495844589708,0.0,0.5693402601524434,0.1648690236349568,2
C002216,0.0,0.2620994576019611,0.0,0.1712439000354342,0.0,0.0,0.30852738547018316,0.2581292568924216,1
C002218,0.0,0.648599605705444,0.0,0.0,0.0072905965769014675,0.29229509617122096,0.0,0.05181470154643364,3
C002222,0.15346598907114675,0.0,0.0447357510880597,0.0,0.0,0.0,0.0,0.8017982598407936,2
C002227,0.0,0.0,0.0,0.036098094958875435,0.12599208224251734,0.009447791620833935,0.6922356675942264,0.1362263635835469,3
C002232,0.15743228856531363,0.6313241816814652,0.0,0.03044779034156904,0.04543459302974688,0.0,0.0,0.13536114638190522,0
C002234,0.0,0.0,0.024548718511901046,0.0,0.02055513629928542,0.0,0.0,0.9548961451888135,2
C002235,0.0,0.8737792173137214,0.0,0.0,0.0,0.0,0.0,0.12622078268627857,2
C002236,0.0,0.004108156174663129,0.7233957795787214,0.0,0.1686568747414252,0.0,0.0,0.10383918950519033,1
C002238,0.5629638008667831,0.0,0.0,0.026930483371782433,0.0,0.0,0.06122864763952485,0.34887706812190966,4
C002241,0.17849079752500752,0.06357766917985011,0.0,0.0,0.04934138281464206,0.0,0.661762539834407,0.04682761064609331,0
C002242,0.0,0.0,0.0,0.12133820879810868,0.1489820934506198,0.6521908924510171,0.0,0.07748880530025437,2
C002243,0.02799608965644269,0.0,0.0,0.07895571644509007,0.006814664644207828,0.12533898818898354,0.6827278758291544,0.07816666523612148,2
C002245,0.0,0.0,0.0,0.0,0.0,0.0,0.14692952594868486,0.8530704740513151,2
C002247,0.0,0.09101261071453419,0.06873029020932102,0.0,0.0,0.0,0.3227401174314252,0.5175169816447196,3
C002250,0.0,0.03491436573123361,0.3671992012220236,0.030620878844583744,0.04432328993371383,0.0,0.4902384353927813,0.03270382887566392,2
C002251,0.09737588087301688,0.0,0.0,0.0,0.0,0.7516982317659254,0.0,0.15092588736105772,1
C002256,0.10535382169933101,0.0,0.0,0.0,0.0,0.47947491219868893,0.0,0.4151712661019801,4
C002261,0.0,0.43351444145504014,0.0,0.0,0.25295666363737496,0.12712699349261372,0.0,0.18640190141497126,0
C002265,0.0,0.07885456970555557,0.0,0.0,0.0,0.0,0.0,0.9211454302944444,2
C002266,0.0,0.0,0.0,0.006062130218159924,0.8056473661727295,0.0,0.0,0.1882905036091106,4
C002274,0.0,0.0,0.0,0.22049674075778936,0.0,0.0,0.0,0.7795032592422106,0
C002275,0.08913321363468228,0.6730805975314321,0.0,0.0,0.0,0.0,0.0,0.23778618883388558,0
C002276,0.026402821598897105,0.0,0.0,0.01097100887773788,0.0,0.0,0.0,0.962626169523365,2
C002277,0.0,0.0,0.0,0.0,0.033931117550694785,0.5725131803757217,0.0,0.3935557020735835,4
C002278,0.1018699456016702,0.0,0.0,0.0,0.0,0.0,0.7415602642552473,0.15656979014308248,3
C002280,0.0,0.0,0.0,0.0,0.0,0.0,0.0,1.0,2
C002281,0.0,0.06889613320424237,0.1260484700685732,0.0,0.0,0.0,0.0,0.8050553967271844,3
C002282,0.4856984540369826,0.08966192694055036,0.0,0.38695436796260946,0.0,0.0,0.0,0.03768525105985754,2
C002285,0.0,0.07242620109962032,0.05708510962923232,0.0,0.0,0.0,0.04008842518336765,0.8304002640877797,2
C002286,0.0,0.0,0.140855293329232,0.0,0.07231380596580005,0.49381798327224413,0.0,0.29301291743272384,1
C002288,0.1209726094600081,0.19582519488180444,0.0,0.6489266846872229,0.0,0.0,0.0,0.034275510970964485,4
C002291,0.2816717238218301,0.11481633582984527,0.0,0.0,0.0,0.0,0.0,0.6035119403483247,1
C002292,0.0,0.19648065312800095,0.051710671384999934,0.48676819797971305,0.0,0.0,0.0,0.2650404775072861,1
C002293,0.03941659126070448,0.0,0.021328866299064303,0.0,0.0,0.401815112966812,0.0,0.5374394294734193,3
C002294,0.0,0.673199486049159,0.0,0.0,0.06131564450512758,0.17020845148938885,0.012448491681897074,0.08282792627442748,0
C002296,0.024097153219598075,0.09039318625580667,0.0,0.0,0.0,0.059853874961318804,0.0,0.8256557855632765,4
C002297,0.0,0.06569605158702849,0.0,0.0,0.0,0.0,0.8871236753654748,0.047180273047496724,1
C002299,0.0,0.048678709714214556,0.0,0.0,0.0,0.0,0.5678830177791405,0.383438272506645,0
C002300,0.7032569656218712,0.0,0.0,0.07158186659917652,0.0,0.181182738583612,0.0,0.04397842919534023,0
C002301,0.0,0.12204191572171996,0.0,0.6130378291075772,0.0,0.0,0.14093880187860403,0.12398145329209886,2
C002303,0.0,0.0,0.0,0.0,0.0,0.660905660222491,0.0,0.339094339777509,3
C002304,0.5414573039411789,0.0,0.0,0.0,0.0,0.0,0.0,0.45854269605882114,0
C002307,0.0,0.0,0.0,0.0,0.0,0.0,0.11339815489000496,0.8866018451099951,0
C002310,0.0,0.0,0.0,0.0,0.0,0.0,0.16822006061693676,0.8317799393830633,1
C002311,0.0,0.0,0.8777382187182484,0.0,0.0,0.0,0.0,0.12226178128175158,0
C002312,0.0,0.059292619399308376,0.0,0.20291580711998708,0.0,0.4383066318366001,0.0,0.29948494164410444,1
C002313,0.0,0.0,0.0,0.016614318478279516,0.0,0.042939069693062416,0.0,0.9404466118286581,2
C002316,0.0,0.8702531985922328,0.0,0.0,0.024823043887720258,0.0,0.05451261846766099,0.05041113905238592,3
C002318,0.4772513508561993,0.0,0.0,0.07858714677590907,0.0,0.0,0.0,0.44416150236789165,3
C002320,0.0,0.06446565878866628,0.08191207071852798,0.016692477664300237,0.5353367134382042,0.0,0.19361200658751762,0.10798107280278368,1
C002321,0.0,0.041492005013422324,0.0,0.03864061556670488,0.0,0.0,0.0,0.9198673794198728,4
C002323,0.5942605681041612,0.0,0.0,0.14397332337700386,0.0,0.0,0.0,0.261766108518835,0
C002331,0.0,0.0,0.0,0.0,0.0,0.9777770396366288,0.0,0.022222960363371236,4
C002333,0.06944013555012553,0.0,0.0,0.0,0.5156075852912994,0.0,0.27582243175268434,0.13912984740589085,3
C002335,0.0,0.0,0.0,0.0,0.0,0.0,0.017244346058184597,0.9827556539418154,4
C002338,0.0,0.0,0.6752433743535838,0.0,0.0,0.0,0.04532203565900262,0.27943458998741355,2
C002346,0.0642097167648731,0.0,0.5044482522844553,0.026951654172502906,0.0,0.0,0.0,0.4043903767781687,2
C002349,0.0,0.0,0.0,0.0,0.0,0.0,0.0,1.0,1
C002351,0.0,0.0,0.0,0.0,0.06781388193745376,0.0,0.09571074692127139,0.8364753711412749,0
C002353,0.0,0.0,0.7104874137247856,0.0,0.25832826881924265,0.0,0.0,0.031184317455971722,3
C002354,0.0,0.0,0.0,0.0,0.006314806623450301,0.9717987378653395,0.0,0.021886455511210157,2
C002355,0.0,0.0,0.0,0.07596038408518974,0.6156324922222333,0.0,0.2667620194296091,0.04164510426296786,2
C002358,0.0,0.0,0.09370471047738446,0.6304126124180552,0.1804185013496573,0.0,0.0,0.09546417575490296,4
C002360,0.10636467048959125,0.0,0.0,0.0,0.7475015084245453,0.0,0.03420649692525401,0.11192732416060935,2
C002361,0.28304251686282994,0.0,0.0,0.0,0.0,0.0,0.0,0.7169574831371701,1
C002362,0.29232295597817876,0.3720070850286019,0.0,0.17638005287268535,0.0,0.0,0.0,0.15928990612053395,0
C002363,0.0,0.0,0.12311086121166594,0.6741524013751327,0.02903003278997932,0.028369217345737864,0.0,0.1453374872774843,3
C002365,0.0,0.0,0.0,0.0,0.5965009461986849,0.06974934511101917,0.013007741388170733,0.32074196730212523,1
C002366,0.2518073924358092,0.0,0.09617636779407757,0.0,0.3334059310947747,0.0,0.0,0.31861030867533857,2
C002367,0.0,0.0,0.0,0.4115907206055203,0.0,0.0,0.5404363736426048,0.04797290575187496,1
C002368,0.6341670796126297,0.0,0.0,0.0,0.3369935412917064,0.0,0.0,0.02883937909566381,2
C002370,0.0,0.0,0.0,0.0,0.8700374697557202,0.0,0.0,0.12996253024427984,4
C002371,0.017314283175200267,0.0,0.0,0.0,0.013258353120856405,0.0,0.0,0.9694273637039433,4
C002372,0.007948919500120796,0.0,0.0,0.0,0.1414364888655027,0.7209154338850542,0.0,0.12969915774932228,4
C002373,0.05227997677214431,0.0,0.1895792403396577,0.0,0.4025738424809662,0.014265735829499904,0.009799099461458169,0.33150210511627365,0
C002375,0.0,0.0,0.0,0.8136789915984872,0.0,0.0,0.0,0.18632100840151278,3
C002376,0.0,0.367282102647613,0.007196438140294046,0.0,0.0,0.012912405864659969,0.4708633255794169,0.14174572776801608,1
C002378,0.0,0.04267653542049935,0.0,0.0,0.0,0.0,0.15881082021036327,0.7985126443691374,4
C002379,0.0,0.0,0.0,0.0,0.0,0.6471619358491001,0.026479055059356753,0.32635900909154314,2
C002380,0.0,0.0,0.0,0.6493927881264177,0.02340137758963732,0.0,0.0,0.327205834283945,1
C002382,0.0,0.0,0.0,0.023119898509965132,0.0,0.4226935779030287,0.0,0.5541865235870062,2
C002386,0.0,0.0,0.2455714163344499,0.0,0.0,0.0,0.0,0.7544285836655501,4
C002388,0.0,0.08680155083042296,0.0,0.0,0.0,0.6716570372876426,0.0,0.24154141188193445,0
C002389,0.07573493717003682,0.0,0.057660535424077376,0.31204030713259784,0.0,0.0,0.0,0.554564220273288,1
C002394,0.0,0.0,0.0,0.1000035393997938,0.06913959253445863,0.0,0.7691368221796533,0.061720045886094255,2
C002395,0.2149009145453843,0.03242594759952562,0.0,0.0,0.05677453355297664,0.45679270721155796,0.2068423903424625,0.032263506748092974,0
C002397,0.0,0.0,0.5171526364994511,0.0,0.0,0.0,0.0,0.4828473635005489,0
C002398,0.3749514009690908,0.0,0.0,0.0,0.0,0.3090862078266422,0.0,0.31596239120426706,4
C002399,0.0,0.0,0.0,0.6816999307291453,0.0,0.0,0.0,0.31830006927085475,2
C002401,0.035296851377465244,0.0,0.0,0.0,0.0,0.0,0.7677763881978626,0.19692676042467205,1
C002402,0.0,0.0,0.05017517109544647,0.0,0.0,0.0,0.0,0.9498248289045536,3
C002404,0.0,0.5261719137879869,0.0,0.0,0.0,0.0,0.0,0.4738280862120131,2
C002405,0.13687865706539193,0.0,0.6132694986054269,0.011438613999632054,0.0,0.0,0.23704940935893445,0.0013638209706146043,2
C002406,0.0,0.012824101506113347,0.0,0.014502922614881082,0.0,0.6878520091302297,0.0,0.2848209667487759,2
C002413,0.0,0.0,0.1800663078766082,0.0,0.023599477077639045,0.0,0.0,0.7963342150457527,4
C002414,0.0,0.0,0.0,0.0,0.0,0.0,0.0,1.0,1
C002419,0.0,0.0,0.0,0.3844634008609901,0.0,0.0,0.544128339374414,0.07140825976459597,2
C002421,0.03346014002736239,0.0,0.0,0.0,0.0,0.06430393333736663,0.8773442161938122,0.02489171044145877,4
C002424,0.0,0.0,0.0,0.0,0.5240436529054584,0.0,0.0,0.4759563470945416,1
C002426,0.0,0.0,0.0,0.0,0.0,0.0,0.43714123940270655,0.5628587605972935,1
C002428,0.0,0.0,0.0,0.0,0.0,0.0,0.8410312785925521,0.1589687214074479,0
C002429,0.0,0.0,0.6295888250753339,0.1426234144944383,0.1895072177728843,0.0,0.0,0.0382805426573436,4
C002430,0.0,0.3449228499917209,0.0,0.02935395526904744,0.046257701549187215,0.0,0.0,0.5794654931900445,4
C002431,0.8736356206893864,0.0,0.0,0.0,0.0,0.0,0.0,0.12636437931061362,1
C002438,0.0,0.0,0.17415644380681994,0.5319355613093697,0.10115764871373722,0.0,0.0319954342567038,0.16075491191336932,3
C002439,0.18253741168651613,0.0,0.03615509452105182,0.0,0.0,0.037527544842298,0.41258101029591965,0.33119893865421446,3
C002441,0.0,0.014129079515073688,0.7064252495099258,0.0,0.0,0.23433583855019915,0.0,0.04510983242480138,3
C002442,0.0,0.4063135275306942,0.0,0.0783564600531102,0.0,0.33707223243699824,0.0,0.17825777997919734,1
C002448,0.0,0.14226187388714615,0.0,0.02057869075588267,0.0,0.0,0.0,0.8371594353569711,2
C002449,0.0,0.0,0.0,0.0,0.0,0.9050682906332925,0.004319735484243718,0.09061197388246378,3
C002450,0.03138310493730346,0.040884043599278136,0.035309473624155735,0.0,0.0,0.0,0.0,0.8924233778392627,3
C002451,0.0,0.0,0.1662522772662386,0.026434493284568407,0.0,0.5637986256260519,0.0,0.24351460382314116,0
C002452,0.0,0.03798863669422027,0.7695151577170855,0.0985510573669018,0.0,0.06297240316841571,0.0,0.03097274505337677,1
C002456,0.0,0.0,0.0,0.05427964754909806,0.0,0.6896820502262115,0.0,0.2560383022246904,4
C002457,0.7196817463912634,0.19822383011848788,0.0,0.0,0.0,0.0,0.0,0.08209442349024876,3
C002458,0.0,0.0,0.8242152190077541,0.0,0.0,0.0,0.0,0.17578478099224593,0
C002460,0.044843594959030904,0.0,0.08701140799890375,0.0,0.0,0.0,0.0,0.8681449970420654,2
C002461,0.0,0.0,0.1900106430130357,0.0,0.0,0.2850251513469754,0.1595376450098226,0.3654265606301663,2
C002462,0.0,0.0,0.0,0.49365037190379807,0.0,0.20597055354621732,0.0,0.3003790745499846,2
C002463,0.49596879986254433,0.14674969857112138,0.024793176759382262,0.009823137421093937,0.1153470445150794,0.11133520033974226,0.0,0.09598294253103634,4
C002474,0.0,0.0,0.0,0.7916646751483959,0.0,0.0,0.17351868812704488,0.03481663672455926,1
C002476,0.0,0.8115820267406194,0.0,0.0,0.0,0.0,0.0,0.1884179732593806,0
C002479,0.0,0.0,0.0,0.04928529510310732,0.0,0.0,0.0,0.9507147048968927,4
C002485,0.0,0.5810976856570351,0.0,0.0,0.0,0.0,0.08212945551570335,0.3367728588272615,3
C002488,0.0,0.0,0.0,0.0,0.08446644333771466,0.0,0.0,0.9155335566622853,2
C002490,0.0,0.1442307154923379,0.6612903117827693,0.0,0.0,0.06611250936160448,0.11371448224525178,0.01465198111803645,3
C002491,0.4155788995070383,0.0,0.0,0.09035517320965586,0.0,0.0,0.2900562858383976,0.2040096414449083,2
C002492,0.0,0.0,0.0,0.408726201041963,0.0,0.0,0.4210884356353049,0.17018536332273215,2
C002493,0.0,0.0,0.23199899362762247,0.0,0.0,0.0,0.0,0.7680010063723776,3
C002495,0.14671404389616882,0.0,0.0,0.8319132825491774,0.007559704429709154,0.0,0.0020901267177086263,0.01172284240723609,0
C002498,0.0,0.0,0.0,0.8021042476036269,0.0,0.0,0.0,0.19789575239637314,3
C002499,0.07559587497641057,0.0,0.01928878966178257,0.3746391685004817,0.011026825983407844,0.38380022976326844,0.0,0.13564911111464895,2
C002500,0.0,0.22814192852374066,0.0,0.0,0.0,0.17667565128854548,0.0,0.5951824201877138,3
C002501,0.047247161316960745,0.0,0.0,0.0,0.21607502349868762,0.02425423874186992,0.021884540980746225,0.6905390354617355,1
C002503,0.0,0.0,0.0,0.042952770875701436,0.09677556672698384,0.032849981976471085,0.0,0.8274216804208436,0
C002512,0.33374282388466714,0.1971708770728374,0.0,0.0,0.09415314978900192,0.0,0.19681918862456577,0.1781139606289277,1
C002514,0.0,0.011695945496264617,0.5788525972328531,0.032620300067277105,0.0,0.0,0.0,0.37683115720360516,2
C002516,0.0,0.0,0.0,0.0,0.0,0.837527669508698,0.0,0.16247233049130205,3
C002519,0.0,0.0,0.0,0.0,0.0,0.0,0.922225008016202,0.077774991983798,4
C002522,0.0,0.0,0.0,0.0,0.18341813198172918,0.6536168436259866,0.0,0.16296502439228422,0
C002523,0.0,0.022742812667086384,0.7111693655322842,0.0,0.1723293142431666,0.07573996632609388,0.0,0.018018541231369034,2
C002526,0.0,0.008984172410529352,0.0,0.33590021921253704,0.23002765271710046,0.26761047147157896,0.05098684653301234,0.10649063765524192,4
C002527,0.12322105626199753,0.0,0.0,0.0,0.0,0.0,0.04385060642311121,0.8329283373148912,1
C002528,0.1173455905881545,0.0685281975169852,0.0,0.08602121965370306,0.3560202969271108,0.004821663568467128,0.12434863821668633,0.242914393528893,0
C002530,0.29132724251130565,0.0,0.5479187806508315,0.0,0.0,0.07461344840108296,0.0,0.08614052843677977,2
C002531,0.0,0.0,0.0,0.3757630891599525,0.354029083626045,0.0,0.0,0.2702078272140025,2
C002533,0.0,0.0,0.0,0.0,0.0,0.0,0.0,1.0,2
C002534,0.7621810415859637,0.16929458706494657,0.009534147367293409,0.0,0.0,0.0,0.05589205209978908,0.003098171882007228,4
C002539,0.0,0.0,0.0,0.0,0.0,0.0,0.05316778979714746,0.9468322102028526,1
C002541,0.0,0.012835814917145694,0.18381705634768977,0.0,0.0,0.7419656266447959,0.0,0.061381502090368634,0
C002542,0.0,0.0,0.0,0.0,0.0,0.0,0.9888552960195788,0.011144703980421222,0
C002544,0.0,0.0,0.0,0.058052059391798194,0.0,0.5551096181495585,0.032921586463706166,0.3539167359949372,2
C002548,0.0,0.08752604614315732,0.3447243473702649,0.0,0.0,0.5041790837400834,0.0,0.06357052274649444,1
C002550,0.0,0.0,0.005811469050389258,0.0,0.0,0.8145359688871137,0.0,0.17965256206249713,2
C002553,0.0,0.0,0.8052677032156632,0.0,0.09230584572773301,0.0,0.0,0.10242645105660375,3
C002555,0.0,0.21719186554395295,0.6739103606475952,0.0,0.0,0.0,0.0,0.10889777380845178,0
C002559,0.0,0.0,0.5389615267829794,0.0,0.0,0.0,0.0,0.46103847321702063,0
C002563,0.0,0.017961897496215833,0.7783297114337283,0.0,0.014547989115771402,0.0,0.0,0.18916040195428452,4
C002564,0.4733960077089601,0.0,0.01825298227933871,0.0748384914505263,0.0,0.0,0.028089115431489616,0.4054234031296853,4
C002566,0.0,0.0,0.08116870527439336,0.723949845569316,0.0,0.0,0.01805548727574923,0.17682596188054145,3
C002567,0.06754637330236074,0.0,0.0,0.0,0.0632648926971229,0.0,0.0,0.8691887340005163,2
C002569,0.0,0.3327003321413081,0.008029178423060597,0.316611955956068,0.0,0.0121171875734693,0.19621027732544957,0.13433106858064447,4
C002571,0.7325803650396494,0.0,0.0,0.0,0.18944908065132685,0.0,0.0,0.07797055430902378,3
C002573,0.0,0.06746887429575209,0.4971862798910041,0.045363305488725074,0.0,0.0,0.0,0.3899815403245188,2
C002581,0.02272350025416472,0.0,0.1658991394500996,0.0,0.0,0.009059347200637427,0.7727774472871387,0.029540565807959496,1
C002585,0.0,0.04790804797712453,0.045336630330886925,0.0,0.0,0.0,0.1780568019466254,0.7286985197453631,1
C002587,0.0,0.0,0.0,0.19997830762511853,0.7578094686877389,0.030455612947850624,0.0,0.011756610739291906,1
C002590,0.0,0.0,0.10343411164203253,0.7697414848678855,0.0,0.0,0.025780564589888328,0.10104383890019364,1
C002594,0.0,0.0,0.0,0.12043156262515563,0.8148990165133702,0.0,0.0,0.0646694208614742,4
C002595,0.0,0.0,0.0,0.6969353861881914,0.0,0.0,0.0,0.3030646138118086,2
C002599,0.0,0.0,0.0,0.3314491652693432,0.0,0.15007727107744975,0.0,0.5184735636532071,1
C002606,0.1135186887198437,0.0,0.04600575488723857,0.0,0.5233773496243829,0.0,0.0,0.31709820676853484,0
C002608,0.06688273720118595,0.4945692204063543,0.0,0.0,0.0,0.0,0.0,0.4385480423924597,1
C002610,0.0,0.05224334286554072,0.6437862332844115,0.27078942499118924,0.0,0.0,0.0,0.0331809988588585,4
C002611,0.0,0.6725072506070287,0.0,0.06687272469756197,0.016495677694463324,0.0,0.0,0.24412434700094598,1
C002612,0.0,0.0,0.0,0.20485170443168024,0.050106182225147074,0.0,0.0,0.7450421133431726,0
C002615,0.0,0.0,0.0,0.0,0.8247777236121833,0.0,0.13768252924937158,0.0375397471384451,1
C002617,0.033062812868520926,0.048815461651579344,0.0,0.0,0.0,0.0,0.047584387516176684,0.870537337963723,0
C002620,0.0,0.0,0.0,0.10952472110485216,0.09571817713548847,0.7140020069148664,0.0,0.08075509484479304,0
C002621,0.0,0.014549399731837814,0.10950952997333925,0.23580453186349892,0.010235668635471196,0.0,0.47294447957782587,0.15695639021802688,2
C002622,0.657316932180827,0.03450140883093014,0.0,0.0,0.0,0.0,0.23788390465654893,0.07029775433169394,1
C002623,0.0,0.0,0.401265775145474,0.33977945007697163,0.0,0.0,0.15773594529645396,0.10121882948110039,4
C002625,0.0,0.8997021224502041,0.06737691304252276,0.0,0.0,0.0,0.0,0.03292096450727311,0
C002626,0.0,0.0,0.6277345517259303,0.0,0.0,0.10896897880278986,0.0,0.2632964694712798,3
C002627,0.0,0.04841715933215032,0.0,0.0,0.0,0.0,0.4864693361843035,0.46511350448354616,4
C002628,0.0,0.0,0.0,0.0,0.8593190953469803,0.0,0.0,0.14068090465301974,2
C002629,0.18585098566081604,0.0,0.0,0.0,0.0,0.0,0.06968999190971464,0.7444590224294694,0
C002634,0.0241397032784114,0.0,0.0,0.0,0.012649517287339866,0.10815081227787177,0.0,0.855059967156377,4
C002635,0.0,0.9173410086530875,0.0,0.0,0.0,0.0,0.0,0.08265899134691246,3
C002636,0.0,0.0,0.022194607222858355,0.018017218616241226,0.0,0.18529723611115814,0.014053979096251761,0.7604369589534905,3
C002637,0.0,0.5917886583715755,0.0,0.23072048575951953,0.05523393899436048,0.0,0.0,0.12225691687454454,3
C002638,0.2511858908547581,0.0,0.16279884327407118,0.0,0.0,0.0,0.3763929486329189,0.20962231723825187,4
C002642,0.1652363654417099,0.19806459468416893,0.0,0.29208040021542475,0.0,0.3010801415387811,0.0,0.04353849811991539,1
C002643,0.0,0.0,0.0,0.0,0.04943256465925354,0.0,0.0,0.9505674353407465,3
C002644,0.0,0.025914741149038953,0.0,0.0,0.0,0.0,0.0,0.9740852588509611,0
C002647,0.0,0.0,0.0,0.7454845110686228,0.03644644868387709,0.0,0.0,0.21806904024750007,2
C002649,0.0,0.0,0.0,0.0,0.0,0.6515080449589219,0.0,0.3484919550410781,2
C002650,0.0,0.0,0.0,0.0,0.0,0.0,0.34206566813901434,0.6579343318609856,2
C002653,0.0,0.0,0.0,0.0,0.7334434584980796,0.24269861254797703,0.0,0.02385792895394334,2
C002655,0.0,0.0,0.0,0.0,0.7584238495901563,0.16040889007450737,0.0,0.08116726033533639,3
C002656,0.0,0.0,0.0,0.21872809093521656,0.0047879846866890246,0.5791807379012852,0.0,0.19730318647680922,2
C002657,0.0,0.0,0.0,0.08845310278926648,0.7740158308388362,0.0,0.0,0.13753106637189738,2
C002660,0.056332526333645716,0.588910125191741,0.0,0.016033454371314107,0.0,0.0,0.0,0.3387238941032992,2
C002663,0.0,0.0,0.0,0.0,0.0,0.0,0.7223746284908993,0.2776253715091007,1
C002665,0.029787889442489973,0.05975363076476799,0.10001587151906764,0.0,0.34379309295153115,0.0,0.0,0.46664951532214327,2
C002666,0.18966981529236673,0.0,0.13608243312576146,0.08868262559877084,0.0,0.0,0.0,0.585565125983101,0
C002667,0.0,0.8586377685103556,0.0,0.0,0.0,0.0,0.0,0.14136223148964444,1
C002668,0.04386476794774336,0.0,0.0,0.008563321033224523,0.027071614675791774,0.3645062647529633,0.0,0.5559940315902769,1
C002671,0.0,0.5656563740665107,0.0,0.0,0.011553584083774064,0.08535166000199865,0.0,0.3374383818477166,0
C002677,0.5583237467234929,0.07421336165548392,0.0,0.0,0.04938104081269503,0.0,0.0,0.3180818508083282,1
C002678,0.0,0.0,0.0,0.7477742824146572,0.01736142263772031,0.0,0.0,0.2348642949476225,4
C002680,0.2588865596654154,0.7040741106477816,0.016965064995324002,0.0,0.0,0.0,0.0,0.020074264691478994,2
C002683,0.0,0.0,0.0,0.018835372053628764,0.0,0.029778578491099817,0.030326709312916478,0.9210593401423549,4
C002686,0.0,0.6986450730320027,0.0,0.10529007824721824,0.0,0.07265106253102656,0.0,0.1234137861897524,3
C002687,0.17167244605540627,0.0,0.0,0.0,0.0,0.6014776304330006,0.0,0.22684992351159305,4
C002688,0.0,0.0,0.0,0.18838924119075373,0.0,0.0,0.7053957138315611,0.10621504497768519,1
C002689,0.0036653141984865916,0.1255523289571623,0.0,0.0,0.8073238151781917,0.0,0.0,0.06345854166615938,2
C002692,0.047457122793267616,0.0,0.05994950235011949,0.0,0.0,0.05036431102411206,0.0,0.8422290638325008,0
C002694,0.0,0.052941761682139335,0.0,0.0,0.0,0.9256368132158508,0.0011215228684330887,0.020299902233576805,0
C002696,0.0,0.36167622102081143,0.0,0.11933138318380987,0.0,0.0,0.0,0.5189923957953787,0
C002697,0.0,0.0,0.24839481928075954,0.5256367080851878,0.0,0.0,0.0,0.22596847263405262,2
C002698,0.0,0.0,0.09439683557636074,0.0,0.0,0.0,0.0,0.9056031644236393,4
C002699,0.4914539852466194,0.0,0.0,0.22574395493399452,0.12330806546253592,0.0,0.0,0.1594939943568502,3
C002700,0.04702806014234401,0.0,0.0,0.03725532926875338,0.0,0.06731347306586571,0.021314172472575544,0.8270889650504614,0
C002703,0.0,0.0,0.05451859710977607,0.0,0.0,0.0,0.0,0.945481402890224,2
C002705,0.7889252348318454,0.0,0.0,0.0,0.0,0.0,0.0,0.2110747651681546,1
C002707,0.5979305729376089,0.0,0.0,0.06253452970189087,0.0,0.0,0.0,0.33953489736050024,3
C002714,0.11151174310799429,0.8045725755666576,0.0,0.0,0.009015498634402331,0.0,0.023596254399954095,0.05130392829099173,4
C002715,0.12267171816760411,0.43873651606822167,0.0810562090082506,0.04307488587255043,0.0,0.005036276452189781,0.05399013966011569,0.25543425477106785,2
C002719,0.1453448114024606,0.0,0.0,0.009460782808283545,0.6567609848931163,0.0038212549727566973,0.15961635783120182,0.02499580809218105,1
C002720,0.0,0.5172893369705951,0.0818300881651137,0.0,0.0,0.030944658512039376,0.0,0.36993591635225176,2
C002721,0.0,0.0,0.0,0.0,0.2830344553845248,0.0,0.0,0.7169655446154752,3
C002725,0.0,0.3252417388907226,0.0,0.11770649503748312,0.34378589051789005,0.0,0.0,0.2132658755539043,1
C002729,0.07657331973675165,0.0,0.10234257721163309,0.0,0.0,0.0,0.03955015085283694,0.7815339521987783,4
C002731,0.0,0.07109023727383451,0.0,0.08495699507498425,0.017471206115315645,0.0,0.05023648884381697,0.7762450726920487,4
C002733,0.0,0.0,0.0,0.6217140542805224,0.0649579230919014,0.29299408358746165,0.0,0.02033393904011449,3
C002734,0.14205591366880224,0.0,0.0,0.0,0.2820968242013698,0.47683740777548667,0.0,0.09900985435434129,0
C002736,0.0,0.0,0.7328170997434693,0.0,0.0,0.18437892088343785,0.0,0.0828039793730928,1
C002737,0.0,0.0,0.2561415981784821,0.07714915977792224,0.4039157216845434,0.0,0.0,0.26279352035905224,1
C002738,0.12019910525804198,0.7100636328161931,0.0,0.0,0.0490095807729296,0.0,0.0,0.12072768115283528,2
C002739,0.0,0.0,0.0,0.0,0.518290595070236,0.0,0.0,0.481709404929764,2
C002740,0.022407922897788854,0.5393967897248081,0.0,0.0,0.0,0.06860889670442674,0.0,0.3695863906729764,1
C002742,0.06336561995010366,0.0,0.0,0.46149951744285705,0.0,0.061140610639953484,0.3344435003133776,0.07955075165370817,1
C002746,0.0,0.0,0.0,0.10560579903260413,0.0,0.0,0.4975090625404116,0.39688513842698425,3
C002747,0.8606442575393042,0.0,0.0,0.0,0.0,0.0,0.0,0.13935574246069582,0
C002749,0.0,0.0,0.0,0.45141777109677816,0.0,0.0,0.04694399392581186,0.50163823497741,2
C002751,0.0,0.0,0.0,0.061513084975626436,0.0,0.0,0.0,0.9384869150243735,2
C002753,0.0,0.0,0.0,0.37788741529299363,0.0,0.40647471175924743,0.0,0.21563787294775894,4
C002755,0.0,0.0814630767675601,0.0,0.5272074913806318,0.009526890188738162,0.0,0.03311893750585083,0.3486836041572191,0
C002757,0.0,0.047605910472685274,0.0,0.07639958740029758,0.8252574468867262,0.0,0.0,0.05073705524029093,4
C002758,0.0,0.0,0.0,0.0,0.0,0.0,0.0,1.0,2
C002760,0.0,0.0,0.0,0.0,0.32031105124908116,0.5058944728855882,0.008574558110854044,0.16521991775447664,4
C002762,0.5048721969579673,0.0,0.01688361144259513,0.0,0.0,0.0,0.3531847011952832,0.12505949040415443,4
C002764,0.0,0.0,0.12559318999236285,0.0,0.19254690694056936,0.6213373730170116,0.0,0.060522530050056145,1
C002767,0.0,0.0,0.6865933528510881,0.0,0.0,0.0,0.261587202368581,0.05181944478033085,3
C002768,0.0,0.0,0.0,0.0,0.0,0.0,0.02432884390156879,0.9756711560984312,3
C002769,0.019234397038659538,0.0,0.4909316030331697,0.04964784181612068,0.0,0.0,0.0,0.4401861581120501,4
C002771,0.45915859661577796,0.0,0.43299887310034213,0.0,0.0,0.07899667799095747,0.0,0.02884585229292247,4
C002772,0.0,0.29328820280130097,0.0,0.0,0.033084595433627136,0.0,0.0,0.673627201765072,0
C002773,0.0,0.0,0.3022593042030593,0.6403631394529905,0.046960077396692786,0.0,0.0,0.01041747894725742,2
C002775,0.0,0.7895055228053552,0.08497015064102037,0.0052933748135669135,0.0,0.0,0.0,0.12023095174005738,2
C002779,0.5305362531915202,0.0,0.0,0.01587999016395432,0.0,0.09654569190102408,0.20300520020000026,0.15403286454350118,2
C002780,0.0,0.8189402943696713,0.0,0.0,0.0,0.0,0.0,0.1810597056303287,3
C002786,0.0,0.8106260318571604,0.0,0.0,0.0,0.0,0.0,0.18937396814283958,1
C002788,0.23901034360223555,0.0,0.0,0.0,0.6853968426959778,0.04385742086329971,0.0,0.03173539283848703,1
C002793,0.0,0.0,0.0,0.0,0.0,0.28572123503621605,0.6205496547196696,0.09372911024411434,4
C002794,0.0,0.0,0.038466645934847665,0.0,0.0,0.5499180431187799,0.0,0.4116153109463725,2
C002795,0.4366429173621823,0.0,0.0,0.0,0.0,0.05821850653507714,0.0,0.5051385761027405,4
C002796,0.0,0.0,0.0,0.0,0.8376579599027658,0.0,0.0,0.16234204009723419,3
C002798,0.0,0.0,0.5343756612207693,0.05841093937256515,0.1353822736705242,0.0,0.0,0.27183112573614143,0
C002800,0.024976457376803103,0.0,0.6914830423485002,0.0,0.0,0.0,0.0,0.2835405002746967,1
C002801,0.05560795294580523,0.02997264502138133,0.007994545795447333,0.02215854725863595,0.011304315898918704,0.4511095562725095,0.0,0.421852436807302,4
C002802,0.0,0.018696559301694452,0.05749448632177294,0.5774187211355638,0.0,0.0,0.20896587441116268,0.1374243588298062,4
C002804,0.042199603245155135,0.0,0.09181222295951333,0.0,0.0,0.14242202627960632,0.0,0.7235661475157252,0
C002805,0.0,0.0,0.0,0.0,0.0,0.0,0.0,1.0,3
C002808,0.0,0.12266630915715662,0.0,0.0,0.0,0.0,0.0,0.8773336908428434,2
C002809,0.0,0.0,0.0,0.7171398398196507,0.0,0.0,0.0,0.2828601601803493,4
C002810,0.0,0.0,0.0,0.2851298235456212,0.0,0.0,0.6101075501721882,0.10476262628219057,0
C002812,0.07588279336079319,0.0,0.16503823126509487,0.0,0.0,0.7022832763381708,0.0,0.05679569903594117,0
C002813,0.20407684501443735,0.0,0.0,0.5047225621673805,0.0,0.0,0.0,0.2912005928181821,4
C002814,0.0,0.06349995734993139,0.0,0.0,0.720128560040283,0.0,0.0,0.21637148260978556,4
C002816,0.0,0.0,0.05194924972036379,0.0,0.30507783406816086,0.05290080205318231,0.0,0.590072114158293,2
C002817,0.0,0.3314521814927272,0.0,0.0,0.4206005579544224,0.0,0.0,0.24794726055285032,1
C002820,0.1884169557619673,0.0,0.0,0.0,0.0,0.6406080024077888,0.0,0.17097504183024392,3
C002821,0.07286095017396975,0.2277006167779859,0.0,0.12315895106281567,0.0,0.37529031326195417,0.0,0.20098916872327455,2
C002822,0.4815500367722502,0.14242090010901268,0.0,0.0,0.0,0.0,0.0,0.3760290631187371,4
C002826,0.0,0.0,0.0,0.3140519359987635,0.0,0.28681966474974746,0.3436743233574099,0.055454075894079136,2
C002829,0.07231528112855098,0.0,0.0,0.3220152405262942,0.0,0.40006304545466803,0.0,0.20560643289048675,2
C002834,0.0,0.0,0.0,0.0,0.2963999952840359,0.0,0.5709750567534692,0.13262494796249502,2
C002836,0.0,0.0,0.6165517310842445,0.0,0.0,0.0,0.24744523592543338,0.13600303299032213,0
C002838,0.04127358304162522,0.0,0.0,0.0,0.09760484787449773,0.5654628312910321,0.01640102330456697,0.27925771448827796,0
C002839,0.0,0.0,0.07063685747950427,0.0,0.0,0.20259777205201657,0.3433630520309458,0.38340231843753336,1
C002840,0.0,0.1358917488060793,0.0,0.0,0.0,0.0634743597478362,0.0,0.8006338914460844,2
C002842,0.0,0.0,0.0,0.0,0.0,0.0377661131125622,0.0,0.9622338868874378,1
C002843,0.2726395568641843,0.16750316134311538,0.0,0.04126817133055317,0.0,0.06001134975209764,0.3137767850290293,0.14480097568102024,3
C002844,0.417567262149584,0.0,0.0,0.0,0.5193288560663832,0.0,0.0,0.06310388178403281,4
C002846,0.0,0.0,0.0,0.0,0.0,0.0,0.0,1.0,2
C002847,0.0,0.0,0.0,0.0,0.0,0.5013886983415063,0.0,0.49861130165849366,4
C002849,0.0,0.0,0.4463335758798821,0.0,0.13626152479321896,0.023564835103581677,0.0,0.3938400642233173,1
C002851,0.0,0.0,0.0,0.0,0.07386704243107355,0.0,0.015794892972810635,0.9103380645961159,3
C002852,0.0,0.0,0.07333994804716493,0.5353589632769811,0.02248353956980203,0.23956927114549945,0.0,0.1292482779605526,3
C002853,0.0,0.0,0.45168533411091055,0.3988967026886708,0.028686912145342632,0.0,0.0,0.12073105105507609,2
C002855,0.08874079555273517,0.332602589342661,0.0,0.258556674412419,0.0,0.0,0.0,0.32009994069218484,4
C002856,0.0,0.0,0.0033717815216164366,0.0,0.027836107458158708,0.14940901556837402,0.7365182506677266,0.08286484478412426,1
C002859,0.10598539888681716,0.8389539365612578,0.0,0.0,0.0,0.00945203544872204,0.03928268428310064,0.006325944820102292,2
C002861,0.0,0.0,0.0,0.05140719043614583,0.0,0.0,0.0,0.9485928095638542,4
C002862,0.0,0.22459283135093341,0.01020171518345573,0.0,0.6514616822447185,0.04155907676966397,0.0,0.07218469445122844,4
C002863,0.0,0.0,0.0,0.0,0.0,0.0,0.0,1.0,2
C002866,0.0,0.4947263563702303,0.20213062194784864,0.0,0.1391145945118798,0.0,0.0,0.1640284271700413,4
C002869,0.0,0.13518907588546503,0.0,0.4746093392113822,0.08544966025535164,0.0,0.2221960603796852,0.08255586426811601,2
C002870,0.6779086350662058,0.0,0.0,0.0,0.0,0.0,0.2632129131704377,0.05887845176335649,0
C002871,0.0,0.0,0.757422331731395,0.08643644576124075,0.0,0.08066843138447816,0.0,0.07547279112288607,3
C002876,0.0,0.0,0.2177991514360686,0.0,0.0,0.0,0.0,0.7822008485639314,2
C002877,0.0,0.07032685875446393,0.0,0.6613470406734668,0.24648540898455606,0.0,0.0,0.021840691587513117,4
C002879,0.08577492091810415,0.0,0.14356416842595118,0.0,0.0,0.1459598854309959,0.5079829731880532,0.11671805203689556,2
C002880,0.13248913537358717,0.0,0.0,0.0,0.0,0.0,0.0,0.8675108646264128,3
C002883,0.0,0.04190629715403359,0.44040652713729767,0.27664282150394326,0.06532599190162816,0.0,0.0,0.17571836230309734,0
C002884,0.0,0.0028499788998825174,0.12691854555597387,0.0,0.1465752852684821,0.70179237873981,0.0,0.021863811535851485,1
C002885,0.0,0.0,0.6993810257187122,0.0,0.0,0.0,0.0,0.3006189742812878,2
C002889,0.0,0.0,0.0,0.13220641956794055,0.5316473303116213,0.1937942282960145,0.0,0.14235202182442364,1
C002890,0.06641521351022744,0.0,0.0,0.021923333678161287,0.0,0.8873200584724983,0.003279459816207921,0.021061934522905057,1
C002891,0.15841228192909132,0.1192632150670538,0.5630240585544882,0.0,0.0,0.0,0.0,0.15930044444936664,4
C002892,0.0,0.566440137586306,0.0,0.0,0.0,0.0,0.0,0.43355986241369404,1
C002894,0.0,0.0,0.0,0.0,0.0,0.0,0.0,1.0,2
C002895,0.6586441192261812,0.0,0.0,0.0,0.0,0.0,0.0,0.34135588077381884,4
C002896,0.0,0.4971204826113877,0.0,0.0,0.10524584663725653,0.0,0.0,0.3976336707513558,0
C002898,0.0,0.2688565598410464,0.0,0.4683236193717543,0.06100258182335396,0.10266333220096752,0.0,0.09915390676287772,1
C002899,0.0,0.0,0.05916292862437415,0.0,0.0,0.0,0.0,0.9408370713756259,4
C002900,0.0,0.0,0.0,0.0,0.26133338339521567,0.7225812410626314,0.0,0.016085375542152835,0
C002902,0.0,0.0,0.7602871580258697,0.0,0.19952263187908587,0.0,0.0,0.04019021009504442,4
C002903,0.29711916567433144,0.0,0.10481824825638467,0.0,0.0,0.061997522132210776,0.0,0.5360650639370731,1
C002907,0.0,0.0,0.0,0.0,0.013267961057786017,0.0,0.08009199371526282,0.9066400452269512,2
C002908,0.0,0.48773555148817016,0.019656956454366492,0.0,0.4441045969994137,0.0027326885161986503,0.0,0.045770206541851044,4
C002909,0.0,0.0,0.07724590311261148,0.0,0.0,0.0,0.0,0.9227540968873885,1
C002910,0.0,0.0,0.0,0.0,0.0,0.0,0.742623374373909,0.257376625626091,4
C002912,0.0,0.01039312528209094,0.6473899453301488,0.0,0.0,0.20252498166922336,0.0,0.13969194771853688,1
C002913,0.13555075078846346,0.09353949234592608,0.0,0.06560703755711747,0.0,0.0,0.0,0.705302719308493,2
C002916,0.0,0.0,0.1800665499700131,0.0,0.006306436253252378,0.02518309842897621,0.5803427321355683,0.20810118321218996,0
C002918,0.0,0.0,0.0,0.054211555274487386,0.0,0.0,0.5964556428066851,0.34933280191882754,2
C002919,0.06444691835147198,0.09464872960827894,0.0,0.0,0.0,0.0,0.18284597114870438,0.6580583808915447,1
C002920,0.08503952629792846,0.03924812148669643,0.0,0.0,0.7574719675138655,0.0,0.0,0.11824038470150966,4
C002924,0.0,0.0,0.045315657093291745,0.0,0.004869431161587838,0.6296839924496925,0.0,0.3201309192954279,1
C002926,0.0,0.042270608978302204,0.0,0.0,0.059444277543283776,0.01722668147473352,0.0,0.8810584320036805,3
C002927,0.0,0.7986320629108373,0.0,0.0,0.0921194262602314,0.0,0.0,0.10924851082893128,3
C002928,0.0,0.0,0.0,0.0,0.0,0.7728640336171345,0.0,0.22713596638286548,0
C002931,0.1592009632820437,0.3860207704089511,0.39433383616662965,0.0,0.05376225654835207,0.0,0.0,0.006682173594023455,4
C002932,0.0,0.0,0.0,0.6991189558422517,0.01059468214770589,0.0,0.0,0.29028636201004243,3
C002934,0.31650283529579615,0.054309563437845106,0.0,0.0,0.0,0.043429406348724296,0.06678020998009634,0.5189779849375381,0
C002935,0.0,0.0,0.8544007647437049,0.0,0.09189138734877995,0.009581355818637232,0.0,0.04412649208887787,4
C002940,0.0,0.0,0.0,0.34892637656310294,0.5053164443187041,0.0,0.014360941731707747,0.1313962373864851,4
C002941,0.0,0.2377510180615014,0.0,0.0,0.0,0.5447531590430985,0.098002186990317,0.119493635905083,4
C002942,0.02695986211115914,0.0,0.0,0.1298894168816139,0.0,0.5157517835507771,0.2820696444681086,0.04532929298834132,2
C002943,0.0,0.0,0.0,0.0,0.0,0.0,0.04620266811794269,0.9537973318820573,3
C002948,0.006194600554203868,0.0,0.0,0.5118676771052258,0.0,0.0,0.28782050415561117,0.19411721818495908,2
C002953,0.0,0.3624193324131017,0.0,0.16319370158288266,0.2756587748685473,0.0,0.0,0.19872819113546836,3
C002955,0.0,0.0,0.0,0.0,0.012433570621106019,0.0,0.0,0.9875664293788939,0
C002957,0.0,0.0,0.10052802591715125,0.0,0.0,0.0,0.43301747531834084,0.46645449876450795,2
C002958,0.150480952187982,0.0,0.0,0.0,0.0006694845566167358,0.8072325119555003,0.0,0.04161705129990101,1
C002964,0.0,0.8626364889201689,0.0,0.0,0.0,0.0,0.0,0.13736351107983114,1
C002966,0.0,0.0,0.1452961307011025,0.0,0.0,0.5409442748744514,0.12636254541059352,0.18739704901385257,4
C002967,0.012264156484129523,0.0,0.0,0.0,0.1893705524857724,0.0,0.6186838884650074,0.1796814025650907,0
C002970,0.0,0.0,0.02518548705470382,0.6545259513135061,0.0,0.0,0.16052248907770877,0.15976607255408126,0
C002971,0.0,0.0,0.0,0.12061272350718727,0.0,0.17630187691539512,0.0,0.7030853995774176,2
C002973,0.13147169153106947,0.5349479345187406,0.0,0.11916157932165057,0.01082977232378167,0.0,0.0,0.20358902230475762,2
C002975,0.0,0.3411391494315073,0.0,0.0,0.0,0.0,0.6306949205603577,0.028165930008134943,2
C002977,0.0,0.0,0.0,0.0342387981698366,0.30821416532945595,0.45403332165037597,0.0,0.20351371485033143,2
C002987,0.6783616317214645,0.0,0.08100740370257134,0.19472763664312248,0.0,0.0,0.0,0.0459033279328418,1
C002988,0.0,0.0,0.0,0.0,0.0,0.4772549197857602,0.18535549965279058,0.3373895805614493,1
C002989,0.0,0.0,0.0,0.38846774387014715,0.0,0.0,0.012471659500097371,0.5990605966297555,3
C002990,0.009355831068971157,0.0,0.0,0.5811238756276265,0.08478177240298622,0.0,0.0,0.3247385209004161,0
C002994,0.0,0.0,0.06414264846800008,0.0,0.0,0.6445755658378198,0.0,0.29128178569418006,3
C002996,0.0,0.0,0.0,0.0,0.0,0.0,0.8813617539637035,0.11863824603629647,3
C002998,0.3874896909452877,0.0,0.0,0.0,0.2922549043061358,0.0,0.0,0.3202554047485765,3
C002999,0.0,0.0,0.0,0.0,0.06283762704675662,0.0,0.0,0.9371623729532433,4
C003001,0.0,0.004775177892251728,0.5163802960966821,0.3221536865920241,0.0,0.0,0.0260727505887334,0.13061808883030868,0
C003004,0.0,0.0,0.22835142897621516,0.0,0.04786339024272361,0.0,0.0,0.7237851807810612,3
C003006,0.0,0.047313290798118815,0.0,0.6968279358850404,0.0,0.0,0.0,0.2558587733168407,4
C003007,0.0,0.13287826548436035,0.11193747893948038,0.0,0.0,0.0,0.0,0.7551842555761592,4
C003008,0.33776391516426635,0.0,0.0,0.0,0.4766458006601599,0.0,0.10284702099384818,0.08274326318172553,1
C003009,0.5684996688129643,0.0,0.0,0.19225596502757356,0.00886526300610119,0.0,0.0,0.23037910315336085,3
C003010,0.0,0.0,0.0,0.0,0.0,0.0,0.0,1.0,0
C003011,0.0,0.0,0.5336776352365175,0.05595363055084223,0.3486505148621297,0.0,0.0,0.061718219350510584,4
C003015,0.0,0.0,0.0,0.0,0.0,0.0,0.9502193105668699,0.049780689433130076,4
C003017,0.0794868157518094,0.0,0.0,0.4612112613418477,0.0,0.0,0.0,0.45930192290634286,2
C003020,0.2817604027430014,0.0,0.0,0.3600361757665819,0.0,0.22494321946644003,0.0,0.1332602020239766,0
C003023,0.03590478150950065,0.021494874579864872,0.011506934143812082,0.5747319460588038,0.0,0.0,0.006795519250640718,0.3495659444573779,3
C003024,0.0,0.0,0.0,0.6377239725788879,0.11685249124887417,0.22050251160934659,0.0,0.024921024562891247,4
C003025,0.0,0.0,0.7088006712246149,0.0,0.0,0.0416799341442464,0.0,0.2495193946311387,4
C003026,0.0,0.0034647426628026143,0.4982530475710942,0.07254622057481042,0.0,0.2633003354582031,0.0,0.16243565373308966,2
C003031,0.10641333671841069,0.0,0.0,0.0,0.07646098545017745,0.0,0.0,0.8171256778314119,1
C003034,0.019108514403217654,0.0,0.361914430404439,0.0,0.3718480296653949,0.0,0.013134124151226802,0.23399490137572165,2
C003035,0.0,0.0,0.16573144795104544,0.0,0.0,0.40312725237232633,0.0,0.4311412996766282,1
C003037,0.057446755224638935,0.0,0.0,0.7250149207539809,0.0,0.16012959026609155,0.0,0.057408733755288655,4
C003038,0.5515357423674625,0.0,0.07578124316476822,0.0,0.0,0.0,0.09906425605499593,0.2736187584127734,0
C003041,0.0,0.0,0.0,0.0,0.0,0.6291630467941416,0.0,0.3708369532058584,1
C003044,0.055479073169252005,0.0,0.0,0.0,0.0,0.0,0.0,0.944520926830748,4
C003046,0.0,0.0,0.0,0.0,0.0,0.0,0.0,1.0,1
C003049,0.0,0.19306390203284185,0.0,0.479956270448202,0.0,0.0,0.23844583339866673,0.0885339941202894,2
C003051,0.0,0.0,0.0,0.49522467941944825,0.3267103751400251,0.0,0.0,0.17806494544052665,1
C003054,0.0,0.0,0.0,0.0,0.0,0.0,0.0,1.0,2
C003058,0.0,0.4362996573980581,0.0,0.0,0.0,0.0,0.3999294248048751,0.16377091779706676,4
C003060,0.11941194252297943,0.23225709701938266,0.0,0.08022454450577321,0.0,0.2226170645959837,0.0,0.345489351355881,0
C003062,0.0,0.0,0.017857615328973217,0.790936806163136,0.0,0.0,0.13341810522383332,0.05778747328405742,4
C003065,0.0,0.0,0.0,0.0,0.7658758794545438,0.01132355889142568,0.0,0.2228005616540305,4
C003066,0.0,0.0,0.0,0.2188937041342318,0.5956426518364318,0.08172411988792373,0.0,0.10373952414141263,0
C003067,0.0,0.0,0.0,0.3190583089089014,0.0,0.3822180618826285,0.06990611266727091,0.2288175165411992,1
C003071,0.14672334652453767,0.6417324256022662,0.0,0.0,0.10831125526618282,0.0,0.002890485435431715,0.10034248717158167,2
C003072,0.0,0.0,0.05305069455811509,0.0,0.0,0.0,0.08259954363115049,0.8643497618107344,4
C003073,0.0,0.0,0.0,0.0,0.0,0.0,0.0,1.0,4
C003075,0.0,0.0,0.14902401990458686,0.0,0.24771133405908072,0.4108723936398446,0.0,0.19239225239648783,1
C003076,0.0,0.009763823691640939,0.0,0.5043133251273275,0.2586065731240076,0.0,0.0,0.22731627805702392,2
C003079,0.0,0.17680527218612382,0.6533525980141505,0.0,0.018328462226706577,0.10533883577159119,0.0,0.046174831801427896,4
C003083,0.09258858850083608,0.0,0.10494218784273003,0.04152222544740847,0.0,0.3916889328134397,0.0,0.3692580653955857,4
C003084,0.03927076074924262,0.0,0.0,0.006360865115844267,0.0,0.8242956805617894,0.03847346527632425,0.09159922829679956,2
C003085,0.11512460475808631,0.0,0.0,0.6027901803929463,0.1827864520917482,0.003261097800391927,0.02982527390975913,0.06621239104706822,0
C003086,0.0,0.0,0.29939114753859697,0.0,0.5674232803052637,0.0,0.0,0.13318557215613935,3
C003095,0.05711580803680515,0.0,0.0,0.0,0.0,0.0,0.127466268865834,0.8154179230973608,3
C003096,0.0,0.0,0.0,0.20424480546537624,0.0,0.0,0.7635047977594251,0.032250396775198586,0
C003098,0.0,0.0,0.0,0.0,0.0,0.0,0.0,1.0,1
C003099,0.0,0.0,0.0,0.3420522936536911,0.07294821284219526,0.052934155767709025,0.02098948767403948,0.5110758500623651,3
C003100,0.02578870686454005,0.0,0.04842958045984217,0.0,0.0,0.0,0.07299660493486117,0.8527851077407567,0
C003106,0.0,0.07264499347694911,0.869833352950153,0.0,0.0,0.0,0.009020683650855257,0.04850096992204267,3
C003108,0.0,0.038509551098114124,0.0,0.20796221137549817,0.2860580200926624,0.3878249524177415,0.0,0.07964526501598379,3
C003110,0.0,0.0,0.8326588978479124,0.0,0.0,0.0,0.0,0.16734110215208764,2
C003112,0.0,0.3347039061558347,0.0,0.0,0.09049648521364073,0.06836393118796613,0.0,0.5064356774425585,0
C003113,0.0,0.0,0.0,0.0,0.0,0.0,0.8045118215901801,0.1954881784098199,0
C003114,0.0,0.0,0.0,0.0,0.0,0.0,0.04060742472853726,0.9593925752714627,1
C003116,0.0,0.0,0.0,0.0,0.34723483272553535,0.0,0.0,0.6527651672744647,3
C003118,0.0,0.0,0.0,0.0,0.0,0.5505542355883923,0.0,0.44944576441160766,2
C003119,0.0,0.0,0.0,0.0,0.0,0.7408110918688933,0.0,0.25918890813110673,2
C003122,0.0,0.0,0.0,0.563735709334626,0.0,0.0,0.0,0.436264290665374,2
C003124,0.0,0.0,0.0,0.06702658778621626,0.0,0.0439086737611457,0.0,0.889064738452638,4
C003126,0.0,0.0,0.0,0.7502470480760374,0.0,0.0,0.0,0.24975295192396263,0
C003127,0.0,0.0,0.0,0.7659166418556432,0.0,0.10468322813977303,0.0,0.12940013000458372,4
C003129,0.0,0.0,0.5523073927859041,0.0,0.27155881427042855,0.0,0.0,0.17613379294366727,0
C003132,0.0,0.0,0.0,0.0,0.0,0.0,0.7841690026800517,0.21583099731994826,2
C003138,0.15820693238850095,0.0,0.0,0.0,0.0,0.6800171127483532,0.0,0.1617759548631459,0
C003139,0.0,0.03637845964997533,0.0,0.0,0.07314086199983577,0.09650456466047135,0.7621503276542918,0.03182578603542574,3
C003140,0.6685445840716933,0.013741561496087086,0.0,0.0,0.19678617380935973,0.04697966933675287,0.0,0.07394801128610706,3
C003143,0.0,0.0,0.0,0.6308842986392107,0.0,0.0,0.0,0.3691157013607893,2
C003144,0.0,0.11782706076792715,0.5493733149200573,0.048958961943801664,0.15135234551423243,0.004333175485880895,0.0,0.12815514136810058,3
C003145,0.02684724933286211,0.0,0.0,0.02127985820216307,0.0,0.0,0.0,0.9518728924649749,2
C003146,0.0,0.0,0.0,0.18892729766233887,0.06932970638548394,0.0,0.6320341955674698,0.10970880038470743,3
C003147,0.0,0.0,0.042780023281022,0.10732232056132467,0.0,0.0,0.0,0.8498976561576533,0
C003148,0.04029353638357188,0.0,0.0,0.019312380848336363,0.0,0.30205898599638475,0.0,0.638335096771707,3
C003149,0.13242093738819125,0.0,0.0,0.0,0.0,0.8059740933601922,0.0,0.061604969251616515,0
C003150,0.6209505163968747,0.0,0.0,0.0,0.0,0.0,0.12023237095117563,0.2588171126519496,1
C003152,0.0,0.2597678855038269,0.0,0.0,0.0,0.0,0.30929285391015116,0.43093926058602194,2
C003153,0.012263188696184016,0.04875008690043876,0.4621438107043882,0.0,0.035267488959157704,0.0,0.23987557423655254,0.20169985050327877,1
C003154,0.0,0.0620821192093726,0.0,0.0,0.3295524561149853,0.0,0.29388540640316,0.31448001827248206,2
C003155,0.0,0.0,0.0,0.0,0.0,0.0,0.0,1.0,3
C003157,0.0,0.4508815652073354,0.0,0.0,0.0,0.0,0.0,0.5491184347926645,0
C003160,0.0,0.4014125463851093,0.019198923907812814,0.0,0.050830683827584086,0.0,0.47755455592434004,0.0510032899551538,1
C003162,0.0,0.0,0.9566540896315208,0.020092894534770787,0.0,0.0,0.0026068353686838613,0.020646180465024533,4
C003163,0.08038820672281381,0.0,0.7542175484017725,0.03388700292980584,0.0,0.0,0.0,0.13150724194560792,0
C003164,0.011058394928294787,0.0,0.0,0.0,0.6034505047012215,0.0,0.2933415322407645,0.0921495681297193,0
C003167,0.0,0.0,0.0,0.7026827503375518,0.0,0.0,0.19166308764689172,0.10565416201555644,0
C003176,0.0,0.0,0.0,0.39165626770587697,0.0,0.08876620617403531,0.0769829543398861,0.4425945717802017,0
C003178,0.0,0.0,0.749910839076229,0.0,0.06172981035859013,0.03320023212582157,0.14191091967608838,0.01324819876327088,1
C003180,0.10089526966463126,0.0,0.8556750195551386,0.0,0.0,0.0,0.0,0.04342971078023017,3
C003184,0.19875000907219983,0.0,0.0,0.020402506404258135,0.11101503177873966,0.0,0.5913943574848695,0.07843809525993284,4
C003185,0.06569885276235256,0.0,0.03536268856166862,0.0,0.0,0.0,0.49371342515073585,0.405225033525243,3
C003186,0.0,0.0,0.0,0.0,0.0,0.0,0.0,1.0,1
C003188,0.0,0.0,0.0,0.0,0.697240630836016,0.24425142407406455,0.0,0.05850794508991952,0
C003189,0.02634202657170876,0.0,0.0,0.0,0.22288295585659756,0.0,0.0,0.7507750175716936,4
C003191,0.0,0.8403130450779581,0.0,0.0,0.0,0.0,0.10422448405303934,0.05546247086900258,3
C003194,0.0,0.82120929697654,0.12425560354270039,0.0,0.003430657768180116,0.0,0.0,0.05110444171257955,4
C003196,0.08419546923424454,0.04050872980673573,0.0,0.014242066786916315,0.0,0.0,0.6697095663606654,0.19134416781143804,2
C003197,0.0,0.0,0.8408315402582472,0.0,0.0,0.0,0.08783557383936452,0.07133288590238829,2
C003198,0.0,0.015970236124552045,0.8879586831110317,0.0574332642856501,0.007089937756551281,0.0,0.0,0.03154787872221487,2
C003201,0.0,0.0,0.0,0.0,0.0,0.0,0.0,1.0,2
C003202,0.0,0.0,0.0,0.0,0.8114102103334627,0.0,0.0,0.18858978966653728,1
C003203,0.0,0.0,0.0,0.0,0.7291228897626538,0.0,0.0,0.2708771102373462,2
C003205,0.010890708175920452,0.3686474802783724,0.370452561673551,0.0,0.12334994147216768,0.0,0.0,0.1266593083999884,2
C003206,0.5371388125574313,0.0,0.0,0.0,0.058367766105278496,0.2696276164786859,0.0,0.13486580485860422,4
C003210,0.0,0.1699160105919011,0.7623395101695589,0.0,0.0,0.0,0.03758245556424763,0.030162023674292326,3
C003211,0.0,0.0,0.0,0.0,0.785939463017052,0.0,0.0,0.21406053698294802,0
C003214,0.0,0.039989954718185214,0.0,0.0,0.6501858634333326,0.2656408418554376,0.0,0.04418333999304447,4
C003216,0.0,0.03377442394154528,0.0,0.0,0.0,0.0,0.9505655625729236,0.015660013485531143,4
C003217,0.36826308635867133,0.5393531231207445,0.0,0.0,0.0,0.0,0.0,0.09238379052058421,0
C003218,0.0,0.0,0.8801243684446923,0.0,0.09350711017036097,0.0,0.0,0.02636852138494672,0
C003220,0.0,0.0,0.0,0.34360464748173497,0.0,0.16035143205888966,0.0,0.4960439204593754,3
C003223,0.025321722971863452,0.0,0.0,0.0,0.0,0.0,0.2410114429571703,0.7336668340709662,2
C003228,0.0,0.17534231145627782,0.7303455334688888,0.0,0.0,0.0,0.0,0.09431215507483337,1
C003229,0.0,0.0,0.0,0.0,0.0,0.0,0.8427270146147915,0.1572729853852085,0
C003231,0.0,0.1394719748191382,0.17763126931218748,0.3002856236240773,0.0,0.04398131088985523,0.0,0.33862982135474184,1
C003232,0.3311285882357063,0.0,0.39772642652449536,0.0,0.0,0.0,0.0,0.27114498523979835,2
C003233,0.01843890697335981,0.0,0.5522348870929629,0.0,0.1704390357281166,0.03517901622610039,0.0,0.2237081539794603,2
C003234,0.0,0.0,0.0,0.01588912943219415,0.7042041095045155,0.0,0.0,0.2799067610632904,3
C003238,0.0,0.11577700853694434,0.019012107574182466,0.6268100629237462,0.0,0.051736160323814964,0.09930336512290291,0.08736129551840899,4
C003240,0.0,0.0,0.0,0.0,0.9014286511738059,0.0,0.0,0.09857134882619412,4
C003242,0.0,0.006366326074248785,0.0,0.021690585612077214,0.15231502471116337,0.0,0.4075446488950873,0.41208341470742327,3
C003243,0.0,0.20976692973640707,0.0,0.25367765661754166,0.0,0.5231815277492736,0.0,0.013373885896777682,3
C003244,0.0,0.0,0.09672905280905066,0.0,0.8426486308853236,0.0,0.0,0.060622316305625756,0
C003246,0.0,0.0,0.0,0.0,0.1422933525329802,0.6640068300463154,0.0,0.1936998174207043,4
C003247,0.0,0.0,0.023760266864075796,0.0,0.0,0.0,0.05430710603903134,0.9219326270968928,0
C003248,0.0,0.02934921081509908,0.542744111764702,0.0,0.0,0.2692964199908555,0.0,0.15861025742934332,2
C003249,0.5665593830484845,0.0,0.0,0.0,0.0,0.0,0.2820707936809812,0.15136982327053428,4
C003250,0.0,0.0,0.1749484196167431,0.2104705686182791,0.0,0.0,0.5937454301723395,0.02083558159263832,3
C003252,0.42210160628077764,0.0,0.36385104010651625,0.0,0.0,0.0,0.0,0.2140473536127061,2
C003254,0.0,0.0,0.0,0.7335786863222489,0.0,0.0,0.0,0.2664213136777511,2
C003256,0.011813370595713003,0.2696070780800939,0.0822926894076207,0.0,0.5479113457732321,0.0,0.0,0.08837551614334038,3
C003257,0.0,0.07260266609021557,0.0,0.0,0.0,0.0,0.0,0.9273973339097844,1
C003259,0.0,0.0,0.0,0.0,0.0,0.6000398564714939,0.20058380114446028,0.19937634238404578,4
C003260,0.0,0.0,0.0,0.0,0.0,0.0,0.06770861503727403,0.932291384962726,0
C003261,0.026628686302075037,0.0,0.24513098797443747,0.08341019660676052,0.0,0.0,0.10739894712814838,0.5374311819885786,4
C003266,0.008390597807533534,0.0,0.09186853067739251,0.0,0.0,0.0,0.8531543497410481,0.04658652177402589,3
C003268,0.0,0.030106650415413473,0.0,0.0,0.03931927246291784,0.1286345173003692,0.0,0.8019395598212995,3
C003270,0.0,0.0,0.0,0.2915165750792997,0.0,0.23635969804767532,0.0,0.47212372687302495,3
C003278,0.029149107203480462,0.0,0.0,0.0,0.0,0.0,0.0,0.9708508927965196,1
C003280,0.0,0.0,0.0,0.0,0.0,0.09736308499567525,0.0,0.9026369150043247,4
C003281,0.0,0.07139506177587378,0.0,0.0,0.0,0.31609937446872816,0.0,0.612505563755398,0
C003282,0.0,0.0,0.0,0.0,0.0,0.0,0.0,1.0,3
C003283,0.0,0.4827990150532097,0.0,0.0,0.0704505011159858,0.1019709012285631,0.27700931205182444,0.06777027055041696,2
C003285,0.05093071222097269,0.5798964005057442,0.0,0.0,0.0928228235637749,0.20378244504821855,0.0,0.07256761866128969,3
C003290,0.0,0.558333834922918,0.047785793768905314,0.0,0.0,0.021761661723476385,0.0,0.3721187095847003,4
C003294,0.0,0.0,0.0,0.7186689187833408,0.24988563393784677,0.0,0.0,0.03144544727881238,3
C003295,0.2063011588506253,0.0,0.6796168591889477,0.0,0.0,0.0,0.0,0.11408198196042707,2
C003299,0.0,0.0,0.0164940424558642,0.0,0.6792465653632423,0.06247756982216127,0.0,0.24178182235873225,3
C003301,0.0,0.0,0.0,0.09685088731745298,0.0,0.7704773749743677,0.0,0.1326717377081793,0
C003302,0.0,0.013490706079317762,0.367076114847519,0.0,0.2470829325600171,0.0,0.2736815280997885,0.09866871841335767,1
C003303,0.0,0.0,0.07736904004652363,0.0,0.0,0.0,0.0,0.9226309599534763,2
C003305,0.0,0.0,0.024862154933695146,0.6162096685985129,0.033590355364056586,0.0,0.0,0.3253378211037353,2
C003306,0.09091351712390446,0.09613109144498115,0.0,0.0,0.0,0.5696834458984168,0.0,0.2432719455326976,2
C003308,0.0,0.0,0.2748017456041936,0.0,0.0,0.0,0.3984573171167933,0.3267409372790131,4
C003310,0.07844598793116304,0.010174365411786537,0.0,0.0,0.0,0.0,0.0,0.9113796466570504,2
C003311,0.0,0.0,0.0,0.0,0.5858189593121738,0.0,0.0,0.41418104068782624,3
C003312,0.0,0.0,0.021770709988836914,0.0,0.5420608092962039,0.0,0.03232377077674818,0.403844709938211,4
C003313,0.0,0.0,0.0,0.0,0.07195964336906319,0.0,0.0,0.9280403566309368,0
C003315,0.0,0.5064105835515543,0.0,0.0,0.0,0.06786021840171451,0.0,0.42572919804673115,0
C003319,0.14714441993725436,0.119232381234053,0.0,0.0,0.09330819875470857,0.0,0.6024655481018282,0.037849451972155945,3
C003322,0.9084987650665957,0.0,0.0,0.0,0.0,0.0,0.037836728128602504,0.05366450680480184,2
C003325,0.0,0.0,0.0,0.024581886296962292,0.0,0.0,0.038298890049953516,0.9371192236530842,3
C003326,0.0,0.008649811116134654,0.0,0.0,0.010403295223654104,0.0,0.5229039325220206,0.45804296113819065,0
C003327,0.1565332690860923,0.0,0.0,0.31038617273504565,0.0,0.19596226440148082,0.0,0.33711829377738123,4
C003330,0.018896806438279734,0.0,0.755864497088111,0.0,0.0,0.0,0.0,0.22523869647360928,4
C003332,0.0,0.0,0.0,0.8749309688554077,0.1025726580836489,0.0,0.0,0.02249637306094343,2
C003333,0.0,0.8776405916973822,0.0,0.0,0.0,0.0,0.1072091318468909,0.015150276455726974,3
C003334,0.0,0.0,0.0,0.2579239599307459,0.0,0.0,0.45609278260831293,0.2859832574609411,2
C003338,0.0,0.0,0.1203471836955066,0.0,0.4090912966063852,0.0,0.0,0.4705615196981082,2
C003339,0.22699344259858975,0.43221328001947573,0.10885418071100762,0.0,0.0,0.04907482772719451,0.0,0.18286426894373242,3
C003340,0.0,0.0,0.0,0.0,0.7953361958590555,0.0,0.0,0.20466380414094454,1
C003342,0.0053232236746804835,0.7667524623421053,0.0,0.16649061763494266,0.0,0.0,0.0,0.06143369634827156,3
C003343,0.425607617030114,0.0755967807720295,0.0,0.0,0.0,0.0,0.0,0.49879560219785646,4
C003345,0.0,0.0,0.0,0.0,0.0,0.04660023438908567,0.0,0.9533997656109143,2
C003346,0.0,0.7194119817144717,0.0,0.0,0.0,0.0,0.0,0.28058801828552826,4
C003347,0.0,0.0,0.0,0.08775114106339642,0.43551952379873793,0.0,0.0,0.47672933513786564,0
C003348,0.008495371175046451,0.0006459283623681552,0.0,0.0,0.0,0.07003116255467526,0.9063704959688563,0.014457041939053838,1
C003349,0.0,0.743493769992446,0.0,0.0,0.05459402738372188,0.0,0.0,0.20191220262383214,2
C003352,0.0,0.0,0.0,0.0,0.0,0.0,0.0,1.0,1
C003354,0.048844124913042034,0.0,0.6549509298993372,0.0,0.0,0.0,0.0,0.29620494518762075,2
C003355,0.037837546289141696,0.26244495391731204,0.0,0.0,0.46641576026386167,0.0,0.0,0.23330173952968458,4
C003356,0.0,0.0,0.0,0.36372650310975285,0.0,0.40856922232886894,0.0,0.2277042745613782,3
C003357,0.01905114544686073,0.12226153995838147,0.0,0.0,0.0,0.013686098216729392,0.0,0.8450012163780284,1
C003359,0.0,0.0,0.0,0.0,0.0,0.06109613158079507,0.0,0.9389038684192049,0
C003361,0.0,0.6522761536241183,0.0,0.016760160368598936,0.0,0.0,0.0,0.33096368600728276,0
C003362,0.0,0.1574466550384171,0.041744309564862345,0.15913884827789462,0.016536469405899715,0.24898779497735832,0.0,0.3761459227355679,2
C003364,0.0,0.47331993692219504,0.0,0.07961792677722489,0.0,0.0,0.3814214692171331,0.06564066708344707,0
C003365,0.281928231811783,0.5129124998130656,0.0,0.0,0.06797416633490545,0.10612579740173089,0.0,0.031059304638514917,0
C003371,0.0,0.16366992674711478,0.0,0.37794490061958014,0.0,0.12233953636342573,0.14846570912626184,0.18757992714361738,2
C003372,0.0,0.0,0.5731843891099007,0.0,0.0,0.0,0.21010846777281195,0.21670714311728734,1
C003373,0.09206699757712862,0.0,0.24100560777771673,0.0,0.0,0.4421876093584192,0.0,0.22473978528673544,4
C003374,0.0,0.0,0.0,0.03960514086197341,0.0,0.0,0.0,0.9603948591380266,3
C003375,0.0,0.061974990182648806,0.08673978617121329,0.030508917226145075,0.0,0.7340530099888443,0.0,0.08672329643114862,4
C003376,0.17028975226413617,0.05970034853585554,0.0,0.02605078512388661,0.0,0.08277467501316835,0.5458436695762905,0.11534076948666283,4
C003378,0.1156306759483662,0.02284984218281171,0.829732673147873,0.0,0.0,0.003819425896944207,0.0,0.027967382824004905,4
C003381,0.0,0.0,0.15094834199091048,0.7645429960130687,0.004940616336272069,0.0,0.0,0.07956804565974873,3
C003382,0.0,0.08670530762762073,0.0,0.0,0.0,0.0,0.0,0.9132946923723793,4
C003383,0.0028122057441429997,0.007351544128015902,0.0,0.0,0.9625919525547827,0.0,0.0,0.02724429757305835,4
C003385,0.0,0.8718407972903818,0.0,0.0,0.0,0.0,0.0,0.12815920270961823,1
C003386,0.0,0.0,0.0,0.873614615216032,0.0,0.0,0.0,0.126385384783968,4
C003387,0.0,0.0,0.0,0.0,0.0,0.053691245163086584,0.03532145137453018,0.9109873034623832,0
C003388,0.3004581487440284,0.024862760517942326,0.0,0.0,0.5897733046537528,0.0,0.0,0.08490578608427657,4
C003392,0.0,0.0,0.0,0.0,0.6267890274794992,0.12185663212614628,0.0152144850134322,0.23613985538092241,4
C003393,0.0,0.0,0.0,0.0,0.0,0.5760491498809964,0.027157043940212747,0.3967938061787908,3
C003396,0.0,0.0,0.0,0.0,0.0,0.5505773050274876,0.31734817421879497,0.1320745207537175,4
C003398,0.0,0.26327748936493994,0.0,0.0,0.0,0.6337352769699053,0.0,0.10298723366515472,1
C003399,0.04040223520338657,0.0,0.03166101229303445,0.0,0.4257042869759166,0.4848854860051401,0.0,0.017346979522522288,3
C003400,0.5960757755087371,0.0,0.0,0.0,0.15570496689682273,0.0,0.0,0.2482192575944402,2
C003401,0.0,0.13167461504133507,0.0,0.0,0.0,0.0,0.0,0.868325384958665,3
C003403,0.0,0.0,0.0,0.8479418687459349,0.0,0.0,0.0,0.1520581312540651,0
C003404,0.0,0.0,0.6370024924372408,0.0,0.1600006388661189,0.0,0.01937442615228469,0.18362244254435556,4
C003405,0.0,0.0,0.1551788839710741,0.0,0.2696543354255554,0.0,0.0,0.5751667806033705,3
C003406,0.1407814057896345,0.0,0.0,0.48289360798404846,0.025777194849501403,0.0,0.29594457220930753,0.0546032191675081,0
C003408,0.0,0.0,0.3488816322703206,0.26358601829798595,0.0,0.0,0.0,0.38753234943169346,3
C003409,0.053087045136743845,0.0,0.0,0.24067158924286303,0.0,0.0,0.5856604537649246,0.1205809118554686,3
C003412,0.0,0.0,0.22341603809866495,0.0,0.0,0.0,0.5778847840914267,0.1986991778099083,1
C003414,0.0,0.045027105066090124,0.0,0.0,0.0,0.12498280051865446,0.7831350559989154,0.04685503841633998,4
C003419,0.0,0.7798187398397152,0.0,0.0,0.0,0.0,0.08670024230255617,0.1334810178577287,1
C003420,0.0,0.6199240523370946,0.12010448638505924,0.0,0.009309455945350195,0.0,0.005346133903086864,0.24531587142940914,0
C003421,0.0,0.0,0.0,0.0,0.0,0.0,0.0,1.0,2
C003422,0.0,0.0,0.0,0.0,0.4468408018471382,0.0,0.013023634364815538,0.5401355637880463,2
C003423,0.0,0.0,0.0,0.0,0.0,0.0,0.08087773063930721,0.9191222693606927,3
C003428,0.09251556862708761,0.0,0.0,0.0,0.0,0.6139670078929365,0.0,0.2935174234799759,2
C003430,0.0,0.10316687355238144,0.07834770881130525,0.0,0.00496417329404112,0.8068611632924217,0.0,0.006660081049850497,3
C003431,0.05741055408328991,0.13842592392450537,0.014896913717176606,0.3178077952379839,0.0,0.0,0.3756724371080911,0.095786375928953,4
C003435,0.41940707920219367,0.0,0.3342349177884567,0.0877003596064747,0.0,0.0,0.0,0.15865764340287491,1
C003437,0.0,0.0,0.0,0.28478908820490695,0.675353076876747,0.0,0.0,0.03985783491834605,3
C003446,0.20465130512441965,0.46041485480547767,0.0,0.0,0.05960077404854257,0.0,0.0,0.27533306602156016,2
C003447,0.0,0.0,0.0,0.0,0.9144319091544628,0.0,0.0,0.08556809084553718,0
C003448,0.0,0.3756469708767206,0.23998223595750434,0.12280193162602318,0.0,0.0,0.0,0.2615688615397519,3
C003449,0.0,0.7606872850517581,0.05150409657942213,0.0,0.0,0.0,0.0,0.1878086183688198,1
C003453,0.0,0.0,0.0,0.3275220186010108,0.0,0.013100325185616072,0.0,0.6593776562133731,0
C003455,0.0,0.0,0.0,0.710700149707948,0.0,0.0,0.0,0.28929985029205196,2
C003456,0.0,0.2607246440713268,0.0,0.0,0.0,0.0,0.6184757971392185,0.1207995587894547,4
C003457,0.0,0.7480157058293312,0.03307949578270378,0.016396808045956956,0.0,0.0,0.0,0.20250799034200806,3
C003460,0.0,0.0,0.0,0.0,0.9152092351036395,0.0,0.0,0.0847907648963605,1
C003462,0.09479040334724054,0.0,0.11355543691688857,0.025928634082306855,0.0,0.0,0.0,0.765725525653564,0
C003466,0.0,0.0,0.0,0.12086185373771752,0.0,0.0,0.0,0.8791381462622825,0
C003468,0.44744067201763327,0.23752873666337035,0.0,0.0,0.0035243212450061048,0.0,0.16339884348184702,0.14810742659214315,1
C003469,0.0,0.0,0.0,0.06461840345882354,0.3213562529417333,0.046145186300061584,0.0,0.5678801572993816,2
C003470,0.5278074356006772,0.06395998915747657,0.0,0.0,0.0,0.0,0.0,0.4082325752418462,2
C003472,0.0,0.20158944702814702,0.0,0.0,0.28378993119130846,0.0,0.3510617800051921,0.1635588417753524,1
C003473,0.0,0.0,0.1435543281932721,0.0,0.20296150077307945,0.0,0.41297429271973024,0.24050987831391812,2
C003474,0.07195846969389788,0.04589558468581426,0.0,0.0,0.0,0.0,0.6440397922956319,0.238106153324656,3
C003475,0.0,0.011202582030236255,0.0,0.6701603493635538,0.0,0.0,0.0,0.3186370686062099,4
C003478,0.017636828790381257,0.0,0.0551990721051725,0.0,0.5784282297238043,0.0,0.3128582313642947,0.035877638016347246,4
C003479,0.0,0.34979114572105896,0.49469900534926886,0.0,0.0,0.10623138496678995,0.0,0.04927846396288227,4
C003481,0.5404295011248992,0.0,0.3646450718582389,0.0,0.0,0.053027896621066745,0.0,0.041897530395795135,2
C003482,0.04359334691372912,0.0,0.0071045863548551,0.0,0.23459322678913389,0.6737204115369393,0.0,0.04098842840534256,4
C003484,0.044285331220327656,0.0,0.7660395407298227,0.0,0.0,0.15746840466613157,0.0,0.032206723383718106,2
C003487,0.0,0.1489641799932512,0.0,0.2890986469252757,0.4402965789358855,0.0,0.0,0.12164059414558759,0
C003488,0.0,0.0,0.5367438553987761,0.016765669575525066,0.0,0.011153813248381229,0.0,0.43533666177731756,4
C003489,0.0,0.0,0.0,0.0,0.7772496272823703,0.0,0.0,0.22275037271762965,4
C003490,0.0,0.0,0.5463622054374776,0.0,0.19569133706391606,0.0,0.0,0.25794645749860634,3
C003491,0.0,0.0,0.3081128803419123,0.10442411497323836,0.0,0.18596940188049377,0.0,0.40149360280435564,4
C003492,0.0,0.0,0.0,0.0,0.08085821825079201,0.23526686460701696,0.0,0.6838749171421911,1
C003493,0.0,0.5194773141351586,0.0,0.0,0.0,0.0,0.0,0.48052268586484137,4
C003494,0.0,0.0,0.7736187686530323,0.0,0.0,0.0,0.15948440978258482,0.06689682156438292,4
C003496,0.07472727348098974,0.0,0.0,0.0,0.0,0.0,0.44916965990538316,0.4761030666136271,4
C003497,0.0,0.0,0.0,0.0,0.0,0.10126137063768383,0.0,0.8987386293623162,1
C003498,0.0,0.0,0.0,0.0,0.0,0.0,0.11975858728320138,0.8802414127167986,2
C003504,0.0,0.33311736453271745,0.0,0.0,0.0,0.0,0.0,0.6668826354672825,3
C003506,0.0,0.0,0.0,0.12455365307009766,0.06633586329716316,0.14492530386204566,0.18045577344638808,0.4837294063243054,1
C003507,0.0,0.0,0.0,0.2189528810956147,0.05101622556179127,0.5686073104920876,0.0,0.1614235828505064,1
C003508,0.20593152908480475,0.0,0.0,0.0,0.06831362654061597,0.5575854791413081,0.0,0.1681693652332712,4
C003510,0.49009992078097,0.0,0.0,0.0,0.03229773527966609,0.0,0.2091282092393821,0.2684741346999818,3
C003514,0.0,0.0,0.1897869458329779,0.0,0.10204802450266111,0.0,0.554954455101923,0.15321057456243803,0
C003515,0.38454726114922627,0.004872430265020093,0.0,0.0,0.027263929740057403,0.0,0.47784039433992404,0.10547598450577222,1
C003516,0.14366961935700162,0.0,0.0,0.06834999028932244,0.0450301977018289,0.0,0.5888193526633722,0.15413083998847488,2
C003517,0.0,0.0,0.0,0.027661744268614265,0.8440915601581863,0.09023846516938781,0.0,0.03800823040381163,1
C003518,0.0,0.3729154679441936,0.0,0.13956171587949415,0.1363171615091997,0.0,0.23255418741503586,0.11865146725207665,3
C003520,0.0,0.0,0.2879894480120337,0.0,0.10856335736193115,0.0,0.0439796825347097,0.5594675120913255,3
C003521,0.03518230962931977,0.0,0.0,0.2539732694994161,0.010334713214380023,0.05204425227144735,0.27884405044469307,0.3696214049407437,1
C003522,0.22237872728165664,0.0,0.34990576988063427,0.0,0.0,0.0,0.0,0.4277155028377091,1
C003526,0.010052697749817562,0.0,0.0,0.024300053137009288,0.613579352419775,0.0,0.0,0.3520678966933981,3
C003528,0.0,0.7560986840475876,0.0,0.0,0.058918594691287726,0.0,0.0,0.1849827212611247,1
C003529,0.01579216368637425,0.0,0.0,0.2204195116224435,0.0,0.0,0.0,0.7637883246911823,0
C003531,0.535064880794758,0.022623341131195282,0.0,0.011062801961350031,0.0,0.0,0.0,0.43124897611269675,3
C003532,0.10021457172891678,0.6978665391511711,0.023580015269848344,0.0,0.0,0.0,0.0,0.17833887385006375,2
C003534,0.34500587030409385,0.0,0.10968102056441073,0.401739072712699,0.014406073762405335,0.0,0.0,0.1291679626563912,1
C003537,0.026984238433148323,0.799174752873942,0.0,0.0,0.0,0.0,0.0,0.17384100869290964,4
C003540,0.06316192856955985,0.0,0.0,0.0,0.05041118691616222,0.3404901245524253,0.0,0.5459367599618526,1
C003542,0.0,0.0,0.0,0.5682744225735475,0.1497111704085003,0.2620678058414919,0.0,0.0199466011764603,2
C003543,0.0,0.0,0.0,0.37071845422479244,0.0,0.20987649106745343,0.0,0.41940505470775413,3
C003544,0.19030761865794044,0.03805521187945703,0.0,0.7272396412928605,0.0,0.0,0.0,0.04439752816974207,2
C003546,0.4077573527919732,0.0,0.24119629765623396,0.0,0.0,0.0,0.18842425418005235,0.16262209537174044,0
C003549,0.0,0.0,0.0,0.0,0.0,0.0,0.0,1.0,0
C003550,0.0,0.0,0.0,0.044207348938014916,0.2501901519669269,0.03297663949771376,0.0,0.6726258595973444,4
C003553,0.0,0.0,0.21561843228242875,0.0,0.5670188027401024,0.0,0.0,0.21736276497746887,4
C003558,0.0,0.9817110739154943,0.0,0.0,0.0,0.0,0.0,0.01828892608450572,1
C003559,0.0,0.0,0.8425835757196,0.0,0.0,0.0,0.0,0.15741642428040004,3
C003562,0.0,0.5590244601093719,0.0,0.0,0.0,0.2768461286948586,0.0,0.16412941119576951,3
C003563,0.0,0.8415749955763686,0.0,0.10180381020030305,0.0,0.016616494885771448,0.0068465191907566905,0.033158180146800165,2
C003567,0.0,0.5439217081282148,0.0,0.22495053740113305,0.0,0.0,0.0,0.23112775447065215,1
C003569,0.11723698384429536,0.0,0.0,0.0,0.0,0.0,0.6565064802540777,0.22625653590162698,1
C003570,0.0,0.0,0.0,0.010556365905186292,0.0,0.0,0.9025873714921775,0.08685626260263624,0
C003573,0.0,0.0,0.2658241300019383,0.0,0.0,0.6951577662142195,0.0,0.039018103783842184,0
C003576,0.0,0.0,0.8834618706829171,0.0,0.0,0.0,0.0,0.11653812931708285,0
C003577,0.0,0.0,0.0,0.0,0.0,0.0,0.8835521614909071,0.1164478385090929,3
C003579,0.4206106966082965,0.020472126369469608,0.033446967179680244,0.0,0.0,0.47970412808773594,0.0,0.04576608175481778,3
C003580,0.0,0.0,0.583363652768685,0.0,0.0,0.0,0.0,0.41663634723131504,2
C003585,0.0,0.0,0.05150771516695805,0.0,0.0,0.02829278432509662,0.0,0.9201995005079453,1
C003586,0.0,0.0,0.03390314564911816,0.0,0.6027647191575713,0.0,0.0,0.36333213519331053,3
C003590,0.0958087153103439,0.0,0.0,0.3693485870983215,0.0,0.0,0.2642050449438238,0.2706376526475107,4
C003591,0.0497705507786007,0.0,0.01961707885844936,0.12688013807658224,0.0,0.0,0.10278133998284097,0.7009508923035267,1
C003593,0.0,0.0,0.0,0.0,0.0,0.0,0.0,1.0,1
C003594,0.0,0.0,0.0,0.0,0.008068899479400737,0.0,0.5402722175149894,0.45165888300560986,1
C003595,0.0,0.0,0.0,0.017791599514590178,0.0,0.0,0.0,0.9822084004854098,4
C003596,0.0,0.08505590084247207,0.0,0.0,0.0,0.884134215833702,0.0,0.03080988332382595,0
C003597,0.0,0.0,0.0,0.6946263456079255,0.16321684937078593,0.0,0.0,0.14215680502128858,0
C003598,0.0,0.0,0.0,0.0,0.9070943434481674,0.0,0.0,0.09290565655183258,2
C003599,0.0,0.761333736541062,0.0,0.0,0.0,0.02536969968139867,0.0,0.21329656377753936,0
C003600,0.0,0.0,0.0,0.9638731199050241,0.0,0.004286823082184448,0.0,0.03184005701279147,0
C003607,0.0,0.0,0.0,0.0,0.07869009837944733,0.22456307203383052,0.0,0.6967468295867221,4
C003609,0.0,0.12305388205452662,0.0,0.0,0.020056255589072314,0.0,0.0,0.8568898623564011,0
C003612,0.0,0.0,0.0,0.3410727956874726,0.0,0.0,0.6157840687351963,0.04314313557733107,4
C003613,0.0,0.0,0.0,0.1881784528019553,0.0,0.0,0.0,0.8118215471980447,2
C003614,0.0,0.0,0.060330573254668646,0.0,0.04502222284416394,0.0,0.0,0.8946472039011675,1
C003617,0.195036983550634,0.03877285677019402,0.0,0.0,0.46696700003477537,0.0,0.0,0.2992231596443966,0
C003619,0.0,0.0,0.0,0.5442775361026172,0.26025218118181376,0.0,0.0,0.195470282715569,3
C003621,0.0,0.0,0.0,0.6228680858259183,0.0,0.0,0.0,0.37713191417408165,0
C003623,0.0,0.0,0.007927412676824886,0.0,0.0,0.7024955044555088,0.06084391450580571,0.22873316836186064,1
C003624,0.0,0.3155970838577392,0.0,0.0,0.0,0.0,0.07791559478818426,0.6064873213540765,0
C003626,0.0,0.0,0.3845378481775849,0.24769320886513024,0.0,0.19355087166618717,0.0,0.17421807129109768,2
C003629,0.0,0.0,0.06320088542105347,0.010774081568838492,0.0,0.0,0.0,0.9260250330101081,2
C003631,0.0,0.4764352044052482,0.0,0.22098413558506264,0.0,0.0,0.03285315046159072,0.26972750954809843,1
C003634,0.0,0.0,0.03705870669408616,0.3077885571302429,0.004028343315353907,0.5618756338376064,0.0,0.08924875902271068,2
C003635,0.09363198761364397,0.2321441885696667,0.5813128803914211,0.0,0.0,0.0,0.0,0.09291094342526818,1
C003636,0.0,0.0,0.0,0.026469908581473117,0.0,0.028863944035443918,0.0,0.944666147383083,3
C003638,0.6337255828571656,0.0,0.0,0.0,0.0,0.2651362292385422,0.0,0.10113818790429219,1
C003639,0.17508731140716202,0.24022195940651672,0.14819546954395071,0.12205864631607992,0.0,0.0,0.0,0.3144366133262907,1
C003640,0.0,0.1705854927887438,0.0,0.0,0.3996167210378788,0.04923441901072419,0.2525570635793375,0.12800630358331566,3
C003642,0.0,0.0,0.0,0.0,0.0,0.0,0.0,1.0,4
C003647,0.0,0.39541739720534136,0.38323193795256427,0.0,0.0,0.0,0.0,0.22135066484209442,2
C003648,0.18876885805658514,0.0,0.0,0.0,0.0,0.0,0.6345240292111122,0.17670711273230266,3
C003649,0.0,0.0,0.050666341685149024,0.0,0.8689558540331849,0.0,0.0,0.08037780428166608,4
C003652,0.0,0.0,0.0,0.0,0.0,0.8289617138497162,0.0,0.17103828615028382,3
C003653,0.0,0.02493331792832073,0.0,0.37709723798719924,0.0,0.0,0.0,0.59796944408448,0
C003654,0.0,0.0,0.3890542820422051,0.07401118632805476,0.006770876977277435,0.40730990772632986,0.0,0.12285374692613282,1
C003658,0.0,0.0,0.0,0.0,0.0,0.0,0.02024535695124793,0.979754643048752,0
C003659,0.12122371579343312,0.0,0.4383785237837604,0.0,0.0,0.3857731435743769,0.011242782986430142,0.04338183386199934,4
C003660,0.08366867830208513,0.0,0.0,0.12638202604009965,0.0,0.0,0.017113504756582167,0.7728357909012331,0
C003661,0.0,0.0,0.0,0.4477695660936443,0.0,0.0,0.4569447449617436,0.09528568894461209,2
C003662,0.1666909691909627,0.0,0.0,0.0,0.0,0.0,0.0,0.8333090308090373,4
C003663,0.04982000850815832,0.22569542466916626,0.0,0.0,0.0,0.0,0.4597516489735102,0.2647329178491653,2
C003664,0.0,0.0,0.0,0.0,0.3952644757433562,0.23536636642509423,0.21854904822111829,0.15082010961043124,3
C003666,0.16013414660669786,0.6514161200221025,0.0,0.0,0.0,0.0,0.14376009979855722,0.04468963357264244,2
C003667,0.316647408154881,0.6300689936511451,0.0,0.0,0.0,0.0,0.0,0.05328359819397388,1
C003669,0.47381016188300806,0.0,0.0,0.0,0.0,0.3417154295381179,0.06282410021885819,0.12165030836001589,2
C003672,0.0,0.0,0.16330183431603618,0.0,0.009298028388709396,0.0,0.0,0.8274001372952544,1
C003676,0.0,0.07861542121114087,0.0,0.27934240026605045,0.0,0.038504627635301124,0.0,0.6035375508875076,1
C003677,0.0009249130689573363,0.022908841875971944,0.013618113225066605,0.1536977495079058,0.020364355809062953,0.0,0.7521937077342473,0.036292318778788024,1
C003684,0.0,0.0,0.5973951720255185,0.012414924587380511,0.0,0.0,0.3217492811200139,0.06844062226708714,4
C003687,0.0,0.0,0.0,0.6088568945956851,0.02261171512970124,0.18913362439256334,0.0,0.17939776588205025,1
C003689,0.0,0.0,0.0,0.0,0.16951890904821088,0.0,0.0,0.8304810909517891,3
C003690,0.0,0.42238190709775947,0.0,0.0,0.0,0.3409229129704746,0.12155461802675326,0.11514056190501265,1
C003693,0.0,0.0,0.0,0.0,0.0,0.0,0.0,1.0,0
C003696,0.0,0.8083396620845816,0.0,0.14190559080864396,0.0,0.0,0.0,0.04975474710677441,3
C003697,0.0,0.0,0.0,0.0,0.04612539057341788,0.0,0.6448513352520447,0.30902327417453734,0
C003698,0.0,0.0,0.0,0.0,0.0,0.40497390069568834,0.31446161569762937,0.2805644836066823,3
C003699,0.19180101634551297,0.02096680882363109,0.673603930801901,0.0,0.0,0.0,0.0,0.113628244028955,4
C003700,0.1807122067183533,0.0,0.0,0.0,0.0,0.6543813239918778,0.0,0.16490646928976893,4
C003708,0.0,0.0,0.0,0.0,0.0,0.0,0.0,1.0,3
C003710,0.8340229235949692,0.0,0.0,0.0685886864473509,0.0,0.0,0.0,0.09738838995767984,3
C003715,0.20461113338448622,0.06546977834615696,0.6288046530633501,0.0,0.0,0.0,0.0,0.10111443520600671,2
C003716,0.010957383208641312,0.0,0.04843821158923371,0.0,0.0,0.0,0.10175309306981156,0.8388513121323133,1
C003717,0.15978625629233834,0.0,0.037795027135047614,0.34854803992615574,0.0,0.0,0.17759579289167232,0.2762748837547859,0
C003718,0.0,0.0,0.0,0.0,0.7863661207974076,0.0,0.0,0.21363387920259236,0
C003719,0.37137340888292614,0.0,0.5917274108273991,0.0,0.0,0.0,0.0037125545028272333,0.0331866257868475,3
C003722,0.0,0.0,0.0,0.0,0.18817199346510172,0.06383254041621704,0.0,0.7479954661186812,2
C003723,0.6056757389511728,0.0,0.0,0.0,0.17936156876314777,0.13228506801776438,0.0,0.08267762426791503,3
C003727,0.19114712073134116,0.0,0.050906207297796144,0.39185214325555456,0.0,0.1891071490930773,0.0,0.17698737962223077,3
C003728,0.3127020502449065,0.0,0.0,0.0,0.2716618232417929,0.37058662831492334,0.0,0.045049498198377336,1
C003733,0.03983673919388954,0.0,0.016238394283210056,0.0,0.07355022688233388,0.10993307858156237,0.0,0.7604415610590042,0
C003734,0.2315019319173751,0.0,0.03938423910832841,0.0,0.6982425452430162,0.0,0.014715869850990269,0.01615541388029007,4
C003736,0.6088831517958851,0.0,0.0,0.20069065574633868,0.10096401895632899,0.0,0.0,0.08946217350144714,0
C003738,0.0,0.0,0.0,0.2322798257044587,0.34306654298123107,0.0,0.2279946291659771,0.1966590021483331,1
C003739,0.0,0.0,0.09745538380801284,0.0,0.0,0.06570631574361921,0.0,0.8368383004483679,0
C003740,0.1783781953999754,0.12117313261196198,0.0,0.0,0.0,0.0,0.4748883766859536,0.22556029530210897,3
C003741,0.0,0.012735657793220523,0.7708162695922061,0.0,0.0,0.0,0.0,0.21644807261457344,3
C003743,0.0,0.6294733180302184,0.0,0.35049109440817755,0.0,0.0,0.0,0.020035587561604062,1
C003745,0.023260912297985905,0.06589609512862968,0.0,0.0,0.0,0.10044570661812462,0.0,0.8103972859552597,0
C003746,0.06051536859107849,0.0,0.4433739771196648,0.0,0.0,0.1503824712700304,0.1648458970119357,0.1808822860072905,3
C003748,0.0,0.0,0.3617875612610564,0.5465859616501482,0.0,0.0,0.05217274553485972,0.03945373155393572,1
C003750,0.0,0.0,0.0,0.04803926036036713,0.0,0.0,0.0505797937091157,0.9013809459305172,3
C003751,0.6904207198118144,0.07344874040456939,0.0682727817121587,0.0,0.0,0.14858120433180255,0.0,0.019276553739654978,4
C003753,0.0,0.31162537146774366,0.08893654074334556,0.0,0.0,0.0,0.0,0.5994380877889107,0
C003754,0.0,0.0,0.0,0.0,0.136363516882118,0.8287410905659097,0.0,0.03489539255197227,4
C003756,0.5065056106406647,0.0,0.0,0.0,0.14687171394527868,0.0,0.032064296625704695,0.314558378788352,0
C003764,0.48078039513860604,0.02571857169939906,0.0,0.0,0.0,0.0,0.0,0.4935010331619949,2
C003765,0.0,0.0044047240853829295,0.026911568316604604,0.012762201965904421,0.157307746427776,0.0,0.7764825420664309,0.022131217137901116,1
C003766,0.02997287725572523,0.0,0.0,0.0389254586754949,0.0,0.0,0.0,0.9311016640687799,0
C003770,0.11906753795248678,0.0,0.8215713029197552,0.0,0.0,0.0,0.0,0.05936115912775797,1
C003773,0.0,0.0,0.21573092875601066,0.0,0.0,0.5034608173941655,0.023309618829567464,0.2574986350202564,1
C003774,0.0,0.0,0.0,0.8932357692940093,0.0,0.0,0.04581845989626572,0.060945770809724964,1
C003775,0.03672949308475874,0.0,0.0,0.0,0.0,0.01117949217015499,0.015344776354197787,0.9367462383908884,4
C003776,0.0,0.0,0.6710701354276787,0.0,0.0,0.2076881871764074,0.0,0.12124167739591396,1
C003778,0.41955719452071827,0.0,0.06915543917227152,0.0,0.01372008582513548,0.0,0.0,0.4975672804818747,4
C003779,0.03952752708960894,0.121800820287215,0.0,0.0,0.054332074523136833,0.0,0.3991962014278303,0.385143376672209,4
C003781,0.5576521844686718,0.0,0.0,0.0,0.0,0.0,0.0,0.4423478155313282,4
C003784,0.0,0.5988807813809299,0.0,0.09739106844763508,0.0,0.10397860108274488,0.0,0.19974954908869003,1
C003785,0.0,0.0,0.6885131754795546,0.0,0.0,0.28053705777913424,0.0,0.030949766741311224,3
C003786,0.0,0.0,0.6810481589402954,0.07875164562486825,0.20166878828884763,0.003881474364082381,0.0,0.03464993278190642,3
C003788,0.0,0.0,0.05393430216168115,0.0,0.37574410171639044,0.18096565487643163,0.30600198330009504,0.08335395794540168,1
C003789,0.0,0.0,0.0,0.0,0.6772909226228412,0.0,0.09309778833793793,0.2296112890392209,1
C003790,0.0,0.0,0.0,0.3438416217601086,0.0,0.5258464533047171,0.09694511446251036,0.03336681047266388,3
C003791,0.0,0.44464179588663416,0.0,0.0,0.022261032597441048,0.0,0.0,0.5330971715159247,4
C003792,0.0,0.0,0.09379631561834678,0.0,0.22818657831349592,0.0,0.6272121057032845,0.05080500036487279,1
C003793,0.0,0.0,0.5148562891025431,0.0,0.18041741807208658,0.0,0.1732008674645443,0.131525425360826,3
C003799,0.06218377842393354,0.7324261891247449,0.0,0.14815669557183705,0.0,0.0,0.032399461707071586,0.024833875172412867,1
C003801,0.0,0.0,0.0,0.42304147029741,0.04615860103790244,0.0,0.0890593607954483,0.4417405678692392,0
C003802,0.0,0.0,0.3160477443665231,0.0,0.0,0.0,0.5659138218381048,0.11803843379537216,1
C003805,0.23443800224264041,0.0,0.0,0.0,0.0,0.6813972789154444,0.0,0.08416471884191512,1
C003806,0.0,0.14405018483049575,0.0,0.005793123742308198,0.0,0.1360198588932043,0.2559751287074271,0.4581617038265646,3
C003807,0.0,0.0,0.0,0.47551097627648714,0.27103201698469553,0.0,0.22968435405645032,0.023772652682366946,1
C003808,0.0,0.0,0.0,0.0,0.0,0.0,0.0,1.0,4
C003809,0.0,0.0,0.0,0.0,0.0,0.1085040397150959,0.7533259915959019,0.13816996868900222,0
C003811,0.0,0.9316429991582288,0.0,0.0,0.0,0.022123274601994324,0.029520100738576433,0.01671362550120037,3
C003812,0.0,0.0,0.0,0.0,0.04175579163404093,0.0,0.6181430200193805,0.34010118834657854,0
C003813,0.0,0.0,0.0,0.1739234164268623,0.0,0.745531565072029,0.0,0.08054501850110873,2
C003814,0.0,0.0,0.017841570707839042,0.0,0.6713778441979892,0.0,0.0,0.3107805850941717,3
C003816,0.0,0.0,0.1663713308801217,0.0,0.0,0.7716113258548066,0.0,0.06201734326507169,4
C003817,0.7963884614913936,0.0,0.0,0.0,0.0,0.0921136675719671,0.0,0.11149787093663921,3
C003818,0.04234886845628296,0.20472528448827473,0.0,0.0,0.0,0.05495271435729059,0.4154878392052831,0.28248529349286855,4
C003821,0.0,0.0,0.5069049884041584,0.12363904267354064,0.1490162130133967,0.17048436082779542,0.0,0.0499553950811088,1
C003822,0.0,0.0,0.0,0.343135978439229,0.0,0.35995139182499764,0.0,0.29691262973577337,1
C003823,0.0,0.0,0.10127399769806258,0.0,0.0,0.0,0.0,0.8987260023019374,1
C003824,0.24911357352832553,0.0,0.0,0.0,0.5406366033057892,0.0,0.0,0.21024982316588525,3
C003826,0.0,0.0,0.0,0.12679552546941886,0.0,0.0,0.0,0.8732044745305811,1
C003831,0.0,0.0,0.0,0.08862063860192158,0.0,0.0,0.05400363833857488,0.8573757230595036,0
C003838,0.0,0.016330063411188717,0.0,0.006523833898182795,0.9732824263977968,0.0,0.0,0.003863676292831686,1
C003843,0.694551851904367,0.0,0.0,0.0,0.16801576945868327,0.0,0.0,0.1374323786369498,2
C003846,0.00947443188630757,0.0,0.0,0.1602496890181722,0.40376467756935935,0.0,0.2628835042909852,0.16362769723517578,0
C003848,0.0,0.25516719570034785,0.0,0.03348285363580424,0.27515436018317446,0.0,0.0,0.43619559048067347,2
C003850,0.0,0.404902123476527,0.5580722439726596,0.0,0.0,0.0,0.0,0.03702563255081337,0
C003852,0.0,0.0,0.0,0.0,0.0,0.7315722013671309,0.0,0.26842779863286914,1
C003854,0.0,0.0,0.0,0.0,0.0,0.0,0.8352487450179037,0.1647512549820963,1
C003856,0.0,0.9741106661817316,0.0,0.0,0.0,0.0,0.0,0.025889333818268412,4
C003858,0.0,0.0,0.0,0.25700005419672506,0.10730471998945466,0.5706707651572059,0.0,0.06502446065661438,1
C003860,0.0,0.0,0.020019278069237194,0.0,0.0,0.0,0.08125553516386651,0.8987251867668963,4
C003862,0.0,0.05042311163667121,0.12157767630165996,0.0,0.0,0.0,0.41573080236807364,0.41226840969359513,2
C003869,0.0,0.0,0.0,0.0,0.0,0.6133356505714317,0.03165727296903315,0.3550070764595351,4
C003870,0.020953708376860405,0.476061704389243,0.0,0.02978106950337501,0.01663907797668288,0.0,0.0,0.45656443975383876,1
C003872,0.0,0.0,0.0,0.0,0.7212076546760703,0.0,0.0,0.2787923453239297,4
C003873,0.0,0.0,0.0,0.7592520157896517,0.0,0.0,0.0,0.24074798421034826,0
C003877,0.0,0.0,0.0,0.0,0.0,0.37241454558361414,0.43650984187341024,0.19107561254297556,2
C003880,0.017566402387304246,0.0,0.0,0.09481098268865645,0.040703741536475734,0.4434211521575169,0.0,0.4034977212300467,2
C003881,0.0,0.687016229825422,0.0,0.0,0.0,0.0,0.28478833359136274,0.028195436583215328,1
C003886,0.0,0.0,0.0,0.41616102838315305,0.10941529553587079,0.0,0.016999674420209523,0.4574240016607666,1
C003887,0.0,0.7559039949627273,0.0,0.0,0.0,0.0,0.0,0.2440960050372727,1
C003888,0.504315140604466,0.0,0.0,0.0,0.0,0.019712584225302174,0.24692235192140372,0.2290499232488281,3
C003889,0.6415108477377853,0.0,0.24062040395410794,0.0,0.0040166635709463164,0.0,0.0,0.11385208473716035,3
C003891,0.0,0.0,0.0,0.0,0.06506808985600965,0.0,0.0,0.9349319101439904,0
C003892,0.09746258513618501,0.0868740529291387,0.17135111185272908,0.0,0.0,0.0,0.0,0.6443122500819471,3
C003894,0.0,0.36901881760620964,0.0,0.049483576689957454,0.0,0.14864771403349997,0.0,0.43284989167033294,1
C003898,0.11040121454198995,0.0,0.4341752136150987,0.03672385655786414,0.3932196217168827,0.0,0.0,0.025480093568164497,0
C003901,0.3908017576302497,0.0,0.0,0.0,0.0,0.0,0.06213228022419424,0.547065962145556,4
C003907,0.07132509750830741,0.07221124911364302,0.0,0.2609622048727153,0.0,0.3159083504068541,0.13289797912533866,0.14669511897314158,0
C003908,0.03858801907162565,0.0,0.0,0.0,0.0,0.10531816090474337,0.0,0.856093820023631,2
C003910,0.0,0.0,0.0,0.8856970164053753,0.00660154985073452,0.07076435248588148,0.0,0.036937081258008764,4
C003912,0.46573914373369796,0.0,0.043005304048243875,0.0,0.0,0.07788094649330347,0.1365521121614764,0.27682249356327837,2
C003918,0.01718641727507712,0.0,0.0,0.0205813931559013,0.6582413481089676,0.0,0.0,0.30399084146005395,4
C003919,0.0,0.016463198792283976,0.0,0.0,0.0,0.29032050545643445,0.0,0.6932162957512815,3
C003920,0.0,0.0,0.0,0.0,0.0,0.0,0.0,1.0,0
C003921,0.06901073825322979,0.5101265421624802,0.008094367637599404,0.0,0.03196229858216687,0.04310113547749229,0.0,0.3377049178870314,3
C003924,0.06924489092553994,0.08036401940461083,0.0,0.012648200428763346,0.07396915486272564,0.0,0.4829860099310137,0.28078772444734645,1
C003925,0.0,0.0,0.3132767597436151,0.0,0.17694624775608678,0.42752231693970894,0.0,0.0822546755605893,3
C003926,0.0,0.0,0.0,0.0,0.0,0.0,0.7816310718009704,0.21836892819902964,4
C003928,0.022581514777053127,0.0,0.22488166382839642,0.0,0.013221032198916292,0.7302796421285104,0.0,0.009036147067123856,2
C003929,0.0,0.0,0.0,0.061973161400328894,0.0,0.0,0.8975019749089247,0.04052486369074637,1
C003930,0.0,0.0,0.0,0.6089288014936408,0.0,0.0,0.02312256435967671,0.36794863414668244,1
C003931,0.0,0.0,0.0,0.0,0.9675205741119893,0.0,0.006435563668800329,0.02604386221921029,0
C003933,0.0,0.0,0.0,0.0,0.0,0.4036477340666693,0.040022383188523115,0.5563298827448075,3
C003935,0.07596987439063543,0.0,0.0,0.0,0.6058858995445991,0.0,0.0,0.31814422606476545,0
C003936,0.0,0.0904123248931698,0.2356849308795234,0.14506145623913488,0.11153715577740864,0.12434123503728445,0.0,0.2929628971734788,0
C003938,0.0,0.0,0.07554879344445524,0.0,0.10824101093704869,0.03272335385212093,0.7317862247891095,0.05170061697726558,3
C003939,0.0,0.0,0.0,0.0,0.0,0.0,0.9302581378402174,0.06974186215978262,4
C003941,0.0,0.9264854466618009,0.0,0.0,0.0,0.0,0.0,0.07351455333819912,2
C003942,0.0,0.0,0.0,0.0,0.21497779677200596,0.0,0.5623448212573469,0.22267738197064713,4
C003944,0.0,0.0,0.09263431979999642,0.0,0.0,0.6339727321805163,0.1517579651804125,0.1216349828390747,4
C003946,0.7462744332996826,0.0,0.08405940224631864,0.0,0.0,0.0,0.05057137039038198,0.11909479406361678,3
C003947,0.0,0.0735651151934142,0.0,0.6161202836922045,0.05510431625343789,0.18140607049645305,0.0,0.07380421436449025,3
C003949,0.0,0.0,0.022435311801637443,0.11836426690808631,0.0,0.5523192397063176,0.0,0.3068811815839587,3
C003959,0.0,0.691879143024441,0.14375061934789607,0.0,0.0,0.0,0.02303423184706952,0.14133600578059347,4
C003961,0.32912228324029197,0.12959289521857856,0.21639243744264702,0.0,0.0,0.0,0.0,0.3248923840984824,2
C003963,0.0,0.0,0.0,0.0,0.1647607028180607,0.4873362336574886,0.023905629734605978,0.3239974337898447,3
C003964,0.0,0.0,0.0,0.0,0.2860142068332846,0.07988727582523825,0.30038862171100783,0.3337098956304694,3
C003965,0.0,0.27945150433237514,0.6031195251607315,0.0,0.044917278326117714,0.0,0.0,0.07251169218077569,3
C003966,0.8769356048124745,0.0,0.0,0.0,0.0,0.09553934447902714,0.0,0.027525050708498422,0
C003967,0.025540882014791128,0.061284874294147314,0.7670338137418382,0.0,0.0,0.10779192716658155,0.0,0.03834850278264179,1
C003970,0.0,0.0,0.013220931507705072,0.0,0.17635743556056013,0.6591435572347787,0.05250715256003606,0.09877092313692004,3
C003976,0.17947514613944085,0.0,0.0,0.0,0.1136284920392404,0.014628519379199933,0.0,0.6922678424421188,0
C003978,0.0,0.0,0.013750001663245272,0.003021673894305284,0.7512578866397124,0.0,0.17045092786966637,0.06151950993307076,4
C003980,0.0,0.03783170958422473,0.0,0.0,0.2270782827310175,0.0,0.2768281341766358,0.458261873508122,2
C003981,0.37984744979567736,0.0,0.0,0.0,0.0,0.2869905511245447,0.0,0.33316199907977795,2
C003982,0.0,0.0,0.0,0.527458190122649,0.1017511835808407,0.26919602262945835,0.0,0.10159460366705186,4
C003985,0.0,0.03521432206242018,0.0,0.3003059943006556,0.0,0.0,0.635959384814008,0.02852029882291618,1
C003986,0.0,0.8375770379142787,0.0,0.0,0.0,0.0,0.0,0.16242296208572127,2
C003987,0.028941236456407886,0.0,0.04859875694303823,0.0,0.0,0.02437763287924056,0.0,0.8980823737213133,1
C003988,0.0,0.0,0.0,0.5307705888780736,0.0,0.1476074324983767,0.0,0.3216219786235497,4
C003990,0.0,0.13485877726423479,0.0,0.0,0.40489206100101227,0.0,0.0,0.46024916173475294,1
C003991,0.0,0.0483632395269446,0.0,0.0,0.0,0.0,0.0,0.9516367604730553,3
C003992,0.0,0.0,0.0,0.0,0.0,0.0,0.6949772672848141,0.3050227327151859,3
C003993,0.0,0.027299600231621382,0.18587823564668923,0.0,0.0,0.6135867022714566,0.0,0.17323546185023275,0
C003994,0.0,0.0,0.0,0.0,0.0,0.0,0.0,1.0,2
C003995,0.0,0.506195306208698,0.0,0.0,0.0,0.045761654583315575,0.0531695277406934,0.394873511467293,2
C003999,0.6413415477638507,0.0,0.0,0.0,0.0,0.0,0.0,0.35865845223614934,4
