client_id,fold,cloud,gym,insurance,mobile,music,software,streaming,none
C000001,2,0.0,0.17685088857122255,0.38015360703913514,0.1450713843746427,0.0,0.0,0.2622267326416943,0.0356973873733053
C000005,3,0.0,0.25144757249959326,0.0,0.5517737452658455,0.0,0.0,0.0,0.1967786822345612
C000007,3,0.3595027862487713,0.0,0.0,0.0,0.0,0.161070230335855,0.0,0.4794269834153737
C000009,2,0.06580485285382726,0.0,0.0,0.0,0.0,0.6298925167127865,0.27012710484369407,0.03417552558969217
C000012,4,0.0,0.0,0.0,0.0,0.0,0.9447988744366492,0.0,0.05520112556335077
C000014,4,0.46727191909752175,0.0,0.0,0.0,0.0,0.3675332816712783,0.0,0.16519479923119995
C000015,0,0.0,0.0,0.4252134700293051,0.0,0.0,0.0,0.0,0.5747865299706949
C000016,1,0.0,0.02188460051104519,0.6616689727359585,0.0,0.0,0.0,0.0,0.3164464267529963
C000017,3,0.0,0.009674034907711113,0.13791121881590526,0.6586328725379158,0.0,0.0,0.12338415452766902,0.07039771921079874
C000021,1,0.0,0.0,0.0,0.6582424385424694,0.0,0.021152734737417096,0.11957307025707288,0.2010317564630406
C000022,2,0.0,0.0,0.0,0.0,0.0,0.5171019036207192,0.26824395605593254,0.21465414032334829
C000024,1,0.0,0.7585391605909444,0.0,0.0,0.03208558241145272,0.0889672019893417,0.0,0.12040805500826113
C000025,0,0.7124751540587079,0.0,0.0,0.032893493671709365,0.028693567340551028,0.14082045091508683,0.008418861655350088,0.07669847235859473
C000026,1,0.0,0.3759337682802229,0.23948635316917788,0.1407479444454939,0.0,0.13247336637677476,0.09462308039096329,0.016735487337367294
C000027,2,0.0,0.008517291002811383,0.0,0.21119205170492258,0.7539909193760298,0.014018909658755218,0.0,0.012280828257481002
C000028,3,0.3384244370427485,0.09540416055871853,0.0,0.0,0.09406993596149943,0.4427525619463379,0.0,0.029348904490695604
C000029,3,0.45228786572180674,0.0,0.0,0.012675795295819463,0.20394513823117463,0.10656584307702223,0.09885630008694708,0.1256690575872298
C000030,3,0.06671895559453961,0.0,0.0,0.0,0.024457566663976082,0.0,0.0,0.9088234777414843
C000033,0,0.0468277275908204,0.0,0.0,0.0,0.0,0.0,0.34889206220780045,0.6042802102013791
C000035,2,0.0,0.01437808303016188,0.0,0.3826671964324182,0.012609417797544396,0.0,0.017284332282454674,0.5730609704574209
C000038,3,0.0,0.0,0.0,0.0,0.2626125063892564,0.24559663159471185,0.0,0.49179086201603184
C000039,0,0.0,0.0,0.0,0.0,0.0,0.0,0.0,1.0
C000040,2,0.19258019277229432,0.6136059203852654,0.17433134586071353,0.0,0.0,0.0,0.0,0.019482540981726748
C000041,3,0.0,0.0,0.8447213445123143,0.0,0.10232449165969448,0.0,0.0,0.05295416382799123
C000043,1,0.0,0.0,0.025568452148996484,0.0,0.0,0.0,0.0858539525966371,0.8885775952543664
C000044,1,0.0,0.0,0.0,0.0,0.0,0.0,0.048453341223989255,0.9515466587760107
C000047,2,0.0,0.5231723075352956,0.0,0.0,0.3808700072981399,0.0,0.0,0.09595768516656444
C000053,3,0.09233540366978579,0.43782698845374246,0.0,0.0,0.0,0.0,0.0,0.4698376078764718
C000055,1,0.0,0.0,0.0,0.0,0.0,0.18989574189518077,0.0,0.8101042581048192
C000060,0,0.0,0.0,0.8580670666728392,0.0,0.0,0.0,0.0,0.14193293332716084
C000062,4,0.0676307551775738,0.0,0.0,0.028170155067628624,0.0,0.0,0.0,0.9041990897547976
C000063,1,0.0,0.0,0.8291867155134537,0.0,0.0,0.0,0.0,0.1708132844865463
C000064,1,0.0,0.0,0.4903755203058404,0.009800038195185911,0.0,0.3436007629253818,0.0,0.15622367857359187
C000066,1,0.024530791281437713,0.0,0.0,0.0,0.0,0.0,0.05782416909382497,0.9176450396247373
C000069,3,0.02390986594998511,0.0,0.4466900090004133,0.02233635053870827,0.0,0.0,0.011377791287814295,0.4956859832230791
C000072,1,0.0,0.0,0.0,0.1948388932967516,0.0,0.7158290762873903,0.05923334758521325,0.030098682830644763
C000073,4,0.0,0.0,0.05374646326693911,0.0,0.21788887817509528,0.0,0.0,0.7283646585579656
C000077,4,0.40350317562591326,0.0,0.0,0.03616342744441104,0.0,0.0,0.0,0.5603333969296758
C000078,4,0.0,0.0,0.5970479613503146,0.0,0.3225118271833869,0.0,0.041720565012595766,0.03871964645370274
C000079,2,0.0,0.2831827629412376,0.0,0.06126233465911904,0.0,0.5739029574985868,0.07604792265331249,0.005604022247744034
C000080,2,0.0,0.0,0.0,0.0,0.0,0.0,0.0,1.0
C000084,3,0.0,0.0,0.033399724953244725,0.053312232939911046,0.0,0.0,0.0,0.9132880421068442
C000085,2,0.0,0.0,0.7804687845114093,0.0,0.0,0.0,0.0,0.21953121548859067
C000088,1,0.09946327659984668,0.011992041697014275,0.7981237088426093,0.0,0.0,0.0,0.0,0.09042097286052975
C000093,0,0.4303310510228818,0.0,0.014494119510603426,0.0,0.0,0.0,0.0,0.5551748294665148
C000094,1,0.6607986095959514,0.0,0.1834880870315705,0.0,0.09356672416768301,0.0,0.0,0.06214657920479516
C000095,1,0.049774401099043845,0.0,0.0,0.899523271712067,0.012704852028344312,0.026147040483197284,0.0,0.011850434677347588
C000100,2,0.05491932433834334,0.5954875414234324,0.07754804361983797,0.0,0.0,0.0,0.0,0.2720450906183862
C000101,1,0.0,0.8888983023976957,0.0,0.0,0.0,0.0,0.0,0.11110169760230426
C000102,4,0.0,0.13939432589063402,0.0,0.0,0.0,0.48949778860054893,0.0,0.371107885508817
C000103,3,0.0,0.0,0.541656399897134,0.1326682142288214,0.07736632514840532,0.2249333266095173,0.0,0.023375734116122038
C000104,3,0.0,0.0,0.3508023858659314,0.0,0.5041064103171959,0.0,0.0,0.14509120381687268
C000105,4,0.0,0.23360107151615495,0.07255514992227838,0.0,0.0,0.0,0.6077107558482362,0.08613302271333045
C000106,4,0.0,0.0,0.0,0.0,0.0,0.0,0.8454363805261762,0.1545636194738238
C000109,1,0.4755398030901736,0.0,0.0,0.0,0.0,0.48905058142212326,0.0,0.03540961548770316
C000110,1,0.0,0.1892643572157467,0.31727098431631506,0.3583304159032536,0.038333912098825945,0.0,0.02866089709034003,0.06813943337551864
C000111,1,0.0,0.0,0.20433020503913354,0.0,0.0,0.0,0.728120591724115,0.0675492032367514
C000113,0,0.0,0.0,0.0,0.6798094550009695,0.046311515912046616,0.0,0.0,0.2738790290869839
C000115,1,0.08409806304372694,0.0,0.0,0.0,0.01674170047304142,0.17449634527427785,0.4886041952530809,0.23605969595587295
C000116,0,0.1484705885916026,0.0,0.7811146125162989,0.0,0.0,0.0,0.053219404525330694,0.01719539436676787
C000117,1,0.0,0.9339398026783753,0.0,0.0,0.0,0.0,0.0,0.06606019732162471
C000119,1,0.28308228593073403,0.0,0.0,0.0,0.0,0.0,0.6672184449120807,0.049699269157185255
C000120,3,0.0,0.5394681837742614,0.0,0.0,0.05397498137018646,0.0,0.06970134336371098,0.33685549149184113
C000122,0,0.18143517260787553,0.0,0.0,0.03754086086950183,0.0,0.0,0.0,0.7810239665226226
C000127,3,0.0,0.05436079129593808,0.0,0.0,0.0,0.11473703538040314,0.018962084760866006,0.8119400885627928
C000128,1,0.0,0.0,0.8862796840789086,0.0,0.07466549518021828,0.0,0.0,0.039054820740873186
C000129,3,0.1167439507222194,0.0,0.0,0.0,0.0,0.6165131782351191,0.009597086851745656,0.2571457841909158
C000130,3,0.0,0.054341954083753474,0.18889207077262424,0.0,0.0,0.0,0.0,0.7567659751436223
C000132,4,0.0,0.0,0.0,0.49318293645675065,0.10423523087281869,0.38666780007201357,0.0,0.01591403259841706
C000134,3,0.27431049383333433,0.0,0.4494339318692451,0.0,0.0,0.0,0.27263893034227604,0.003616643955144605
C000135,3,0.11993318998519954,0.0,0.0,0.08983906852963319,0.039135245337881285,0.0,0.0,0.751092496147286
C000136,4,0.0,0.0,0.10018453668335593,0.07321006813577234,0.0,0.0,0.036771503722038176,0.7898338914588335
C000137,3,0.05449302153264124,0.0,0.0,0.0,0.36587786792929233,0.0,0.31885819887653716,0.2607709116615293
C000140,0,0.0,0.06817490824300837,0.0,0.0,0.0,0.5235232173849397,0.20617647390934973,0.20212540046270222
C000142,4,0.027799222385307028,0.12436354463558885,0.0,0.8112923242500093,0.0,0.0,0.031980501364753354,0.004564407364341383
C000144,0,0.0,0.0,0.0,0.0,0.0,0.9258361594921621,0.0,0.07416384050783786
C000148,4,0.1352283418484807,0.17014565840886592,0.0,0.03182801746313752,0.0,0.0,0.5641351550563285,0.09866282722318731
C000149,3,0.0,0.0,0.0,0.0,0.0,0.0,0.7312163036281362,0.26878369637186383
C000150,3,0.0,0.0,0.0,0.0,0.0,0.7477385988460894,0.22749317974501873,0.0247682214088919
C000152,4,0.5699287057602473,0.0,0.0,0.0,0.024471851034351223,0.0,0.12537783361255506,0.28022160959284637
C000153,3,0.0,0.0,0.0,0.8503832840039713,0.0,0.0,0.0,0.14961671599602866
C000155,2,0.0,0.0,0.029638666952051307,0.0,0.0,0.0,0.0,0.9703613330479487
C000157,0,0.0,0.0,0.0,0.0,0.0,0.0,0.0,1.0
C000159,4,0.0,0.0,0.45373983749355645,0.0318405525908984,0.0,0.0,0.06406326738706793,0.4503563425284772
C000160,4,0.0,0.0,0.0,0.0,0.0,0.0,0.0,1.0
C000162,4,0.022435199203337437,0.0,0.004828926464409422,0.16645529967894548,0.0,0.39480351764518684,0.22534858834887253,0.18612846865924826
C000164,4,0.059785144161199434,0.0,0.18348401932838795,0.0,0.591958486051724,0.0,0.0,0.16477235045868865
C000168,2,0.0,0.07265738499672958,0.0,0.0,0.0,0.6179537713743036,0.0,0.3093888436289668
C000169,4,0.0,0.0506810226922356,0.0,0.08304811944364811,0.0,0.0,0.40507581131714204,0.4611950465469743
C000171,3,0.0,0.0,0.0,0.024245549110219505,0.0,0.0,0.9236593615791959,0.0520950893105846
C000172,3,0.0,0.0,0.0,0.0,0.0,0.0,0.0,1.0
C000173,3,0.6494340325968497,0.0,0.10093141770656987,0.18756706454973301,0.0,0.0,0.0,0.062067485146847345
C000174,0,0.0,0.0,0.0,0.0,0.0,0.09344734889381456,0.0,0.9065526511061854
C000175,3,0.010251182736114028,0.0,0.3096172369301849,0.0,0.45572191392161865,0.0,0.0,0.2244096664120825
C000177,0,0.09025180399270519,0.0,0.3699580034223721,0.2551546779813591,0.1559697796410743,0.0,0.07465346442601911,0.054012270536470064
C000179,0,0.010844062267407743,0.334163187681758,0.0,0.08546995715077894,0.4759128695030154,0.0,0.0,0.09360992339703988
C000181,2,0.0,0.06411741288185832,0.0,0.0,0.6590219163730942,0.2539019871750397,0.0,0.022958683570007743
C000183,3,0.0,0.10338313167135976,0.0,0.5474539074234358,0.0,0.0,0.24481970356587535,0.10434325733932914
C000185,1,0.29506463357944684,0.6136971239829734,0.0,0.0,0.0,0.0,0.0,0.09123824243757972
C000187,0,0.0,0.0,0.5026482820804322,0.0,0.4062553343503037,0.0,0.0,0.09109638356926408
C000189,0,0.014776288718517336,0.0,0.0,0.0,0.018140649480516503,0.6713502691106252,0.02006864590809017,0.2756641467822507
C000190,3,0.7477092018945997,0.0,0.0,0.0,0.0,0.0,0.0,0.25229079810540034
C000191,2,0.0,0.0,0.0,0.43590492289453303,0.10344154875488062,0.0,0.44252996623352625,0.01812356211706012
C000192,3,0.0,0.3252685690133133,0.12063867774508082,0.0,0.3545900119569172,0.16702078511013366,0.0,0.03248195617455507
C000196,4,0.6628083446297481,0.0,0.0,0.0,0.12490898830717002,0.0,0.0,0.21228266706308185
C000197,3,0.0,0.0,0.0,0.0,0.5752394176592036,0.2823657705514916,0.0,0.1423948117893048
C000198,3,0.0,0.0,0.0,0.0,0.0,0.0,0.9232203729335124,0.07677962706648755
C000201,4,0.0,0.6519377536407737,0.0,0.0,0.0,0.0,0.0,0.34806224635922633
C000202,3,0.30300405884699805,0.18716940048795502,0.05112762518777024,0.0,0.0,0.03477048200331941,0.3995639289391584,0.02436450453479888
C000203,4,0.0,0.1628390761739948,0.06558287989589232,0.0,0.0,0.447359087370818,0.0,0.3242189565592949
C000205,2,0.08486552032860271,0.0,0.0,0.34261663093555106,0.0,0.06863383277541028,0.0,0.5038840159604359
C000206,4,0.0,0.0,0.0,0.004413172523690726,0.5981583699942443,0.36774369235865934,0.0,0.029684765123405565
C000207,2,0.6314441158413041,0.1109855734876906,0.0,0.05026399666614258,0.0,0.0,0.1689091799778181,0.0383971340270447
C000210,4,0.2062849239910728,0.04405086090745931,0.09125999233984113,0.5030092191275036,0.0,0.0,0.0,0.15539500363412317
C000212,4,0.5598628064864805,0.11616410086139603,0.10083461336069355,0.16178915158872711,0.0,0.0,0.0,0.06134932770270285
C000214,0,0.0,0.0,0.0,0.051182405910246635,0.00901661479403809,0.0,0.0,0.9398009792957153
C000218,1,0.0,0.0026991879840490307,0.4983868201693493,0.05641297921344155,0.07674234538998882,0.0,0.1829990784535939,0.18275958878957743
C000219,4,0.34728157657135034,0.08051512888129185,0.0,0.04046030554151826,0.5122371371940482,0.0,0.0,0.01950585181179143
C000222,4,0.0,0.0,0.0,0.019235998710196225,0.0,0.15702529466843212,0.18627055390745567,0.637468152713916
C000223,3,0.6219024509693107,0.0,0.0,0.09218951430874395,0.0,0.0,0.24750120176031068,0.03840683296163472
C000226,1,0.0,0.0,0.7697100350620744,0.0,0.0,0.0,0.0,0.23028996493792564
C000228,4,0.0,0.00480454770620723,0.8633814548797502,0.00038640343635791563,0.12135129023596386,0.0,0.0,0.01007630374172086
C000230,2,0.0,0.0328144098607954,0.2790292016954854,0.0,0.0,0.0,0.0,0.6881563884437192
C000233,1,0.0,0.0,0.3034331440176483,0.0,0.48994491657225847,0.0,0.0,0.2066219394100932
C000234,4,0.04103904287446884,0.0,0.0,0.024235371977448256,0.8149842634898998,0.0,0.0,0.11974132165818308
C000235,1,0.0,0.0,0.0,0.8266963104370577,0.0,0.0,0.0,0.1733036895629423
C000236,3,0.0,0.0,0.0,0.719236100174359,0.017726997889082833,0.0,0.052086788326267355,0.2109501136102908
C000237,0,0.45678159566704357,0.0,0.0,0.0,0.13348777010749918,0.0999009469549031,0.037733557206486135,0.27209613006406785
C000238,1,0.0,0.2194197712715539,0.0,0.1566590330072395,0.5458311214137213,0.0,0.03345974365827945,0.04463033064920596
C000239,3,0.0,0.0,0.0,0.0,0.0,0.7347362370764418,0.11555499624163232,0.1497087666819259
C000240,0,0.0,0.5899389929728461,0.0,0.0,0.0,0.0,0.02511218302971503,0.3849488239974388
C000242,3,0.0,0.03327907333951744,0.0,0.4400428763151322,0.0,0.2612413475206779,0.11135645439647196,0.15408024842820045
C000245,0,0.0046499684824336165,0.0,0.0,0.0,0.0,0.0,0.02027925489010594,0.9750707766274604
C000246,4,0.8264081968729091,0.0,0.0,0.0,0.0,0.0,0.0,0.17359180312709088
C000248,4,0.5784945132774938,0.0,0.25444432394928546,0.06651768257243647,0.0,0.0,0.0,0.1005434802007843
C000249,4,0.07314455616701798,0.0,0.0,0.0,0.0,0.0,0.0,0.926855443832982
C000250,1,0.34000935328980253,0.0,0.0,0.0,0.0,0.38078922222194134,0.0,0.27920142448825613
C000252,1,0.04823234864309684,0.0,0.012674379662410995,0.0,0.0,0.5693630902881741,0.04186425353050019,0.3278659278758179
C000254,0,0.0,0.0,0.013579170066103239,0.0,0.0,0.0,0.032934870575165275,0.9534859593587315
C000257,1,0.5141482163848009,0.0,0.0,0.0,0.25774785627081404,0.0,0.0,0.228103927344385
C000259,4,0.05024885256994439,0.0,0.28666467347161895,0.0,0.5693684868233265,0.0,0.0,0.09371798713511015
C000261,1,0.0,0.0,0.0,0.0,0.034283047743011316,0.12387552575873403,0.0,0.8418414264982547
C000262,2,0.0,0.0,0.0,0.12494563723716023,0.0,0.0,0.7731190462929491,0.10193531646989062
C000263,4,0.8881637097309747,0.034805562955554675,0.0,0.0,0.022018878688898763,0.0,0.0,0.05501184862457187
C000264,0,0.0,0.24085800234936028,0.0,0.042147513198291645,0.6736998196415446,0.0,0.0,0.04329466481080346
C000265,3,0.22372931304232568,0.0,0.0,0.0,0.0,0.6593048287905358,0.0,0.11696585816713856
C000270,3,0.0,0.0,0.0,0.0,0.7822016123914068,0.0,0.0,0.21779838760859316
C000271,0,0.0,0.6137879389861387,0.10924065250350606,0.0,0.0,0.06871052259807843,0.0,0.20826088591227676
C000272,0,0.0,0.7423087113418781,0.0,0.09558376040065507,0.0,0.0,0.0,0.16210752825746677
C000274,4,0.0,0.0,0.0,0.06117541754949699,0.0,0.3609867497921186,0.0,0.5778378326583844
C000275,1,0.0,0.0,0.022257404073337973,0.3871939850229305,0.0,0.0,0.0,0.5905486109037315
C000276,0,0.08738682590952543,0.0,0.0,0.7478882608766348,0.0,0.10871485316222755,0.0,0.05601006005161224
C000281,0,0.0,0.5200002795043703,0.35172668071975455,0.0,0.0,0.06924395073761373,0.0,0.05902908903826143
C000283,3,0.0,0.0,0.0,0.0,0.0,0.0,0.9523819435638871,0.04761805643611294
C000284,0,0.0,0.0,0.0,0.23025325148316572,0.0,0.5797849526787109,0.0,0.18996179583812345
C000285,1,0.0,0.0,0.0,0.3814321909222507,0.0,0.0,0.46583437009458706,0.15273343898316227
C000286,0,0.0,0.0,0.15961289020754055,0.09046141966447106,0.668884864978891,0.0,0.0,0.08104082514909738
C000290,1,0.0,0.0,0.0,0.5830861988258338,0.0,0.0,0.0,0.4169138011741662
C000292,2,0.6472427506223006,0.0,0.0,0.0,0.0,0.0,0.03101772919102458,0.32173952018667484
C000295,1,0.0,0.07937287824101025,0.0,0.0,0.0,0.0,0.0,0.9206271217589898
C000296,2,0.0,0.060895310017260944,0.0,0.0,0.26062428700070267,0.0,0.0,0.6784804029820364
C000297,1,0.0,0.0,0.10031970706062644,0.0,0.04719129583402927,0.0,0.0,0.8524889971053443
C000302,4,0.0,0.0,0.0,0.0,0.0,0.05508437311978809,0.0,0.9449156268802119
C000306,3,0.25904954423684057,0.0,0.0,0.356341908646556,0.0,0.0,0.0,0.3846085471166034
C000310,1,0.042491899949597386,0.14779843782254004,0.0,0.0,0.0,0.0,0.0,0.8097096622278626
C000311,3,0.1774381161721349,0.0,0.0,0.0,0.0,0.0,0.0,0.8225618838278651
C000313,0,0.12205955204870454,0.0,0.0,0.07933205504589266,0.034290535074766725,0.0,0.6105046707878269,0.15381318704280922
C000319,3,0.17309677086097405,0.025035953860498932,0.0,0.7795447217389689,0.0,0.0,0.0,0.022322553539558143
C000322,1,0.06206293548165248,0.03338631737049564,0.0,0.0,0.8367942260982499,0.0,0.0,0.06775652104960195
C000323,4,0.15177873643300768,0.0,0.7633020166686907,0.0,0.0,0.0,0.0,0.08491924689830166
C000324,4,0.0,0.05426881519476898,0.056965118422112576,0.17312240706938659,0.0,0.0,0.0,0.7156436593137319
C000326,3,0.0,0.0,0.0,0.0,0.8001735507344863,0.0,0.0,0.19982644926551374
C000330,0,0.16417648908736726,0.1581660115663326,0.2616225955462593,0.0,0.0,0.0,0.3821194307834114,0.03391547301662945
C000332,4,0.0,0.0,0.0,0.7794385807119767,0.0,0.0,0.0,0.2205614192880233
C000336,3,0.0,0.0,0.1634391048034388,0.013291249929878228,0.0,0.0,0.8066447931140326,0.016624852152650416
C000338,1,0.49916100866434027,0.03764585782989637,0.07034739061515516,0.0,0.0,0.0,0.0,0.39284574289060825
C000339,4,0.0,0.0,0.0,0.0,0.0,0.7986511901475107,0.0,0.20134880985248926
C000342,0,0.0,0.0,0.0,0.041279569743200045,0.14447718282746402,0.5227564483881999,0.0,0.29148679904113606
C000343,0,0.8615267238603449,0.08425943700492919,0.0,0.0043304945170056135,0.0,0.0,0.020310760184658112,0.0295725844330621
C000348,4,0.6601420761554045,0.0,0.16075743420668387,0.0,0.07819753620314296,0.0,0.0,0.10090295343476863
C000350,3,0.14668770162852693,0.0,0.0,0.0,0.652066593824687,0.10717273928559168,0.0,0.09407296526119435
C000351,3,0.08518575905525197,0.0,0.0,0.0,0.0,0.8726690616875915,0.0,0.04214517925715655
C000352,2,0.0,0.0,0.0,0.0,0.194606527815813,0.0,0.6274901030099082,0.17790336917427885
C000353,4,0.0,0.0,0.0,0.9442629201825935,0.03331008966593544,0.0,0.0,0.022426990151471093
C000356,4,0.0,0.0,0.14708880542980954,0.8481944662897383,0.0,0.0,0.0,0.00471672828045222
C000358,2,0.0579289105043986,0.0,0.0,0.0,0.07418704063870606,0.07198425362627833,0.0,0.795899795230617
C000361,0,0.1156904241867924,0.0,0.027798137876070952,0.0,0.009338716239961175,0.7811216868986177,0.04493479595061518,0.021116238847942448
C000363,3,0.2647140416683384,0.0,0.0,0.4749419049537792,0.0,0.2399248073757788,0.0,0.020419246002103653
C000364,0,0.0,0.0,0.550088062058295,0.06913568080958077,0.0,0.0,0.0,0.38077625713212426
C000369,0,0.0,0.04677952535595714,0.09745636686832741,0.0,0.0,0.0,0.06823943132346003,0.7875246764522554
C000372,0,0.0,0.0,0.0,0.0,0.0,0.0,0.7444507586949659,0.2555492413050341
C000375,0,0.0,0.0,0.0,0.0,0.0,0.9344735160611731,0.0,0.06552648393882687
C000376,0,0.0,0.017288106316791965,0.09698928954030875,0.26986310446139267,0.0,0.10740396409206536,0.0,0.5084555355894412
C000381,1,0.05983051917156594,0.0,0.0,0.5984193131896048,0.0,0.00679707284955094,0.0,0.33495309478927837
C000382,4,0.0,0.04355263874692077,0.0,0.46401737651984726,0.22795871877663865,0.19809720121813118,0.0,0.06637406473846208
C000387,0,0.022762413815946004,0.0,0.2804511210727193,0.0,0.0,0.0,0.025319999066359313,0.6714664660449754
C000388,2,0.0,0.03145172532772902,0.09324955687699352,0.0,0.0,0.0,0.0,0.8752987177952775
C000389,4,0.0,0.0,0.0,0.0,0.0,0.0,0.274497498904932,0.725502501095068
C000390,0,0.0,0.0,0.0,0.0,0.05615008459986988,0.0,0.7508124046373785,0.19303751076275155
C000392,3,0.04739090048589685,0.0,0.0,0.0,0.0,0.0,0.6487046447839145,0.30390445473018857
C000394,2,0.0,0.0,0.0,0.0,0.6521426108706765,0.0,0.0,0.3478573891293235
C000400,1,0.0,0.0,0.0,0.09657165163655457,0.0,0.0,0.0,0.9034283483634454
C000401,1,0.2526338458936259,0.0,0.0,0.0,0.0,0.0,0.0,0.7473661541063741
C000403,2,0.0,0.0,0.951206683076444,0.0,0.0,0.017601470362672282,0.0,0.031191846560883807
C000406,3,0.0,0.0,0.0,0.054245747051089685,0.0,0.0,0.6245755000132166,0.32117875293569376
C000407,3,0.0,0.3324190209398545,0.0,0.0,0.0,0.06851006956129131,0.5151805758639125,0.0838903336349417
C000408,3,0.0,0.0,0.4168751479936824,0.0,0.0,0.0,0.0,0.5831248520063176
C000410,4,0.0,0.3643615213857327,0.13379437794702387,0.14336740866138115,0.2649927001390687,0.02272840443885949,0.0,0.07075558742793409
C000414,3,0.0,0.0,0.0,0.02255879985340484,0.0,0.0,0.018802982802428723,0.9586382173441664
C000417,2,0.0,0.0,0.0,0.41782795982898446,0.0,0.0,0.4110781464428894,0.1710938937281261
C000418,1,0.0,0.0,0.0,0.0,0.0,0.09160231797255602,0.0,0.908397682027444
C000420,3,0.0,0.7702468494167252,0.0,0.022333319137866296,0.0,0.0057842850668264716,0.177247820112865,0.024387726265717058
C000422,3,0.0,0.0,0.05405815927100338,0.0,0.060743633512522155,0.0,0.0,0.8851982072164745
C000424,2,0.0,0.4491047113226093,0.0,0.0,0.0,0.4485025367052112,0.0,0.10239275197217945
C000425,4,0.0,0.0,0.0,0.0,0.0,0.0,0.6782829304263419,0.3217170695736581
C000426,2,0.21191819638322262,0.6511786906963297,0.0,0.0,0.0,0.0,0.0,0.13690311292044766
C000427,1,0.0,0.0,0.0,0.0,0.0,0.5251541946795388,0.16844284337094362,0.30640296194951755
C000428,1,0.0,0.0,0.0,0.0,0.0,0.040551010953016275,0.0,0.9594489890469837
C000431,3,0.0,0.9720844501445669,0.0,0.0,0.0,0.0,0.0,0.027915549855433097
C000433,0,0.0,0.0,0.41941007567849853,0.0,0.029770969894367692,0.3407250670307762,0.0,0.2100938873963576
C000434,2,0.0,0.0,0.0,0.0,0.0,0.02727695544463582,0.0,0.9727230445553642
C000436,2,0.5268112943852256,0.07877155550373874,0.10047716321201317,0.07285768254425191,0.0,0.10994558620406701,0.04545589420457307,0.0656808239461305
C000437,2,0.0,0.0,0.0,0.0,0.0,0.0,0.0,1.0
C000438,4,0.02851295185009008,0.028025652076736053,0.0,0.0,0.0,0.0,0.9042255593752965,0.039235836697877335
C000443,2,0.40392229281900366,0.0,0.5195382583717888,0.0,0.0,0.0,0.0,0.07653944880920749
C000445,3,0.0,0.0,0.0,0.0,0.0,0.0703770233347144,0.0,0.9296229766652856
C000446,3,0.0,0.0,0.5693436120621662,0.0,0.27002952735946356,0.03212988263093911,0.017891196090871368,0.11060578185655978
C000447,0,0.0,0.23063645128550023,0.6038241698145528,0.0,0.0,0.0,0.11385957518107868,0.05167980371886827
C000448,3,0.06554952976047687,0.0,0.0,0.0,0.9316714067849015,0.0,0.0,0.002779063454621644
C000452,1,0.0,0.7549160538441888,0.0,0.0,0.07472107352743612,0.14402469978279492,0.0189401504651106,0.007398022380469493
C000453,3,0.0,0.0,0.06905132800176515,0.21085194190589335,0.29810247438373,0.0,0.4107835122203366,0.011210743488274888
C000454,4,0.0,0.0,0.3137363486877672,0.0,0.0,0.6544094198181101,0.0,0.03185423149412281
C000455,1,0.1757431913389537,0.32240864789581986,0.0,0.4268408539542659,0.0,0.0,0.0,0.07500730681096046
C000456,2,0.0,0.0,0.0,0.0,0.0,0.0786628170329964,0.5632724600157448,0.3580647229512588
C000457,0,0.3169753922914551,0.22944922125577438,0.39203976551059133,0.0,0.0,0.0,0.0,0.061535620942179126
C000458,1,0.0,0.10507021396168169,0.19867040251644882,0.0,0.3438453082602431,0.0,0.0,0.3524140752616264
C000461,2,0.0,0.0,0.7252557916365012,0.0,0.0,0.0,0.0,0.2747442083634988
C000462,2,0.0,0.0,0.008356895903532613,0.0,0.0,0.5107282597795674,0.41844424470242186,0.062470599614478095
C000464,1,0.0,0.0,0.0,0.0,0.06537969588155179,0.0,0.0,0.9346203041184482
C000465,2,0.3255011702042423,0.0,0.5801906722775506,0.05946839764096698,0.0,0.0,0.0,0.034839759877240084
C000468,4,0.0,0.0,0.5449804192068383,0.0,0.08557296819501914,0.2681558026395896,0.0,0.101290809958553
C000469,2,0.0,0.0,0.9666978525992429,0.005666702608382815,0.0,0.0,0.0,0.02763544479237423
C000470,2,0.0,0.0,0.8966855768252125,0.0,0.0,0.0,0.0,0.10331442317478745
C000471,0,0.3338331681340472,0.0,0.0,0.0,0.0,0.021584949697676888,0.0,0.6445818821682759
C000472,4,0.0,0.0,0.0,0.0,0.0,0.0,0.0,1.0
C000473,4,0.0,0.26111281520730223,0.0,0.04835778681576886,0.5961563262052265,0.0,0.0,0.0943730717717024
C000475,0,0.0,0.0,0.19553818351424798,0.6446144377310808,0.0,0.0,0.0,0.15984737875467114
C000477,0,0.0,0.15246270247627694,0.0,0.0,0.0,0.0653496752042175,0.76562140236117,0.016566219958335515
C000481,4,0.39769091374269216,0.35747798637030187,0.0,0.0,0.057658754633638176,0.09373664939997232,0.0,0.0934356958533955
C000482,0,0.0,0.0034210096630713973,0.0,0.0,0.0370076267597301,0.0,0.8565527123929599,0.10301865118423859
C000484,1,0.0,0.0,0.0,0.06801543982757319,0.0,0.0,0.0,0.9319845601724268
C000492,1,0.11738722929927645,0.1789446374688842,0.46440293157305435,0.0,0.006776340891661985,0.051048134474900655,0.10205883626969124,0.07938189002253115
C000493,2,0.0,0.023512001162796167,0.0,0.1406663334273729,0.5108566567590255,0.0,0.1330353633998336,0.1919296452509719
C000497,0,0.0,0.0,0.011987430161367548,0.5975017543995632,0.0,0.10484883545125988,0.03448865175592023,0.2511733282318892
C000498,3,0.32156421363349763,0.0,0.0,0.23825984612435983,0.0,0.0,0.0,0.44017594024214257
C000502,1,0.0,0.0,0.5229451542837891,0.0,0.07660309146910364,0.02411408844774077,0.234186180112007,0.14215148568735958
C000503,4,0.3488850331262634,0.0,0.5057845492231033,0.0,0.011673634121064338,0.024838552897960615,0.026139918435983976,0.08267831219562427
C000504,2,0.0,0.05786048646390897,0.0,0.0,0.5331688714140265,0.03728487075484443,0.0,0.37168577136722014
C000506,4,0.0,0.0,0.02567354835557538,0.0,0.25575634027036087,0.6095599047200095,0.0,0.10901020665405414
C000508,0,0.0,0.23036649337164564,0.0,0.0,0.029241842092264617,0.17299884020284123,0.0,0.5673928243332484
C000509,4,0.0,0.10447441197454597,0.0,0.0,0.0,0.04625949938305332,0.5329155316311946,0.31635055701120607
C000511,4,0.0,0.15410691586412834,0.0,0.2340532331098867,0.011734205619461806,0.4213930925651666,0.01429461534621274,0.16441793749514366
C000512,3,0.0,0.7724290130575485,0.0,0.0,0.0,0.0,0.0,0.22757098694245148
C000513,0,0.0,0.0,0.42187848458746535,0.0,0.0,0.0,0.0,0.5781215154125346
C000516,3,0.0,0.0,0.023023015302979878,0.0,0.19279916752571544,0.0,0.6327306262908867,0.15144719088041803
C000518,3,0.7931550170932151,0.0,0.0,0.031749527227726816,0.11486688389275568,0.038885609986753375,0.0,0.021342961799548976
C000521,3,0.0,0.616397058867078,0.0,0.0,0.36146976160413113,0.0,0.0,0.022133179528790903
C000523,3,0.7516669870380582,0.12879461727992575,0.0,0.06603877212790794,0.0,0.0,0.0,0.05349962355410798
C000526,0,0.0,0.0,0.0,0.0,0.0,0.035666924846245965,0.15392807922570673,0.8104049959280473
C000529,0,0.5087150065570827,0.0,0.0,0.0,0.0,0.0,0.0,0.4912849934429173
C000531,4,0.0,0.25108706934237346,0.4976767631067335,0.0,0.0,0.17276504919416383,0.03903979852130034,0.03943131983542891
C000532,4,0.4204668002690576,0.0,0.0,0.31533992016653467,0.0,0.0,0.0,0.26419327956440775
C000534,2,0.565503703019377,0.0,0.3871371613197182,0.0,0.03803151296825604,0.0,0.0074108239585379924,0.0019167987341107695
C000536,0,0.0,0.004481613882048854,0.6216401920028336,0.0,0.0,0.0672862669805304,0.20768746915634395,0.09890445797824321
C000539,3,0.0,0.6157974830416497,0.07519172369481589,0.035694510715293094,0.0,0.0,0.030016930826996534,0.24329935172124484
C000540,4,0.0,0.0,0.3721916729756454,0.0,0.0,0.12177611663747209,0.012294804739507349,0.4937374056473751
C000543,4,0.0,0.11080063656434687,0.0,0.8780077588741755,0.0,0.0,0.0,0.011191604561477608
C000544,4,0.0,0.0,0.0,0.0,0.0,0.0,0.0,1.0
C000548,0,0.0,0.0,0.0,0.2410322174550879,0.45610197265609126,0.04586220316353126,0.0,0.25700360672528955
C000549,2,0.07958816174685673,0.0,0.0,0.03783316719975255,0.01934755701781453,0.858356195655815,0.0,0.004874918379761173
C000550,2,0.0,0.0,0.0,0.0,0.0,0.0,0.043759227989428884,0.9562407720105711
C000551,1,0.0,0.2908414439769429,0.20774056819476963,0.3929061228973496,0.0,0.0,0.0,0.1085118649309379
C000552,0,0.0,0.0,0.0,0.07907743994843996,0.0,0.0,0.0,0.92092256005156
C000555,3,0.25144818224987525,0.0,0.0,0.06561122240184583,0.0,0.0,0.019786010950639855,0.663154584397639
C000556,0,0.0,0.0,0.21009924450223105,0.0,0.0,0.4860746370608272,0.0,0.30382611843694174
C000557,2,0.16455899258046036,0.0,0.0,0.22689819518390478,0.0,0.35421161050377986,0.0,0.2543312017318551
C000558,1,0.0,0.0,0.10202451608312935,0.0,0.0,0.0,0.0,0.8979754839168707
C000559,4,0.0,0.0,0.0,0.32878383491587865,0.0,0.3833384759355291,0.2096246532754583,0.07825303587313392
C000561,1,0.0,0.0,0.0,0.0,0.0,0.0,0.0,1.0
C000563,0,0.0,0.0,0.0,0.2746311080703876,0.0,0.5646734852077308,0.0,0.16069540672188165
C000564,1,0.0,0.0,0.0,0.07349131410367854,0.8533467346111845,0.0,0.012981415944330285,0.060180535340806585
C000567,3,0.9488943940293824,0.0,0.0,0.0,0.0,0.0,0.0,0.05110560597061764
C000579,2,0.1000942072756527,0.34400955151031765,0.0,0.0254434311369591,0.0,0.0,0.17368403844895725,0.3567687716281134
C000580,3,0.8340591619101896,0.0,0.0,0.04614837729241232,0.11699330261308818,0.0,0.0,0.00279915818430998
C000586,2,0.0,0.0,0.0,0.0,0.008354916202919881,0.0,0.7030984011627922,0.28854668263428795
C000587,0,0.0,0.44507152912894216,0.2709070406298096,0.0,0.11941185201269641,0.13587940545386784,0.0,0.028730172774684037
C000588,1,0.6434225718130011,0.0,0.0,0.0,0.0,0.0,0.0,0.3565774281869989
C000592,3,0.0,0.0,0.0,0.2561250801912149,0.5738218677297445,0.12891152915320322,0.0,0.04114152292583739
C000596,3,0.9037908841746167,0.0,0.0,0.0,0.0,0.0,0.0,0.09620911582538327
C000597,4,0.6397662200620118,0.0,0.09975031676698082,0.0,0.0,0.0,0.007189510966213203,0.2532939522047941
C000599,4,0.0,0.0,0.15703502465234087,0.16485064165154525,0.0,0.0,0.0,0.6781143336961138
C000600,2,0.0789221687117756,0.0,0.0,0.0,0.16879722866356295,0.0,0.6103794268372223,0.1419011757874391
C000602,2,0.0494248591434966,0.0,0.0,0.0,0.0,0.0733907745650133,0.0,0.8771843662914901
C000605,3,0.41695644773927526,0.0,0.0,0.46526733122678543,0.0170185698485334,0.034813467821199436,0.0,0.06594418336420638
C000606,1,0.0,0.0,0.0,0.0,0.0,0.0,0.8843612014281689,0.11563879857183113
C000607,2,0.8855519295267631,0.0,0.0,0.0,0.0,0.0,0.0,0.11444807047323691
C000609,3,0.6218540027919428,0.0,0.19439074719996563,0.0,0.0,0.0,0.019726011546790122,0.16402923846130146
C000612,2,0.0,0.8197687678681299,0.12371825685414697,0.0,0.0,0.0,0.0,0.05651297527772314
C000615,1,0.0,0.3521763679827926,0.0,0.0,0.0,0.2604486445566141,0.3436589373143385,0.04371605014625479
C000617,1,0.03983519460675314,0.0,0.036904453131423195,0.0,0.0,0.0,0.0,0.9232603522618237
C000618,2,0.0,0.0,0.0,0.0,0.0,0.903950914296973,0.021137123147638912,0.07491196255538801
C000620,0,0.02078502589380029,0.0,0.6196166738143465,0.0,0.0,0.003939635820000281,0.14895491981574782,0.2067037446561052
C000621,0,0.0,0.0,0.0,0.0,0.0,0.0,0.6411967516800515,0.3588032483199485
C000622,3,0.027153392981895712,0.0,0.008334517737408034,0.2858438407344124,0.2966325920142858,0.0,0.04519674907876546,0.33683890745323253
C000624,1,0.0,0.0,0.0,0.0,0.0,0.0,0.0,1.0
C000626,3,0.2580806754130281,0.0,0.0,0.0,0.0,0.09184023260614248,0.4959884528691327,0.15409063911169674
C000627,2,0.0,0.0,0.0,0.00691839265304745,0.049841164731762755,0.0,0.0,0.9432404426151898
C000629,2,0.9615795926671864,0.021788615988682588,0.0,0.008043052741434357,0.0,0.0,0.0,0.00858873860269671
C000630,0,0.0,0.0,0.0,0.0,0.0,0.03487366044611487,0.37942344543187195,0.5857028941220132
C000633,0,0.0,0.5656762851337578,0.0,0.0,0.07775589540925365,0.0,0.11755757492259968,0.2390102445343889
C000636,1,0.47978895439083,0.0,0.48086409591242396,0.0,0.0,0.0,0.0,0.039346949696746014
C000638,1,0.10087262542173143,0.17297989673935563,0.0,0.0,0.0,0.7151965588947647,0.0,0.010950918944148125
C000639,1,0.0,0.0,0.006679395195296945,0.48260705702256723,0.04267288677223719,0.0,0.0,0.4680406610098986
C000640,0,0.0,0.0,0.8958317425643613,0.0,0.0,0.0,0.0,0.10416825743563873
C000641,3,0.0,0.0008064995476475167,0.0014014152610498504,0.1071240828131562,0.24986155269617408,0.0,0.6348538779787268,0.0059525717032455905
C000644,2,0.015064252848209577,0.0,0.0,0.0,0.0,0.2643151632388348,0.5122160373202346,0.20840454659272112
C000645,1,0.07227410919302077,0.3505196591882834,0.44037734161159253,0.0,0.0,0.0,0.032652435639667035,0.10417645436743628
C000647,1,0.007591230731505987,0.0,0.07736904413685751,0.63272560345683,0.0,0.0,0.05654539438324739,0.22576872729155906
C000648,0,0.0,0.32351123953718125,0.0,0.0,0.29477160859328855,0.0,0.013316842156191454,0.3684003097133387
C000649,2,0.0,0.5854569865976093,0.0,0.24600160042330768,0.0300942457659757,0.0,0.10355155377259054,0.03489561344051684
C000651,3,0.0,0.0,0.0,0.0,0.0,0.5415803946574023,0.43207998545720877,0.02633961988538891
C000652,3,0.14500989692988345,0.0,0.21170872766603765,0.046101748648715066,0.0,0.4084739741208318,0.18242161837217077,0.006284034262361349
C000657,2,0.0,0.0,0.0,0.0,0.0,0.0,0.6141860543428211,0.38581394565717886
C000660,4,0.01965300724831924,0.008049390557314844,0.19126205031922808,0.008314493934394998,0.0,0.0,0.0,0.7727210579407429
C000665,1,0.0,0.0,0.0,0.8424068160090303,0.0,0.0,0.0,0.15759318399096967
C000666,1,0.0,0.8469895534280203,0.0,0.0,0.0,0.0,0.0,0.1530104465719797
C000667,0,0.6610074817930182,0.0,0.04198914310592808,0.27479943940712764,0.0,0.0,0.0031886093880620745,0.019015326305864
C000668,4,0.0,0.0,0.0,0.0,0.6946563858086123,0.0,0.1629297084621302,0.1424139057292575
C000669,3,0.0,0.0,0.0,0.04804318724406104,0.6489394206868458,0.0,0.0,0.30301739206909306
C000670,3,0.0,0.0,0.4936542486309624,0.0,0.0,0.0,0.4829343714658484,0.0234113799031892
C000672,4,0.8815062234519787,0.0,0.0,0.0,0.0,0.0,0.07405898531994487,0.044434791228076476
C000675,2,0.0,0.0,0.0,0.0,0.0,0.0,0.3821429393322695,0.6178570606677305
C000677,4,0.0,0.0,0.0,0.0,0.0,0.0,0.0,1.0
C000678,1,0.0,0.0,0.0,0.7277473949406009,0.19498017162700948,0.0,0.0,0.07727243343238954
C000679,2,0.07922149564632407,0.0,0.0,0.3472457966044617,0.0,0.021044446438786873,0.4820620376812931,0.0704262236291342
C000680,4,0.2069371092602866,0.13759156398541958,0.0,0.05817844061457275,0.0,0.30698000179724505,0.0,0.29031288434247604
C000681,1,0.0657250567648265,0.0,0.0,0.009043462366864463,0.0,0.0,0.26973429099931356,0.6554971898689954
C000682,0,0.1790206777096114,0.20831616110877235,0.5251107738294626,0.0,0.02579227875253279,0.0,0.002617926445098528,0.05914218215452238
C000683,3,0.14701016968080768,0.2734313257135208,0.0,0.0,0.0,0.0,0.5327628685638107,0.046795636041860766
C000684,3,0.4661779276557169,0.0022292618448350185,0.0,0.5058687578455521,0.0,0.0,0.0,0.02572405265389599
C000694,4,0.12866694962546163,0.05512667987399124,0.0,0.0,0.0,0.0,0.0,0.8162063705005471
C000696,2,0.0,0.0,0.06472937554492973,0.0,0.9133166218260745,0.0,0.0,0.021954002628995717
C000699,1,0.0,0.023274699275122976,0.0,0.0,0.0,0.0,0.8773063891023059,0.09941891162257122
C000700,3,0.0,0.0,0.2001223005740533,0.0,0.6668355023281446,0.0,0.0,0.13304219709780207
C000701,3,0.04759863114992888,0.39893627527941217,0.0,0.008317410185096298,0.4267087783067875,0.0,0.0,0.11843890507877519
C000702,3,0.0,0.0,0.05199840784896104,0.0,0.0,0.0398741508232916,0.0,0.9081274413277474
C000705,4,0.0,0.08560550104475531,0.0,0.0,0.0,0.0,0.5219649917964445,0.3924295071588002
C000707,0,0.0,0.0,0.0,0.0,0.0,0.8087960031472985,0.0,0.1912039968527015
C000709,1,0.0,0.0,0.40740605897737747,0.0,0.0,0.5506811826294902,0.00681737684029738,0.03509538155283498
C000712,0,0.23816896772273333,0.13107737032055683,0.0,0.0,0.34392544742233616,0.0,0.0,0.2868282145343737
C000713,2,0.0,0.12262216314136697,0.0,0.25547224361762366,0.07260913986720713,0.33855399912650974,0.1254487009434185,0.0852937533038739
C000717,3,0.16573270648700505,0.0,0.6726698938813724,0.0,0.0,0.0,0.0,0.16159739963162245
C000721,1,0.0,0.0,0.0,0.0,0.19376788644240228,0.0,0.0,0.8062321135575977
C000725,3,0.2926068911926594,0.0,0.0,0.0,0.17725022645243688,0.5048710881698062,0.0,0.025271794185097507
C000728,1,0.0,0.3079783246143515,0.6359362615580052,0.040241739400865846,0.0,0.0,0.0,0.015843674426777477
C000732,1,0.016876851678722198,0.0,0.0847628871622993,0.0,0.0,0.0,0.0,0.8983602611589785
C000734,0,0.0,0.0,0.0,0.0,0.0,0.0,0.8846148714477106,0.11538512855228944
C000735,4,0.0,0.0,0.750669271688693,0.0,0.0,0.0,0.13154755052942887,0.11778317778187808
C000737,2,0.0965332950892832,0.0,0.2365564831738907,0.0,0.0,0.5293978331513809,0.0,0.13751238858544523
C000738,2,0.0,0.0,0.0,0.0,0.0,0.09605982252091627,0.0,0.9039401774790837
C000743,1,0.027798743942024032,0.035258424892616935,0.0,0.0,0.0,0.0,0.0,0.936942831165359
C000746,0,0.0,0.0,0.0,0.03218341955489412,0.0,0.0,0.01582368801315659,0.9519928924319493
C000747,1,0.0,0.0,0.5303117016575837,0.0,0.0,0.0,0.3059469670362871,0.16374133130612922
C000749,0,0.2889234637538541,0.10632992811491408,0.45235732074982254,0.0,0.0,0.0,0.0,0.15238928738140922
C000750,2,0.0,0.0,0.02131906826624375,0.0,0.0,0.0,0.0,0.9786809317337563
C000756,1,0.0,0.0,0.0,0.0,0.8709814302070764,0.0,0.0,0.1290185697929236
C000758,0,0.0,0.0,0.0,0.0,0.09871084496730016,0.008813121626766998,0.0,0.8924760334059328
C000761,1,0.535203867972809,0.0,0.0,0.28578476236339034,0.0,0.0,0.0,0.1790113696638006
C000763,0,0.48692009899384364,0.0,0.0,0.0,0.0,0.0,0.3626269248868117,0.15045297611934472
C000764,0,0.0,0.0,0.6553682498191948,0.0,0.06105563228659703,0.04871357355927817,0.014836174580951787,0.22002636975397816
C000766,3,0.0,0.0,0.0,0.0,0.0,0.0,0.14763452624495166,0.8523654737550483
C000769,3,0.0,0.0,0.02171375066029229,0.15398549177183402,0.0,0.0,0.0,0.8243007575678737
C000771,3,0.0,0.0,0.0,0.0,0.0,0.0,0.872419155190627,0.12758084480937304
C000772,0,0.0,0.0,0.6204707945360617,0.14145473770349598,0.0,0.0,0.16849304541207885,0.0695814223483634
C000775,3,0.0,0.0,0.0,0.0,0.0,0.0,0.0,1.0
C000776,1,0.0,0.00301705700039587,0.0,0.6805028682682448,0.0,0.0,0.13430365848730086,0.18217641624405845
C000778,0,0.36161022489310196,0.019951029394666343,0.0,0.0,0.0,0.3112795962053942,0.0,0.30715914950683754
C000781,1,0.0,0.002685169438053825,0.3057919031232671,0.6666666660660188,0.0,0.010166404103858566,0.0,0.014689857268801787
C000783,1,0.0,0.0,0.0,0.0,0.0,0.0,0.0,1.0
C000787,1,0.0,0.07947607986381981,0.0,0.0,0.8197583478819677,0.0,0.0,0.10076557225421257
C000792,3,0.0,0.47440224691737887,0.0,0.03816556734843615,0.0,0.14598154155328794,0.0,0.3414506441808971
C000793,4,0.0,0.05873294785244562,0.0,0.09088742451676805,0.0,0.0,0.6964296607142323,0.15394996691655405
C000794,4,0.0,0.29589294537545724,0.0,0.03572031770500172,0.5436850800642283,0.0,0.010264264564558076,0.11443739229075467
C000799,0,0.0,0.0,0.0,0.0,0.0,0.0,0.07486708569186151,0.9251329143081385
C000800,4,0.02604449180967281,0.0,0.0,0.0,0.6046581579196609,0.2336644315305378,0.0,0.1356329187401284
C000805,3,0.004686261619717691,0.8549104717713493,0.0,0.0,0.11665896447213722,0.0,0.0027880814522971255,0.02095622068449865
C000807,2,0.06408483932629051,0.0,0.0,0.0,0.57977950090693,0.0,0.0,0.3561356597667795
C000808,2,0.0,0.0,0.0014938902130388243,0.0,0.020620652077927345,0.5340175336393435,0.14435267809845168,0.2995152459712387
C000815,3,0.0,0.0,0.0,0.0,0.0,0.23553762684840107,0.0,0.7644623731515989
C000819,3,0.4652813186491974,0.0,0.4558728120396964,0.0,0.0,0.0,0.0,0.07884586931110626
C000821,1,0.0,0.0,0.1983912342941511,0.7719665405515447,0.0,0.0,0.008448055930492485,0.021194169223811787
C000822,2,0.0891132968720654,0.0,0.0,0.01966658720133338,0.0,0.0,0.0,0.8912201159266012
C000823,2,0.28887456627228014,0.35756063398507854,0.0,0.0,0.0,0.017383967507398485,0.2683330598526552,0.06784777238258766
C000826,0,0.12785178075996795,0.08699512557673102,0.15779514167419673,0.0,0.0,0.5300099477396389,0.0,0.09734800424946544
C000827,3,0.0,0.0,0.17878037933009772,0.0,0.0,0.0,0.0,0.8212196206699023
C000829,3,0.0,0.0,0.0,0.0,0.0,0.0,0.0,1.0
C000831,4,0.0,0.009333412127720351,0.6140384483063603,0.018421868661539567,0.0,0.31338769053208215,0.011165793069650726,0.03365278730264687
C000832,4,0.22781724879814183,0.0,0.0659545925201567,0.0,0.0,0.0,0.37615666308563045,0.3300714955960711
C000835,0,0.4763310047568648,0.0,0.0,0.13050196957844606,0.032925547390556004,0.14635678761149762,0.1457246564874828,0.0681600341751527
C000836,0,0.20269174105175194,0.08620715398351782,0.0,0.0,0.0,0.0,0.6962253532475434,0.014875751717186803
C000837,4,0.0,0.0,0.3611533362315737,0.0,0.1940468526624414,0.3751426963489468,0.02311580742658434,0.046541307330453696
C000840,4,0.0,0.0,0.0,0.0,0.9324566776192543,0.0,0.0,0.06754332238074567
C000841,2,0.5718220366755221,0.1939054602805485,0.0,0.01506607024172773,0.0,0.026098059018493398,0.0,0.19310837378370838
C000842,4,0.0,0.0,0.0,0.4240276582118888,0.05862757349091769,0.28144607991672865,0.0,0.2358986883804648
C000843,2,0.0,0.0,0.0,0.0,0.2628584045810427,0.0,0.0,0.7371415954189573
C000844,4,0.119563455067541,0.06254737007263367,0.0,0.6278524274026394,0.15701903984750987,0.0,0.0,0.03301770760967615
C000850,1,0.0,0.0,0.0,0.7994504974154131,0.0,0.0,0.0,0.20054950258458693
C000851,4,0.0,0.15736555143972772,0.0,0.0,0.11383073206714533,0.7044330211378357,0.0,0.02437069535529124
C000854,0,0.0,0.12773877054443236,0.23220696753411615,0.0,0.0,0.49475889387768346,0.06347959814556875,0.08181576989819939
C000856,1,0.05700069424629969,0.023367547489322935,0.0,0.0,0.0,0.25609841017647095,0.0,0.6635333480879064
C000857,2,0.19461579036693674,0.178446604561975,0.0,0.0,0.0,0.0,0.5048545327638793,0.12208307230720905
C000858,3,0.16062910982124393,0.0,0.0,0.8050854143912766,0.0,0.0,0.0,0.034285475787479536
C000859,3,0.0,0.0,0.523957932525558,0.4325371494452842,0.0,0.0,0.0,0.04350491802915779
C000862,2,0.0,0.0,0.0,0.3679317663205816,0.0,0.48343881800303085,0.0,0.14862941567638754
C000865,2,0.0,0.0,0.02725999305202635,0.0,0.2242408969111975,0.0,0.0,0.7484991100367762
C000868,2,0.0,0.0,0.0,0.021272382932749433,0.0,0.10594917153985342,0.0,0.8727784455273971
C000873,4,0.0835648294329584,0.0,0.0,0.0,0.0,0.0,0.6964775383620537,0.21995763220498787
C000874,2,0.0674262564114158,0.2323662875802877,0.21979131725165646,0.29336561533826705,0.03950938399822644,0.0,0.03777550653592581,0.10976563288422081
C000877,1,0.015610348457338313,0.0024897621871493377,0.0,0.0,0.04228984753869138,0.8219083172055469,0.02051011208826737,0.09719161252300668
C000878,1,0.06707455643260647,0.0,0.0,0.001971179063982105,0.0,0.7481071628374694,0.1735346618913936,0.009312439774548542
C000880,1,0.0,0.0,0.0,0.0,0.0,0.04311428378582094,0.9145591570947477,0.042326559119431395
C000883,3,0.0,0.19122769960672498,0.0,0.0,0.0,0.1823519205444018,0.4627492092788535,0.16367117057001979
C000885,0,0.16408884536491164,0.0,0.0,0.23903007610623228,0.19151891704609905,0.36560568006274463,0.0,0.039756481420012424
C000886,0,0.0,0.1569282742473772,0.0,0.0,0.0,0.025387052564753303,0.7830440328897008,0.03464064029816871
C000887,3,0.5966395274383504,0.0,0.39077404523560105,0.0,0.0,0.0,0.0,0.012586427326048533
C000889,0,0.0,0.0,0.04043001661711339,0.0,0.6965317999217975,0.0,0.0,0.2630381834610891
C000891,2,0.031395527161031736,0.16619410753472907,0.4986149113059593,0.04976819686870481,0.0,0.16546187297227594,0.0,0.08856538415729909
C000892,4,0.0,0.0,0.8611931734689625,0.054384305545495414,0.0,0.0,0.0,0.08442252098554204
C000894,3,0.0,0.25263601619604936,0.0,0.05000316986584986,0.0,0.0,0.6502808793022363,0.04707993463586446
C000895,3,0.7668496123402736,0.0,0.03663933139876068,0.0,0.0,0.0,0.04408560635029079,0.15242544991067497
C000901,3,0.0,0.0,0.0,0.0,0.0,0.13587178491025412,0.24992956685212597,0.6141986482376199
C000903,2,0.0,0.0,0.557025504883769,0.0,0.0,0.298043764444395,0.0,0.14493073067183593
C000904,0,0.07100883831081134,0.0,0.0,0.0,0.0,0.6571775572466092,0.011831085830755667,0.25998251861182375
C000905,2,0.0,0.0,0.07407574470827605,0.0,0.0,0.0,0.0,0.925924255291724
C000907,2,0.09097608986028068,0.0,0.1602698864736738,0.28825440475157516,0.0,0.3304507912567451,0.0,0.13004882765772519
C000911,0,0.2946566197697305,0.2625124373091258,0.0,0.0,0.06106996708967834,0.0,0.0,0.3817609758314653
C000912,1,0.0,0.05719508423706192,0.08956158828523841,0.0,0.0,0.24073627187154215,0.0,0.6125070556061575
C000914,1,0.0,0.0,0.9522383344750804,0.0,0.0,0.0,0.0,0.04776166552491956
C000916,4,0.24510620935194305,0.0,0.0,0.6848781684416312,0.0,0.0,0.0,0.07001562220642576
C000917,3,0.48302745167205996,0.0,0.0,0.022387524812917895,0.0,0.3171495260732407,0.0,0.17743549744178133
C000920,0,0.0,0.0,0.0,0.0,0.03194211574133284,0.3858965489922904,0.23972442043721248,0.3424369148291643
C000921,0,0.0,0.0,0.0,0.0,0.059965738360278235,0.0,0.6067533421543181,0.3332809194854037
C000922,2,0.14010984589573997,0.04286430873195246,0.0,0.0,0.0,0.0,0.1414886745556413,0.6755371708166663
C000923,1,0.0,0.0,0.0,0.46065768058613005,0.0,0.0,0.4841747900939634,0.05516752931990654
C000926,1,0.061035813883528266,0.7849167020672787,0.1148726756396024,0.0,0.0,0.0,0.0,0.039174808409590645
C000927,2,0.32768358120390995,0.0,0.5522471651830955,0.03456564066534498,0.0,0.0,0.0,0.08550361294764963
C000930,3,0.09578494237773834,0.0,0.0,0.0,0.0,0.3774048848583792,0.0,0.5268101727638825
C000931,2,0.0,0.03746783516385255,0.0,0.0,0.0,0.0,0.0,0.9625321648361475
C000932,2,0.0,0.09576737270949724,0.0,0.0,0.5258629847985511,0.0,0.17654940291704938,0.20182023957490236
C000933,0,0.0,0.9852313539757683,0.0,0.0,0.0,0.005700220555781372,0.0,0.009068425468450325
C000936,4,0.1439059930205733,0.06154760778913726,0.21518105106612095,0.0,0.3958291382049889,0.11321909430132725,0.0,0.07031711561785237
C000938,1,0.17724813608637924,0.33717146278453136,0.0,0.14944071033038808,0.010443409854398867,0.0,0.08363495562134346,0.242061325322959
C000942,1,0.0,0.09551552744777303,0.0,0.11347081612418673,0.0,0.4673816181520418,0.19978540616624335,0.1238466321097551
C000948,2,0.09932527530649206,0.0,0.03361289833729807,0.2619911576022048,0.0,0.0,0.0,0.6050706687540051
C000949,0,0.038840235866668724,0.0,0.0,0.015888156699987978,0.0,0.0,0.8523001716162849,0.09297143581705836
C000950,3,0.0,0.0,0.0,0.0,0.0,0.0319638698179758,0.030106894510223116,0.9379292356718011
C000951,0,0.32969715846818615,0.0,0.0,0.0,0.6154687921862859,0.0,0.0,0.054834049345527935
C000954,4,0.0,0.5828155976841305,0.0,0.14870868969965176,0.02778677810140961,0.21294607716956848,0.0,0.027742857345239624
C000956,0,0.0,0.0,0.0,0.0,0.0,0.17069203920930762,0.7411816255826317,0.08812633520806068
C000957,2,0.02938257789626019,0.6657240031881779,0.0,0.020110686289381657,0.2594318885274084,0.0,0.0,0.025350844098771863
C000958,1,0.0,0.0,0.0,0.0,0.0,0.8370766529770923,0.0,0.16292334702290767
C000959,4,0.0,0.0,0.0,0.0,0.0,0.0,0.4328302342529454,0.5671697657470546
C000964,4,0.0,0.20052983083481685,0.0,0.0,0.0,0.14430346040015235,0.5981231812734117,0.05704352749161912
C000965,0,0.0,0.0,0.3732330062589584,0.0,0.3334092657100788,0.0,0.0,0.2933577280309628
C000966,1,0.0,0.18377831901910507,0.0,0.039835698599980394,0.0,0.0,0.523039424458461,0.25334655792245353
C000967,4,0.0,0.8402190185659488,0.0,0.0,0.0,0.0,0.0,0.15978098143405117
C000968,4,0.0,0.0,0.411180981673995,0.0,0.0,0.0,0.5531697597892147,0.03564925853679024
C000971,3,0.0,0.11896898072463277,0.0,0.0,0.5774640467705713,0.0,0.21695370553388374,0.0866132669709122
C000972,1,0.0,0.0,0.0334920293228689,0.0,0.6513599825023215,0.0,0.15626333029373174,0.15888465788107786
C000974,0,0.49300295932783067,0.2801531402599132,0.09940141221447434,0.0,0.0,0.0,0.0,0.1274424881977818
C000975,4,0.04904714879834115,0.0,0.0,0.0,0.9146810538411296,0.0,0.0,0.03627179736052921
C000977,0,0.0,0.0,0.0,0.0,0.0,0.0,0.9465699954035078,0.053430004596492164
C000980,3,0.0,0.0,0.9514933638249332,0.0,0.0,0.01896395771686728,0.0,0.029542678458199467
C000981,0,0.0,0.0,0.05595952316797107,0.0,0.020796838515953292,0.021241040699751683,0.0,0.902002597616324
C000983,1,0.10662431217419781,0.0,0.035505490730291744,0.0,0.7367765994483585,0.0,0.0,0.12109359764715188
C000985,0,0.0,0.04787063423755828,0.0,0.5020492881522151,0.0,0.0,0.0,0.4500800776102266
C000988,2,0.0,0.0,0.0,0.0,0.4402905730117394,0.0,0.2248013651716135,0.3349080618166471
C000990,0,0.039072172363911424,0.0,0.121918056823774,0.5971492642331415,0.0,0.13663298646121874,0.0,0.10522752011795422
C000993,4,0.0,0.48113355653479023,0.0,0.0,0.4078694584177722,0.0030717634797628977,0.09630002193740912,0.011625199630265426
C000994,4,0.0,0.0,0.0,0.6264259137638818,0.0,0.0,0.09924980861635366,0.2743242776197645
C000996,1,0.019799496102427584,0.08532031845821204,0.0,0.0,0.0,0.8581058402943887,0.0,0.036774345144971576
C000997,3,0.0,0.9365783678740457,0.0,0.0,0.0,0.0,0.0,0.06342163212595431
C000998,4,0.0,0.5478734829539464,0.0,0.0,0.0,0.0,0.0,0.45212651704605356
C000999,0,0.0,0.01280221422116227,0.0,0.0,0.21342756799551227,0.015807391083639183,0.021822224854835863,0.7361406018448504
C001000,3,0.0,0.0,0.03547539587229568,0.0,0.0,0.0,0.5468031339722349,0.41772147015546945
C001002,3,0.005177567225276535,0.0,0.0,0.014462800757303043,0.87151266575007,0.0,0.0,0.10884696626735035
C001004,0,0.0,0.0,0.0,0.46805041986372703,0.0,0.16351721225118943,0.0,0.3684323678850836
C001006,4,0.8392225609019316,0.0,0.0,0.0,0.0,0.0,0.0,0.1607774390980684
C001008,4,0.0,0.6979981869096942,0.0,0.0,0.0,0.0,0.03482319038527097,0.2671786227050349
C001013,0,0.0,0.0,0.0,0.0,0.0,0.006744316518012772,0.0,0.9932556834819872
C001018,2,0.0,0.0,0.0,0.0,0.0,0.02720073203754536,0.0,0.9727992679624546
C001020,3,0.0,0.0,0.0,0.0,0.0,0.5778149812653088,0.27140656981683214,0.15077844891785896
C001021,3,0.00936682577497458,0.04735780616143851,0.0,0.0,0.0,0.0,0.0,0.9432753680635869
C001022,4,0.0,0.2550633354649305,0.0,0.0,0.0,0.03442148036003541,0.08687264056854144,0.6236425436064927
C001024,2,0.0,0.0,0.03340037609564747,0.548786267877455,0.0,0.0,0.2493230525632052,0.16849030346369231
C001027,0,0.0,0.2564590087828071,0.0,0.5214151361821642,0.13507460932651053,0.0,0.0,0.08705124570851819
C001028,1,0.0,0.1425128934215458,0.0,0.0,0.0,0.43623047990885117,0.38424125113799407,0.03701537553160894
C001029,0,0.0,0.32646294346791793,0.0,0.0,0.0,0.39190885287170957,0.11629846766904416,0.16532973599132839
C001030,4,0.0,0.0,0.0,0.0,0.3396001435341996,0.0,0.11823866207628729,0.542161194389513
C001033,2,0.02745697219894567,0.0,0.0,0.0,0.0,0.0,0.5850452501358095,0.38749777766524474
C001035,1,0.0,0.0,0.40786324080882563,0.0,0.0,0.44888215168992884,0.0,0.14325460750124552
C001037,2,0.0,0.08619214389151997,0.0,0.03197371427885717,0.03607570406795338,0.0,0.0,0.8457584377616695
C001038,2,0.0,0.0,0.0,0.08340271964633199,0.4350801585348843,0.0,0.09161906882474685,0.3898980529940368
C001040,4,0.0,0.09757914129890717,0.17424256221708564,0.019069243449800724,0.0,0.6385505910578999,0.0,0.07055846197630655
C001043,4,0.7406808682408509,0.0,0.0,0.10495479835127193,0.04412150381368805,0.08908253805608717,0.0,0.02116029153810195
C001046,2,0.0,0.8915694064742549,0.0,0.0,0.0022970638907560135,0.0,0.0995223835278941,0.006611146107095012
C001050,3,0.0,0.22199586469529742,0.030685424599124305,0.0,0.3525467995642042,0.0318807597947576,0.0,0.36289115134661654
C001051,1,0.0,0.0,0.0,0.03620441599456054,0.519339546851382,0.05982616153756568,0.06307323206310698,0.32155664355338476
C001055,2,0.0,0.0,0.0,0.0,0.0,0.0,0.0,1.0
C001056,1,0.0,0.0,0.3384630587138583,0.21223393441099223,0.3943723243924767,0.012637977862414196,0.0,0.04229270462025858
C001060,1,0.0,0.0,0.4392610508775431,0.0,0.0,0.0,0.0,0.5607389491224569
C001061,4,0.0950029421952189,0.0,0.0,0.0,0.03736161330110607,0.0,0.1290681011486149,0.7385673433550601
C001062,0,0.0,0.0,0.0,0.0,0.33113360282753257,0.027579812819122067,0.08077283511936609,0.5605137492339792
C001063,4,0.8251871863621841,0.0,0.0,0.0,0.03143346712309873,0.0,0.0,0.14337934651471718
C001064,4,0.0,0.0,0.15408951737103307,0.0,0.0,0.8363691059965487,0.0,0.009541376632418275
C001066,0,0.0,0.0,0.0,0.0,0.7821264124909133,0.0,0.0,0.2178735875090867
C001067,2,0.0,0.010437161951237643,0.0,0.009120908432814021,0.0,0.0,0.0,0.9804419296159483
C001068,2,0.015934655154223883,0.0,0.9551241273313852,0.0,0.0,0.0,0.0,0.028941217514390938
C001072,0,0.4000894103078343,0.4526503388143238,0.0,0.0,0.0,0.0,0.0,0.1472602508778419
C001074,0,0.0,0.0,0.0,0.0,0.0,0.22311705675779908,0.7119749944183593,0.06490794882384154
C001075,0,0.0,0.006535452404789115,0.0353989996176081,0.0,0.0,0.0,0.0,0.9580655479776028
C001077,1,0.009344415230164228,0.2396449565302369,0.0,0.0,0.0,0.0,0.5953287436569284,0.1556818845826704
C001080,2,0.29571323758408763,0.0,0.0,0.0,0.31924954988459125,0.0,0.0,0.38503721253132106
C001084,4,0.0,0.0,0.13853808387410851,0.0,0.0,0.7530099301513707,0.08122413400173495,0.027227851972785766
C001086,0,0.18419696268950528,0.00917263975663691,0.027475932361368856,0.0,0.0,0.013724541501854839,0.012235648086452841,0.7531942756041813
C001088,1,0.19535042727002377,0.1464113175710729,0.0,0.0,0.0,0.0,0.6308251669821882,0.027413088176715172
C001090,4,0.04454216269376192,0.0,0.0,0.0,0.0,0.0,0.08344651358972295,0.8720113237165151
C001092,2,0.0,0.0,0.5786111443737963,0.36121687804275937,0.0,0.0,0.0,0.06017197758344428
C001093,3,0.0,0.0,0.8319780372342434,0.0,0.0,0.0,0.0,0.16802196276575665
C001095,2,0.0,0.773667169461467,0.0,0.0,0.0,0.0,0.0,0.22633283053853304
C001096,1,0.0,0.0,0.0,0.30573145657686235,0.0,0.47450929670091263,0.0,0.21975924672222502
C001098,3,0.26161836856275683,0.0,0.6884952631269465,0.0,0.0,0.0,0.0,0.04988636831029658
C001100,1,0.0,0.0,0.0,0.0,0.0,0.0,0.8766467775663173,0.12335322243368274
C001102,1,0.5178104122911731,0.0,0.0,0.0,0.0,0.0,0.07783170098059808,0.4043578867282288
C001106,4,0.02241738694398157,0.0,0.7264369506253316,0.16367486141399734,0.06147814758235196,0.0,0.0,0.025992653434337543
C001108,4,0.0,0.813469920311126,0.0,0.0,0.030797981911653227,0.0,0.0,0.15573209777722075
C001109,0,0.0,0.09403131161156393,0.0,0.0,0.6885223617804093,0.0,0.0,0.21744632660802676
C001110,0,0.22471169687327178,0.15359263167645323,0.0,0.0,0.0,0.0,0.0,0.621695671450275
C001112,1,0.0,0.17137037183291445,0.0,0.37367289864424974,0.0053516735758210475,0.22784662318606824,0.0,0.22175843276094653
C001113,4,0.0,0.0,0.0,0.0,0.8055301084948278,0.0,0.0,0.19446989150517224
C001115,0,0.0,0.0,0.058911734663118484,0.0,0.0,0.0,0.6872318845288253,0.25385638080805617
C001119,4,0.0,0.0,0.0,0.10571448185905903,0.2060087991072469,0.0,0.0,0.688276719033694
C001120,4,0.0,0.26588262487129705,0.0,0.0,0.0,0.5840967282061015,0.0,0.15002064692260153
C001121,4,0.0,0.08759719152122888,0.20056469400823834,0.12636476262103533,0.0,0.5685853975426636,0.0,0.016887954306833874
C001122,4,0.0,0.0,0.0,0.0,0.0,0.0,0.2924789373190445,0.7075210626809555
C001123,4,0.08213074716494846,0.21104237586571387,0.0,0.503727521760119,0.0,0.0,0.022384349495033446,0.1807150057141852
C001129,0,0.0,0.0,0.09844146825718499,0.0,0.15283851809385493,0.03844189206822452,0.6754195473007154,0.03485857428002015
C001130,3,0.0,0.0,0.0018728963616849994,0.0,0.0,0.0,0.9782633596428716,0.01986374399544344
C001132,4,0.0,0.0,0.0,0.0,0.2648030214251698,0.6606921909892689,0.0,0.07450478758556134
C001134,3,0.2544996657999945,0.0,0.5863872105489595,0.0,0.0,0.0,0.12560404605217554,0.03350907759887045
C001135,2,0.0,0.0,0.0,0.019582103993345975,0.04206696420205997,0.0,0.0,0.9383509318045941
C001136,2,0.0,0.0,0.44944762216239004,0.0,0.05524287561781684,0.47366878033248155,0.0,0.021640721887311587
C001138,3,0.0,0.0,0.0,0.5561614196367514,0.3979883104504996,0.0,0.0,0.04585026991274899
C001139,1,0.0,0.0,0.0,0.0,0.0,0.0,0.0,1.0
C001140,1,0.5666743806129145,0.1941305353453428,0.0,0.0,0.0,0.0,0.18237223677043696,0.05682284727130571
C001141,3,0.0,0.0,0.0,0.0,0.0,0.9269699755429107,0.0,0.07303002445708928
C001143,3,0.10491756430014251,0.37557107646430593,0.0,0.02268351447713204,0.0,0.4574486527958393,0.0,0.03937919196258033
C001147,2,0.0,0.0,0.9094784608829619,0.0,0.0,0.0,0.0,0.09052153911703809
C001148,0,0.06889905145856837,0.0,0.0,0.0,0.31183867421205813,0.0,0.0,0.6192622743293735
C001149,4,0.0,0.39595662441936513,0.0,0.4550350410400785,0.0,0.0,0.0,0.1490083345405564
C001151,1,0.13571509806574963,0.0,0.0,0.0,0.04485688270963629,0.0,0.0,0.8194280192246141
C001152,0,0.0,0.0,0.0,0.0,0.0,0.6316060688078803,0.24404115229213985,0.12435277889997987
C001153,0,0.0,0.0,0.21587886994292643,0.0,0.07526234170502868,0.1713934544728345,0.0,0.5374653338792104
C001154,1,0.0,0.0,0.5521065938735806,0.0,0.3165051875597237,0.0,0.0,0.1313882185666957
C001156,4,0.0,0.0,0.0,0.0,0.0,0.0,0.04510879747876684,0.9548912025212332
C001157,2,0.050652807475312825,0.0,0.0,0.0,0.0,0.0,0.028241380545197134,0.92110581197949
C001160,0,0.017292236749430822,0.0,0.0,0.0,0.5595035901968038,0.0,0.30346538410688256,0.11973878894688283
C001164,3,0.0,0.0,0.7786172827256431,0.004346795956334654,0.20849639217917162,0.0,0.006420826549732292,0.002118702589118282
C001165,1,0.8911296154285773,0.0,0.0,0.0,0.0,0.0,0.0,0.10887038457142273
C001168,0,0.0,0.04019395810231349,0.0,0.0,0.0,0.03703941004023367,0.753373862177243,0.16939276968020978
C001170,3,0.2612152112739318,0.0,0.0,0.0,0.0,0.6509315181815102,0.0,0.08785327054455805
C001171,2,0.09186767070823429,0.0,0.5988273959406543,0.0,0.08192131968610286,0.0,0.0,0.2273836136650086
C001172,2,0.5509640709973469,0.13637159088758333,0.0,0.0,0.13019006042520295,0.0,0.0,0.1824742776898668
C001173,0,0.7607983832772829,0.2228288998250848,0.0,0.0,0.0,0.0,0.0,0.01637271689763231
C001174,0,0.23244621565712748,0.6589486410425285,0.0,0.0901382898010533,0.0,0.0,0.0,0.01846685349929078
C001175,3,0.08744764137832525,0.3136801854888297,0.0,0.0,0.0,0.03472057257399932,0.0,0.5641516005588457
C001176,0,0.8991715223549384,0.0,0.014782364712813344,0.0,0.05543390564798919,0.0,0.010420827943219541,0.02019137934103954
C001181,3,0.0031190122510218643,0.0,0.2581115008341893,0.7074552380918221,0.0,0.0,0.0,0.03131424882296674
C001182,0,0.0,0.0,0.0,0.13355741414750222,0.0,0.83157985137164,0.0,0.03486273448085775
C001183,2,0.0,0.0,0.04065382453257758,0.0,0.3156045227570105,0.18892521710916285,0.0,0.45481643560124907
C001184,0,0.0,0.975210591681301,0.0,0.0,0.0,0.0,0.0,0.024789408318699024
C001185,0,0.0,0.0,0.0,0.0,0.510939576753834,0.4607529913380447,0.0,0.02830743190812135
C001188,0,0.0,0.0,0.0,0.0,0.0,0.24232923298614661,0.0,0.7576707670138534
C001191,0,0.0,0.0,0.0,0.0,0.43935098318861304,0.42820633283042214,0.0,0.13244268398096481
C001192,4,0.04723961684218628,0.0,0.0,0.0,0.40162694796593224,0.13988773532808343,0.0,0.4112456998637981
C001194,4,0.0,0.0,0.0,0.10133865366452648,0.09517673985072672,0.12400779273144193,0.0,0.6794768137533049
C001202,3,0.0,0.0,0.0,0.7997476703758502,0.0,0.0,0.0,0.20025232962414985
C001203,0,0.027027419392300238,0.0,0.0,0.08209461821288945,0.18127686913031685,0.4379007986263501,0.21360464475800234,0.05809564988014104
C001204,2,0.0,0.0,0.6346893444948754,0.0,0.05356882300158106,0.03403261717498128,0.052942983690708954,0.22476623163785336
C001207,4,0.0,0.0,0.0,0.0,0.0,0.0,0.0,1.0
C001209,4,0.0,0.0,0.07312891761160975,0.0,0.45488056440593827,0.05414288144296246,0.35273651456330263,0.06511112197618685
C001210,0,0.07091924793438313,0.0,0.0,0.11591505043471348,0.0,0.0,0.3997048747883799,0.4134608268425235
C001211,0,0.7029776437016325,0.0,0.0,0.054104977235100514,0.039772442425486915,0.0,0.0,0.20314493663778
C001214,2,0.0,0.325513054569646,0.46367627098332204,0.0,0.15953240371950658,0.0,0.0,0.05127827072752533
C001216,0,0.0,0.11590430281946829,0.0,0.0,0.0,0.28750528000366526,0.46927063596657437,0.12731978121029208
C001220,2,0.4713078520248177,0.29412413347722566,0.0,0.0,0.0,0.0,0.0,0.23456801449795672
C001221,4,0.0,0.0,0.0,0.4762732361428388,0.0,0.0,0.0,0.5237267638571612
C001222,2,0.011618498356133563,0.0,0.3194717610617686,0.0,0.0,0.6671929563492784,0.0004303789859034544,0.0012864052469159226
C001223,3,0.0,0.4346372370973305,0.0,0.027410063649849308,0.0,0.0,0.1381723641928704,0.3997803350599498
C001224,0,0.03018611372497013,0.06633092061882781,0.3111279532745923,0.11896356980490565,0.0,0.0,0.0,0.47339144257670407
C001225,2,0.0,0.3896226056029767,0.1711466782961094,0.0,0.0,0.15466646692656721,0.0,0.28456424917434675
C001229,4,0.0,0.11684845466919604,0.1137299232957947,0.0,0.7596435219523713,0.0,0.0,0.00977810008263802
C001230,3,0.06866622371477438,0.04446182071256331,0.0387873972683518,0.0,0.0,0.0,0.0,0.8480845583043105
C001232,4,0.017638706274061312,0.34803837984128183,0.0,0.0,0.1575133212520957,0.007453355663964123,0.0,0.4693562369685971
C001234,1,0.0,0.0,0.0,0.0,0.0,0.0,0.0,1.0
C001237,0,0.0,0.8605172218609479,0.0,0.0,0.0,0.0,0.0,0.13948277813905208
C001238,0,0.030972177044404976,0.0,0.0,0.10806528867775696,0.5257056393007039,0.0,0.0,0.3352568949771342
C001239,1,0.44296462831766925,0.0,0.0,0.0,0.0,0.0,0.4836843432113927,0.073351028470938
C001241,1,0.0,0.0,0.0,0.0,0.0,0.8462352189944644,0.0,0.1537647810055356
C001243,1,0.0,0.0,0.0,0.0,0.0,0.7811917180347934,0.0,0.21880828196520663
C001244,1,0.0,0.16615062006493228,0.02128051969066522,0.0,0.0,0.18496206139421345,0.5116664338076871,0.11594036504250194
C001248,4,0.0,0.0,0.0,0.027464780860129823,0.0,0.022233353768746023,0.0,0.9503018653711242
C001249,0,0.025269926823655392,0.0,0.26089107062006467,0.0,0.6120507508875287,0.06735986624119927,0.0,0.034428385427552
C001252,1,0.3784323029874852,0.0,0.0,0.4448347890961002,0.0,0.0,0.0,0.1767329079164146
C001254,1,0.0,0.0,0.0,0.7386647613390203,0.0,0.0,0.0,0.26133523866097974
C001255,0,0.18586594820373578,0.07706424926364998,0.0,0.0,0.6903257401462728,0.0,0.0,0.046744062386341434
C001256,1,0.3908520144575402,0.0,0.06759540283626958,0.0,0.0,0.0,0.24495971854123572,0.29659286416495445
C001258,0,0.0,0.6005414367804659,0.0,0.12239363899136477,0.0,0.0,0.0,0.2770649242281693
C001260,2,0.0,0.0,0.0,0.0,0.0,0.5264038317249073,0.08301076566376223,0.39058540261133046
C001265,4,0.0,0.5308057716081719,0.0,0.1656208065325863,0.025466090534309118,0.09359581032010345,0.021992983452039528,0.16251853755278978
C001266,1,0.8162341312733924,0.0,0.023214466973339704,0.005332743049117717,0.0,0.0,0.0,0.1552186587041502
C001267,2,0.0,0.14566606377169156,0.0,0.0,0.023942613041147184,0.0,0.3177413303247661,0.5126499928623951
C001268,3,0.016359354332003116,0.0,0.03854238031505713,0.5849805661603797,0.0,0.19291827977524295,0.0,0.16719941941731697
C001269,3,0.0,0.0,0.0,0.28311895144496746,0.0,0.0,0.0,0.7168810485550325
C001271,2,0.0,0.0,0.0,0.0,0.7025665694113562,0.0,0.0,0.2974334305886438
C001272,1,0.043848375737110354,0.0,0.0,0.0,0.0,0.0,0.050303798289780786,0.9058478259731089
C001275,3,0.0,0.0,0.0,0.0,0.0,0.0440244736551663,0.45945674115392987,0.49651878519090387
C001276,2,0.0,0.0,0.0,0.07456593431985618,0.0,0.6898029909355685,0.0,0.23563107474457534
C001279,4,0.6623954893931627,0.044421356607962495,0.0,0.04570589947739368,0.0,0.0,0.20561484076512976,0.04186241375635125
C001280,0,0.0,0.309703992169594,0.0,0.0,0.0,0.0,0.3241368137504363,0.3661591940799698
C001283,4,0.0,0.12146633837595765,0.054656499541809074,0.0,0.0,0.0,0.0,0.8238771620822333
C001284,4,0.0,0.0,0.0,0.0,0.0,0.0,0.0,1.0
C001288,3,0.13540464234935773,0.3368369011673273,0.10572938573879051,0.0,0.0,0.3203909391029333,0.0,0.10163813164159108
C001289,4,0.0,0.0,0.0,0.0,0.0,0.0,0.0,1.0
C001290,3,0.0,0.0,0.5195471914611994,0.0,0.0,0.027937499139079402,0.0,0.4525153093997212
C001291,3,0.4213818627123593,0.037505828746179,0.0,0.3991971710517629,0.0,0.0,0.0,0.14191513748969886
C001292,0,0.0,0.0,0.0,0.0,0.0,0.0,0.8916393063223034,0.10836069367769663
C001293,3,0.2038533021688502,0.0880797804920903,0.0,0.0,0.0,0.0,0.573375177485211,0.13469173985384852
C001294,2,0.1960283308906724,0.5791573302241749,0.0,0.0,0.0,0.0,0.0,0.22481433888515268
C001299,0,0.0,0.0,0.6685928188722113,0.2114936424446188,0.0,0.0,0.0,0.1199135386831699
C001301,2,0.04601382771856342,0.010205136582515411,0.0,0.3379331504931697,0.0,0.0,0.3854929074976324,0.22035497770811907
C001306,2,0.0,0.0,0.9343104910715192,0.0,0.0,0.0,0.0,0.0656895089284808
C001307,1,0.0,0.0,0.05082824863002397,0.34585023260265885,0.23064210018524062,0.07272807798638227,0.1295678877460787,0.17038345284961554
C001308,4,0.0,0.0,0.0,0.0,0.0,0.06146703007643062,0.0,0.9385329699235694
C001310,4,0.12392209161282255,0.0,0.0508107649467309,0.2603029913207934,0.5351103310531238,0.0,0.0,0.02985382106652934
C001312,0,0.6841849708956993,0.0,0.0,0.1439944673677827,0.13292668781575712,0.0,0.0,0.038893873920760935
C001316,4,0.037995820666699154,0.03605001221399156,0.01885104462289597,0.0,0.0,0.0,0.627048356334546,0.2800547661618673
C001317,1,0.11183787765851533,0.0,0.0,0.05241905395361973,0.126016012746033,0.0,0.0,0.7097270556418319
C001318,0,0.0,0.0,0.0,0.0,0.0,0.0,0.0,1.0
C001320,2,0.47897678716178393,0.0,0.0,0.0367974235439855,0.0,0.0,0.0,0.48422578929423055
C001321,2,0.8072137231860246,0.0,0.0,0.15247866107942887,0.0,0.0,0.0,0.040307615734546554
C001322,4,0.0,0.0024409297959772295,0.0,0.4905200758292382,0.25806940975410386,0.0,0.13465812089801132,0.11431146372266943
C001323,2,0.04768819171682107,0.0,0.0,0.015042809204615084,0.6625699239929599,0.040616494512006,0.12152649312286572,0.11255608745073231
C001324,4,0.0,0.0,0.0401628554234123,0.0,0.03838491542171346,0.0,0.0,0.9214522291548742
C001326,0,0.0,0.0,0.0,0.0,0.0,0.4985753415620021,0.0,0.5014246584379979
C001328,0,0.0,0.0,0.0,0.12057384259851345,0.058980881850502646,0.0,0.0,0.8204452755509839
C001331,4,0.02848725106876685,0.06232625476657356,0.125793266308198,0.0,0.0,0.0,0.48461778213468676,0.29877544572177483
C001335,1,0.6301134852494881,0.0,0.0,0.0,0.0,0.0,0.2435137814078219,0.12637273334269006
C001336,4,0.0,0.0,0.04489750295058024,0.0,0.0,0.0,0.01593830329696158,0.9391641937524582
C001337,1,0.016258353864452346,0.23553017637796492,0.0,0.0,0.30650892887695047,0.39249336210108865,0.0,0.04920917877954367
C001340,1,0.0,0.0,0.0,0.0,0.0,0.0,0.5982228599494012,0.40177714005059884
C001345,1,0.4798102515502639,0.0,0.030002054591514622,0.0,0.0,0.0,0.0,0.4901876938582215
C001347,0,0.030722715151938917,0.0,0.0,0.0,0.0,0.0,0.0,0.9692772848480611
C001348,3,0.0,0.21101976681093682,0.0,0.0,0.0,0.0,0.0,0.7889802331890632
C001351,4,0.0,0.0,0.5754359492128869,0.04569454132592407,0.0,0.2754340561496011,0.0,0.10343545331158799
C001354,3,0.4644498618091335,0.3164653994553554,0.0,0.0,0.004950963634048405,0.0,0.0,0.2141337751014626
C001355,3,0.0,0.0,0.03621950149282067,0.0,0.0,0.0,0.18991590470874947,0.7738645937984299
C001356,2,0.35065560931284884,0.0,0.0,0.6053317822953864,0.0,0.0,0.0,0.044012608391764685
C001359,4,0.0,0.043683611243369315,0.0,0.0,0.0,0.0,0.8998523649900323,0.056464023766598426
C001361,0,0.0,0.0,0.0,0.0,0.0,0.0,0.0,1.0
C001364,3,0.0,0.0,0.0,0.5120456887416807,0.3338415726918507,0.0,0.0,0.15411273856646868
C001366,0,0.0,0.0,0.0,0.0,0.0,0.04514570856033051,0.0,0.9548542914396695
C001367,4,0.8482035421547267,0.0,0.0,0.0,0.03441282257646125,0.0,0.0,0.11738363526881201
C001374,2,0.31966397557525295,0.0,0.0,0.0,0.0,0.0,0.0,0.680336024424747
C001377,3,0.0,0.0,0.0,0.0,0.0,0.0,0.0,1.0
C001378,4,0.31232759742332195,0.013207875210117386,0.5035558489737022,0.0,0.0,0.0,0.0,0.1709086783928584
C001380,2,0.04229223142081397,0.0,0.13902163715250826,0.0,0.0,0.0,0.17654598735947769,0.6421401440672001
C001382,4,0.0,0.0,0.09725017111961375,0.0,0.0,0.1109839600960999,0.0,0.7917658687842863
C001385,2,0.02345532903003689,0.0,0.0,0.0,0.0,0.604282011789964,0.0,0.3722626591799991
C001386,4,0.0,0.23899832124100726,0.638879859207045,0.062042267962462774,0.015404467828576653,0.0,0.0,0.04467508376090823
C001389,4,0.0031174364729581712,0.5667016732237948,0.0,0.049428879154896604,0.0,0.0,0.2215013309198195,0.15925068022853095
C001391,4,0.0,0.12246495446480095,0.0,0.0,0.8207097073051429,0.0,0.0,0.05682533823005609
C001397,3,0.44261077125799614,0.0,0.541631818002824,0.0,0.0,0.0,0.008463392159004206,0.007294018580175643
C001399,3,0.0,0.0,0.0,0.44518448756363005,0.0,0.25905140497831075,0.06511020045986249,0.23065390699819677
C001400,1,0.0,0.0,0.0,0.013101512360064016,0.38418761636246146,0.0,0.48211338901241574,0.12059748226505884
C001402,1,0.0,0.0,0.0,0.0,0.07576570742801464,0.0,0.1532670968740065,0.7709671956979789
C001406,1,0.46449617798545817,0.0,0.0,0.0,0.0,0.36110105416884203,0.0,0.17440276784569986
C001408,3,0.018797332814087846,0.051140401739726844,0.0,0.0,0.0,0.0,0.0,0.9300622654461853
C001409,0,0.0,0.0,0.0,0.0,0.0,0.15616593242527044,0.0,0.8438340675747296
C001410,4,0.0,0.0,0.20323204592358238,0.0,0.0,0.08213428992935766,0.6655493866076857,0.04908427753937428
C001413,3,0.1606141970877858,0.005769739419495835,0.648479338606646,0.0,0.0,0.0,0.0037999538382352395,0.1813367710478372
C001414,3,0.0,0.16955134724034016,0.14656189109663198,0.0,0.6454202876024985,0.0,0.019470478500531085,0.018995995559998313
C001415,4,0.18003433295582855,0.031511746666055766,0.0,0.07469641948191696,0.0,0.0,0.0,0.7137575008961987
C001416,1,0.44793988829605036,0.0,0.0,0.0,0.0,0.0,0.0,0.5520601117039496
C001417,1,0.0,0.4738052529884869,0.0,0.0,0.0,0.0,0.3030949515783972,0.22309979543311587
C001419,0,0.08168949497817023,0.0,0.8606671094629993,0.0,0.0,0.0,0.0,0.05764339555883047
C001420,2,0.0,0.0,0.0,0.0,0.8747863633327159,0.009107630424339817,0.0,0.11610600624294432
C001421,1,0.4681726179999112,0.005542056804967693,0.0,0.0,0.4001366563166474,0.0,0.0,0.12614866887847365
C001422,0,0.0,0.0,0.14182687865742355,0.0,0.8048429529636965,0.0,0.0,0.05333016837888005
C001424,3,0.0,0.0,0.013473714442778563,0.5095635142932433,0.0,0.14528520471507167,0.053218648869270295,0.27845891767963615
C001427,3,0.6498921327829144,0.0,0.0,0.0,0.0,0.12246327597443546,0.0,0.22764459124265013
C001428,0,0.005197587132301468,0.0974326447501303,0.8684897646997668,0.0,0.0,0.0,0.0185509968228116,0.010329006594989809
C001433,4,0.0,0.8380134042091424,0.05905206636325106,0.0,0.0,0.0,0.07703127086599353,0.02590325856161302
C001436,3,0.0,0.0,0.6165955125297038,0.0,0.0,0.0,0.27414968872052836,0.10925479874976785
C001437,2,0.6370079118288331,0.0,0.0,0.0,0.0222692311992644,0.0,0.0,0.3407228569719025
C001439,2,0.4844004487899503,0.0,0.0,0.4739093206657011,0.0,0.0,0.0,0.041690230544348617
C001440,2,0.0,0.0,0.0,0.0,0.0,0.0,0.0,1.0
C001441,3,0.0,0.21065959723112668,0.610946897445085,0.0,0.0,0.1377702442495902,0.0,0.040623261074198114
C001442,0,0.0,0.0,0.8342243563583288,0.0,0.0,0.0,0.0,0.1657756436416712
C001444,0,0.0,0.0,0.0,0.0,0.0,0.0750167162639812,0.0,0.9249832837360188
C001445,1,0.0,0.0,0.0,0.8183882753794566,0.0,0.0,0.0,0.18161172462054342
C001446,0,0.0,0.0,0.0,0.09360981826139984,0.4592121380684148,0.0,0.0,0.4471780436701853
C001448,0,0.0,0.0,0.0,0.6546602822128174,0.0,0.07440319191596291,0.0,0.27093652587121975
C001449,3,0.0,0.15155543977673477,0.531160141095628,0.0,0.1368377816569685,0.0,0.1682429944728424,0.01220364299782628
C001450,0,0.6575420858878596,0.0,0.0,0.0,0.0,0.0,0.0,0.34245791411214044
C001451,4,0.0,0.303353651466882,0.0,0.0,0.0,0.012463391836155004,0.1393705378051998,0.5448124188917631
C001452,2,0.0,0.0,0.0,0.06963069186926286,0.0,0.5769673627439805,0.2690005911349167,0.08440135425183992
C001453,1,0.0,0.0,0.0,0.8659588351242055,0.0,0.0,0.0,0.13404116487579454
C001457,3,0.5330794507586096,0.0,0.07526987150711814,0.0,0.23876439681534678,0.0,0.0,0.15288628091892542
C001458,4,0.6708907288423672,0.0,0.0,0.0,0.0,0.0,0.014042041585339586,0.31506722957229316
C001459,2,0.060709678988604576,0.0,0.0,0.35519809582270806,0.550460288169513,0.0,0.0,0.03363193701917444
C001460,0,0.06557077236570683,0.05384002666853937,0.0,0.0,0.07319263831975306,0.019229184699505134,0.0,0.7881673779464956
C001461,2,0.0,0.0,0.1533101255342096,0.0,0.10184723466241821,0.0,0.0,0.7448426398033722
C001462,1,0.0,0.0,0.0,0.0,0.4133093995027514,0.04830854242302128,0.5157536782391381,0.022628379835089252
C001463,4,0.0,0.0629231569436306,0.0,0.0,0.0,0.0,0.0,0.9370768430563694
C001467,1,0.6154894733712759,0.0,0.0,0.0,0.0,0.0,0.0,0.3845105266287241
C001469,1,0.0,0.6787117592650342,0.08209548743196105,0.016509032840800106,0.0,0.024569070963186845,0.0,0.1981146494990178
C001470,0,0.34174025380407214,0.0,0.2451058803017063,0.0,0.0,0.0,0.19867687581177332,0.21447699008244825
C001472,0,0.0,0.0,0.0,0.017059603818624012,0.025206351987600514,0.030499496085030067,0.0,0.9272345481087454
C001474,0,0.7136191704734851,0.0,0.0,0.0,0.0,0.1729710968616731,0.0,0.11340973266484178
C001475,1,0.0,0.0,0.0,0.6244785601901082,0.0,0.0,0.0,0.37552143980989183
C001484,2,0.0,0.22536501096814432,0.5231882880972922,0.0,0.0,0.0,0.22061756242940106,0.030829138505162446
C001485,3,0.504232658015987,0.0,0.09159782628541413,0.0,0.0,0.0,0.02648128751068344,0.37768822818791536
C001486,0,0.0,0.0,0.0,0.27401243307455714,0.0,0.0,0.0,0.7259875669254429
C001487,0,0.0,0.3292554097417381,0.13734096039545882,0.0,0.0,0.0,0.4668794085551392,0.06652422130766389
C001492,0,0.0,0.012480378220809246,0.0,0.08316071095820378,0.0,0.4432831816670216,0.0,0.46107572915396544
C001493,1,0.06762303856569062,0.05273105712015649,0.43908983522133604,0.15409997453023452,0.11960293626717118,0.008624316112667226,0.0,0.1582288421827439
C001497,0,0.6624939919348309,0.0,0.1231885488766588,0.0,0.0,0.04659397101592282,0.0,0.16772348817258753
C001498,3,0.39798777100850363,0.0,0.0,0.0,0.24102106951300967,0.27983401455470325,0.0,0.08115714492378345
C001499,3,0.0,0.8147814681622432,0.0,0.0,0.0,0.0,0.15162085448092555,0.03359767735683128
C001500,1,0.0,0.0,0.48104211916495115,0.0,0.0,0.4441196969506538,0.0,0.074838183884395
C001501,0,0.8290701853232274,0.0,0.0,0.0,0.0,0.0,0.0,0.1709298146767726
C001503,4,0.0,0.0,0.0,0.21401723747022136,0.330979158130272,0.0,0.0099960232723347,0.44500758112717187
C001504,3,0.6838042721770995,0.0,0.0,0.17884226064637126,0.0,0.0,0.0,0.1373534671765293
C001506,3,0.0,0.0,0.0,0.32141558696511624,0.0,0.0,0.6367777178461604,0.041806695188723264
C001509,1,0.0,0.02216751166805225,0.05307235506459365,0.772987960625197,0.0,0.0,0.10827749579218839,0.04349467684996866
C001513,2,0.0,0.7137125241444694,0.0,0.0,0.0,0.0,0.0,0.2862874758555306
C001514,2,0.0,0.0,0.38328474597800194,0.49165468312715044,0.0,0.0,0.0,0.12506057089484757
C001516,4,0.0,0.0,0.0,0.0,0.0,0.0,0.039757399435512826,0.9602426005644872
C001517,2,0.0,0.12396671602770841,0.09273460885552529,0.0,0.0,0.7229267065520243,0.012613102513958812,0.047758866050783166
C001520,2,0.0,0.28859174801632237,0.0,0.0,0.0,0.5114106930049241,0.0,0.1999975589787535
C001524,1,0.0,0.21845356305687635,0.0,0.38897129186903423,0.3642533574668813,0.0,0.0,0.02832178760720816
C001525,4,0.0,0.0,0.0,0.06422997241531195,0.04948253561111602,0.0,0.0,0.886287491973572
C001526,3,0.0,0.909483515579169,0.0,0.0,0.0,0.0,0.0,0.09051648442083104
C001527,2,0.4447603190577087,0.0641987677287224,0.0,0.019782521352554993,0.09989498136312909,0.35907329852177405,0.0,0.01229011197611074
C001530,4,0.0,0.0,0.0,0.696331740362199,0.0,0.0,0.0,0.303668259637801
C001533,3,0.0,0.026290490897143345,0.0,0.28326621828616755,0.0,0.6836588764636626,0.00498638281696023,0.0017980315360662802
C001536,0,0.0,0.0,0.0,0.0,0.0,0.9124922614385285,0.0,0.08750773856147154
C001540,0,0.0,0.06324079844406501,0.0,0.646150995570701,0.0,0.0,0.0,0.29060820598523396
C001548,3,0.07576404761858659,0.0,0.415686207272248,0.0,0.39202661187054844,0.0,0.02903059083833509,0.08749254240028193
C001549,4,0.0,0.020093521455085472,0.0,0.8173632394508674,0.0,0.0,0.0,0.1625432390940471
C001554,0,0.23555447517209827,0.34463133263210266,0.27113045936007335,0.0,0.0,0.1386009743179189,0.0,0.010082758517806933
C001555,2,0.0,0.0,0.0074868759968927025,0.0,0.0,0.03950233692182512,0.0,0.9530107870812822
C001560,2,0.0,0.0,0.6199832594433416,0.0,0.0,0.0,0.21335509463834498,0.16666164591831334
C001561,4,0.0,0.0,0.0,0.0,0.0,0.0,0.0,1.0
C001564,4,0.0,0.0,0.829360697249258,0.0,0.0,0.0,0.0,0.17063930275074202
C001567,1,0.0,0.7812510899604694,0.049970843699681064,0.0,0.11400939854751393,0.0,0.0,0.05476866779233558
C001569,0,0.0,0.08062186347225457,0.0,0.0,0.8760355646155016,0.0,0.0,0.04334257191224389
C001570,4,0.0632590124698328,0.6298959264786376,0.0,0.0,0.0,0.24287564944194018,0.022982500992310598,0.04098691061727888
C001571,0,0.0,0.11020108277263571,0.0,0.016421967859203364,0.0,0.7935660458416344,0.032295235333991805,0.04751566819253472
C001572,3,0.5201808390978062,0.0,0.0,0.06608153383895056,0.0,0.0,0.0,0.41373762706324324
C001574,4,0.0,0.0,0.0,0.0,0.0,0.07383190329311096,0.0,0.926168096706889
C001575,3,0.06002388826608095,0.0,0.0,0.8525829084726074,0.0,0.0,0.0,0.08739320326131161
C001576,1,0.0,0.0,0.0,0.13204841954142293,0.5275875732881752,0.0,0.0,0.34036400717040194
C001577,3,0.0,0.22675567382903453,0.0,0.0,0.03473738447030281,0.37537166502024244,0.3018324022055572,0.061302874474863045
C001578,2,0.0,0.21451179123131506,0.0,0.0,0.0,0.7107082482430159,0.0,0.07477996052566904
C001581,4,0.020567476597868173,0.0,0.0,0.0,0.0,0.0,0.0,0.9794325234021318
C001582,3,0.07138083932316795,0.6502546684551117,0.0029439803240935538,0.0,0.2470327574620965,0.0,0.0,0.02838775443553021
C001583,2,0.0,0.0,0.0,0.0,0.5710926320627048,0.16140354277165103,0.0,0.2675038251656442
C001584,1,0.0,0.0,0.0,0.0,0.0,0.0,0.04759557599813735,0.9524044240018626
C001585,4,0.0,0.01078128737780164,0.0,0.0,0.015727738714495437,0.7399881215625144,0.1380614599649856,0.09544139238020288
C001587,1,0.0,0.0,0.0,0.0349620658894124,0.0,0.0,0.4080276078272585,0.557010326283329
C001589,0,0.0,0.0,0.05677563225380936,0.6260686298507508,0.0,0.0,0.1812123597823196,0.1359433781131203
C001590,0,0.0,0.0,0.19854098466814626,0.5988751031614225,0.0,0.0,0.0,0.20258391217043126
C001591,4,0.0,0.0,0.8520750860682869,0.009955990189193187,0.024234613825777237,0.0023573101092498345,0.0,0.11137699980749283
C001592,1,0.0,0.0,0.0,0.0,0.08441424111724863,0.0,0.08494877486807635,0.830636984014675
C001593,0,0.0,0.0,0.5926434049338506,0.0,0.0,0.0,0.02258844576036696,0.3847681493057824
C001594,3,0.024898341702926687,0.0,0.635647567234985,0.0,0.0,0.0,0.0,0.33945409106208835
C001599,3,0.0,0.0,0.0,0.02314084832490835,0.7310125983705736,0.0,0.0,0.245846553304518
C001600,1,0.019987815355474184,0.0,0.0,0.36111138779190755,0.0,0.0,0.5107643630446289,0.10813643380798932
C001601,3,0.3455020448539232,0.030490319974491087,0.0,0.0,0.0,0.0,0.5937995016627003,0.030208133508885293
C001602,1,0.0,0.0,0.0,0.0,0.0,0.0,0.0,1.0
C001604,2,0.0,0.4408834913301938,0.0,0.0,0.0,0.053028390162935764,0.0,0.5060881185068704
C001607,3,0.0,0.784227581686878,0.0,0.0,0.0,0.0,0.0,0.215772418313122
C001608,0,0.0,0.8100234211437657,0.0,0.0,0.0,0.0,0.0,0.1899765788562343
C001613,3,0.0100829580377345,0.0,0.3590819499257789,0.0,0.0,0.07583518162812752,0.3367532828471291,0.21824662756123003
C001614,2,0.0,0.0,0.8931824750575721,0.0,0.0,0.0,0.073337722447922,0.033479802494505884
C001615,3,0.0,0.0,0.18564517733684602,0.0,0.7254374475898109,0.06341538996172395,0.0,0.025501985111619163
C001616,3,0.0,0.23381588277659027,0.0,0.17831669378658901,0.0,0.5007155900220213,0.0,0.08715183341479948
C001617,0,0.0,0.0,0.0,0.6527469729378023,0.0,0.1785463039712235,0.14767605959527058,0.021030663495703594
C001618,1,0.0,0.009828099595035443,0.0,0.06375507452170566,0.0,0.0,0.0,0.9264168258832589
C001621,0,0.0,0.03697759735494591,0.0,0.0,0.32435945503926694,0.0,0.6141042854358976,0.024558662169889556
C001624,1,0.3753842755597647,0.0,0.0,0.0,0.0,0.0,0.055342734274496146,0.5692729901657392
C001625,3,0.0,0.0,0.09890579317249194,0.0,0.0,0.0,0.0,0.9010942068275081
C001626,0,0.0,0.0,0.0,0.0,0.0,0.0,0.0,1.0
C001627,0,0.0,0.0,0.0,0.3548939105274104,0.05310950490533536,0.02692159269967524,0.0,0.565074991867579
C001631,2,0.0,0.0,0.10087267720156978,0.0,0.0,0.0,0.0,0.8991273227984302
C001634,2,0.1456384328947859,0.0,0.0,0.8253328274601184,0.02322779929154664,0.0,0.0,0.005800940353549056
C001635,0,0.23480705383668338,0.054397232686125084,0.0,0.0,0.0,0.10117063639559395,0.28965428537600185,0.31997079170559584
C001639,0,0.010183708327063046,0.0,0.0,0.0,0.591380830970814,0.0,0.0,0.398435460702123
C001640,0,0.0,0.0,0.0,0.10738522626194957,0.0,0.0,0.0,0.8926147737380504
C001641,3,0.0,0.0,0.0,0.0,0.04953057040319908,0.0,0.0,0.9504694295968009
C001642,3,0.0,0.0,0.0,0.0,0.0,0.0,0.0,1.0
C001644,2,0.0,0.0,0.0,0.030738084357067347,0.05647029978995358,0.0,0.0,0.9127916158529791
C001645,3,0.0,0.13861216834695764,0.0,0.0,0.0,0.2917746870468172,0.0,0.5696131446062251
C001648,2,0.0,0.0,0.08517710031292154,0.0,0.0,0.5696380595361985,0.1912086635411934,0.15397617660968654
C001650,4,0.0,0.10323524837714185,0.6500064398353385,0.0,0.0,0.0,0.0,0.24675831178751972
C001655,0,0.0,0.0,0.0,0.09806859252850038,0.5997692025605658,0.0,0.24143694474214383,0.060725260168789985
C001656,1,0.0,0.259696018668308,0.6682239295492416,0.0,0.0,0.05805086226725511,0.0,0.014029189515195384
C001660,0,0.0,0.0,0.0,0.43517006591060203,0.0,0.0,0.0,0.564829934089398
C001662,0,0.10524627214067572,0.0,0.0,0.0,0.7739235363124926,0.03319530678961787,0.0,0.08763488475721382
C001664,0,0.0,0.0,0.0,0.0,0.4466064333620045,0.49579073440910953,0.0,0.05760283222888596
C001665,2,0.0,0.0,0.0,0.0,0.0,0.7760965824128919,0.0,0.22390341758710808
C001666,0,0.0,0.0,0.0,0.28132623639303866,0.0,0.0,0.0,0.7186737636069613
C001668,0,0.0,0.0,0.0,0.44629395501251434,0.15922467953238226,0.34647963760212275,0.0,0.048001727852980625
C001670,2,0.0,0.7392896867906538,0.0,0.0,0.0,0.04153599859025237,0.0,0.21917431461909387
C001672,1,0.0,0.0,0.0,0.7988356807405975,0.0,0.0,0.0,0.20116431925940248
C001673,1,0.0,0.0,0.2508184351128266,0.0,0.0,0.0,0.6277398898567258,0.12144167503044767
C001674,0,0.0,0.0,0.05901922682503729,0.12235911098354407,0.7789869391758305,0.0,0.0,0.039634723015588125
C001676,4,0.0,0.0,0.0,0.034553593395257216,0.0,0.45570739222463996,0.3280623375792523,0.18167667680085053
C001678,2,0.0,0.8191510007933714,0.0,0.0,0.0,0.0,0.0,0.18084899920662856
C001680,3,0.09177102118728188,0.18602067298654584,0.0,0.0,0.0,0.0,0.3395705086046348,0.38263779722153757
C001681,0,0.0,0.13986412385146307,0.0,0.0,0.0,0.0,0.4997199582492915,0.36041591789924543
C001682,0,0.0,0.0,0.0,0.06471637879946857,0.0,0.0,0.0,0.9352836212005314
C001686,0,0.0,0.0,0.008318757996423877,0.0,0.72535629400855,0.0,0.2651198330170056,0.0012051149780205606
C001692,0,0.0,0.0,0.0,0.0,0.15538382900719047,0.5982099254176743,0.0,0.24640624557513524
C001695,4,0.0,0.0,0.12981959205883808,0.0,0.0,0.0,0.0,0.8701804079411619
C001697,3,0.0,0.0,0.02994353062813484,0.05187264597349562,0.0,0.09741086968517906,0.0,0.8207729537131905
C001699,0,0.0,0.0594418266262328,0.19755104724402264,0.09917140906706547,0.0,0.1748402021996876,0.3601737513201557,0.10882176354283579
C001700,2,0.0,0.0,0.07272419927962426,0.0,0.0,0.0,0.0,0.9272758007203757
C001703,0,0.0,0.0,0.8839735345928644,0.0,0.0,0.0,0.0,0.11602646540713557
C001704,2,0.0,0.010372046912943887,0.0,0.6839674161472333,0.13868760005417474,0.0,0.0,0.16697293688564807
C001705,3,0.015251729740319993,0.0,0.0,0.08715410301975829,0.0,0.16872472661932267,0.5869917225071754,0.14187771811342365
C001706,1,0.526802533840939,0.0,0.25470096665204606,0.0,0.0,0.0,0.0,0.21849649950701489
C001707,4,0.0,0.20871709041595085,0.0,0.0,0.744709307667536,0.0,0.0,0.04657360191651316
C001708,3,0.0,0.0,0.3018566991117574,0.3899086755214815,0.0,0.021042140881672222,0.0,0.28719248448508894
C001710,2,0.0,0.023588518769639317,0.06779133866192968,0.0,0.04788088330029111,0.0,0.0,0.8607392592681399
C001712,0,0.0,0.0,0.5583458955855204,0.41862420786244214,0.0,0.0,0.0,0.023029896552037465
C001713,4,0.29744216490693404,0.0,0.032165167175894564,0.0,0.01037210956333833,0.0,0.3235549951082782,0.3364655632455549
C001715,2,0.11479981783447112,0.48850873052253485,0.0,0.0,0.12926375130835058,0.2542021374292599,0.0,0.01322556290538357
C001717,1,0.8909039686193352,0.0,0.0,0.0,0.0,0.0,0.0,0.10909603138066482
C001718,4,0.0,0.24457618737003467,0.006898145419696362,0.3263832985267212,0.29342712674389354,0.0,0.0,0.12871524193965422
C001719,3,0.0,0.8657157633314885,0.02437708653509839,0.0,0.0,0.0,0.0,0.10990715013341312
C001720,1,0.0,0.0,0.0,0.0,0.6568891166904295,0.0,0.0,0.3431108833095705
C001721,1,0.0,0.0,0.0,0.0,0.0,0.0,0.797003901328353,0.20299609867164703
C001723,3,0.0,0.0,0.0,0.0,0.0,0.0,0.7855609126076568,0.2144390873923432
C001724,3,0.0,0.6008426472489348,0.0,0.0,0.0,0.0,0.0,0.39915735275106523
C001732,3,0.0,0.00529584546571381,0.01462302219896045,0.0,0.0670149184231536,0.0,0.0,0.9130662139121721
C001734,1,0.137386968030622,0.0,0.0,0.0,0.0,0.0,0.0,0.862613031969378
C001735,4,0.15013109323653825,0.4541552299073611,0.0,0.0,0.06790982471304947,0.0,0.3158993535863009,0.011904498556750243
C001736,0,0.0,0.0,0.0,0.0,0.6896754930716488,0.032881130084603374,0.0,0.27744337684374787
C001737,1,0.35740720966310285,0.31771171123266273,0.01749985265196287,0.014656643893070436,0.0,0.0,0.03416425258046788,0.25856032997873335
C001740,1,0.6265748195550173,0.0,0.0,0.0,0.04412282117499149,0.0,0.0,0.3293023592699913
C001742,4,0.0,0.0,0.0,0.0,0.0,0.8571266499853826,0.0,0.14287335001461743
C001744,4,0.0,0.02222034409270089,0.07795617858026684,0.0,0.0,0.5732560362148125,0.2777529722093649,0.0488144689028549
C001749,1,0.9006972052900903,0.0,0.005305265816882497,0.026934339791209495,0.0,0.0,0.06352689726995157,0.0035362918318661007
C001751,3,0.0,0.0,0.2990354098153373,0.0,0.0,0.0,0.5725598576532438,0.12840473253141882
C001753,1,0.0,0.0,0.052628245983841804,0.0,0.0,0.6471944501132414,0.0,0.30017730390291675
C001755,3,0.0,0.0,0.0,0.0,0.28211902979204756,0.0,0.4904316955453274,0.2274492746626251
C001757,3,0.28740423123449865,0.0,0.0,0.0,0.23178409096758343,0.0,0.4522742919846221,0.02853738581329579
C001758,1,0.7478493143160303,0.0,0.0608233404842546,0.0,0.0,0.029671023209338208,0.0,0.16165632199037683
C001760,1,0.0,0.0,0.0,0.0,0.0,0.0,0.0,1.0
C001762,2,0.4577963472190275,0.0,0.20931383884335406,0.0,0.0,0.016890501612283823,0.0,0.3159993123253346
C001765,4,0.03529319195682038,0.0,0.0,0.0,0.02847096048056994,0.023317030803572933,0.0,0.9129188167590367
C001766,4,0.0,0.5181842442919298,0.0,0.0,0.0,0.013318341848793538,0.0,0.4684974138592767
C001768,0,0.0,0.0,0.0,0.0,0.0502118784090112,0.0,0.5089845471143288,0.44080357447665997
C001772,2,0.01980801907993231,0.0,0.0,0.005730383473758416,0.9429034174244437,0.0,0.0,0.0315581800218655
C001773,1,0.33820810236518917,0.0,0.0,0.0,0.0,0.0,0.0,0.6617918976348108
C001778,1,0.12079653249927644,0.08319943844762895,0.04640817313361822,0.0,0.0,0.29136964471370963,0.0,0.4582262112057668
C001779,2,0.0,0.750170231347433,0.0,0.16176792713373572,0.0,0.008318003137477775,0.0,0.07974383838135346
C001785,1,0.0,0.0,0.0,0.0,0.5802317037352931,0.0,0.2373122323068306,0.18245606395787628
C001787,2,0.2904268571099397,0.02088060183350981,0.0,0.049482739685280525,0.0,0.6207100257714863,0.0,0.018499775599783663
C001788,0,0.4584538986596887,0.01458105294356786,0.0,0.0,0.0,0.0,0.0,0.5269650483967434
C001789,2,0.9464339496782308,0.0,0.0,0.0,0.0,0.0,0.0,0.0535660503217692
C001791,2,0.0,0.0,0.0,0.9732215501617224,0.0,0.0,0.0,0.026778449838277596
C001792,2,0.0,0.0,0.0,0.0,0.0,0.45486681462069034,0.0,0.5451331853793097
C001793,2,0.23058567988551976,0.0,0.0,0.0,0.07698548551426464,0.6683890669962065,0.0,0.024039767604009166
C001794,2,0.010998316668649746,0.0,0.005625982654514882,0.013330672381819694,0.0,0.08807894080160587,0.8785272037844926,0.0034388837089172064
C001795,1,0.0,0.0,0.021684511889632593,0.10906239605502045,0.0,0.0,0.6021060320836368,0.2671470599717102
C001797,3,0.0,0.0,0.0,0.34852089602425784,0.0,0.0,0.0,0.6514791039757422
C001799,2,0.0,0.0,0.0,0.2273791549338224,0.017602312637418956,0.0391311565633076,0.7025925273478729,0.013294848517578117
C001801,1,0.0,0.0,0.0,0.019199526284647175,0.043394147100169075,0.2735245704673407,0.0,0.6638817561478431
C001802,3,0.0,0.0,0.01982707381689042,0.0,0.0695820697555871,0.0,0.0,0.9105908564275225
C001806,4,0.06301776269057033,0.0,0.1910773148914269,0.0,0.45000848455490594,0.0,0.0,0.29589643786309683
C001809,0,0.18758482777262728,0.10831290569470725,0.04510644954333749,0.1051766006740052,0.0,0.15341232117901288,0.0,0.40040689513631
C001810,4,0.0,0.6679987505044808,0.0,0.0,0.26259176532132794,0.0,0.0,0.06940948417419124
C001813,2,0.0,0.0,0.8485667368723306,0.0,0.0,0.0,0.0,0.15143326312766936
C001815,4,0.0,0.9442739903044474,0.0,0.0,0.0,0.0,0.0,0.055726009695552636
C001817,0,0.12224202163601892,0.0,0.0,0.0,0.3272649604422335,0.01596796844562697,0.34217775667765515,0.1923472927984654
C001818,0,0.0,0.34264338564322633,0.2723769714368486,0.0,0.054259451674756626,0.0,0.17366515645097313,0.15705503479419525
C001820,4,0.0,0.0,0.6278456726814918,0.0,0.0,0.0,0.0,0.37215432731850817
C001824,1,0.3017402005139107,0.0,0.5118495335057689,0.0,0.0,0.0,0.0,0.1864102659803204
C001826,1,0.0,0.0,0.0,0.0,0.0,0.0,0.2912971755123651,0.7087028244876349
C001827,1,0.0,0.36539615370958856,0.0,0.0,0.11031226127801856,0.0,0.0,0.5242915850123928
C001832,3,0.2529398705718087,0.0,0.3177132621150466,0.0,0.020316952916562304,0.0,0.32745461790719016,0.0815752964893921
C001834,3,0.08382189789446662,0.0,0.0,0.523945198153511,0.0,0.0,0.0,0.39223290395202237
C001838,4,0.0,0.43833599147234337,0.0,0.0,0.4891916946070943,0.0,0.0,0.0724723139205623
C001840,2,0.0408217581170479,0.0,0.0,0.0,0.0,0.0,0.0872516721082637,0.8719265697746884
C001841,3,0.0,0.0,0.0,0.0,0.8993969740392262,0.0,0.0,0.10060302596077375
C001843,1,0.0,0.0,0.0,0.021977830811148114,0.0,0.32615325128245526,0.4821830074061366,0.16968591050025994
C001844,1,0.25043387551850593,0.15618127537328924,0.0,0.2750479448163638,0.0,0.0,0.14785408275446787,0.17048282153737315
C001846,1,0.0,0.0,0.5959588825144149,0.0,0.0,0.14046286368450578,0.0,0.26357825380107935
C001848,0,0.13027100062066702,0.05525481657242083,0.0,0.0,0.5868610192685149,0.0,0.0,0.22761316353839733
C001849,1,0.0,0.0,0.0,0.0,0.0,0.0,0.0,1.0
C001850,4,0.34738332865545785,0.0,0.0,0.0,0.0,0.5587825290962126,0.0,0.09383414224832953
C001851,4,0.36152766137303044,0.0,0.0,0.0,0.0,0.0,0.48377972578125483,0.15469261284571467
C001854,2,0.0,0.42380021389642447,0.0,0.0,0.04379367596918615,0.0,0.07047183559422629,0.4619342745401631
C001855,0,0.0,0.0,0.03948761798731247,0.0,0.06139336903285461,0.048781598593429995,0.18091511867211663,0.6694222957142864
C001856,3,0.6227945434605235,0.0,0.0,0.056432873012565485,0.0,0.0,0.0,0.32077258352691096
C001857,2,0.0,0.02087525573323697,0.0,0.015112032077285016,0.1475572061522926,0.0,0.8061099919811654,0.010345514056020022
C001859,1,0.21605391624700707,0.0,0.5554956864229457,0.0,0.028832106822609265,0.0,0.0,0.19961829050743796
C001860,3,0.0,0.0,0.0,0.0,0.8611764424037786,0.0,0.0,0.13882355759622145
C001863,1,0.0,0.0,0.0,0.7924950239037681,0.0,0.03312357029571107,0.0,0.17438140580052075
C001864,2,0.0,0.27254544138925174,0.2821697245941383,0.0,0.02893603188702786,0.0,0.0,0.41634880212958214
C001866,2,0.09465275648284953,0.017380931927677666,0.0,0.0,0.0,0.0,0.0,0.8879663115894728
C001867,2,0.3720696856522237,0.0,0.0,0.04719282127907436,0.0,0.20792494329983424,0.03475507073695946,0.3380574790319082
C001871,4,0.0,0.0,0.0,0.0,0.04985727981619704,0.0,0.0,0.950142720183803
C001873,2,0.3652283405130887,0.0,0.0,0.0,0.0,0.0,0.0,0.6347716594869113
C001875,4,0.0,0.0,0.38656187478193826,0.0,0.2398763459590609,0.030169936574418563,0.0,0.3433918426845822
C001879,1,0.2872979051239668,0.0,0.3145186208996684,0.0,0.0,0.05750945477235299,0.04665595991572778,0.29401805928828395
C001880,3,0.0,0.0,0.01899813305122426,0.013516926519663503,0.11651638259176118,0.0,0.0,0.850968557837351
C001881,1,0.0,0.0,0.15531139922784445,0.0,0.0,0.0,0.8348301133652339,0.009858487406921634
C001884,3,0.0,0.0,0.3057858449974434,0.5175090595670063,0.01658644113973079,0.0,0.0,0.1601186542958195
C001886,1,0.0,0.9075669715246623,0.0,0.0,0.03609235230924827,0.0,0.0,0.05634067616608951
C001891,3,0.0,0.5650934183111439,0.1506739868329762,0.2781898376806831,0.0,0.0,0.0,0.006042757175196867
C001893,2,0.0,0.0,0.0,0.7545153756534502,0.0,0.0,0.0,0.24548462434654983
C001894,2,0.40322328327638374,0.0,0.0,0.13736756550743093,0.0,0.0,0.0,0.4594091512161853
C001896,2,0.16760024679646154,0.45466864385298544,0.09614754151812804,0.0,0.0,0.25102920046410204,0.015168538447488878,0.015385828920834066
C001897,4,0.0,0.02530708531719772,0.052078064596773166,0.0,0.0,0.0,0.4230591665653371,0.499555683520692
C001898,1,0.017270283273236084,0.273947230447378,0.0,0.0,0.02166387944574761,0.0,0.6664939708175022,0.020624636016136177
C001900,4,0.0,0.28989100768465387,0.5634408144944335,0.0,0.14325276615116544,0.0,0.0,0.003415411669747237
C001903,0,0.029865963996852762,0.45004195943336806,0.0,0.40658946069639107,0.0,0.0,0.0,0.11350261587338806
C001904,1,0.43110254887761795,0.0,0.39169713845763243,0.0,0.0015667867971840264,0.07893041669064332,0.050781719785997784,0.045921389390924605
C001909,2,0.0,0.0,0.7619946814755866,0.0,0.0,0.0,0.0,0.23800531852441342
C001911,4,0.6119922462447933,0.28710860333668636,0.0,0.0,0.0,0.0,0.08217844708795238,0.018720703330567967
C001914,2,0.0,0.0,0.22778820101382297,0.0676572161429005,0.0,0.0,0.3506722451731762,0.35388233767010036
C001921,4,0.0,0.0,0.0,0.08437106502190912,0.021698313344095478,0.0,0.0,0.8939306216339954
C001922,3,0.0,0.0,0.06328936857960578,0.8320559815147517,0.042571454256321986,0.0,0.0,0.06208319564932052
C001923,0,0.0,0.0,0.0,0.0,0.7349760106276239,0.0,0.2078809451181988,0.05714304425417738
C001928,4,0.0,0.0,0.0,0.240391531607131,0.0,0.0,0.0,0.759608468392869
C001929,4,0.0,0.0,0.0,0.0,0.8907821368009242,0.0,0.0,0.10921786319907578
C001930,2,0.1414215768157507,0.02859661293313391,0.636297772188656,0.0,0.0,0.0,0.0,0.19368403806245937
C001931,4,0.0,0.0,0.03375251064181805,0.0,0.0,0.0,0.22041236572616107,0.7458351236320209
C001932,0,0.2783633371047163,0.0,0.0,0.00829606177307519,0.0,0.26709044114148284,0.0,0.4462501599807257
C001933,0,0.0,0.010793048763994182,0.05198385057963251,0.06193324060522813,0.0,0.6562558763403126,0.19672748112708918,0.02230650258374345
C001934,1,0.04089850580299995,0.06286787381014418,0.025720368807565588,0.0,0.014372190013160046,0.0,0.0,0.8561410615661302
C001935,4,0.0,0.0,0.0,0.0,0.39694228972020607,0.0,0.525711535694393,0.07734617458540094
C001937,3,0.03382405689123526,0.0,0.7745741996055509,0.0,0.09886517222597413,0.0,0.0,0.09273657127723978
C001939,4,0.1855745672205411,0.0,0.0,0.0,0.0,0.0,0.0,0.8144254327794589
C001940,1,0.0,0.0,0.0,0.629657194619013,0.0,0.0,0.28255146672999465,0.08779133865099231
C001942,0,0.0,0.21810361737001877,0.13863074210619614,0.0,0.4987378039828554,0.0,0.0,0.1445278365409297
C001943,0,0.0,0.18826362187294318,0.7103900679696125,0.0,0.0,0.0,0.06134436132441539,0.04000194883302899
C001947,3,0.11206934990675924,0.0,0.15391718257168402,0.0,0.2726529137874631,0.0,0.0,0.4613605537340937
C001948,4,0.0,0.5474091664200254,0.013314242129392657,0.0,0.0,0.0,0.21511234110802543,0.2241642503425565
C001949,2,0.08995859038742875,0.08220615524080678,0.6882073345738268,0.010418538965500252,0.0,0.0,0.0,0.1292093808324375
C001950,3,0.0,0.7913256522819363,0.007217725244294198,0.0,0.0,0.18954386959045716,0.0,0.011912752883312283
C001951,2,0.0,0.0,0.0,0.0,0.7583337279378358,0.0,0.0,0.24166627206216418
C001952,3,0.0,0.0,0.0,0.03357175640429777,0.0,0.0,0.0,0.9664282435957022
C001953,3,0.08241663707213776,0.0,0.0,0.0,0.0,0.0,0.0,0.9175833629278622
C001955,4,0.22538285733355837,0.0,0.0,0.0,0.20957218607279962,0.5029604973473087,0.0,0.06208445924633321
C001956,3,0.0,0.0,0.16866880753220886,0.014679344706766339,0.059505598388648204,0.0,0.0,0.7571462493723766
C001958,1,0.7269442164580381,0.06134319219490592,0.015267172408408844,0.0,0.07563121787231515,0.007506859049916512,0.0,0.11330734201641546
C001960,3,0.0,0.0,0.14554377237291652,0.5119953534572061,0.0,0.0,0.0,0.34246087416987736
C001962,3,0.02307702059814612,0.06990229434009383,0.07979735579850371,0.0,0.0,0.1638662279943334,0.0,0.663357101268923
C001964,2,0.0,0.0,0.0,0.0,0.0,0.0,0.6727847467325994,0.32721525326740064
C001965,1,0.7970549327874303,0.0,0.0,0.14719811502798708,0.0,0.0,0.0,0.05574695218458259
C001966,4,0.0,0.036421626167188574,0.0,0.0,0.1700046732198797,0.0,0.0,0.7935737006129318
C001968,2,0.0,0.0,0.0,0.0,0.037310429557139826,0.0,0.13310810922217453,0.8295814612206857
C001970,1,0.014667968958734496,0.0,0.0,0.5083018670307178,0.0031348906136638953,0.4135415271143762,0.0485987381679672,0.011755008114540444
C001973,0,0.0,0.0,0.0,0.864107760033015,0.0,0.0,0.0,0.13589223996698496
C001974,0,0.0,0.0,0.0,0.01617176583987711,0.0,0.6714478102039195,0.0,0.31238042395620336
C001975,1,0.03399432070402483,0.24793274145548105,0.0,0.03080378861271114,0.0,0.0,0.012250860831706822,0.675018288396076
C001978,3,0.0,0.0,0.6771685605960885,0.0,0.0,0.1974382780385454,0.0,0.12539316136536605
C001983,4,0.0,0.0,0.0,0.0,0.2996949409531882,0.6944163194434473,0.0,0.005888739603364446
C001984,1,0.0,0.8784047622773095,0.0,0.0,0.0,0.0,0.0,0.12159523772269054
C001987,2,0.2344450071937184,0.0,0.0,0.07593259224150428,0.0,0.0,0.10316477993078127,0.586457620633996
C001993,3,0.06875164469479372,0.0,0.0,0.0,0.48046618844392974,0.0,0.0,0.4507821668612766
C001994,0,0.0,0.0,0.0,0.33521850314729096,0.0,0.0,0.0,0.664781496852709
C001995,0,0.0,0.15292383805907522,0.13717603241925508,0.0610300957283339,0.3202626730955388,0.0,0.046650767582679345,0.28195659311511767
C001996,4,0.016355498916374816,0.0,0.250021625207747,0.0,0.09447292224366549,0.0,0.6357416353762586,0.0034083182559541125
C001997,0,0.1141363788445544,0.0,0.0,0.0,0.8327845527590125,0.0,0.0,0.05307906839643306
C002000,4,0.7690710667299977,0.0,0.0,0.0,0.0,0.0,0.0,0.2309289332700023
C002002,1,0.0,0.06219456764516862,0.0,0.31445797837010625,0.07605743102960939,0.09595496079946418,0.0,0.45133506215565156
C002003,1,0.0,0.07337134192162799,0.0,0.0,0.0,0.0,0.09698318212501883,0.8296454759533531
C002004,2,0.0,0.0,0.1614091429015532,0.10014893245452396,0.6400426303502296,0.0,0.0,0.09839929429369332
C002005,3,0.0,0.0,0.18983089785687335,0.0,0.08389696739959417,0.6256044356863851,0.029295237108637642,0.07137246194850966
C002008,1,0.0,0.05450686650527153,0.22810572645449068,0.0,0.6658392793802363,0.0,0.017083594908758982,0.034464532751242394
C002010,4,0.0,0.0,0.35387819631450923,0.0,0.6248061668041508,0.020404346853023655,0.0,0.0009112900283163583
C002012,2,0.0,0.0,0.04845797467946212,0.0,0.0,0.0,0.0,0.9515420253205379
C002013,3,0.635286019723838,0.0,0.13250118819860224,0.0,0.02870162417622181,0.15472266098053133,0.0,0.04878850692080661
C002014,1,0.0,0.11165386747468119,0.4294478773536335,0.0448091201056364,0.0,0.3670931685636145,0.0,0.04699596650243443
C002015,3,0.5387243632294384,0.0,0.03725557064699358,0.0,0.3328120322503659,0.0,0.07679595964216228,0.014412074231039962
C002020,4,0.0,0.5476573413318588,0.0,0.03446665600009565,0.02367689353842553,0.0,0.0,0.39419910912962
C002021,0,0.278166335612687,0.0,0.0,0.3981833561865772,0.0,0.0,0.02711252997788957,0.2965377782228462
C002022,1,0.3586565023879671,0.0,0.0,0.0,0.062423984519863765,0.0,0.19254450836068804,0.3863750047314811
C002024,3,0.0,0.15562754002761695,0.0,0.2825200861412843,0.34981537402057533,0.1614473616737755,0.0,0.05058963813674788
C002025,3,0.0,0.4784448590754304,0.0,0.01947745758813253,0.01938182587693891,0.4427165554144492,0.0,0.03997930204504896
C002026,1,0.0,0.0,0.02815686793984691,0.0435928713602672,0.0,0.022093021089852446,0.04795021495389314,0.8582070246561403
C002028,1,0.0,0.0,0.01911297775624554,0.0,0.0,0.0,0.0,0.9808870222437545
C002031,0,0.03667617728991827,0.0,0.0,0.0177511273880225,0.0,0.0,0.0,0.9455726953220592
C002033,1,0.0,0.11012821529739827,0.8527645556499127,0.0,0.0,0.0,0.0,0.03710722905268904
C002037,0,0.0,0.30873948651977573,0.0,0.14221506553677965,0.38875821575637987,0.0,0.0,0.16028723218706475
C002039,2,0.0,0.0,0.0,0.0,0.7209392556581238,0.0,0.0,0.2790607443418762
C002040,4,0.0028642861943256022,0.2158968552843531,0.0,0.0,0.7223986655269902,0.0,0.0,0.058840192994331186
C002041,2,0.40946162606498143,0.0,0.0,0.5209264532728217,0.0,0.0,0.06388819540558202,0.005723725256614798
C002042,4,0.0,0.0,0.2523633101700411,0.0,0.0,0.5588493369895068,0.0,0.18878735284045212
C002044,3,0.0,0.0,0.0,0.8964946909343605,0.0,0.0,0.0,0.10350530906563948
C002045,3,0.0,0.0,0.0,0.8264594212112792,0.0,0.0,0.0,0.17354057878872076
C002046,4,0.0,0.10197115287422834,0.0,0.0,0.0,0.0,0.0,0.8980288471257717
C002049,2,0.0,0.38809139689380906,0.0,0.0,0.006672183018921729,0.0,0.5220204825096384,0.0832159375776308
C002050,2,0.0505787340113204,0.0,0.0,0.0,0.0,0.0,0.0,0.9494212659886796
C002051,4,0.0,0.02737893632002807,0.35076722508653574,0.0,0.0,0.0,0.03696470264359093,0.5848891359498453
C002053,4,0.0,0.0,0.0,0.0,0.0,0.0,0.0,1.0
C002056,0,0.0,0.0,0.0,0.0,0.8822549265941652,0.0,0.0,0.11774507340583484
C002057,2,0.0,0.0,0.007051414882827911,0.07564605901063179,0.7644549704541818,0.0,0.0,0.15284755565235852
C002061,4,0.0,0.0,0.22715284430383553,0.0,0.3297863948306513,0.4060492981248585,0.0,0.03701146274065459
C002064,4,0.5803414537964982,0.0,0.0,0.0,0.0,0.0,0.3840128051170237,0.03564574108647811
C002067,0,0.44079526553149145,0.0,0.4745373096191403,0.028625136391899654,0.0,0.0,0.0,0.0560422884574685
C002068,1,0.0,0.03176028496610694,0.0,0.0,0.0,0.07429606397876776,0.177964214300657,0.7159794367544683
C002069,2,0.7451372943626237,0.0,0.08007909189779074,0.0,0.08102341068053685,0.03508000801759607,0.0,0.05868019504145272
C002072,2,0.4644748449894405,0.4604755762013952,0.0,0.0,0.0,0.0,0.0,0.0750495788091643
C002074,1,0.0,0.0,0.43888081609605956,0.3053229253628074,0.2283947514515642,0.0,0.0,0.0274015070895689
C002075,2,0.0,0.0,0.0,0.0,0.0,0.4564742017526996,0.1723311936654799,0.3711946045818205
C002076,0,0.0019925878679007887,0.12005947128418429,0.00811464089315919,0.0,0.0,0.0,0.8440158956031071,0.0258174043516487
C002078,0,0.33210373960819817,0.0,0.41878804161585487,0.021217665001222095,0.0,0.0,0.0908870243912516,0.13700352938347327
C002079,2,0.0,0.055655187928182664,0.028235920771233682,0.0,0.0,0.0,0.9010561767611919,0.01505271453939172
C002081,0,0.0,0.0,0.5077570671746988,0.0,0.26763413030498673,0.0,0.03984903943637132,0.18475976308394315
C002082,0,0.0,0.0,0.021924270006249667,0.0,0.19653502316136792,0.0,0.0,0.7815407068323824
C002084,4,0.01634023053926176,0.0,0.08159687838334603,0.41234138952213845,0.28855147048192414,0.06444253565458197,0.0,0.13672749541874762
C002085,2,0.0,0.03786620454963652,0.0,0.0,0.0,0.0,0.0,0.9621337954503635
C002086,1,0.07552208380041008,0.8457602154492887,0.050749879271303505,0.0,0.0,0.0,0.0,0.02796782147899779
C002088,1,0.3558248246993372,0.0,0.026938431920055458,0.052184243743992303,0.0,0.0,0.15875969718923832,0.40629280244737676
C002089,1,0.0,0.0,0.0,0.0,0.9030959922780266,0.0,0.0,0.09690400772197338
C002091,0,0.0,0.5362424155628834,0.23008677259366553,0.03913416257700013,0.1716653207738851,0.0,0.0,0.0228713284925659
C002094,2,0.0,0.0,0.0,0.37771092903606573,0.029346554471354626,0.0,0.5728826854870109,0.02005983100556863
C002095,2,0.0,0.0,0.0,0.0,0.0,0.07945581303229465,0.0,0.9205441869677053
C002097,0,0.0,0.0,0.0,0.0,0.868167555348715,0.0,0.0,0.13183244465128496
C002098,1,0.0,0.0,0.0,0.0,0.1277066517301325,0.6390492151683501,0.0,0.23324413310151737
C002100,0,0.0,0.0,0.0,0.8644452025249582,0.0,0.02700357105592582,0.0,0.10855122641911608
C002101,1,0.0,0.0,0.005581777972561142,0.08946953071440514,0.6497163108894224,0.0,0.0,0.2552323804236113
C002103,3,0.0,0.0,0.12991498457715117,0.0,0.1661387415215378,0.0,0.5561915947282396,0.1477546791730714
C002104,0,0.0,0.0,0.0,0.0,0.06509067626782783,0.0,0.0,0.9349093237321722
C002108,3,0.0,0.022638692127452526,0.520714533961442,0.0,0.0,0.0,0.0,0.45664677391110553
C002111,0,0.0,0.0,0.0,0.06788659633677649,0.4784222823386853,0.0,0.0,0.45369112132453826
C002113,0,0.007710873699071728,0.04551980819369833,0.638518377626577,0.0,0.015648577742446115,0.0,0.22942563421375958,0.06317672852444722
C002115,1,0.0,0.0,0.0,0.0,0.0,0.0,0.0,1.0
C002116,4,0.33600161210980134,0.0,0.516968172086031,0.0026163490091453525,0.0,0.07193265969227673,0.007485478993359725,0.06499572810938592
C002117,2,0.7963159891855737,0.06965423109458166,0.0,0.0,0.0,0.11215127876137887,0.0,0.021878500958465774
C002118,3,0.0,0.0,0.0,0.0,0.8992017355013674,0.0,0.0,0.1007982644986326
C002119,0,0.1944519359156994,0.0,0.2686146075092227,0.5085350132646758,0.0,0.0,0.0,0.02839844331040209
C002121,1,0.42524855431007563,0.0,0.0,0.11619627355372816,0.0,0.26147345423543633,0.0,0.1970817179007599
C002122,0,0.585703120248642,0.0,0.09528884371666782,0.0719895356769436,0.0,0.0,0.0,0.24701850035774653
C002124,2,0.0,0.0,0.0,0.0,0.09730823800879511,0.04584739645768684,0.0,0.8568443655335181
C002126,3,0.379968115893593,0.0,0.0,0.39032270207080294,0.013806385769334368,0.0,0.0,0.21590279626626974
C002127,2,0.03875506265311961,0.0,0.0,0.6229132439083366,0.0,0.0,0.0,0.33833169343854386
C002128,0,0.0,0.0,0.0,0.0,0.0,0.0,0.0,1.0
C002129,3,0.0,0.0,0.0,0.06763033858530332,0.27096023202119346,0.0,0.0,0.6614094293935032
C002134,2,0.05796193105029705,0.0,0.0,0.0,0.0,0.8300868254953004,0.0,0.11195124345440255
C002136,4,0.0,0.0,0.0,0.0,0.0,0.1753721060164859,0.7153518064002997,0.10927608758321439
C002138,2,0.14197228352370336,0.0,0.0,0.0,0.4877666768604981,0.2683581059289426,0.0,0.10190293368685588
C002139,3,0.0,0.0,0.0,0.0,0.0,0.692037961269958,0.0,0.307962038730042
C002142,1,0.0,0.14665065253636092,0.0,0.6145320805706983,0.0,0.0,0.0,0.2388172668929408
C002144,0,0.0,0.0,0.0,0.9197153581099232,0.0,0.0,0.0,0.08028464189007678
C002146,1,0.0,0.0,0.05800629785137612,0.0,0.0,0.1206162145618278,0.0,0.8213774875867961
C002147,2,0.0,0.0,0.23368401925866106,0.0,0.5118427766881879,0.0,0.0,0.254473204053151
C002148,2,0.0,0.0,0.0,0.0,0.1963447179555968,0.2743479545784997,0.0,0.5293073274659035
C002149,4,0.0,0.44309444062433667,0.0,0.4147957655451691,0.0,0.0,0.0,0.14210979383049427
C002150,0,0.03411641987485259,0.0,0.0,0.0,0.0,0.0,0.0,0.9658835801251474
C002151,3,0.0,0.0,0.0,0.0,0.7412131472694802,0.09198320197151774,0.0,0.16680365075900205
C002153,0,0.0,0.0,0.0,0.0,0.0,0.7883312184692357,0.0,0.2116687815307643
C002154,0,0.0,0.7955433760410817,0.0,0.0,0.037875089574378434,0.13814187144205764,0.0,0.028439662942482125
C002157,3,0.0,0.0,0.08589842086704125,0.0,0.0,0.0,0.7029805881161735,0.21112099101678528
C002158,4,0.0,0.0,0.0,0.0,0.0,0.0,0.0,1.0
C002160,2,0.0,0.037791377425398724,0.7352781708998558,0.0,0.0,0.0,0.0,0.22693045167474546
C002162,4,0.09561166288582629,0.08899505276210957,0.49889203248872116,0.0,0.0,0.0,0.0,0.316501251863343
C002163,0,0.0,0.03671568008398218,0.0,0.0,0.0,0.0,0.0,0.9632843199160178
C002165,4,0.07639230602236696,0.10629404485923608,0.0,0.0,0.0,0.406669817235265,0.0,0.4106438318831319
C002166,3,0.0,0.617567162539495,0.0,0.0,0.0,0.0,0.11645417313024468,0.2659786643302604
C002167,0,0.0,0.0,0.21121800069129693,0.0,0.0,0.0,0.0,0.7887819993087031
C002168,2,0.0,0.0777448784508023,0.0,0.2538718879591681,0.05248972462776373,0.02744940004570962,0.35429071311215876,0.23415339580439753
C002172,3,0.028844010480865562,0.0,0.0,0.0535201260666235,0.37998598175180687,0.0,0.0,0.537649881700704
C002173,4,0.17585770683157823,0.0,0.0,0.0,0.7079961824557603,0.0,0.0,0.11614611071266145
C002174,4,0.0,0.0,0.0,0.0,0.9147623411829602,0.0,0.0,0.08523765881703982
C002175,0,0.0,0.04335387536603205,0.0,0.0,0.020391909489411452,0.021530875751823015,0.4929799938760094,0.4217433455167241
C002176,0,0.0,0.0,0.0,0.06413536311207463,0.37946802044918077,0.0,0.5356428914499414,0.020753724988803235
C002177,3,0.0,0.0,0.0,0.0,0.8457435875315243,0.0,0.0,0.15425641246847566
C002183,2,0.0,0.0,0.0,0.6107617948045307,0.29220628192540593,0.0,0.0,0.09703192327006338
C002184,3,0.3851201042038988,0.17745991199815037,0.0,0.3038611421271794,0.0,0.0,0.0,0.13355884167077148
C002187,0,0.0,0.0,0.0,0.7573529097061913,0.22310573521430796,0.0,0.0,0.019541355079500722
C002188,1,0.0,0.0,0.012946379741458453,0.08905229872601413,0.0,0.0,0.0,0.8980013215325274
C002189,0,0.0,0.41349170621091885,0.0928830875759905,0.0,0.0,0.0,0.0,0.4936252062130907
C002191,2,0.0,0.647948202434254,0.07211859409815853,0.0,0.0,0.0,0.0636559700094428,0.21627723345814465
C002194,2,0.0,0.0,0.1593286815155687,0.0,0.45673357227411693,0.05490653260417156,0.09663406654112405,0.2323971470650188
C002195,3,0.0,0.5572128615585153,0.0,0.0,0.0,0.0,0.0,0.44278713844148465
C002196,4,0.0,0.6157259571525564,0.0,0.0,0.0,0.0,0.34418014588254553,0.04009389696489807
C002197,4,0.0,0.0,0.0,0.14842193010633659,0.0,0.0,0.08260512949469452,0.7689729403989689
C002198,2,0.0,0.022390511023371647,0.0,0.0,0.0,0.0,0.02444136199405133,0.953168126982577
C002199,3,0.32010652378487514,0.0,0.0,0.0993036353600778,0.0,0.06645545518763585,0.09089826570891996,0.4232361199584913
C002200,1,0.0,0.03251428947744814,0.4015084054176055,0.0,0.0,0.37735240115801705,0.1219371816854164,0.06668772226151298
C002206,1,0.3567030679141752,0.0,0.05890071103448857,0.0,0.0,0.0,0.5079658203960404,0.07643040065529583
C002212,1,0.0,0.0,0.0,0.15899955048062203,0.5965762996966414,0.0,0.0,0.24442414982273664
C002215,2,0.03442473503740264,0.0,0.0,0.0,0.2764779761570005,0.0,0.5759291851009212,0.11316810370467567
C002216,1,0.0,0.2977933636351215,0.0,0.21257477779244494,0.0,0.0,0.27707402372271933,0.21255783484971413
C002218,3,0.0,0.6618324556321237,0.0,0.0,0.05078273505210146,0.270378214406576,0.0,0.01700659490919887
C002222,2,0.10208826838520699,0.0,0.04071234825251672,0.0,0.0,0.0,0.0,0.8571993833622763
C002227,3,0.0,0.0,0.0,0.03649949508846035,0.12588306553936626,0.016685687427408925,0.7272448660496732,0.09368688589509122
C002232,0,0.17292696166405866,0.5960714631685728,0.0,0.07422538652729936,0.022702824389804047,0.0,0.0,0.13407336425026506
C002234,2,0.0,0.0,0.005255658919375022,0.0,0.017565610462519525,0.0,0.0,0.9771787306181055
C002235,2,0.0,0.8939418937046573,0.0,0.0,0.0,0.0,0.0,0.10605810629534274
C002236,1,0.0,0.13713946159034707,0.49870704240643704,0.0,0.27410991372354443,0.0,0.0,0.09004358227967146
C002238,4,0.6006000354095178,0.0,0.0,0.047899847392107134,0.0,0.0,0.08526471744078044,0.2662353997575946
C002241,0,0.2530708546112585,0.05421857612507928,0.0,0.0,0.03208699700128437,0.0,0.5671251488000956,0.09349842346228221
C002242,2,0.0,0.0,0.0,0.09224269897429034,0.17903041197861008,0.6981622798322937,0.0,0.03056460921480586
C002243,2,0.022101745698591194,0.0,0.0,0.051960080723314046,0.004164467413409529,0.12670060003966047,0.7474337070632333,0.047639399061791377
C002245,2,0.0,0.0,0.0,0.0,0.0,0.0,0.12069707491935955,0.8793029250806405
C002247,3,0.0,0.051163153389707665,0.11970356815995183,0.0,0.0,0.0,0.2921244080111772,0.5370088704391633
C002250,2,0.0,0.1462360532290073,0.28944137925850416,0.030135518008523123,0.07682882505605484,0.0,0.43055874065428323,0.0267994837936274
C002251,1,0.08538924351562244,0.0,0.0,0.0,0.0,0.7785469232531591,0.0,0.1360638332312185
C002256,4,0.13890752753796234,0.0,0.0,0.0,0.0,0.49799525587517746,0.0,0.3630972165868602
C002261,0,0.0,0.42285876085551377,0.0,0.0,0.22067728181093413,0.08863649343691889,0.0,0.26782746389663314
C002265,2,0.0,0.05090570887262735,0.0,0.0,0.0,0.0,0.0,0.9490942911273726
C002266,4,0.0,0.0,0.0,0.005100980157406263,0.8151577105779677,0.0,0.0,0.17974130926462606
C002274,0,0.0,0.0,0.0,0.14243003895410644,0.0,0.0,0.0,0.8575699610458936
C002275,0,0.1194716818061611,0.7123208970068914,0.0,0.0,0.0,0.0,0.0,0.16820742118694754
C002276,2,0.010841461899776639,0.0,0.0,0.005021369439359938,0.0,0.0,0.0,0.9841371686608634
C002277,4,0.0,0.0,0.0,0.0,0.02795077920773522,0.5423622982359471,0.0,0.4296869225563177
C002278,3,0.1838406686755641,0.0,0.0,0.0,0.0,0.0,0.7443918309470551,0.07176750037738078
C002280,2,0.0,0.0,0.0,0.0,0.0,0.0,0.0,1.0
C002281,3,0.0,0.04616728757724585,0.1141804131577813,0.0,0.0,0.0,0.0,0.8396522992649729
C002282,2,0.47323023962247146,0.09529956199984793,0.0,0.32593218449835665,0.0,0.0,0.0,0.10553801387932404
C002285,2,0.0,0.07759056258762993,0.037698953618463295,0.0,0.0,0.0,0.048417153355819594,0.8362933304380872
C002286,1,0.0,0.0,0.10214482844798979,0.0,0.06623565680983076,0.5926233893754478,0.0,0.23899612536673165
C002288,4,0.07845880382639464,0.3035041120044733,0.0,0.5822745929605864,0.0,0.0,0.0,0.03576249120854569
C002291,1,0.17494014242415912,0.09730334410157272,0.0,0.0,0.0,0.0,0.0,0.7277565134742682
C002292,1,0.0,0.23955854810670985,0.07531806855192173,0.36448439650171044,0.0,0.0,0.0,0.32063898683965797
C002293,3,0.013871692439665306,0.0,0.011890813065264787,0.0,0.0,0.6230443373109821,0.0,0.35119315718408783
C002294,0,0.0,0.6818518811597997,0.0,0.0,0.057208346761344106,0.18474193707808548,0.015187015865505403,0.06101081913526529
C002296,4,0.04223792162947823,0.17170896188820667,0.0,0.0,0.0,0.05178145771747319,0.0,0.7342716587648419
C002297,1,0.0,0.061236698724338755,0.0,0.0,0.0,0.0,0.9065364526521459,0.032226848623515325
C002299,0,0.0,0.028896159934782666,0.0,0.0,0.0,0.0,0.6495161867213953,0.321587653343822
C002300,0,0.6064545974390443,0.0,0.0,0.1536146127857569,0.0,0.1937654258227232,0.0,0.04616536395247561
C002301,2,0.0,0.11781171009766224,0.0,0.6375879997534851,0.0,0.0,0.10116925695216761,0.14343103319668504
C002303,3,0.0,0.0,0.0,0.0,0.0,0.7027654630224741,0.0,0.2972345369775259
C002304,0,0.6358134678632472,0.0,0.0,0.0,0.0,0.0,0.0,0.3641865321367528
C002307,0,0.0,0.0,0.0,0.0,0.0,0.0,0.12911705536032436,0.8708829446396756
C002310,1,0.0,0.0,0.0,0.0,0.0,0.0,0.23007780964264188,0.7699221903573581
C002311,0,0.0,0.0,0.870855672894949,0.0,0.0,0.0,0.0,0.12914432710505097
C002312,1,0.0,0.024938707908602246,0.0,0.1362231988747989,0.0,0.47976692255246634,0.0,0.3590711706641325
C002313,2,0.0,0.0,0.0,0.034452760883923614,0.0,0.05176464718915625,0.0,0.9137825919269201
C002316,3,0.0,0.7882453090822167,0.0,0.0,0.016494058668252123,0.0,0.10584319434564358,0.08941743790388756
C002318,3,0.4097612904220378,0.0,0.0,0.12719083622385605,0.0,0.0,0.0,0.46304787335410613
C002320,1,0.0,0.054977221091723275,0.2669024947652882,0.011574860394227508,0.35747576276731624,0.0,0.22947231836607387,0.07959734261537088
C002321,4,0.0,0.041384455899831675,0.0,0.02326998079576567,0.0,0.0,0.0,0.9353455633044027
C002323,0,0.6397891595474082,0.0,0.0,0.12968463215380402,0.0,0.0,0.0,0.23052620829878778
C002331,4,0.0,0.0,0.0,0.0,0.0,0.9642434080372528,0.0,0.035756591962747164
C002333,3,0.032049725025086566,0.0,0.0,0.0,0.5120758601207425,0.0,0.33632809816451903,0.11954631668965199
C002335,4,0.0,0.0,0.0,0.0,0.0,0.0,0.013149246345761425,0.9868507536542386
C002338,2,0.0,0.0,0.6419550157276869,0.0,0.0,0.0,0.106556645045435,0.2514883392268781
C002346,2,0.028689711859849,0.0,0.361618135325817,0.032104814224675704,0.0,0.0,0.0,0.5775873385896584
C002349,1,0.0,0.0,0.0,0.0,0.0,0.0,0.0,1.0
C002351,0,0.0,0.0,0.0,0.0,0.052747006929552684,0.0,0.041470867558658926,0.9057821255117884
C002353,3,0.0,0.0,0.678360874313059,0.0,0.1988395733753571,0.0,0.0,0.1227995523115839
C002354,2,0.0,0.0,0.0,0.0,0.005912967584442583,0.9644956991942772,0.0,0.02959133322128016
C002355,2,0.0,0.0,0.0,0.10556845982840388,0.4162493222365488,0.0,0.438869347749172,0.03931287018587537
C002358,4,0.0,0.0,0.07416296170761225,0.7754886224703899,0.10138653702865394,0.0,0.0,0.048961878793343905
C002360,2,0.09976611083497648,0.0,0.0,0.0,0.7829832374089036,0.0,0.0418678266356226,0.07538282512049732
C002361,1,0.2846915576052502,0.0,0.0,0.0,0.0,0.0,0.0,0.7153084423947498
C002362,0,0.12129047524716811,0.30901573966266144,0.0,0.4134632004364076,0.0,0.0,0.0,0.15623058465376283
C002363,3,0.0,0.0,0.15777809150236113,0.4992798543173356,0.05078223588654351,0.025242618133603147,0.0,0.2669172001601565
C002365,1,0.0,0.0,0.0,0.0,0.6951498785368836,0.053739164039360666,0.03713156918210306,0.21397938824165275
C002366,2,0.34899645480175306,0.0,0.10930241240373186,0.0,0.2857440814853327,0.0,0.0,0.25595705130918245
C002367,1,0.0,0.0,0.0,0.6634973459500257,0.0,0.0,0.28564313315636497,0.050859520893609345
C002368,2,0.5098838602645663,0.0,0.0,0.0,0.45973730554920955,0.0,0.0,0.030378834186224113
C002370,4,0.0,0.0,0.0,0.0,0.9144615341196407,0.0,0.0,0.0855384658803593
C002371,4,0.019413140938522797,0.0,0.0,0.0,0.020248172345080213,0.0,0.0,0.960338686716397
C002372,4,0.03604332578018009,0.0,0.0,0.0,0.07755585710453987,0.7979786224950446,0.0,0.08842219462023548
C002373,0,0.029146221360539827,0.0,0.17195826253032007,0.0,0.39000543539209404,0.005038134865264689,0.11389293741720469,0.28995900843457667
C002375,3,0.0,0.0,0.0,0.8806982219189742,0.0,0.0,0.0,0.11930177808102582
C002376,1,0.0,0.476721232134671,0.004104642253863555,0.0,0.0,0.004185000559322196,0.41943166136735444,0.0955574636847889
C002378,4,0.0,0.04421212735232585,0.0,0.0,0.0,0.0,0.1567915659713668,0.7989963066763074
C002379,2,0.0,0.0,0.0,0.0,0.0,0.6441757671616862,0.020672435007654408,0.3351517978306594
C002380,1,0.0,0.0,0.0,0.6794473046037901,0.014438163149128014,0.0,0.0,0.30611453224708185
C002382,2,0.0,0.0,0.0,0.030560735640998923,0.0,0.38624722617240786,0.0,0.5831920381865932
C002386,4,0.0,0.0,0.1614502789687423,0.0,0.0,0.0,0.0,0.8385497210312577
C002388,0,0.0,0.29204554268366806,0.0,0.0,0.0,0.5564501498456542,0.0,0.15150430747067767
C002389,1,0.029803748234756927,0.0,0.04729470956049959,0.48442966022908196,0.0,0.0,0.0,0.43847188197566156
C002394,2,0.0,0.0,0.0,0.28394393559222564,0.11175938083683827,0.0,0.5464816429774628,0.0578150405934732
C002395,0,0.1942200229596956,0.08513686748100122,0.0,0.0,0.06312673092951758,0.33195158973801675,0.26717874011712084,0.058386048774648036
C002397,0,0.0,0.0,0.8893735304872653,0.0,0.0,0.0,0.0,0.1106264695127347
C002398,4,0.39118876173809175,0.0,0.0,0.0,0.0,0.37716863607612217,0.0,0.23164260218578603
C002399,2,0.0,0.0,0.0,0.7882805538708075,0.0,0.0,0.0,0.21171944612919247
C002401,1,0.26712393755081315,0.0,0.0,0.0,0.0,0.0,0.5787143104445395,0.15416175200464743
C002402,3,0.0,0.0,0.06526414386272306,0.0,0.0,0.0,0.0,0.9347358561372769
C002404,2,0.0,0.4004834825658626,0.0,0.0,0.0,0.0,0.0,0.5995165174341375
C002405,2,0.4816813029376187,0.0,0.021938211970511698,0.48502374188363967,0.0,0.0,0.008866058840774555,0.0024906843674554757
C002406,2,0.0,0.02316717654268407,0.0,0.017878223557375963,0.0,0.633862039598141,0.0,0.3250925603017989
C002413,4,0.0,0.0,0.13971219967245202,0.0,0.06340941889847457,0.0,0.0,0.7968783814290734
C002414,1,0.0,0.0,0.0,0.0,0.0,0.0,0.0,1.0
C002419,2,0.0,0.0,0.0,0.7056335725945245,0.0,0.0,0.1943435481041262,0.10002287930134923
C002421,4,0.19077284586376012,0.0,0.0,0.0,0.0,0.08464260843843376,0.6792276159042775,0.045356929793528566
C002424,1,0.0,0.0,0.0,0.0,0.6601471000059879,0.0,0.0,0.33985289999401214
C002426,1,0.0,0.0,0.0,0.0,0.0,0.0,0.49867121367140943,0.5013287863285906
C002428,0,0.0,0.0,0.0,0.0,0.0,0.0,0.829932438078208,0.17006756192179195
C002429,4,0.0,0.0,0.6817880318856353,0.07650224922161886,0.21779263430216347,0.0,0.0,0.023917084590582394
C002430,4,0.0,0.428776662089098,0.0,0.025316370641588093,0.025255859807602775,0.0,0.0,0.5206511074617112
C002431,1,0.9286112636817209,0.0,0.0,0.0,0.0,0.0,0.0,0.07138873631827913
C002438,3,0.0,0.0,0.09991204194300315,0.7059176155017926,0.040894465814277366,0.0,0.005100239904434725,0.14817563683649215
C002439,3,0.06849671238067959,0.0,0.043119533192820796,0.0,0.0,0.029520640532089,0.5311814115970153,0.32768170229739535
C002441,3,0.0,0.013413766384734405,0.556647377087046,0.0,0.0,0.26767261609872656,0.0,0.162266240429493
C002442,1,0.0,0.5314915924407658,0.0,0.1328224900798325,0.0,0.2843592470948664,0.0,0.05132667038453531
C002448,2,0.0,0.1770068951758367,0.0,0.00994140037014199,0.0,0.0,0.0,0.8130517044540213
C002449,3,0.0,0.0,0.0,0.0,0.0,0.9108925972955559,0.020709702294629616,0.06839770040981441
C002450,3,0.027150858286844746,0.06437829383934718,0.03147353929025347,0.0,0.0,0.0,0.0,0.8769973085835546
C002451,0,0.0,0.0,0.25921314338782014,0.031121869702246625,0.0,0.5587342545689901,0.0,0.15093073234094323
C002452,1,0.0,0.015279202618075924,0.6522831261251736,0.15865155578033932,0.0,0.12242990800337968,0.0,0.05135620747303149
C002456,4,0.0,0.0,0.0,0.06352500197538057,0.0,0.6452062894897808,0.0,0.29126870853483866
C002457,3,0.698459018723573,0.20270401937286114,0.0,0.0,0.0,0.0,0.0,0.09883696190356583
C002458,0,0.0,0.0,0.7500945601110173,0.0,0.0,0.0,0.0,0.24990543988898273
C002460,2,0.06077544015548604,0.0,0.09168012394587491,0.0,0.0,0.0,0.0,0.847544435898639
C002461,2,0.0,0.0,0.3595778580685459,0.0,0.0,0.09702234596779837,0.2119240627884032,0.3314757331752525
C002462,2,0.0,0.0,0.0,0.6971832634989741,0.0,0.12452111695218095,0.0,0.17829561954884499
C002463,4,0.26287331733999997,0.04845944457164199,0.043236585875544895,0.002738626883154361,0.06206293931822345,0.3984357110918877,0.0,0.18219337491954768
C002474,1,0.0,0.0,0.0,0.8277817001622855,0.0,0.0,0.1564886504938132,0.01572964934390131
C002476,0,0.0,0.8751554642666147,0.0,0.0,0.0,0.0,0.0,0.12484453573338528
C002479,4,0.0,0.0,0.0,0.04934871536321672,0.0,0.0,0.0,0.9506512846367833
C002485,3,0.0,0.477147006771816,0.0,0.0,0.0,0.0,0.056813591551172715,0.4660394016770113
C002488,2,0.0,0.0,0.0,0.0,0.03914164299083234,0.0,0.0,0.9608583570091677
C002490,3,0.0,0.1796666215352143,0.5627946324041113,0.0,0.0,0.017570435169582052,0.21776430798295757,0.022204002908134846
C002491,2,0.44312529586078797,0.0,0.0,0.1350395536870077,0.0,0.0,0.3001027897325761,0.12173236071962823
C002492,2,0.0,0.0,0.0,0.4826575114420611,0.0,0.0,0.3636820044986651,0.1536604840592738
C002493,3,0.0,0.0,0.28543238907121005,0.0,0.0,0.0,0.0,0.71456761092879
C002495,0,0.31932705245403703,0.0,0.0,0.6591888510087255,0.007741328887156366,0.0,0.003088526565763744,0.01065424108431734
C002498,3,0.0,0.0,0.0,0.8462839654029551,0.0,0.0,0.0,0.15371603459704486
C002499,2,0.1203880212991443,0.0,0.010394474369334196,0.37092427015196094,0.05860799155086949,0.26102664271315257,0.0,0.17865859991553845
C002500,3,0.0,0.3369783379717227,0.0,0.0,0.0,0.11567093696316341,0.0,0.5473507250651138
C002501,1,0.047967450975614216,0.0,0.0,0.0,0.17355001000700138,0.04284506269662017,0.023068561961228005,0.7125689143595362
C002503,0,0.0,0.0,0.0,0.04362682663970694,0.05742816207293038,0.04792487493324857,0.0,0.8510201363541141
C002512,1,0.33890822664699743,0.1687952506212856,0.0,0.0,0.13295792528768036,0.0,0.2670210640651924,0.09231753337884419
C002514,2,0.0,0.012208479934878825,0.6947006095321071,0.03663827959946452,0.0,0.0,0.0,0.25645263093354953
C002516,3,0.0,0.0,0.0,0.0,0.0,0.6930627757836128,0.0,0.30693722421638725
C002519,4,0.0,0.0,0.0,0.0,0.0,0.0,0.8856670001095209,0.11433299989047907
C002522,0,0.0,0.0,0.0,0.0,0.23923475858704277,0.6261788256790818,0.0,0.13458641573387542
C002523,2,0.0,0.05973387901071048,0.39474542613940783,0.0,0.32729961767711824,0.21127723960947906,0.0,0.006943837563284427
C002526,4,0.0,0.06372135249554961,0.0,0.312091994346799,0.2857127139442331,0.2657002757080562,0.0362304774123429,0.03654318609301921
C002527,1,0.11252512118990274,0.0,0.0,0.0,0.0,0.0,0.030165500901059447,0.8573093779090378
C002528,0,0.20850845367198825,0.053422326942969736,0.0,0.08863138717035106,0.2824877577233118,0.03741641638026234,0.11652743786549048,0.21300622024562632
C002530,2,0.24537004328324283,0.0,0.6419236127147163,0.0,0.0,0.07456241906511933,0.0,0.038143924936921536
C002531,2,0.0,0.0,0.0,0.46475060795079753,0.39609644777381825,0.0,0.0,0.13915294427538427
C002533,2,0.0,0.0,0.0,0.0,0.0,0.0,0.0,1.0
C002534,4,0.4378477559507086,0.3299033937019321,0.010274954847556054,0.0,0.0,0.0,0.2204850676028541,0.001488827896949152
C002539,1,0.0,0.0,0.0,0.0,0.0,0.0,0.15226438121728103,0.847735618782719
C002541,0,0.0,0.012829752392761906,0.106068601750566,0.0,0.0,0.8379052173642417,0.0,0.04319642849243033
C002542,0,0.0,0.0,0.0,0.0,0.0,0.0,0.9833783920618511,0.01662160793814893
C002544,2,0.0,0.0,0.0,0.1489446072639789,0.0,0.3680619204202548,0.06698975182849387,0.4160037204872724
C002548,1,0.0,0.09086399183172336,0.4173814544884608,0.0,0.0,0.43298756575248476,0.0,0.05876698792733104
C002550,2,0.0,0.0,0.004183879380431201,0.0,0.0,0.8489549213435632,0.0,0.1468611992760056
C002553,3,0.0,0.0,0.8209804753772031,0.0,0.04674337747716933,0.0,0.0,0.13227614714562763
C002555,0,0.0,0.21436335766221506,0.6877612600741018,0.0,0.0,0.0,0.0,0.0978753822636832
C002559,0,0.0,0.0,0.4897337421437756,0.0,0.0,0.0,0.0,0.5102662578562245
C002563,4,0.0,0.04123776737812097,0.7688814638497147,0.0,0.020150234931754732,0.0,0.0,0.1697305338404096
C002564,4,0.6393870223393445,0.0,0.018633450287808738,0.07169307967525922,0.0,0.0,0.010717649114556974,0.2595687985830306
C002566,3,0.0,0.0,0.044279100190211425,0.7626541039145956,0.0,0.0,0.03968156425829064,0.15338523163690232
C002567,2,0.0771359277319661,0.0,0.0,0.0,0.08558864806115653,0.0,0.0,0.8372754242068774
C002569,4,0.0,0.5575109558691652,0.008734019328283604,0.15737344715765353,0.0,0.0140392354631492,0.16138019528023098,0.1009621469015175
C002571,3,0.7469757650229802,0.0,0.0,0.0,0.1408362843582232,0.0,0.0,0.1121879506187966
C002573,2,0.0,0.04021165483004581,0.48649285838242046,0.12636710330374393,0.0,0.0,0.0,0.34692838348378985
C002581,1,0.048006130450635724,0.0,0.31062596669149206,0.0,0.0,0.015276207233515303,0.5943663285586854,0.03172536706567142
C002585,1,0.0,0.10177126451089799,0.07057838510330472,0.0,0.0,0.0,0.09729986004534599,0.7303504903404513
C002587,1,0.0,0.0,0.0,0.13333917145954066,0.6360884476889747,0.2192250430892716,0.0,0.011347337762213083
C002590,1,0.0,0.0,0.055646992374072675,0.7791029987954072,0.0,0.0,0.006298758706037607,0.15895125012448252
C002594,4,0.0,0.0,0.0,0.13719843852561245,0.8347499997042104,0.0,0.0,0.028051561770177202
C002595,2,0.0,0.0,0.0,0.7511414321760108,0.0,0.0,0.0,0.24885856782398919
C002599,1,0.0,0.0,0.0,0.3355583835147325,0.0,0.14694976025120404,0.0,0.5174918562340635
C002606,0,0.06359758630192457,0.0,0.1011072587352517,0.0,0.4727308785395112,0.0,0.0,0.36256427642331257
C002608,1,0.06625909228422307,0.4929305459823017,0.0,0.0,0.0,0.0,0.0,0.4408103617334752
C002610,4,0.0,0.05583165766694853,0.3257660794883294,0.5918555832531663,0.0,0.0,0.0,0.026546679591555655
C002611,1,0.0,0.6196841300866881,0.0,0.08348432943923095,0.026686958539021442,0.0,0.0,0.2701445819350594
C002612,0,0.0,0.0,0.0,0.2862332073613916,0.03735159787306662,0.0,0.0,0.6764151947655418
C002615,1,0.0,0.0,0.0,0.0,0.7878783871400495,0.0,0.15818696330538487,0.05393464955456562
C002617,0,0.01933832113295025,0.010680053886178428,0.0,0.0,0.0,0.0,0.0348341199600068,0.9351475050208645
C002620,0,0.0,0.0,0.0,0.07104031016965119,0.06508613543908685,0.8149587895227801,0.0,0.048914764868481786
C002621,2,0.0,0.1319669952049683,0.1830633497200989,0.22061618832842816,0.0051308448301233605,0.0,0.32875056838880007,0.13047205352758118
C002622,1,0.5794690356081272,0.07107221957338215,0.0,0.0,0.0,0.0,0.26927128180230286,0.08018746301618773
C002623,4,0.0,0.0,0.2718489534047189,0.4011831872456415,0.0,0.0,0.23435729213970238,0.09261056720993732
C002625,0,0.0,0.8667694009879704,0.08115119069517072,0.0,0.0,0.0,0.0,0.052079408316858866
C002626,3,0.0,0.0,0.6981471754399059,0.0,0.0,0.064935407693914,0.0,0.23691741686618006
C002627,4,0.0,0.053708795579742466,0.0,0.0,0.0,0.0,0.5182177365711675,0.42807346784908995
C002628,2,0.0,0.0,0.0,0.0,0.8579936710337382,0.0,0.0,0.14200632896626175
C002629,0,0.17046208978039895,0.0,0.0,0.0,0.0,0.0,0.0499597498607109,0.7795781603588902
C002634,4,0.030273134239395913,0.0,0.0,0.0,0.012751532973597922,0.10273131748965032,0.0,0.8542440152973558
C002635,3,0.0,0.93709001902531,0.0,0.0,0.0,0.0,0.0,0.06290998097469003
C002636,3,0.0,0.0,0.01278297510405098,0.0208499818751569,0.0,0.1139194869159898,0.014497872446454872,0.8379496836583474
C002637,3,0.0,0.551961201133996,0.0,0.2533445328825801,0.07745828688745153,0.0,0.0,0.11723597909597239
C002638,4,0.2636159084575052,0.0,0.1625718404845925,0.0,0.0,0.0,0.42296663930079326,0.1508456117571091
C002642,1,0.25612351404678324,0.19950880396782103,0.0,0.269734615313507,0.0,0.24652249087644595,0.0,0.02811057579544285
C002643,3,0.0,0.0,0.0,0.0,0.06556412684327506,0.0,0.0,0.9344358731567249
C002644,0,0.0,0.048995536471458045,0.0,0.0,0.0,0.0,0.0,0.951004463528542
C002647,2,0.0,0.0,0.0,0.8291538371103849,0.04001802638678271,0.0,0.0,0.13082813650283232
C002649,2,0.0,0.0,0.0,0.0,0.0,0.6513431075204078,0.0,0.3486568924795922
C002650,2,0.0,0.0,0.0,0.0,0.0,0.0,0.206989126064282,0.793010873935718
C002653,2,0.0,0.0,0.0,0.0,0.3587363277763518,0.5996933420403188,0.0,0.04157033018332945
C002655,3,0.0,0.0,0.0,0.0,0.7195564085973358,0.20391633236680745,0.0,0.07652725903585678
C002656,2,0.0,0.0,0.0,0.2147425971984552,0.008421946989782124,0.665178039580834,0.0,0.11165741623092873
C002657,2,0.0,0.0,0.0,0.11344504623788391,0.6705137713583138,0.0,0.0,0.21604118240380232
C002660,2,0.10501717986453238,0.5730087757976886,0.0,0.029412648284517798,0.0,0.0,0.0,0.29256139605326115
C002663,1,0.0,0.0,0.0,0.0,0.0,0.0,0.7081870482460711,0.29181295175392885
C002665,2,0.023813932164872025,0.05232068280031588,0.06352654946618316,0.0,0.33924963424938714,0.0,0.0,0.5210892013192419
C002666,0,0.10755541465863985,0.0,0.20831473978683226,0.16911184820063158,0.0,0.0,0.0,0.5150179973538963
C002667,1,0.0,0.7207767653031573,0.0,0.0,0.0,0.0,0.0,0.27922323469684274
C002668,1,0.025102439634730328,0.0,0.0,0.018032301021353152,0.027418746457252455,0.3473663095420936,0.0,0.5820802033445704
C002671,0,0.0,0.41684799529554345,0.0,0.0,0.01829023389240533,0.08345372395758534,0.0,0.4814080468544659
C002677,1,0.35845731344341986,0.05666535636692575,0.0,0.0,0.3436232557094804,0.0,0.0,0.241254074480174
C002678,4,0.0,0.0,0.0,0.8536009757458687,0.024536997729144416,0.0,0.0,0.1218620265249869
C002680,2,0.4395597591341894,0.5290992578300766,0.001824360546919367,0.0,0.0,0.0,0.0,0.029516622488814703
C002683,4,0.0,0.0,0.0,0.02604411903224087,0.0,0.023596179972509446,0.0237822668576535,0.9265774341375962
C002686,3,0.0,0.6702331351745118,0.0,0.12226862222009008,0.0,0.10822874714026236,0.0,0.09926949546513586
C002687,4,0.30250970230684604,0.0,0.0,0.0,0.0,0.4652893250584744,0.0,0.23220097263467954
C002688,1,0.0,0.0,0.0,0.20855183083789525,0.0,0.0,0.681216765297925,0.11023140386417984
C002689,2,0.01718014311890299,0.28260712825895684,0.0,0.0,0.6486096600249197,0.0,0.0,0.051603068597220414
C002692,0,0.06278396594008152,0.0,0.0266718646625458,0.0,0.0,0.050908248624686334,0.0,0.8596359207726864
C002694,0,0.0,0.15494779150812343,0.0,0.0,0.0,0.6693556839033576,0.10566018400982126,0.07003634057869768
C002696,0,0.0,0.42881475194940427,0.0,0.1050499209612337,0.0,0.0,0.0,0.466135327089362
C002697,2,0.0,0.0,0.2645437729879513,0.5420705129184937,0.0,0.0,0.0,0.19338571409355498
C002698,4,0.0,0.0,0.0837550828566771,0.0,0.0,0.0,0.0,0.9162449171433229
C002699,3,0.5365211480852105,0.0,0.0,0.26821767987185263,0.13129782932118703,0.0,0.0,0.06396334272174986
C002700,0,0.0824965669358578,0.0,0.0,0.03842307047001502,0.0,0.12950375507800785,0.03920803597514188,0.7103685715409774
C002703,2,0.0,0.0,0.037002068820635725,0.0,0.0,0.0,0.0,0.9629979311793643
C002705,1,0.7717723627743568,0.0,0.0,0.0,0.0,0.0,0.0,0.2282276372256432
C002707,3,0.545558713911218,0.0,0.0,0.04623026824814716,0.0,0.0,0.0,0.40821101784063485
C002714,4,0.26100052668060725,0.6820165730646323,0.0,0.0,0.01921741297034474,0.0,0.01438257411668708,0.02338291316772867
C002715,2,0.27297655668854576,0.44917626149144685,0.08795814488388143,0.02730856687651508,0.0,0.011148913427493216,0.03953088158495196,0.11190067504716572
C002719,1,0.2793586741209943,0.0,0.0,0.007980550449151264,0.5272017681218719,0.044745770232161586,0.12729400783972905,0.013419229236091734
C002720,2,0.0,0.6156228238638177,0.11869041681517765,0.0,0.0,0.029464961161838665,0.0,0.23622179815916589
C002721,3,0.0,0.0,0.0,0.0,0.19171579705256248,0.0,0.0,0.8082842029474375
C002725,1,0.0,0.45631811557877344,0.0,0.16723999756446412,0.21430044160501718,0.0,0.0,0.16214144525174534
C002729,4,0.038145039353317096,0.0,0.08088627359371245,0.0,0.0,0.0,0.049273408611445885,0.8316952784415246
C002731,4,0.0,0.03947702642031198,0.0,0.04746625668476923,0.026499836718645805,0.0,0.02983233054174302,0.8567245496345299
C002733,3,0.0,0.0,0.0,0.37816396166100125,0.11729853796409265,0.4603263263162845,0.0,0.044211174058621516
C002734,0,0.05433050931809172,0.0,0.0,0.0,0.3917594778620605,0.32406816450407283,0.0,0.22984184831577492
C002736,1,0.0,0.0,0.7652341060905299,0.0,0.0,0.07816261102318746,0.0,0.15660328288628267
C002737,1,0.0,0.0,0.30019001578880955,0.08572462693458811,0.3727586103702988,0.0,0.0,0.24132674690630362
C002738,2,0.12553380137264197,0.7423137998466669,0.0,0.0,0.07975170728494586,0.0,0.0,0.05240069149574533
C002739,2,0.0,0.0,0.0,0.0,0.592945002750248,0.0,0.0,0.407054997249752
C002740,1,0.011030107483078425,0.5731897570001028,0.0,0.0,0.0,0.11405211983713967,0.0,0.3017280156796791
C002742,1,0.04104553557587616,0.0,0.0,0.4074301403905634,0.0,0.0921334747568837,0.44207918589560813,0.017311663381068598
C002746,3,0.0,0.0,0.0,0.08851396566959618,0.0,0.0,0.5921358445547192,0.3193501897756845
C002747,0,0.8768789990021459,0.0,0.0,0.0,0.0,0.0,0.0,0.12312100099785406
C002749,2,0.0,0.0,0.0,0.4620332343645523,0.0,0.0,0.20910360607811057,0.32886315955733714
C002751,2,0.0,0.0,0.0,0.07422818935874353,0.0,0.0,0.0,0.9257718106412565
C002753,4,0.0,0.0,0.0,0.527915530004186,0.0,0.32282057543434933,0.0,0.1492638945614646
C002755,0,0.0,0.06531811715600926,0.0,0.34448715829696114,0.030713394211730683,0.0,0.06207893645969555,0.49740239387560337
C002757,4,0.0,0.08929229416795827,0.0,0.13073268967690943,0.7459430799862697,0.0,0.0,0.034031936168862575
C002758,2,0.0,0.0,0.0,0.0,0.0,0.0,0.0,1.0
C002760,4,0.0,0.0,0.0,0.0,0.3186977762306906,0.5550864877628319,0.007161401707449296,0.11905433429902823
C002762,4,0.4668325981230269,0.0,0.027829386924057693,0.0,0.0,0.0,0.41176506121782686,0.09357295373508856
C002764,1,0.0,0.0,0.1298197776046899,0.0,0.23244099771191262,0.5808788656059107,0.0,0.056860359077486766
C002767,3,0.0,0.0,0.7122958050760271,0.0,0.0,0.0,0.2564787839791965,0.031225410944776488
C002768,3,0.0,0.0,0.0,0.0,0.0,0.0,0.03486811317591576,0.9651318868240842
C002769,4,0.04559499987814602,0.0,0.4708055658235451,0.06385700501023521,0.0,0.0,0.0,0.4197424292880737
C002771,4,0.30964745925214143,0.0,0.6170430624363512,0.0,0.0,0.05436721492541706,0.0,0.018942263386090286
C002772,0,0.0,0.22092532751613947,0.0,0.0,0.023317073526267423,0.0,0.0,0.7557575989575931
C002773,2,0.0,0.0,0.21077641155245294,0.7070476807341332,0.07894197982229094,0.0,0.0,0.0032339278911229785
C002775,2,0.0,0.7820448618453638,0.027945336169106594,0.012235744990625541,0.0,0.0,0.0,0.17777405699490412
C002779,2,0.6163955870057275,0.0,0.0,0.023012377317832323,0.0,0.057513864431901485,0.22787814259639205,0.07520002864814668
C002780,3,0.0,0.8022182882910498,0.0,0.0,0.0,0.0,0.0,0.1977817117089502
C002786,1,0.0,0.7954571900562936,0.0,0.0,0.0,0.0,0.0,0.20454280994370644
C002788,1,0.17490669321240523,0.0,0.0,0.0,0.44800793990431176,0.31362366707058953,0.0,0.06346169981269345
C002793,4,0.0,0.0,0.0,0.0,0.0,0.19363882110630745,0.6757526995054828,0.13060847938820974
C002794,2,0.0,0.0,0.07388406063682616,0.0,0.0,0.504669123934016,0.0,0.42144681542915785
C002795,4,0.4477597886842054,0.0,0.0,0.0,0.0,0.06060294556306972,0.0,0.4916372657527248
C002796,3,0.0,0.0,0.0,0.0,0.8614655902694719,0.0,0.0,0.1385344097305281
C002798,0,0.0,0.0,0.43743207159961345,0.06588887644428633,0.21250882081130407,0.0,0.0,0.2841702311447961
C002800,1,0.028879479402553865,0.0,0.6165020961261333,0.0,0.0,0.0,0.0,0.35461842447131287
C002801,4,0.027547858697556715,0.021241606885257096,0.010725761229206042,0.046602531913587875,0.010580853657086673,0.5813316748422077,0.0,0.3019697127750979
C002802,4,0.0,0.035226408952432835,0.03497040238035087,0.612597384669915,0.0,0.0,0.1522770871610351,0.1649287168362663
C002804,0,0.025825871242514745,0.0,0.10043204089547252,0.0,0.0,0.08379777351708464,0.0,0.7899443143449281
C002805,3,0.0,0.0,0.0,0.0,0.0,0.0,0.0,1.0
C002808,2,0.0,0.12885959020934645,0.0,0.0,0.0,0.0,0.0,0.8711404097906535
C002809,4,0.0,0.0,0.0,0.7763653262883177,0.0,0.0,0.0,0.22363467371168233
C002810,0,0.0,0.0,0.0,0.17308439935888795,0.0,0.0,0.6671402686917659,0.15977533194934612
C002812,0,0.23931940209046604,0.0,0.1882405090126825,0.0,0.0,0.45950070151644806,0.0,0.11293938738040343
C002813,4,0.26824629076324163,0.0,0.0,0.5180542225873143,0.0,0.0,0.0,0.21369948664944416
C002814,4,0.0,0.07602939451090156,0.0,0.0,0.6618378907364503,0.0,0.0,0.2621327147526482
C002816,2,0.0,0.0,0.03914122043173823,0.0,0.5382634396505719,0.037643173860932945,0.0,0.38495216605675686
C002817,1,0.0,0.6250768712887245,0.0,0.0,0.22207630188864802,0.0,0.0,0.1528468268226275
C002820,3,0.3044780940315189,0.0,0.0,0.0,0.0,0.48199934355319335,0.0,0.21352256241528778
C002821,2,0.0923752732523077,0.39774081340380774,0.0,0.05633173882416287,0.0,0.37294883452037686,0.0,0.08060333999934488
C002822,4,0.3977972530666479,0.10102326177541657,0.0,0.0,0.0,0.0,0.0,0.5011794851579355
C002826,2,0.0,0.0,0.0,0.20319925568625008,0.0,0.21626679082697828,0.5475104530003244,0.0330235004864472
C002829,2,0.05036755384150185,0.0,0.0,0.29858358061124446,0.0,0.39003791930273574,0.0,0.26101094624451804
C002834,2,0.0,0.0,0.0,0.0,0.3360904372220209,0.0,0.5504663409273554,0.11344322185062372
C002836,0,0.0,0.0,0.563348106186142,0.0,0.0,0.0,0.3062657224594067,0.1303861713544514
C002838,0,0.01649056683197597,0.0,0.0,0.0,0.15306649726595462,0.5693974503090232,0.057776751575475155,0.20326873401757106
C002839,1,0.0,0.0,0.0565071098109586,0.0,0.0,0.11082223115146589,0.3897686195116611,0.44290203952591445
C002840,2,0.0,0.15427961965632322,0.0,0.0,0.0,0.03511053347113802,0.0,0.8106098468725388
C002842,1,0.0,0.0,0.0,0.0,0.0,0.04512290277529463,0.0,0.9548770972247054
C002843,3,0.4925952022964989,0.10904871826730864,0.0,0.0234906372056939,0.0,0.092470918021914,0.21394369515480374,0.06845082905378086
C002844,4,0.5817596614733537,0.0,0.0,0.0,0.3312131890560792,0.0,0.0,0.08702714947056711
C002846,2,0.0,0.0,0.0,0.0,0.0,0.0,0.0,1.0
C002847,4,0.0,0.0,0.0,0.0,0.0,0.6836314023141878,0.0,0.31636859768581216
C002849,1,0.0,0.0,0.4265768369430067,0.0,0.15140591639749124,0.016919811947499006,0.0,0.405097434712003
C002851,3,0.0,0.0,0.0,0.0,0.08993891367326763,0.0,0.01776538460203474,0.8922957017246976
C002852,3,0.0,0.0,0.08550690036971244,0.5265055010271094,0.05581041429909784,0.26220449594722844,0.0,0.06997268835685189
C002853,2,0.0,0.0,0.4832018700988183,0.4164894570285604,0.029582720912865994,0.0,0.0,0.07072595195975528
C002855,4,0.08135811520131125,0.37869931093058684,0.0,0.32034585192143866,0.0,0.0,0.0,0.21959672194666324
C002856,1,0.0,0.0,0.030113047060162088,0.0,0.05749370837770821,0.09728100896956689,0.7572856606126641,0.05782657497989874
C002859,2,0.28064657245153524,0.6474389993825622,0.0,0.0,0.0,0.028402727254985872,0.039208989211696244,0.004302711699220474
C002861,4,0.0,0.0,0.0,0.044696628449647946,0.0,0.0,0.0,0.955303371550352
C002862,4,0.0,0.21134397042644554,0.00566142610812651,0.0,0.5271066804261759,0.18918208509873782,0.0,0.06670583794051421
C002863,2,0.0,0.0,0.0,0.0,0.0,0.0,0.0,1.0
C002866,4,0.0,0.4279147012784129,0.08649133473995156,0.0,0.2744454101941468,0.0,0.0,0.21114855378748876
C002869,2,0.0,0.1139028420054254,0.0,0.39938986406652033,0.13479528119905196,0.0,0.22184370823538813,0.13006830449361417
C002870,0,0.5371113941835418,0.0,0.0,0.0,0.0,0.0,0.37798544828909336,0.08490315752736488
C002871,3,0.0,0.0,0.724917951928724,0.10179405209504931,0.0,0.09032407485329069,0.0,0.08296392112293605
C002876,2,0.0,0.0,0.1324458775623576,0.0,0.0,0.0,0.0,0.8675541224376424
C002877,4,0.0,0.08119877479036967,0.0,0.5452367762868762,0.3625862769977616,0.0,0.0,0.010978171924992619
C002879,2,0.19888654013466614,0.0,0.1672323940928291,0.0,0.0,0.119386315955537,0.40602518793435827,0.10846956188260948
C002880,3,0.07204962748163124,0.0,0.0,0.0,0.0,0.0,0.0,0.9279503725183688
C002883,0,0.0,0.07264777873352378,0.39035980079713206,0.17523926777196117,0.09336763836567585,0.0,0.0,0.2683855143317071
C002884,1,0.0,0.023713982702813934,0.10474908265478604,0.0,0.09901512195382695,0.7321283225341824,0.0,0.040393490154390754
C002885,2,0.0,0.0,0.8224608325783402,0.0,0.0,0.0,0.0,0.17753916742165976
C002889,1,0.0,0.0,0.0,0.09323655199416389,0.5071660292657453,0.2540663373266531,0.0,0.14553108141343762
C002890,1,0.09395381533214096,0.0,0.0,0.025629450201152423,0.0,0.8567518662737386,0.0038547769381777034,0.019810091254790385
C002891,4,0.20935456331460434,0.1073388463317651,0.6106113860511978,0.0,0.0,0.0,0.0,0.0726952043024327
C002892,1,0.0,0.6452157706787653,0.0,0.0,0.0,0.0,0.0,0.35478422932123466
C002894,2,0.0,0.0,0.0,0.0,0.0,0.0,0.0,1.0
C002895,4,0.7011733567428474,0.0,0.0,0.0,0.0,0.0,0.0,0.2988266432571526
C002896,0,0.0,0.4318103014140269,0.0,0.0,0.20883010810575578,0.0,0.0,0.3593595904802174
C002898,1,0.0,0.3141133456059097,0.0,0.49694128004088445,0.06848915842587198,0.09792706579649783,0.0,0.022529150130836118
C002899,4,0.0,0.0,0.030416030432261154,0.0,0.0,0.0,0.0,0.9695839695677388
C002900,0,0.0,0.0,0.0,0.0,0.33642725108741955,0.65906373142598,0.0,0.004509017486600486
C002902,4,0.0,0.0,0.7616699433425077,0.0,0.17064287002406592,0.0,0.0,0.06768718663342632
C002903,1,0.315063149463857,0.0,0.055718666164864476,0.0,0.0,0.07864499424125723,0.0,0.5505731901300213
C002907,2,0.0,0.0,0.0,0.0,0.02093020001015106,0.0,0.09144982231712012,0.8876199776727288
C002908,4,0.0,0.48000009614401307,0.011736329093760562,0.0,0.4628469971181664,0.01344137165785803,0.0,0.03197520598620196
C002909,1,0.0,0.0,0.05710037305222293,0.0,0.0,0.0,0.0,0.9428996269477771
C002910,4,0.0,0.0,0.0,0.0,0.0,0.0,0.7648572847911036,0.2351427152088964
C002912,1,0.0,0.011869444968031235,0.7029219982447832,0.0,0.0,0.1895275132173068,0.0,0.09568104356987883
C002913,2,0.09810189764987376,0.10495412754152986,0.0,0.06924254403656817,0.0,0.0,0.0,0.7277014307720282
C002916,0,0.0,0.0,0.16973772376706545,0.0,0.006922216500952641,0.022062134496727177,0.6639697953232402,0.13730812991201458
C002918,2,0.0,0.0,0.0,0.10419174690964242,0.0,0.0,0.584738415286936,0.31106983780342157
C002919,1,0.07237824580527902,0.05222261174286278,0.0,0.0,0.0,0.0,0.25813070834502855,0.6172684341068296
C002920,4,0.15208597416489952,0.030746036869932002,0.0,0.0,0.7609978509178612,0.0,0.0,0.056170138047307305
C002924,1,0.0,0.0,0.08432087200465009,0.0,0.028274419852784186,0.4990723376357602,0.0,0.3883323705068056
C002926,3,0.0,0.03552445228175876,0.0,0.0,0.032057712285094415,0.056509651159663644,0.0,0.8759081842734832
C002927,3,0.0,0.8301726395731671,0.0,0.0,0.08567729586308559,0.0,0.0,0.0841500645637473
C002928,0,0.0,0.0,0.0,0.0,0.0,0.6606032660583578,0.0,0.33939673394164216
C002931,4,0.11533025681198414,0.3772604494706253,0.29821454589884483,0.0,0.1796682429488891,0.0,0.0,0.029526504869656467
C002932,3,0.0,0.0,0.0,0.7402693474903408,0.05963754615379893,0.0,0.0,0.2000931063558603
C002934,0,0.1709764761876045,0.04532777171987019,0.0,0.0,0.0,0.035165795779486274,0.13890476569857704,0.609625190614462
C002935,4,0.0,0.0,0.6399341185171977,0.0,0.30651515099663174,0.004130609825050106,0.0,0.04942012066112045
C002940,4,0.0,0.0,0.0,0.2176377612502254,0.5460904704077968,0.0,0.10797759962697681,0.128294168715001
C002941,4,0.0,0.25280532209017986,0.0,0.0,0.0,0.592834559942712,0.09579406746617092,0.05856605050093722
C002942,2,0.07529185979626607,0.0,0.0,0.0466009874596176,0.0,0.4424579577340942,0.28533170964681037,0.15031748536321166
C002943,3,0.0,0.0,0.0,0.0,0.0,0.0,0.06471278834354409,0.9352872116564559
C002948,2,0.007261065767415042,0.0,0.0,0.39883718702048737,0.0,0.0,0.45180481655229904,0.14209693065979856
C002953,3,0.0,0.3916628288182186,0.0,0.15334745416725584,0.2493055261043965,0.0,0.0,0.20568419091012902
C002955,0,0.0,0.0,0.0,0.0,0.014072666533558986,0.0,0.0,0.985927333466441
C002957,2,0.0,0.0,0.17399997073745455,0.0,0.0,0.0,0.5109268816383491,0.31507314762419636
C002958,1,0.2506032165421562,0.0,0.0,0.0,0.006120596851946869,0.713812579667471,0.0,0.029463606938425868
C002964,1,0.0,0.9123508570089355,0.0,0.0,0.0,0.0,0.0,0.08764914299106452
C002966,4,0.0,0.0,0.1004924351421561,0.0,0.0,0.6548801858411971,0.13135769755988466,0.11326968145676208
C002967,0,0.013441168048266885,0.0,0.0,0.0,0.23481982904386497,0.0,0.5380884330943728,0.21365056981349528
C002970,0,0.0,0.0,0.01628313805444643,0.4636968236042657,0.0,0.0,0.2610307935462549,0.25898924479503305
C002971,2,0.0,0.0,0.0,0.10252311628450712,0.0,0.11197776621381819,0.0,0.7854991175016747
C002973,2,0.11912802985738341,0.6478884148439845,0.0,0.06186120233218232,0.011385358755528865,0.0,0.0,0.15973699421092102
C002975,2,0.0,0.4351914941632061,0.0,0.0,0.0,0.0,0.5268585130634396,0.03794999277335431
C002977,2,0.0,0.0,0.0,0.01921286960089843,0.46994135463325976,0.30217439091852594,0.0,0.20867138484731584
C002987,1,0.5026468410440484,0.0,0.12631214216439252,0.28575903642840966,0.0,0.0,0.0,0.08528198036314927
C002988,1,0.0,0.0,0.0,0.0,0.0,0.34714568243446,0.4145379590384016,0.2383163585271384
C002989,3,0.0,0.0,0.0,0.34146804818100984,0.0,0.0,0.026512268587292966,0.6320196832316972
C002990,0,0.008936859280852659,0.0,0.0,0.6539253057883263,0.09765191960083652,0.0,0.0,0.23948591532998453
C002994,3,0.0,0.0,0.08484666286374029,0.0,0.0,0.809349376156408,0.0,0.10580396097985167
C002996,3,0.0,0.0,0.0,0.0,0.0,0.0,0.8609739745646783,0.13902602543532172
C002998,3,0.41339607270067547,0.0,0.0,0.0,0.21376915140668976,0.0,0.0,0.3728347758926348
C002999,4,0.0,0.0,0.0,0.0,0.05124072172495864,0.0,0.0,0.9487592782750414
C003001,0,0.0,0.0069761276138831626,0.443818209536942,0.34592818334428593,0.0,0.0,0.05728256079753768,0.14599491870735115
C003004,3,0.0,0.0,0.09132552278128532,0.0,0.048495602680547915,0.0,0.0,0.8601788745381668
C003006,4,0.0,0.03056850947300836,0.0,0.7954844331286854,0.0,0.0,0.0,0.17394705739830618
C003007,4,0.0,0.2244268014071095,0.10336663141151275,0.0,0.0,0.0,0.0,0.6722065671813777
C003008,1,0.33285275578013185,0.0,0.0,0.0,0.4593923464276192,0.0,0.14716350041183435,0.060591397380414636
C003009,3,0.5965479031795344,0.0,0.0,0.0760709618563189,0.059165705204766585,0.0,0.0,0.26821542975938006
C003010,0,0.0,0.0,0.0,0.0,0.0,0.0,0.0,1.0
C003011,4,0.0,0.0,0.4793022733779638,0.03781528626315497,0.4279754765127251,0.0,0.0,0.05490696384615612
C003015,4,0.0,0.0,0.0,0.0,0.0,0.0,0.9269537331440194,0.07304626685598059
C003017,2,0.061071336730363114,0.0,0.0,0.39044880836224927,0.0,0.0,0.0,0.5484798549073876
C003020,0,0.193201736843158,0.0,0.0,0.36022527411902905,0.0,0.36863025960936563,0.0,0.07794272942844738
C003023,3,0.014211820085018076,0.033481039474558605,0.02234778513917211,0.5729990357616876,0.0,0.0,0.03915708270277399,0.31780323683678957
C003024,4,0.0,0.0,0.0,0.20645004592045255,0.0682248842286106,0.6602364547142169,0.0,0.06508861513672004
C003025,4,0.0,0.0,0.6503341274881419,0.0,0.0,0.05572911751234078,0.0,0.2939367549995173
C003026,2,0.0,0.0056219669745370135,0.5516426820948698,0.08521476989767873,0.0,0.23979759473525158,0.0,0.11772298629766298
C003031,1,0.12590828362049733,0.0,0.0,0.0,0.047041382730402266,0.0,0.0,0.8270503336491004
C003034,2,0.029269450391343307,0.0,0.439855253825485,0.0,0.33467604121857053,0.0,0.014204148104880835,0.1819951064597204
C003035,1,0.0,0.0,0.13361651813466893,0.0,0.0,0.5679770438034655,0.0,0.2984064380618656
C003037,4,0.07406373323504206,0.0,0.0,0.41808710386313985,0.0,0.4197169579963588,0.0,0.08813220490545937
C003038,0,0.5722533075911411,0.0,0.04123190215417975,0.0,0.0,0.0,0.07622386211391309,0.3102909281407661
C003041,1,0.0,0.0,0.0,0.0,0.0,0.7040678644066107,0.0,0.29593213559338927
C003044,4,0.05422447966968025,0.0,0.0,0.0,0.0,0.0,0.0,0.9457755203303198
C003046,1,0.0,0.0,0.0,0.0,0.0,0.0,0.0,1.0
C003049,2,0.0,0.352510149557838,0.0,0.40126457681367816,0.0,0.0,0.13866083476152088,0.10756443886696287
C003051,1,0.0,0.0,0.0,0.4019068564652088,0.4541436999045841,0.0,0.0,0.14394944363020712
C003054,2,0.0,0.0,0.0,0.0,0.0,0.0,0.0,1.0
C003058,4,0.0,0.5014481306801745,0.0,0.0,0.0,0.0,0.269685462105153,0.22886640721467255
C003060,0,0.0959572171320594,0.38768926324818376,0.0,0.07240796856805502,0.0,0.22987346105445583,0.0,0.21407208999724603
C003062,4,0.0,0.0,0.056776288414705334,0.7076784700019553,0.0,0.0,0.10816271477623127,0.12738252680710815
C003065,4,0.0,0.0,0.0,0.0,0.7357175467583452,0.016275087979306598,0.0,0.24800736526234823
C003066,0,0.0,0.0,0.0,0.1706611579970969,0.649675417243435,0.07772357872991496,0.0,0.10193984602955308
C003067,1,0.0,0.0,0.0,0.3915143729736655,0.0,0.4007110414415254,0.04465991347839538,0.16311467210641373
C003071,2,0.18670380214268567,0.6494200262100828,0.0,0.0,0.11113315446496905,0.0,0.028978627113663568,0.023764390068598873
C003072,4,0.0,0.0,0.073406404773833,0.0,0.0,0.0,0.07396279534013046,0.8526307998860365
C003073,4,0.0,0.0,0.0,0.0,0.0,0.0,0.0,1.0
C003075,1,0.0,0.0,0.28736626058459447,0.0,0.18322637512243456,0.41427136538767867,0.0,0.11513599890529225
C003076,2,0.0,0.01777279786384166,0.0,0.5996395106453036,0.18004537637552925,0.0,0.0,0.2025423151153254
C003079,4,0.0,0.3680843546824795,0.46687289875695964,0.0,0.07005616841588853,0.08061444284539115,0.0,0.014372135299281164
C003083,4,0.05935377054734469,0.0,0.09750272471601514,0.02862289306802605,0.0,0.5815734887134183,0.0,0.23294712295519582
C003084,2,0.08647706668307197,0.0,0.0,0.004007918200127475,0.0,0.7865740784838207,0.05805163700688092,0.06488929962609902
C003085,0,0.07959735543544486,0.0,0.0,0.5458102726536944,0.18726424846091,0.025347519789114443,0.10156225917837702,0.060418344482459196
C003086,3,0.0,0.0,0.2923823988027851,0.0,0.5845144098024376,0.0,0.0,0.12310319139477732
C003095,3,0.03680118851660225,0.0,0.0,0.0,0.0,0.0,0.12495591710206072,0.838242894381337
C003096,0,0.0,0.0,0.0,0.3416356664427161,0.0,0.0,0.6301733489352002,0.028190984622083803
C003098,1,0.0,0.0,0.0,0.0,0.0,0.0,0.0,1.0
C003099,3,0.0,0.0,0.0,0.3239862227436747,0.03594627813941799,0.021548798499831483,0.08334799306657784,0.535170707550498
C003100,0,0.030067592678916184,0.0,0.03333522268155572,0.0,0.0,0.0,0.05907265951761462,0.8775245251219135
C003106,3,0.0,0.03491273892230847,0.937098156486912,0.0,0.0,0.0,0.0061930743903706635,0.021796030200408878
C003108,3,0.0,0.028946861352575244,0.0,0.39171664129782374,0.227161967422477,0.24485002955755603,0.0,0.10732450036956798
C003110,2,0.0,0.0,0.7779732769922895,0.0,0.0,0.0,0.0,0.22202672300771054
C003112,0,0.0,0.37653341186608874,0.0,0.0,0.1170807035421412,0.09548932331415706,0.0,0.410896561277613
C003113,0,0.0,0.0,0.0,0.0,0.0,0.0,0.7988793497524169,0.20112065024758308
C003114,1,0.0,0.0,0.0,0.0,0.0,0.0,0.10396995666181506,0.8960300433381849
C003116,3,0.0,0.0,0.0,0.0,0.4446388149350645,0.0,0.0,0.5553611850649355
C003118,2,0.0,0.0,0.0,0.0,0.0,0.5752879706735097,0.0,0.4247120293264903
C003119,2,0.0,0.0,0.0,0.0,0.0,0.6605133034790932,0.0,0.3394866965209068
C003122,2,0.0,0.0,0.0,0.5631932948633409,0.0,0.0,0.0,0.4368067051366591
C003124,4,0.0,0.0,0.0,0.037411467457935804,0.0,0.05110385953431092,0.0,0.9114846730077533
C003126,0,0.0,0.0,0.0,0.7940100272549663,0.0,0.0,0.0,0.20598997274503372
C003127,4,0.0,0.0,0.0,0.8599245243017611,0.0,0.09243946678968944,0.0,0.047636008908549465
C003129,0,0.0,0.0,0.43670589154609846,0.0,0.42822150312401924,0.0,0.0,0.1350726053298823
C003132,2,0.0,0.0,0.0,0.0,0.0,0.0,0.6515815096295491,0.3484184903704509
C003138,0,0.267859106576787,0.0,0.0,0.0,0.0,0.5612812733070143,0.0,0.1708596201161987
C003139,3,0.0,0.2570144655125069,0.0,0.0,0.09397591418159137,0.03384494385543889,0.5721894103249378,0.04297526612552505
C003140,3,0.7194918929761295,0.00485156547323584,0.0,0.0,0.21599797558124148,0.044037345815196256,0.0,0.01562122015419698
C003143,2,0.0,0.0,0.0,0.5702907631079,0.0,0.0,0.0,0.42970923689210005
C003144,3,0.0,0.08520681305780906,0.5004445412449007,0.1160762432118957,0.044295625684561725,0.08303093207116714,0.0,0.17094584472966567
C003145,2,0.023946669677118407,0.0,0.0,0.010286662485156797,0.0,0.0,0.0,0.9657666678377248
C003146,3,0.0,0.0,0.0,0.13299022322176057,0.032590057283820174,0.0,0.769559674305127,0.06486004518929234
C003147,0,0.0,0.0,0.04030793954740144,0.07487636490444614,0.0,0.0,0.0,0.8848156955481524
C003148,3,0.026218082683368046,0.0,0.0,0.008787925824192432,0.0,0.328516800638107,0.0,0.6364771908543325
C003149,0,0.3615599263125784,0.0,0.0,0.0,0.0,0.5873330889403247,0.0,0.05110698474709696
C003150,1,0.7075877018910183,0.0,0.0,0.0,0.0,0.0,0.17022486558617891,0.12218743252280284
C003152,2,0.0,0.19344858608047782,0.0,0.0,0.0,0.0,0.2748214882006447,0.5317299257188774
C003153,1,0.09874162468274164,0.06910435445583589,0.4954139083509362,0.0,0.0554123168774746,0.0,0.12973583356373836,0.1515919620692734
C003154,2,0.0,0.04335539603656717,0.0,0.0,0.3336817633607893,0.0,0.393896984828168,0.22906585577447558
C003155,3,0.0,0.0,0.0,0.0,0.0,0.0,0.0,1.0
C003157,0,0.0,0.3157803462093154,0.0,0.0,0.0,0.0,0.0,0.6842196537906846
C003160,1,0.0,0.40988990086562804,0.024058775590487802,0.0,0.03862992400944735,0.0,0.513661444540382,0.013759954994054802
C003162,4,0.0,0.0,0.917145373973692,0.018805637816714488,0.0,0.0,0.022173753660981857,0.04187523454861164
C003163,0,0.0609536974180569,0.0,0.664876476441482,0.17982733481159482,0.0,0.0,0.0,0.0943424913288663
C003164,0,0.01959645552397255,0.0,0.0,0.0,0.5577457999202368,0.0,0.31275924214190687,0.10989850241388377
C003167,0,0.0,0.0,0.0,0.5568485768220165,0.0,0.0,0.30323667055404113,0.13991475262394237
C003176,0,0.0,0.0,0.0,0.27913552009493253,0.0,0.20215679180489685,0.08444472480692487,0.43426296329324576
C003178,1,0.0,0.0,0.7919747263639441,0.0,0.08175056876959731,0.07277147838181343,0.04938559056268833,0.004117635921956908
C003180,3,0.037263541734428904,0.0,0.9171446771573352,0.0,0.0,0.0,0.0,0.04559178110823592
C003184,4,0.30664382162768106,0.0,0.0,0.028137834416435945,0.07642050095136842,0.0,0.5441288842058772,0.044668958798637304
C003185,3,0.11999901961437602,0.0,0.0702017247183095,0.0,0.0,0.0,0.3471231253935498,0.46267613027376475
C003186,1,0.0,0.0,0.0,0.0,0.0,0.0,0.0,1.0
C003188,0,0.0,0.0,0.0,0.0,0.39357488938128227,0.4966266150574867,0.0,0.109798495561231
C003189,4,0.08956330352211798,0.0,0.0,0.0,0.11689439410075506,0.0,0.0,0.793542302377127
C003191,3,0.0,0.762844082937178,0.0,0.0,0.0,0.0,0.15752935758033065,0.07962655948249142
C003194,4,0.0,0.8512727087654327,0.08194309300969925,0.0,0.006961987322045949,0.0,0.0,0.059822210902822026
C003196,2,0.1534970885477713,0.06462803184938613,0.0,0.024967930336769764,0.0,0.0,0.5704148850222881,0.18649206424378473
C003197,2,0.0,0.0,0.5958997086789993,0.0,0.0,0.0,0.33417294844056616,0.06992734288043456
C003198,2,0.0,0.01593097717928871,0.783786420531126,0.1551437378730344,0.014478090363650468,0.0,0.0,0.030660774052900464
C003201,2,0.0,0.0,0.0,0.0,0.0,0.0,0.0,1.0
C003202,1,0.0,0.0,0.0,0.0,0.7929679349600843,0.0,0.0,0.20703206503991567
C003203,2,0.0,0.0,0.0,0.0,0.7573942020083732,0.0,0.0,0.24260579799162685
C003205,2,0.0684738522096683,0.2600483487752045,0.26099423421089685,0.0,0.2940371505003327,0.0,0.0,0.11644641430389768
C003206,4,0.49780529931008266,0.0,0.0,0.0,0.10115171956899412,0.13872858475103403,0.0,0.2623143963698892
C003210,3,0.0,0.15470602680755446,0.6831042419152612,0.0,0.0,0.0,0.09951043131442898,0.06267929996275534
C003211,0,0.0,0.0,0.0,0.0,0.8218288072660644,0.0,0.0,0.17817119273393556
C003214,4,0.0,0.030875044811605,0.0,0.0,0.5732843072987939,0.26328159403673607,0.0,0.13255905385286515
C003216,4,0.0,0.17129627054013624,0.0,0.0,0.0,0.0,0.8182575465643607,0.010446182895503142
C003217,0,0.5753501912271833,0.3504555058716396,0.0,0.0,0.0,0.0,0.0,0.07419430290117712
C003218,0,0.0,0.0,0.5970892539789805,0.0,0.36074236168832174,0.0,0.0,0.04216838433269776
C003220,3,0.0,0.0,0.0,0.2924861918736533,0.0,0.16336836147422631,0.0,0.5441454466521204
C003223,2,0.015497492032971594,0.0,0.0,0.0,0.0,0.0,0.2753607469309989,0.7091417610360295
C003228,1,0.0,0.3151170314477077,0.5219502535789041,0.0,0.0,0.0,0.0,0.16293271497338813
C003229,0,0.0,0.0,0.0,0.0,0.0,0.0,0.9148709246889566,0.08512907531104341
C003231,1,0.0,0.12029928175482281,0.14183516235245883,0.31296828105782093,0.0,0.06459982313571648,0.0,0.3602974516991809
C003232,2,0.4134326594439808,0.0,0.358100675496572,0.0,0.0,0.0,0.0,0.22846666505944724
C003233,2,0.011084378944318076,0.0,0.3998783855320147,0.0,0.29135034315234065,0.12041034611869528,0.0,0.17727654625263123
C003234,3,0.0,0.0,0.0,0.018523523612589854,0.7404036934794239,0.0,0.0,0.24107278290798617
C003238,4,0.0,0.06515845091079987,0.014445665725647443,0.6961780016549639,0.0,0.08257275116576276,0.04974387653722584,0.09190125400560012
C003240,4,0.0,0.0,0.0,0.0,0.9006842264954225,0.0,0.0,0.09931577350457754
C003242,3,0.0,0.0046813388348976945,0.0,0.03991747675302653,0.17278013431518582,0.0,0.48235783042497277,0.30026321967191716
C003243,3,0.0,0.23739390455646595,0.0,0.273458796033478,0.0,0.4755488071940942,0.0,0.013598492215961877
C003244,0,0.0,0.0,0.40379211621521993,0.0,0.5430380976188013,0.0,0.0,0.05316978616597878
C003246,4,0.0,0.0,0.0,0.0,0.2164132280334689,0.6874380599692055,0.0,0.09614871199732566
C003247,0,0.0,0.0,0.030445104555859456,0.0,0.0,0.0,0.0758264857811607,0.8937284096629798
C003248,2,0.0,0.03459543728492264,0.5016682910519167,0.0,0.0,0.28221044209392193,0.0,0.1815258295692388
C003249,4,0.5818627169734436,0.0,0.0,0.0,0.0,0.0,0.30449425948465936,0.11364302354189704
C003250,3,0.0,0.0,0.7573370313150752,0.061207313741600704,0.0,0.0,0.13434883906169004,0.04710681588163401
C003252,2,0.3827372291193992,0.0,0.46601451126051063,0.0,0.0,0.0,0.0,0.15124825962009014
C003254,2,0.0,0.0,0.0,0.7297185830112461,0.0,0.0,0.0,0.27028141698875385
C003256,3,0.015151788482551469,0.2229625707456548,0.04358422416040138,0.0,0.6166851646418195,0.0,0.0,0.1016162519695728
C003257,1,0.0,0.11150686213987983,0.0,0.0,0.0,0.0,0.0,0.8884931378601202
C003259,4,0.0,0.0,0.0,0.0,0.0,0.5376650958695445,0.15037127378183213,0.3119636303486234
C003260,0,0.0,0.0,0.0,0.0,0.0,0.0,0.08967796172811804,0.910322038271882
C003261,4,0.02938376642716253,0.0,0.2067330021096856,0.07779019414077532,0.0,0.0,0.0947370808470521,0.5913559564753245
C003266,3,0.036045454083204906,0.0,0.22132644886535208,0.0,0.0,0.0,0.6898658274249337,0.05276226962650932
C003268,3,0.0,0.035270055205491466,0.0,0.0,0.046243997608695436,0.043901325267605366,0.0,0.8745846219182077
C003270,3,0.0,0.0,0.0,0.1399385640538965,0.0,0.3762121896652823,0.0,0.48384924628082115
C003278,1,0.06372584951384419,0.0,0.0,0.0,0.0,0.0,0.0,0.9362741504861558
C003280,4,0.0,0.0,0.0,0.0,0.0,0.09270553482861799,0.0,0.907294465171382
C003281,0,0.0,0.05942890712649294,0.0,0.0,0.0,0.18549702732055065,0.0,0.7550740655529564
C003282,3,0.0,0.0,0.0,0.0,0.0,0.0,0.0,1.0
C003283,2,0.0,0.35038542574336823,0.0,0.0,0.07162052858918737,0.21505714701887255,0.27511827040024894,0.08781862824832287
C003285,3,0.07185640714182086,0.3588151193635032,0.0,0.0,0.2764534408372044,0.21902472755462574,0.0,0.07385030510284585
C003290,4,0.0,0.5207286796899018,0.04779003490003617,0.0,0.0,0.02909031545476051,0.0,0.40239096995530155
C003294,3,0.0,0.0,0.0,0.4138970504706524,0.5255731955387525,0.0,0.0,0.060529753990595125
C003295,2,0.32331928476214133,0.0,0.5192443947806729,0.0,0.0,0.0,0.0,0.1574363204571858
C003299,3,0.0,0.0,0.025879261502060092,0.0,0.7007334963289951,0.10509135364066201,0.0,0.1682958885282828
C003301,0,0.0,0.0,0.0,0.08770034690967993,0.0,0.8199477093483536,0.0,0.09235194374196642
C003302,1,0.0,0.02171798507081836,0.509236887082755,0.0,0.20829982885946868,0.0,0.1560950855851205,0.10465021340183733
C003303,2,0.0,0.0,0.06894627514858921,0.0,0.0,0.0,0.0,0.9310537248514108
C003305,2,0.0,0.0,0.0196645809951777,0.6916836144623884,0.027740983191793418,0.0,0.0,0.2609108213506406
C003306,2,0.18541481108765698,0.09349680292578355,0.0,0.0,0.0,0.5205376451973,0.0,0.2005507407892595
C003308,4,0.0,0.0,0.2831419071608516,0.0,0.0,0.0,0.4796206897032567,0.2372374031358917
C003310,2,0.07862051827092338,0.06740700927253723,0.0,0.0,0.0,0.0,0.0,0.8539724724565394
C003311,3,0.0,0.0,0.0,0.0,0.6635426409498881,0.0,0.0,0.33645735905011187
C003312,4,0.0,0.0,0.010503709984857366,0.0,0.67706796664188,0.0,0.01804560097333334,0.29438272239992935
C003313,0,0.0,0.0,0.0,0.0,0.08369444023714445,0.0,0.0,0.9163055597628555
C003315,0,0.0,0.49339427557980386,0.0,0.0,0.0,0.025094136242332418,0.0,0.48151158817786377
C003319,3,0.3221853218708199,0.0692281066397045,0.0,0.0,0.14274953887972253,0.0,0.437736749577021,0.028100283032732043
C003322,2,0.9380195743802985,0.0,0.0,0.0,0.0,0.0,0.022771464692797536,0.03920896092690396
C003325,3,0.0,0.0,0.0,0.020458991278386383,0.0,0.0,0.07357126281178612,0.9059697459098275
C003326,0,0.0,0.011937019533301422,0.0,0.0,0.012729788247223112,0.0,0.5406934594596655,0.43463973275980994
C003327,4,0.19983918125906633,0.0,0.0,0.33078461477613735,0.0,0.19598836287593718,0.0,0.27338784108885905
C003330,4,0.06939751950720852,0.0,0.6823228478399084,0.0,0.0,0.0,0.0,0.2482796326528831
C003332,2,0.0,0.0,0.0,0.9615091788598923,0.03260902568629436,0.0,0.0,0.005881795453813399
C003333,3,0.0,0.7546649822260602,0.0,0.0,0.0,0.0,0.23916191290474584,0.006173104869193979
C003334,2,0.0,0.0,0.0,0.2640763298560288,0.0,0.0,0.4429754767586675,0.29294819338530376
C003338,2,0.0,0.0,0.14017844243711336,0.0,0.36226298252552275,0.0,0.0,0.4975585750373639
C003339,3,0.39989901039666625,0.3898462553909679,0.11957576293537427,0.0,0.0,0.04309608736166989,0.0,0.04758288391532162
C003340,1,0.0,0.0,0.0,0.0,0.8233841770659562,0.0,0.0,0.17661582293404376
C003342,3,0.014842906266091034,0.7287056259982149,0.0,0.17444902893553849,0.0,0.0,0.0,0.08200243880015556
C003343,4,0.45789101426536927,0.05514553508524665,0.0,0.0,0.0,0.0,0.0,0.48696345064938407
C003345,2,0.0,0.0,0.0,0.0,0.0,0.030967982149530004,0.0,0.96903201785047
C003346,4,0.0,0.6568162750213374,0.0,0.0,0.0,0.0,0.0,0.34318372497866256
C003347,0,0.0,0.0,0.0,0.17764171045470814,0.3444924783451999,0.0,0.0,0.47786581120009197
C003348,1,0.008568763978972532,0.004149235650973451,0.0,0.0,0.0,0.0751695010160363,0.8981943876476342,0.013918111706383574
C003349,2,0.0,0.7268094052611695,0.0,0.0,0.1469647448910704,0.0,0.0,0.12622584984776009
C003352,1,0.0,0.0,0.0,0.0,0.0,0.0,0.0,1.0
C003354,2,0.028315944648965138,0.0,0.8214621453752201,0.0,0.0,0.0,0.0,0.15022190997581475
C003355,4,0.034486722252138384,0.10482855133347456,0.0,0.0,0.48101436786501733,0.0,0.0,0.3796703585493697
C003356,3,0.0,0.0,0.0,0.3546083777574564,0.0,0.4432811810037567,0.0,0.20211044123878685
C003357,1,0.015934916171566685,0.07250830620396939,0.0,0.0,0.0,0.04669784209020142,0.0,0.8648589355342625
C003359,0,0.0,0.0,0.0,0.0,0.0,0.08659404503241053,0.0,0.9134059549675895
C003361,0,0.0,0.6259956109303223,0.0,0.03341136146237572,0.0,0.0,0.0,0.3405930276073019
C003362,2,0.0,0.2855792610936379,0.02870799089310113,0.07871413873879546,0.019730088393031454,0.2821280520446396,0.0,0.30514046883679447
C003364,0,0.0,0.36015136615472354,0.0,0.14956825696759626,0.0,0.0,0.44285297048261457,0.04742740639506571
C003365,0,0.29871992318946816,0.464915231417823,0.0,0.0,0.12550204825807598,0.09549128301731521,0.0,0.01537151411731763
C003371,2,0.0,0.16520896330296694,0.0,0.36791729744247154,0.0,0.13420616493782875,0.1634468988930101,0.16922067542372266
C003372,1,0.0,0.0,0.6920338953800609,0.0,0.0,0.0,0.1534693834374563,0.1544967211824828
C003373,4,0.0641263621384631,0.0,0.3697642007742474,0.0,0.0,0.4555754877858423,0.0,0.11053394930144722
C003374,3,0.0,0.0,0.0,0.059073734112768506,0.0,0.0,0.0,0.9409262658872315
C003375,4,0.0,0.08298964122159026,0.06768720720889275,0.030460671772226097,0.0,0.7466570054379656,0.0,0.07220547435932523
C003376,4,0.3135708369297621,0.11066083614531898,0.0,0.012038453831893238,0.0,0.097670792680639,0.276094955733245,0.1899641246791417
C003378,4,0.3080811619244646,0.03341744498563469,0.6384325190767078,0.0,0.0,0.006916351657834846,0.0,0.01315252235535802
C003381,3,0.0,0.0,0.15609315634585919,0.7652794319666391,0.00935921693554845,0.0,0.0,0.06926819475195334
C003382,4,0.0,0.06818359071765334,0.0,0.0,0.0,0.0,0.0,0.9318164092823467
C003383,4,0.020022727148882896,0.021160240235746898,0.0,0.0,0.8815104095834823,0.0,0.0,0.07730662303188796
C003385,1,0.0,0.8726614445691417,0.0,0.0,0.0,0.0,0.0,0.12733855543085826
C003386,4,0.0,0.0,0.0,0.8876050098784695,0.0,0.0,0.0,0.11239499012153054
C003387,0,0.0,0.0,0.0,0.0,0.0,0.1152502388192709,0.03012585973319465,0.8546239014475344
C003388,4,0.29668533437596684,0.016484624313439337,0.0,0.0,0.6607680675514883,0.0,0.0,0.02606197375910546
C003392,4,0.0,0.0,0.0,0.0,0.703090804839746,0.07701947828993466,0.006128838516350888,0.2137608783539684
C003393,3,0.0,0.0,0.0,0.0,0.0,0.6243514407954385,0.026464449973912185,0.34918410923064935
C003396,4,0.0,0.0,0.0,0.0,0.0,0.3084064716043692,0.5045225324467109,0.18707099594891996
C003398,1,0.0,0.44365229476507456,0.0,0.0,0.0,0.40753593459396226,0.0,0.14881177064096318
C003399,3,0.11273571956987102,0.0,0.016498890211769056,0.0,0.25280494398203474,0.6065326041397815,0.0,0.011427842096543683
C003400,2,0.48762016694575516,0.0,0.0,0.0,0.15830727529996722,0.0,0.0,0.3540725577542776
C003401,3,0.0,0.07639645790734094,0.0,0.0,0.0,0.0,0.0,0.923603542092659
C003403,0,0.0,0.0,0.0,0.8268653176037136,0.0,0.0,0.0,0.17313468239628638
C003404,4,0.0,0.0,0.6703984300506625,0.0,0.17961757646823034,0.0,0.014529682889428122,0.135454310591679
C003405,3,0.0,0.0,0.1646002068477675,0.0,0.26015238866922014,0.0,0.0,0.5752474044830124
C003406,0,0.14607724076344691,0.0,0.0,0.4341058573215632,0.036064763476790086,0.0,0.3431726205624374,0.040579517875762416
C003408,3,0.0,0.0,0.514866831350616,0.2063884415502015,0.0,0.0,0.0,0.2787447270991825
C003409,3,0.06219491232804554,0.0,0.0,0.25645449415513333,0.0,0.0,0.5808497860551514,0.10050080746166978
C003412,1,0.0,0.0,0.251256567810196,0.0,0.0,0.0,0.6407267367305173,0.10801669545928672
C003414,4,0.0,0.17474050621503498,0.0,0.0,0.0,0.13300840588398352,0.6615796450336258,0.03067144286735579
C003419,1,0.0,0.6413803635829064,0.0,0.0,0.0,0.0,0.18214411580324202,0.17647552061385152
C003420,0,0.0,0.6243815519641012,0.11052801662887687,0.0,0.009588759575571029,0.0,0.015344076032807586,0.24015759579864326
C003421,2,0.0,0.0,0.0,0.0,0.0,0.0,0.0,1.0
C003422,2,0.0,0.0,0.0,0.0,0.5718931571555522,0.0,0.05691834256459224,0.3711885002798555
C003423,3,0.0,0.0,0.0,0.0,0.0,0.0,0.08050094754876591,0.9194990524512341
C003428,2,0.12844268804412315,0.0,0.0,0.0,0.0,0.6066146923067013,0.0,0.26494261964917554
C003430,3,0.0,0.10152677084555556,0.13058095965288846,0.0,0.017793448513413926,0.7424184868087975,0.0,0.00768033417934455
C003431,4,0.07049985314745007,0.18717610868060214,0.028380058030347956,0.19916628212169082,0.0,0.0,0.4743503339804594,0.04042736403944969
C003435,1,0.4938318907998194,0.0,0.17680318198399306,0.1436748300409913,0.0,0.0,0.0,0.18569009717519624
C003437,3,0.0,0.0,0.0,0.38942898517311786,0.559080284707131,0.0,0.0,0.05149073011975114
C003446,2,0.20032195283821952,0.6185502678712974,0.0,0.0,0.03570838669287341,0.0,0.0,0.1454193925976096
C003447,0,0.0,0.0,0.0,0.0,0.9557654590860607,0.0,0.0,0.0442345409139393
C003448,3,0.0,0.24586371443283597,0.17425038064357112,0.21383453711459197,0.0,0.0,0.0,0.36605136780900094
C003449,1,0.0,0.6996278212175063,0.05591955155608609,0.0,0.0,0.0,0.0,0.2444526272264076
C003453,0,0.0,0.0,0.0,0.6471424669995101,0.0,0.0038081916143893214,0.0,0.34904934138610066
C003455,2,0.0,0.0,0.0,0.7778314855571558,0.0,0.0,0.0,0.22216851444284424
C003456,4,0.0,0.23045492051686223,0.0,0.0,0.0,0.0,0.7157213077888905,0.053823771694247236
C003457,3,0.0,0.6505554504042416,0.049162098297931854,0.018593238579991348,0.0,0.0,0.0,0.2816892127178352
C003460,1,0.0,0.0,0.0,0.0,0.954670841439225,0.0,0.0,0.04532915856077502
C003462,0,0.057928242683266865,0.0,0.14014990246985964,0.02145705079415503,0.0,0.0,0.0,0.7804648040527185
C003466,0,0.0,0.0,0.0,0.07524216110600923,0.0,0.0,0.0,0.9247578388939908
C003468,1,0.4759977675213475,0.2571351180782609,0.0,0.0,0.028683057063863756,0.0,0.11988278431072959,0.11830127302579818
C003469,2,0.0,0.0,0.0,0.07069378103934763,0.13627846315278286,0.02476631328188647,0.0,0.768261442525983
C003470,2,0.5082524514762979,0.12628958646922006,0.0,0.0,0.0,0.0,0.0,0.365457962054482
C003472,1,0.0,0.24951454313507365,0.0,0.0,0.2500358530607615,0.0,0.3773331805601474,0.12311642324401739
C003473,2,0.0,0.0,0.19348712001407795,0.0,0.19930606940494464,0.0,0.45680591317145114,0.15040089740952634
C003474,3,0.044809333215472126,0.0495756452149247,0.0,0.0,0.0,0.0,0.802605254398007,0.10300976717159616
C003475,4,0.0,0.011318991153527814,0.0,0.8023504998131046,0.0,0.0,0.0,0.18633050903336756
C003478,4,0.0275742389690698,0.0,0.10330246095033267,0.0,0.46875031415154617,0.0,0.3836160176827426,0.01675696824630868
C003479,4,0.0,0.3920620372605443,0.3018529527583845,0.0,0.0,0.23377987914748294,0.0,0.07230513083358825
C003481,2,0.3152762599438942,0.0,0.5755210601261057,0.0,0.0,0.09169485564574482,0.0,0.017507824284255236
C003482,4,0.028214153802854726,0.0,0.01429924485318887,0.0,0.3111487032675671,0.6026750040513517,0.0,0.043662894025037646
C003484,2,0.0674068239618313,0.0,0.7093178465662966,0.0,0.0,0.1755049396737481,0.0,0.04777038979812398
C003487,0,0.0,0.2290362664709351,0.0,0.29362162961361415,0.4067480009337249,0.0,0.0,0.07059410298172586
C003488,4,0.0,0.0,0.4030687384718529,0.048874474785236446,0.0,0.00775374959883939,0.0,0.5403030371440712
C003489,4,0.0,0.0,0.0,0.0,0.6869233499447698,0.0,0.0,0.3130766500552302
C003490,3,0.0,0.0,0.6500311232973963,0.0,0.10418796355192213,0.0,0.0,0.2457809131506815
C003491,4,0.0,0.0,0.2727130456438142,0.11776243457271213,0.0,0.1763387804028892,0.0,0.43318573938058447
C003492,1,0.0,0.0,0.0,0.0,0.0684196990777669,0.24378149834524962,0.0,0.6877988025769834
C003493,4,0.0,0.6307223647992863,0.0,0.0,0.0,0.0,0.0,0.36927763520071366
C003494,4,0.0,0.0,0.5673975258494646,0.0,0.0,0.0,0.38224150324872236,0.05036097090181313
C003496,4,0.056205612853838266,0.0,0.0,0.0,0.0,0.0,0.6062184013574672,0.3375759857886945
C003497,1,0.0,0.0,0.0,0.0,0.0,0.10500310378619349,0.0,0.8949968962138065
C003498,2,0.0,0.0,0.0,0.0,0.0,0.0,0.109607498096145,0.890392501903855
C003504,3,0.0,0.3329526759354725,0.0,0.0,0.0,0.0,0.0,0.6670473240645275
C003506,1,0.0,0.0,0.0,0.18023142766409697,0.19384086556318972,0.15495990379128366,0.2117411516711475,0.2592266513102822
C003507,1,0.0,0.0,0.0,0.20191171702965513,0.0744105904999952,0.5731741429664747,0.0,0.1505035495038749
C003508,4,0.38923372691728864,0.0,0.0,0.0,0.08593724500657106,0.36440007494551363,0.0,0.16042895313062666
C003510,3,0.4655774950773882,0.0,0.0,0.0,0.058184911248564064,0.0,0.32597005505020976,0.1502675386238379
C003514,0,0.0,0.0,0.14725224252426858,0.0,0.08222793891709401,0.0,0.6033326495212422,0.16718716903739517
C003515,1,0.4801912346733529,0.00707155673408088,0.0,0.0,0.037811154951334344,0.0,0.3887302736305689,0.08619578001066297
C003516,2,0.22846050526071376,0.0,0.0,0.05956817741066087,0.02741650821091786,0.0,0.5204856718286143,0.16406913728909323
C003517,1,0.0,0.0,0.0,0.029198506195225623,0.8182834854058548,0.11094833703822067,0.0,0.04156967136069889
C003518,3,0.0,0.3984093915784767,0.0,0.16610655477556965,0.16858684828030035,0.0,0.12831046218043832,0.13858674318521502
C003520,3,0.0,0.0,0.21665688553758733,0.0,0.16460934490171766,0.0,0.014842547575563922,0.6038912219851311
C003521,1,0.02786063738026379,0.0,0.0,0.15382569251275569,0.011329738320865151,0.0836622657569632,0.3264273425144238,0.3968943235147284
C003522,1,0.19034278385495643,0.0,0.3766438234512311,0.0,0.0,0.0,0.0,0.43301339269381245
C003526,3,0.009637584301275684,0.0,0.0,0.02010041489602224,0.6477008927154881,0.0,0.0,0.32256110808721394
C003528,1,0.0,0.7181772619986514,0.0,0.0,0.06191909180186739,0.0,0.0,0.21990364619948122
C003529,0,0.0034588962519237565,0.0,0.0,0.23433029128394875,0.0,0.0,0.0,0.7622108124641275
C003531,3,0.49221519701889066,0.04122473978240291,0.0,0.02360515717769589,0.0,0.0,0.0,0.4429549060210106
C003532,2,0.1417778256071455,0.7489796708940886,0.03783107120391893,0.0,0.0,0.0,0.0,0.07141143229484703
C003534,1,0.3520964459656449,0.0,0.21708465434957538,0.3290014801378112,0.005621681642236651,0.0,0.0,0.0961957379047319
C003537,4,0.03045386488825062,0.7937058244492909,0.0,0.0,0.0,0.0,0.0,0.17584031066245842
C003540,1,0.06494072570962574,0.0,0.0,0.0,0.03892898893121555,0.3252240596831427,0.0,0.570906225676016
C003542,2,0.0,0.0,0.0,0.10262340893086537,0.42556538680379075,0.45463085032231115,0.0,0.017180353943032634
C003543,3,0.0,0.0,0.0,0.3463740040250791,0.0,0.14187122153633736,0.0,0.5117547744385835
C003544,2,0.19660174066438013,0.0505195575350682,0.0,0.7347639866312553,0.0,0.0,0.0,0.018114715169296414
C003546,0,0.3685492854897972,0.0,0.2703923293378515,0.0,0.0,0.0,0.22106147022039135,0.13999691495195987
C003549,0,0.0,0.0,0.0,0.0,0.0,0.0,0.0,1.0
C003550,4,0.0,0.0,0.0,0.029029541141273672,0.29176816909924236,0.019564895458885054,0.0,0.6596373943005989
C003553,4,0.0,0.0,0.35234954905321,0.0,0.4780464795470259,0.0,0.0,0.16960397139976413
C003558,1,0.0,0.9864922448639698,0.0,0.0,0.0,0.0,0.0,0.013507755136030197
C003559,3,0.0,0.0,0.9248316648205502,0.0,0.0,0.0,0.0,0.07516833517944976
C003562,3,0.0,0.566348766211176,0.0,0.0,0.0,0.2881374846299011,0.0,0.1455137491589229
C003563,2,0.0,0.8941368288591748,0.0,0.05483855191501695,0.0,0.017274783979248795,0.012598411012170633,0.02115142423438887
C003567,1,0.0,0.3852281837662991,0.0,0.35706555738648915,0.0,0.0,0.0,0.25770625884721177
C003569,1,0.14503113555065422,0.0,0.0,0.0,0.0,0.0,0.6147244962069178,0.240244368242428
C003570,0,0.0,0.0,0.0,0.007083087280321294,0.0,0.0,0.9360590710815888,0.056857841638089934
C003573,0,0.0,0.0,0.18517858319844235,0.0,0.0,0.7279406842704164,0.0,0.08688073253114126
C003576,0,0.0,0.0,0.8950775743413741,0.0,0.0,0.0,0.0,0.10492242565862586
C003577,3,0.0,0.0,0.0,0.0,0.0,0.0,0.9111713790460421,0.08882862095395794
C003579,3,0.32743197727957785,0.008114196433798343,0.008383355285413785,0.0,0.0,0.5031843502613834,0.0,0.15288612073982666
C003580,2,0.0,0.0,0.7706054690641886,0.0,0.0,0.0,0.0,0.2293945309358114
C003585,1,0.0,0.0,0.04797837020461687,0.0,0.0,0.013720549985549444,0.0,0.9383010798098337
C003586,3,0.0,0.0,0.07325093180509108,0.0,0.4434274080968246,0.0,0.0,0.4833216600980843
C003590,4,0.10688524595309475,0.0,0.0,0.4081428780351833,0.0,0.0,0.2176994176738487,0.2672724583378733
C003591,1,0.048997635243408416,0.0,0.01348770409713289,0.03886622101374892,0.0,0.0,0.05759960337002295,0.8410488362756868
C003593,1,0.0,0.0,0.0,0.0,0.0,0.0,0.0,1.0
C003594,1,0.0,0.0,0.0,0.0,0.00827586432504861,0.0,0.5335851775977953,0.4581389580771561
C003595,4,0.0,0.0,0.0,0.016509327210585956,0.0,0.0,0.0,0.983490672789414
C003596,0,0.0,0.40973246194065666,0.0,0.0,0.0,0.5450641987858829,0.0,0.04520333927346054
C003597,0,0.0,0.0,0.0,0.5583564262916725,0.28215362956399725,0.0,0.0,0.15948994414433026
C003598,2,0.0,0.0,0.0,0.0,0.9017416159855148,0.0,0.0,0.09825838401448517
C003599,0,0.0,0.8039933808448213,0.0,0.0,0.0,0.02449864349726391,0.0,0.17150797565791476
C003600,0,0.0,0.0,0.0,0.9409500465190113,0.0,0.0379807937471467,0.0,0.021069159733842047
C003607,4,0.0,0.0,0.0,0.0,0.07773269529170633,0.1255702909432679,0.0,0.7966970137650258
C003609,0,0.0,0.06342400160839991,0.0,0.0,0.016476093713802535,0.0,0.0,0.9200999046777976
C003612,4,0.0,0.0,0.0,0.37750034737534754,0.0,0.0,0.5994743518741299,0.02302530075052256
C003613,2,0.0,0.0,0.0,0.07994673748817192,0.0,0.0,0.0,0.9200532625118281
C003614,1,0.0,0.0,0.06227599849982063,0.0,0.03093517228166426,0.0,0.0,0.9067888292185151
C003617,0,0.30603338960043497,0.014899401943929375,0.0,0.0,0.450847705096576,0.0,0.0,0.22821950335905972
C003619,3,0.0,0.0,0.0,0.4624020793451316,0.3521297199242286,0.0,0.0,0.18546820073063985
C003621,0,0.0,0.0,0.0,0.6331981694934827,0.0,0.0,0.0,0.36680183050651727
C003623,1,0.0,0.0,0.006907197749065952,0.0,0.0,0.5302623827902343,0.07977221297024956,0.3830582064904502
C003624,0,0.0,0.21176311777634538,0.0,0.0,0.0,0.0,0.055770078407970776,0.7324668038156839
C003626,2,0.0,0.0,0.22524371288101067,0.4187201289760146,0.0,0.18469127306035849,0.0,0.17134488508261625
C003629,2,0.0,0.0,0.0825963489440639,0.009042178975629731,0.0,0.0,0.0,0.9083614720803064
C003631,1,0.0,0.4572648355254261,0.0,0.22172219603858054,0.0,0.0,0.03815628772757591,0.2828566807084174
C003634,2,0.0,0.0,0.07841470094873437,0.3125956806099793,0.011140380472146664,0.5086027068323458,0.0,0.08924653113679393
C003635,1,0.11793577565393996,0.257479446395286,0.5863537981447858,0.0,0.0,0.0,0.0,0.03823097980598811
C003636,3,0.0,0.0,0.0,0.026726512483235,0.0,0.019124435079178926,0.0,0.9541490524375861
C003638,1,0.5614023742797566,0.0,0.0,0.0,0.0,0.3180157212588925,0.0,0.12058190446135097
C003639,1,0.18087395829073907,0.33071010606672385,0.11094581320445375,0.11914301555651219,0.0,0.0,0.0,0.2583271068815711
C003640,3,0.0,0.23860225012930403,0.0,0.0,0.33841423758436096,0.03717296668021675,0.3049752859978831,0.08083525960823512
C003642,4,0.0,0.0,0.0,0.0,0.0,0.0,0.0,1.0
C003647,2,0.0,0.32503889540929753,0.5117469718329706,0.0,0.0,0.0,0.0,0.1632141327577319
C003648,3,0.23245934767572687,0.0,0.0,0.0,0.0,0.0,0.6252111484609101,0.14232950386336307
C003649,4,0.0,0.0,0.03827375577054471,0.0,0.9240557559984306,0.0,0.0,0.0376704882310247
C003652,3,0.0,0.0,0.0,0.0,0.0,0.6702995035786976,0.0,0.3297004964213024
C003653,0,0.0,0.03771238406529997,0.0,0.3269273372009876,0.0,0.0,0.0,0.6353602787337125
C003654,1,0.0,0.0,0.567451433115627,0.05482865158526394,0.010954540529650062,0.32741688522376916,0.0,0.039348489545689924
C003658,0,0.0,0.0,0.0,0.0,0.0,0.0,0.018825905409392663,0.9811740945906073
C003659,4,0.22173624802671035,0.0,0.3935160267104752,0.0,0.0,0.33793026754638866,0.01565243342605133,0.031165024290374377
C003660,0,0.14629691613760093,0.0,0.0,0.18624523033546025,0.0,0.0,0.02004046621633913,0.6474173873105997
C003661,2,0.0,0.0,0.0,0.39736484499578206,0.0,0.0,0.3742363575497282,0.22839879745448965
C003662,4,0.24330422077298197,0.0,0.0,0.0,0.0,0.0,0.0,0.756695779227018
C003663,2,0.06948232064324024,0.2998029044802104,0.0,0.0,0.0,0.0,0.4330270803914966,0.19768769448505275
C003664,3,0.0,0.0,0.0,0.0,0.4176689120882704,0.29926949588093943,0.16720071835191483,0.11586087367887532
C003666,2,0.21912977826985797,0.5707869256848092,0.0,0.0,0.0,0.0,0.17091609385384898,0.03916720219148395
C003667,1,0.481899600790308,0.4393389225965104,0.0,0.0,0.0,0.0,0.0,0.07876147661318156
C003669,2,0.4666011535796281,0.0,0.0,0.0,0.0,0.36481097410554114,0.10053601150694326,0.0680518608078875
C003672,1,0.0,0.0,0.1232383472049973,0.0,0.016754305196291355,0.0,0.0,0.8600073475987113
C003676,1,0.0,0.08462701271607496,0.0,0.29041582902786933,0.0,0.03835109788964702,0.0,0.5866060603664087
C003677,1,0.0008116782046940805,0.022839653383050836,0.02723138898703567,0.3294308159805187,0.07723550825550085,0.0,0.4967163535096223,0.04573460167957755
C003684,4,0.0,0.0,0.6503022932905955,0.012658557488193455,0.0,0.0,0.3016905656666037,0.03534858355460735
C003687,1,0.0,0.0,0.0,0.6000083517036308,0.030244836148643692,0.20682058159332517,0.0,0.16292623055440036
C003689,3,0.0,0.0,0.0,0.0,0.09354538987646033,0.0,0.0,0.9064546101235397
C003690,1,0.0,0.3762395050043815,0.0,0.0,0.0,0.43228286901052587,0.14734858262307718,0.0441290433620154
C003693,0,0.0,0.0,0.0,0.0,0.0,0.0,0.0,1.0
C003696,3,0.0,0.7060989890275366,0.0,0.26188481479503656,0.0,0.0,0.0,0.03201619617742679
C003697,0,0.0,0.0,0.0,0.0,0.09817808813214898,0.0,0.577122170738519,0.324699741129332
C003698,3,0.0,0.0,0.0,0.0,0.0,0.3719392665926986,0.3419884114216655,0.2860723219856359
C003699,4,0.15033991774165653,0.02707882151603632,0.7733486107879546,0.0,0.0,0.0,0.0,0.0492326499543525
C003700,4,0.19377038129981375,0.0,0.0,0.0,0.0,0.6867816163277396,0.0,0.11944800237244668
C003708,3,0.0,0.0,0.0,0.0,0.0,0.0,0.0,1.0
C003710,3,0.7854086714786399,0.0,0.0,0.04153907411324571,0.0,0.0,0.0,0.17305225440811434
C003715,2,0.44950172599983407,0.1042895934650107,0.3394301015095024,0.0,0.0,0.0,0.0,0.1067785790256528
C003716,1,0.018124433072479046,0.0,0.040168616821989134,0.0,0.0,0.0,0.061506173256377826,0.880200776849154
C003717,0,0.11623906729077575,0.0,0.031137788057348674,0.3953338066676115,0.0,0.0,0.11711104394014556,0.3401782940441185
C003718,0,0.0,0.0,0.0,0.0,0.8403872492183005,0.0,0.0,0.15961275078169945
C003719,3,0.2743437000478169,0.0,0.6850806566626432,0.0,0.0,0.0,0.011527873071558989,0.029047770217980884
C003722,2,0.0,0.0,0.0,0.0,0.3346345178822544,0.022689772619983936,0.0,0.6426757094977616
C003723,3,0.4949180954327494,0.0,0.0,0.0,0.13495566500276193,0.2881016586847681,0.0,0.08202458087972053
C003727,3,0.22400661299039576,0.0,0.06749507614653101,0.34510436086683854,0.0,0.2227645026104826,0.0,0.140629447385752
C003728,1,0.15765755656006866,0.0,0.0,0.0,0.13657762738992685,0.6299948047902478,0.0,0.07577001125975669
C003733,0,0.05085871174009528,0.0,0.008464104816849073,0.0,0.05628462552015942,0.11532765658875202,0.0,0.7690649013341442
C003734,4,0.13386312491500774,0.0,0.03703957849496626,0.0,0.6132491480516161,0.0,0.2042845110838464,0.011563637454563458
C003736,0,0.4106342691489686,0.0,0.0,0.3621814198605489,0.12762211420548097,0.0,0.0,0.09956219678500156
C003738,1,0.0,0.0,0.0,0.3254253815950106,0.288862946624046,0.0,0.15839941582524592,0.22731225595569748
C003739,0,0.0,0.0,0.04018921072019735,0.0,0.0,0.07155792135162173,0.0,0.8882528679281809
C003740,3,0.2634362991136435,0.08038252170201333,0.0,0.0,0.0,0.0,0.40854999359683813,0.24763118558750508
C003741,3,0.0,0.011854935127231453,0.7797196468590055,0.0,0.0,0.0,0.0,0.20842541801376302
C003743,1,0.0,0.1585829427916234,0.0,0.8159013933014835,0.0,0.0,0.0,0.025515663906893082
C003745,0,0.013517012124728252,0.05341020691515891,0.0,0.0,0.0,0.12992588838231314,0.0,0.8031468925777997
C003746,3,0.046074695110504764,0.0,0.48133877819354365,0.0,0.0,0.09188165424488702,0.187938847389024,0.19276602506204055
C003748,1,0.0,0.0,0.3887930279662754,0.36106975543457664,0.0,0.0,0.2097289003356275,0.04040831626352048
C003750,3,0.0,0.0,0.0,0.038385778819033795,0.0,0.0,0.24635590935025056,0.7152583118307156
C003751,4,0.6248543416471144,0.08306857826915921,0.05352085329198837,0.0,0.0,0.22988770535850997,0.0,0.008668521433227938
C003753,0,0.0,0.5309679826832622,0.1377171749212297,0.0,0.0,0.0,0.0,0.3313148423955081
C003754,4,0.0,0.0,0.0,0.0,0.20108785687701372,0.7549273045734854,0.0,0.04398483854950086
C003756,0,0.475336401424169,0.0,0.0,0.0,0.2548445427645313,0.0,0.0220512839037061,0.24776777190759358
C003764,2,0.38709640834157943,0.018826245302416687,0.0,0.0,0.0,0.0,0.0,0.5940773463560038
C003765,1,0.0,0.005514306442332384,0.07713023208230312,0.024856769011914085,0.1405641130814121,0.0,0.7492000616376123,0.0027345177444260127
C003766,0,0.05497608273765393,0.0,0.0,0.04886559187176469,0.0,0.0,0.0,0.8961583253905814
C003770,1,0.11786274618191987,0.0,0.8529824389282734,0.0,0.0,0.0,0.0,0.029154814889806757
C003773,1,0.0,0.0,0.22673798587921667,0.0,0.0,0.48875392446749677,0.050724804353904925,0.23378328529938164
C003774,1,0.0,0.0,0.0,0.9444562631124156,0.0,0.0,0.02554578632925772,0.029997950558326658
C003775,4,0.021361123137489932,0.0,0.0,0.0,0.0,0.03167566884891436,0.024514947837279182,0.9224482601763165
C003776,1,0.0,0.0,0.5983593368026641,0.0,0.0,0.25900742680166405,0.0,0.14263323639567194
C003778,4,0.48300398015204227,0.0,0.05266051292480054,0.0,0.023499107414990505,0.0,0.0,0.44083639950816667
C003779,4,0.03683079439184692,0.0822478845275371,0.0,0.0,0.027017661546483523,0.0,0.438116519593817,0.41578713994031546
C003781,4,0.4698291238989133,0.0,0.0,0.0,0.0,0.0,0.0,0.5301708761010867
C003784,1,0.0,0.5063820120584528,0.0,0.07014707439890473,0.0,0.1496138152695016,0.0,0.27385709827314086
C003785,3,0.0,0.0,0.7214816470764361,0.0,0.0,0.2388921719798558,0.0,0.03962618094370807
C003786,3,0.0,0.0,0.4228120859755458,0.07397869617304734,0.4651531659101179,0.010961526314504495,0.0,0.027094525626784383
C003788,1,0.0,0.0,0.06494875516830963,0.0,0.32430889564737053,0.2549044362245737,0.3323455782572612,0.023492334702485018
C003789,1,0.0,0.0,0.0,0.0,0.5758731014356653,0.0,0.16245277957778337,0.26167411898655135
C003790,3,0.0,0.0,0.0,0.6781725715015472,0.0,0.19860948466361045,0.046931445131684096,0.07628649870315829
C003791,4,0.0,0.595090508595774,0.0,0.0,0.012796196867289727,0.0,0.0,0.39211329453693633
C003792,1,0.0,0.0,0.14819909281360666,0.0,0.17990431793464975,0.0,0.6167778509530437,0.05511873829869984
C003793,3,0.0,0.0,0.455843422768144,0.0,0.1543412714325862,0.0,0.25388163026797295,0.13593367553129687
C003799,1,0.2741948965689551,0.3488524635584541,0.0,0.26550956640547735,0.0,0.0,0.026671675183976205,0.08477139828313729
C003801,0,0.0,0.0,0.0,0.45517618933166576,0.044057230851060336,0.0,0.1367342737392141,0.3640323060780598
C003802,1,0.0,0.0,0.5690199790247291,0.0,0.0,0.0,0.3302662708795491,0.10071375009572181
C003805,1,0.3692103654517916,0.0,0.0,0.0,0.0,0.5066717688838548,0.0,0.12411786566435357
C003806,3,0.0,0.08796755087011551,0.0,0.020449272775647804,0.0,0.19022819116343487,0.20046438488347704,0.5008906003073248
C003807,1,0.0,0.0,0.0,0.3643061801830305,0.1965774540483233,0.0,0.3982960334997114,0.04082033226893489
C003808,4,0.0,0.0,0.0,0.0,0.0,0.0,0.0,1.0
C003809,0,0.0,0.0,0.0,0.0,0.0,0.17591007274680417,0.7332768931417563,0.0908130341114396
C003811,3,0.0,0.9224171942907615,0.0,0.0,0.0,0.02874335859644124,0.03160012236237296,0.017239324750424223
C003812,0,0.0,0.0,0.0,0.0,0.05304532252423662,0.0,0.690363739072122,0.25659093840364133
C003813,2,0.0,0.0,0.0,0.12628565478058718,0.0,0.8222867802291338,0.0,0.05142756499027901
C003814,3,0.0,0.0,0.016458662658392725,0.0,0.6869047386540765,0.0,0.0,0.2966365986875308
C003816,4,0.0,0.0,0.18520201483262924,0.0,0.0,0.7119717529778893,0.0,0.1028262321894815
C003817,3,0.774972025225582,0.0,0.0,0.0,0.0,0.08144828363682105,0.0,0.14357969113759705
C003818,4,0.04651875183424854,0.2964753286247577,0.0,0.0,0.0,0.0342902934012157,0.3211715235549214,0.30154410258485664
C003821,1,0.0,0.0,0.4890909976664434,0.13917935410669394,0.19440152985271214,0.16157038307757932,0.0,0.015757735296571318
C003822,1,0.0,0.0,0.0,0.43302426101773356,0.0,0.4347749644670622,0.0,0.1322007745152043
C003823,1,0.0,0.0,0.09652854999446836,0.0,0.0,0.0,0.0,0.9034714500055316
C003824,3,0.1585385701339887,0.0,0.0,0.0,0.6486069837731145,0.0,0.0,0.1928544460928967
C003826,1,0.0,0.0,0.0,0.10174842909668058,0.0,0.0,0.0,0.8982515709033194
C003831,0,0.0,0.0,0.0,0.10179747594901707,0.0,0.0,0.04194823230026516,0.8562542917507178
C003838,1,0.0,0.18075067881633816,0.0,0.029483768671657095,0.78253904746844,0.0,0.0,0.007226505043564702
C003843,2,0.5935383813847548,0.0,0.0,0.0,0.3203518933442103,0.0,0.0,0.08610972527103489
C003846,0,0.004957635817135044,0.0,0.0,0.17729841613000302,0.3087704450551403,0.0,0.3718592087237194,0.13711429427400224
C003848,2,0.0,0.307491802906877,0.0,0.03942599826162302,0.21950889136120946,0.0,0.0,0.43357330747029055
C003850,0,0.0,0.3492737957248257,0.6172050650830256,0.0,0.0,0.0,0.0,0.03352113919214861
C003852,1,0.0,0.0,0.0,0.0,0.0,0.8230337584823046,0.0,0.17696624151769536
C003854,1,0.0,0.0,0.0,0.0,0.0,0.0,0.830214890868691,0.16978510913130895
C003856,4,0.0,0.9411520343711635,0.0,0.0,0.0,0.0,0.0,0.05884796562883654
C003858,1,0.0,0.0,0.0,0.20487291889783657,0.17367766306774135,0.539414798399513,0.0,0.0820346196349091
C003860,4,0.0,0.0,0.013035556681253405,0.0,0.0,0.0,0.20718769743502669,0.7797767458837199
C003862,2,0.0,0.09771114038854709,0.09634515579646724,0.0,0.0,0.0,0.43097451708562146,0.3749691867293642
C003869,4,0.0,0.0,0.0,0.0,0.0,0.6561333954181928,0.05727098759499189,0.28659561698681524
C003870,1,0.013277938473163308,0.6814872813806702,0.0,0.0131301680825721,0.009537135613654558,0.0,0.0,0.28256747644993996
C003872,4,0.0,0.0,0.0,0.0,0.7504519744383256,0.0,0.0,0.24954802556167444
C003873,0,0.0,0.0,0.0,0.7578963963859311,0.0,0.0,0.0,0.2421036036140689
C003877,2,0.0,0.0,0.0,0.0,0.0,0.17349905868104074,0.51301348092616,0.3134874603927993
C003880,2,0.040274568067801345,0.0,0.0,0.0924750457220975,0.21279529324772017,0.39765464002674117,0.0,0.2568004529356398
C003881,1,0.0,0.46793571715986876,0.0,0.0,0.0,0.0,0.4682758264775315,0.06378845636259967
C003886,1,0.0,0.0,0.0,0.48893982108079365,0.05533958602398943,0.0,0.012560948101858042,0.4431596447933589
C003887,1,0.0,0.7534421716586198,0.0,0.0,0.0,0.0,0.0,0.24655782834138018
C003888,3,0.5436188557201095,0.0,0.0,0.0,0.0,0.020196213885716633,0.2906683893034825,0.14551654109069134
C003889,3,0.5455160584066612,0.0,0.19001207194246522,0.0,0.008329140784456214,0.0,0.0,0.2561427288664174
C003891,0,0.0,0.0,0.0,0.0,0.11196834775171438,0.0,0.0,0.8880316522482856
C003892,3,0.3567866053790939,0.04633701951681814,0.14964739695597687,0.0,0.0,0.0,0.0,0.44722897814811113
C003894,1,0.0,0.4478180619349662,0.0,0.07993945378572713,0.0,0.13720420757345994,0.0,0.33503827670584674
C003898,0,0.05116782298171342,0.0,0.3756021238730313,0.2555756773567461,0.3048247538712753,0.0,0.0,0.012829621917233913
C003901,4,0.3880342739935189,0.0,0.0,0.0,0.0,0.0,0.07187901882346814,0.5400867071830129
C003907,0,0.06934301530024868,0.04502652145484811,0.0,0.17622235716870543,0.0,0.34398082938443775,0.11674125296411442,0.2486860237276456
C003908,2,0.03681392415758414,0.0,0.0,0.0,0.0,0.11183666717066229,0.0,0.8513494086717536
C003910,4,0.0,0.0,0.0,0.7422261471879,0.03182443383834032,0.1742160201862894,0.0,0.051733398787470186
C003912,2,0.3329984738750733,0.0,0.04086597030136614,0.0,0.0,0.031486741697190665,0.27435122271351564,0.3202975914128543
C003918,4,0.014760658054292417,0.0,0.0,0.012110746976119099,0.7145429977259544,0.0,0.0,0.25858559724363406
C003919,3,0.0,0.018807064845822872,0.0,0.0,0.0,0.11194810940506814,0.0,0.869244825749109
C003920,0,0.0,0.0,0.0,0.0,0.0,0.0,0.0,1.0
C003921,3,0.054258166836415024,0.48557581840260505,0.011666878324480299,0.0,0.04815386780449714,0.029148962731653284,0.0,0.37119630590034924
C003924,1,0.06076017704406972,0.08762155332210342,0.0,0.019333365211748492,0.04299996392210258,0.0,0.49599124129825434,0.29329369920172144
C003925,3,0.0,0.0,0.3101784684780238,0.0,0.2924475898549387,0.3707191209102365,0.0,0.026654820756800923
C003926,4,0.0,0.0,0.0,0.0,0.0,0.0,0.8232414123184965,0.17675858768150354
C003928,2,0.03262612843640984,0.0,0.37570480776944687,0.0,0.021703162567151914,0.5667743058759578,0.0,0.003191595351033527
C003929,1,0.0,0.0,0.0,0.1410098236886463,0.0,0.0,0.8009871323865883,0.05800304392476541
C003930,1,0.0,0.0,0.0,0.6500129821556555,0.0,0.0,0.04589458891088966,0.3040924289334548
C003931,0,0.0,0.0,0.0,0.0,0.9506512534817622,0.0,0.02068007634743673,0.028668670170801103
C003933,3,0.0,0.0,0.0,0.0,0.0,0.4828605641741309,0.050276514229271235,0.4668629215965978
C003935,0,0.05534556668172816,0.0,0.0,0.0,0.6748994796829196,0.0,0.0,0.2697549536353522
C003936,0,0.0,0.13218678968832692,0.3817767892734218,0.1421396484082047,0.08570386209386519,0.10422886184090843,0.0,0.15396404869527303
C003938,3,0.0,0.0,0.04877487298520408,0.0,0.12917342602453252,0.18642710571142235,0.5957252155895815,0.039899379689259606
C003939,4,0.0,0.0,0.0,0.0,0.0,0.0,0.8953439345086107,0.10465606549138928
C003941,2,0.0,0.9554419644780099,0.0,0.0,0.0,0.0,0.0,0.044558035521990114
C003942,4,0.0,0.0,0.0,0.0,0.2937878435750559,0.0,0.5423818743380798,0.16383028208686423
C003944,4,0.0,0.0,0.08157935109153987,0.0,0.0,0.6288536107374847,0.21643818122468203,0.07312885694629334
C003946,3,0.8014478069096839,0.0,0.14016182034729374,0.0,0.0,0.0,0.029010318370924004,0.02938005437209834
C003947,3,0.0,0.0802961050281158,0.0,0.614863826375245,0.08581191631915608,0.14856039063691678,0.0,0.07046776164056645
C003949,3,0.0,0.0,0.06893066047141287,0.08327247306482168,0.0,0.5182699284623815,0.0,0.3295269380013839
C003959,4,0.0,0.4307622851013394,0.24337664129959058,0.0,0.0,0.0,0.14413443092805822,0.1817266426710118
C003961,2,0.27500584118784155,0.08593457055735526,0.3431299934719853,0.0,0.0,0.0,0.0,0.2959295947828179
C003963,3,0.0,0.0,0.0,0.0,0.22093565673997417,0.2866094795327575,0.03892110097386566,0.4535337627534026
C003964,3,0.0,0.0,0.0,0.0,0.1955067348956823,0.05787872472989139,0.32300504677220937,0.423609493602217
C003965,3,0.0,0.3034084289099076,0.6330208511677646,0.0,0.03651351919992348,0.0,0.0,0.02705720072240425
C003966,0,0.8063829158166236,0.0,0.0,0.0,0.0,0.1416868122273954,0.0,0.05193027195598099
C003967,1,0.023687960004003025,0.047813984926052606,0.8508131558904246,0.0,0.0,0.06983060843579998,0.0,0.007854290743719794
C003970,3,0.0,0.0,0.03873267084826272,0.0,0.19982778853863553,0.6118875330157242,0.08596785342533637,0.06358415417204111
C003976,0,0.46613826335586106,0.0,0.0,0.0,0.058373575262794394,0.005147539199011326,0.0,0.4703406221823332
C003978,4,0.0,0.0,0.03307376130659581,0.007124394583467293,0.7222535807946461,0.0,0.16292289175525548,0.07462537156003535
C003980,2,0.0,0.07544307764599913,0.0,0.0,0.20510825436354238,0.0,0.255752762457364,0.4636959055330945
C003981,2,0.37777570940001937,0.0,0.0,0.0,0.0,0.27281408506893057,0.0,0.34941020553105007
C003982,4,0.0,0.0,0.0,0.5166371022593296,0.11803469142726743,0.14312092558254216,0.0,0.22220728073086082
C003985,1,0.0,0.06654718621533287,0.0,0.3822337142726544,0.0,0.0,0.5346303856131814,0.01658871389883132
C003986,2,0.0,0.8965855874675823,0.0,0.0,0.0,0.0,0.0,0.10341441253241768
C003987,1,0.06331957721175195,0.0,0.031076618213582773,0.0,0.0,0.0247893557726676,0.0,0.8808144488019977
C003988,4,0.0,0.0,0.0,0.14793259651356286,0.0,0.6655032284479853,0.0,0.1865641750384519
C003990,1,0.0,0.12122716685200963,0.0,0.0,0.5154392287767534,0.0,0.0,0.36333360437123696
C003991,3,0.0,0.1143176863887938,0.0,0.0,0.0,0.0,0.0,0.8856823136112062
C003992,3,0.0,0.0,0.0,0.0,0.0,0.0,0.8143129008188823,0.1856870991811177
C003993,0,0.0,0.04166352722994547,0.22113562722964553,0.0,0.0,0.5607854259183526,0.0,0.17641541962205642
C003994,2,0.0,0.0,0.0,0.0,0.0,0.0,0.0,1.0
C003995,2,0.0,0.6492915944867852,0.0,0.0,0.0,0.03931387040164038,0.08179814117535997,0.22959639393621445
C003999,4,0.779187685948517,0.0,0.0,0.0,0.0,0.0,0.0,0.22081231405148305
